l3_id,l2_id,l1_code,l3_slug,focus_keyword,title_ko,search_intent,topic_angle,description,model,generated_at
01-actor-filmography-actor-career-details,01-actor-filmography,01,actor-career-details,배우 활동 내역,배우 활동 내역 상세,info,tip,배우의 활동 내역을 상세히 제공합니다.,slot_2step,2026-06-08T12:01:17.740207+00:00
01-actor-filmography-actor-debut-work,01-actor-filmography,01,actor-debut-work,배우 데뷔작,배우 데뷔작 찾기,info,tip,배우의 데뷔작 정보를 제공합니다.,slot_2step,2026-06-08T12:01:17.740207+00:00
01-actor-filmography-actor-drama-filmography,01-actor-filmography,01,actor-drama-filmography,배우 드라마 출연 이력,배우 드라마 출연 이력 보기,info,tip,배우의 드라마 출연 이력을 확인하는 방법,slot_2step,2026-06-08T12:01:17.740207+00:00
01-actor-filmography-actor-filmography,01-actor-filmography,01,actor-filmography,배우 출연작 리스트,배우 필모그래피 - 출연 영화 드라마 작품 모음,info,tip,배우별 출연 영화 및 드라마 작품 활동을 상세히 기록합니다.,slot_2step,2026-06-08T12:01:17.740207+00:00
01-actor-filmography-actor-filmography-site,01-actor-filmography,01,actor-filmography-site,배우 필모그래피 사이트,배우 필모그래피 사이트 모음,info,tip,배우의 필모그래피를 제공하는 웹사이트 모음,slot_2step,2026-06-08T12:01:17.740207+00:00
01-actor-filmography-actor-major-works,01-actor-filmography,01,actor-major-works,배우 주요 작품,배우 주요 작품 모음 보기,info,tip,배우의 주요 작품을 모아서 보기,slot_2step,2026-06-08T12:01:17.740207+00:00
01-actor-filmography-actor-notable-works,01-actor-filmography,01,actor-notable-works,배우 대표작,배우의 대표작은 무엇인가,info,tip,배우의 대표작 정보를 제공합니다.,slot_2step,2026-06-08T12:01:17.740207+00:00
01-actor-filmography-actor-salary-comparison,01-actor-filmography,01,actor-salary-comparison,배우 출연료,배우 출연료 비교,info,tip,배우들의 출연료를 비교 제공합니다.,slot_2step,2026-06-08T12:01:17.740207+00:00
01-actor-filmography-award-winning-actor-filmography,01-actor-filmography,01,award-winning-actor-filmography,연기대상 수상자 필모그래피,연기대상 수상자 필모그래피 보기,info,tip,연기대상 수상자의 필모그래피를 확인하는 방법,slot_2step,2026-06-08T12:01:17.740207+00:00
01-actor-filmography-award-winning-actors,01-actor-filmography,01,award-winning-actors,영화제 수상 배우,영화제 수상 배우 리스트,info,tip,영화제에서 수상한 배우 리스트를 제공합니다.,slot_2step,2026-06-08T12:01:17.740207+00:00
01-actor-filmography-baeu-filmography-see,01-actor-filmography,01,baeu-filmography-see,배우 필모그래피 보는 법,배우 필모그래피 쉽게 보는 법,howto,tip,배우의 영화 및 드라마 출연작을 쉽게 확인하는 방법,slot_2step,2026-06-08T12:01:17.740207+00:00
01-actor-filmography-drama-actor-info,01-actor-filmography,01,drama-actor-info,드라마 배우 정보,드라마 배우 정보 쉽게 찾기,info,tip,드라마에 출연한 배우의 정보를 쉽게 찾는 방법,slot_2step,2026-06-08T12:01:17.740207+00:00
01-actor-filmography-korean-actor-filmography,01-actor-filmography,01,korean-actor-filmography,국내 배우 필모그래피,국내 배우 작품활동 내역,info,tip,국내 배우의 작품활동 내역을 자세히 제공합니다.,slot_2step,2026-06-08T12:01:17.740207+00:00
01-actor-filmography-korean-actor-movie-graph,01-actor-filmography,01,korean-actor-movie-graph,한국 배우 영화 출연작,한국 배우 영화 그래프 보기,info,tip,한국 배우의 영화 출연작을 그래프로 확인하기,slot_2step,2026-06-08T12:01:17.740207+00:00
01-actor-filmography-movie-actor-rating,01-actor-filmography,01,movie-actor-rating,영화 배우 평점,영화 배우 평점 보기,info,review,영화에 출연한 배우의 평점을 확인하는 방법,slot_2step,2026-06-08T12:01:17.740207+00:00
01-awards-award-beauty-trend-analysis,01-awards,01,award-beauty-trend-analysis,시상식 뷰티 트렌드 분석,시상식 뷰티 트렌드 분석,info,tip,시상식 뷰티 트렌드를 분석합니다.,slot_2step,2026-06-08T12:00:42.668305+00:00
01-awards-award-online-watching-guide,01-awards,01,award-online-watching-guide,시상식 온라인 시청 방법,시상식 온라인 시청 가이드,howto,tip,시상식 온라인 시청 방법을 알려드립니다.,slot_2step,2026-06-08T12:00:42.668305+00:00
01-awards-award-show-acceptance-speeches,01-awards,01,award-show-acceptance-speeches,시상식 수상 소감 모음,시상식 수상 소감 베스트,info,tip,시상식 수상자들의 감동적인 소감 모음,slot_2step,2026-06-08T12:00:42.668305+00:00
01-awards-award-show-highlights,01-awards,01,award-show-highlights,시상식 하이라이트 영상,시상식 하이라이트 영상 모음,info,tip,시상식의 감동적인 순간들,slot_2step,2026-06-08T12:00:42.668305+00:00
01-awards-award-show-host-role,01-awards,01,award-show-host-role,시상식 진행자 역할,시상식 MC 역할과 책임,info,tip,시상식 진행자의 역할과 책임에 대해 알아보기,slot_2step,2026-06-08T12:00:42.668305+00:00
01-awards-award-show-performance-footage,01-awards,01,award-show-performance-footage,시상식 공연 실황,시상식 공연 실황 영상,info,tip,시상식 공연 실황 영상 모음,slot_2step,2026-06-08T12:00:42.668305+00:00
01-awards-award-show-theme-meaning,01-awards,01,award-show-theme-meaning,시상식 테마 이해,시상식 테마와 의미,info,tip,시상식 테마의 숨겨진 의미,slot_2step,2026-06-08T12:00:42.668305+00:00
01-awards-celebrity-award-controversy,01-awards,01,celebrity-award-controversy,연예계 시상식 논란 사례,시상식 논란 사례 모음,info,tip,연예계 시상식 논란 사례를 정리합니다.,slot_2step,2026-06-08T12:00:42.668305+00:00
01-awards-celebrity-award-makeup-tutorial,01-awards,01,celebrity-award-makeup-tutorial,연예인 시상식 메이크업,시상식 메이크업 튜토리얼,howto,tip,연예인 시상식 메이크업 방법을 알려드립니다.,slot_2step,2026-06-08T12:00:42.668305+00:00
01-awards-celebrity-fashion-award-trend,01-awards,01,celebrity-fashion-award-trend,연예인 패션 시상식 트렌드,시상식 패션 트렌드 분석,info,tip,연예인들의 시상식 패션 트렌드를 분석합니다.,slot_2step,2026-06-08T12:00:42.668305+00:00
01-awards-domestic-and-foreign-award-show-schedule,01-awards,01,domestic-and-foreign-award-show-schedule,국내외 시상식 일정,국내외 시상식 일정 정리,info,tip,국내외 시상식 일정을 한눈에 보기,slot_2step,2026-06-08T12:00:42.668305+00:00
01-awards-global-award-winner-prediction,01-awards,01,global-award-winner-prediction,글로벌 시상식 수상자 예측,글로벌 시상식 수상자 전망,info,tip,글로벌 시상식 수상자를 예측합니다.,slot_2step,2026-06-08T12:00:42.668305+00:00
01-awards-korean-award-nominees,01-awards,01,korean-award-nominees,국내 시상식 후보자 명단,국내 시상식 후보자 리스트,info,tip,국내 시상식 후보자 명단을 제공합니다.,slot_2step,2026-06-08T12:00:42.668305+00:00
01-awards-online-viewing-guide-for-awards,01-awards,01,online-viewing-guide-for-awards,국내 연예계 시상식 시청 가이드,국내외 시상식 온라인 시청 방법,howto,tip,국내외 연예계 시상식을 온라인으로 시청하는 방법을 알려드립니다.,slot_2step,2026-06-08T12:00:42.668305+00:00
01-awards-red-carpet-award-reaction,01-awards,01,red-carpet-award-reaction,시상식 레드카펫 실시간 반응,시상식 레드카펫 실시간 이슈,info,tip,시상식 레드카펫 실시간 반응을 공유합니다.,slot_2step,2026-06-08T12:00:42.668305+00:00
01-celeb-diet-celebrity-diet-before-and-after,01-celeb-diet,01,celebrity-diet-before-and-after,연예인 다이어트 전후,연예인 다이어트 전후 비교 사진,info,tip,연예인들의 다이어트 전후 모습 비교,slot_2step,2026-06-08T12:04:34.091347+00:00
01-celeb-diet-celebrity-diet-coaching-tips,01-celeb-diet,01,celebrity-diet-coaching-tips,연예인 다이어트 코칭 방법,효과적인 연예인 다이어트 코칭 방법,info,tip,연예인 다이어트 코칭을 위한 효과적인 방법을 알려드립니다.,slot_2step,2026-06-08T12:04:34.091347+00:00
01-celeb-diet-celebrity-diet-failure-stories,01-celeb-diet,01,celebrity-diet-failure-stories,연예인 다이어트 실패 사례,연예인 다이어트 실패 이유,info,tip,연예인들이 다이어트에 실패한 이유를 분석합니다.,slot_2step,2026-06-08T12:04:34.091347+00:00
01-celeb-diet-celebrity-diet-meal-plan,01-celeb-diet,01,celebrity-diet-meal-plan,연예인 다이어트 식단,연예인 다이어트 식단 공개,info,tip,연예인들이 실제로 먹는 다이어트 식단 정보,slot_2step,2026-06-08T12:04:34.091347+00:00
01-celeb-diet-celebrity-diet-nutrition-guide,01-celeb-diet,01,celebrity-diet-nutrition-guide,연예인 다이어트 식이요법,연예인 다이어트 식이요법 가이드,info,tip,연예인들이 따르는 식이요법을 소개합니다.,slot_2step,2026-06-08T12:04:34.091347+00:00
01-celeb-diet-celebrity-diet-success-stories,01-celeb-diet,01,celebrity-diet-success-stories,연예인 다이어트 성공 사례,연예인 다이어트 성공 사례와 팁,info,tip,연예인들의 다이어트 성공 사례와 노하우를 공유합니다.,slot_2step,2026-06-08T12:04:34.091347+00:00
01-celeb-diet-celebrity-diet-success-story,01-celeb-diet,01,celebrity-diet-success-story,셀럽 다이어트 성공,셀럽들의 놀라운 다이어트 성공 사례,info,tip,셀럽들의 성공적인 다이어트 이야기,slot_2step,2026-06-08T12:04:34.091347+00:00
01-celeb-diet-celebrity-diet-workout-routine,01-celeb-diet,01,celebrity-diet-workout-routine,연예인 운동 루틴,연예인 다이어트 운동 루틴 따라하기,info,tip,연예인들의 효과적인 다이어트 운동 루틴,slot_2step,2026-06-08T12:04:34.091347+00:00
01-celeb-diet-celebrity-recommended-diet-products,01-celeb-diet,01,celebrity-recommended-diet-products,연예인 다이어트 제품 추천,연예인이 추천하는 다이어트 제품,info,tip,연예인들이 실제로 사용하는 다이어트 제품을 추천합니다.,slot_2step,2026-06-08T12:04:34.091347+00:00
01-celeb-diet-diet-exercise-types,01-celeb-diet,01,diet-exercise-types,다이어트 운동 종류,다이어트에 좋은 운동 종류,info,tip,다이어트에 효과적인 운동 종류를 소개합니다.,slot_2step,2026-06-08T12:04:34.091347+00:00
01-celeb-diet-diet-friendly-foods,01-celeb-diet,01,diet-friendly-foods,다이어트 음식 추천,다이어트에 좋은 음식 추천,info,tip,다이어트에 도움이 되는 음식들,slot_2step,2026-06-08T12:04:34.091347+00:00
01-celeb-diet-diet-maintenance-tips,01-celeb-diet,01,diet-maintenance-tips,다이어트 후 유지하는 법,다이어트 후에도 건강한 몸 유지하는 법,info,tip,다이어트 후에도 건강한 몸을 유지하는 방법을 알려드립니다.,slot_2step,2026-06-08T12:04:34.091347+00:00
01-celeb-diet-effective-diet-strategies,01-celeb-diet,01,effective-diet-strategies,효과적인 다이어트 전략,효과적인 다이어트 전략,info,tip,다이어트에 효과적인 전략을 소개합니다.,slot_2step,2026-06-08T12:04:34.091347+00:00
01-celeb-diet-healthy-diet-eating-habits,01-celeb-diet,01,healthy-diet-eating-habits,건강한 다이어트 식사,건강한 다이어트를 위한 식사법,info,tip,건강한 다이어트를 위한 올바른 식사법,slot_2step,2026-06-08T12:04:34.091347+00:00
01-celeb-diet-unhealthy-foods-for-diet,01-celeb-diet,01,unhealthy-foods-for-diet,다이어트에 안 좋은 음식,다이어트에 해로운 음식 피하는 법,info,tip,다이어트 중 피해야 할 음식들을 소개합니다.,slot_2step,2026-06-08T12:04:34.091347+00:00
01-celeb-insta-become-instagram-influencer,01-celeb-insta,01,become-instagram-influencer,인스타그램 인플루언서,인스타그램 인플루언서 되는 법,howto,tip,인스타그램 인플루언서가 되는 법을 알려드립니다.,slot_2step,2026-06-08T12:05:44.340327+00:00
01-celeb-insta-celebrity-daily-instagram-stories,01-celeb-insta,01,celebrity-daily-instagram-stories,연예인 일상 인스타,연예인 일상 인스타 스토리,info,tip,연예인 일상 인스타 스토리를 공유합니다.,slot_2step,2026-06-08T12:05:44.340327+00:00
01-celeb-insta-celebrity-instagram-content-planning,01-celeb-insta,01,celebrity-instagram-content-planning,셀럽 인스타 콘텐츠,셀럽 인스타그램 콘텐츠 기획,howto,tip,셀럽 인스타그램 콘텐츠 기획 방법을 알려드립니다.,slot_2step,2026-06-08T12:05:44.340327+00:00
01-celeb-insta-celebrity-instagram-fashion-items,01-celeb-insta,01,celebrity-instagram-fashion-items,인스타그램 셀럽 패션,인스타그램 셀럽 패션 아이템,info,tip,인스타그램 셀럽 패션 아이템을 소개합니다.,slot_2step,2026-06-08T12:05:44.340327+00:00
01-celeb-insta-celebrity-instagram-live-streaming,01-celeb-insta,01,celebrity-instagram-live-streaming,연예인 인스타 라이브,연예인 인스타그램 라이브 방송,info,tip,연예인 인스타그램 라이브 방송을 소개합니다.,slot_2step,2026-06-08T12:05:44.340327+00:00
01-celeb-insta-celebrity-instagram-marketing,01-celeb-insta,01,celebrity-instagram-marketing,셀럽 인스타 마케팅,셀럽 인스타 마케팅 전략,info,tip,셀럽 인스타 마케팅 전략을 소개합니다.,slot_2step,2026-06-08T12:05:44.340327+00:00
01-celeb-insta-celebrity-instagram-photo-editing,01-celeb-insta,01,celebrity-instagram-photo-editing,연예인 인스타 사진,연예인 인스타그램 사진 편집,howto,tip,연예인 인스타그램 사진 편집 방법을 공유합니다.,slot_2step,2026-06-08T12:05:44.340327+00:00
01-celeb-insta-celebrity-instagram-photo-editing-2,01-celeb-insta,01,celebrity-instagram-photo-editing-2,인스타그램 사진 편집,연예인 인스타그램 사진 편집하는 법,howto,tip,연예인 인스타그램 사진 편집 팁과 노하우를 소개합니다.,slot_2step,2026-06-08T12:05:44.340327+00:00
01-celeb-insta-celebrity-instagram-trend,01-celeb-insta,01,celebrity-instagram-trend,셀럽 인스타그램 트렌드,현재 셀럽 인스타그램 트렌드는,info,tip,최신 셀럽 인스타그램 트렌드를 분석합니다.,slot_2step,2026-06-08T12:05:44.340327+00:00
01-celeb-insta-increase-celebrity-instagram-followers,01-celeb-insta,01,increase-celebrity-instagram-followers,연예인 인스타 팔로워,연예인 인스타 팔로워 늘리기,howto,tip,연예인 인스타 팔로워를 늘리는 방법을 공유합니다.,slot_2step,2026-06-08T12:05:44.340327+00:00
01-celeb-insta-instagram-beauty-brand-marketing,01-celeb-insta,01,instagram-beauty-brand-marketing,인스타그램 뷰티 브랜드,인스타그램 뷰티 브랜드 마케팅,info,tip,인스타그램 뷰티 브랜드 마케팅 전략을 소개합니다.,slot_2step,2026-06-08T12:05:44.340327+00:00
01-celeb-insta-instagram-entertainment-industry-trends,01-celeb-insta,01,instagram-entertainment-industry-trends,인스타그램 엔터테인먼트,인스타그램 엔터테인먼트 산업 트렌드,info,tip,인스타그램 엔터테인먼트 산업 트렌드를 소개합니다.,slot_2step,2026-06-08T12:05:44.340327+00:00
01-celeb-insta-instagram-entertainment-news,01-celeb-insta,01,instagram-entertainment-news,인스타그램 엔터테인먼트 뉴스,인스타그램 엔터테인먼트 뉴스 모음,info,tip,인스타그램 엔터테인먼트 뉴스를 제공합니다.,slot_2step,2026-06-08T12:05:44.340327+00:00
01-celeb-insta-instagram-event-promotion-strategy,01-celeb-insta,01,instagram-event-promotion-strategy,인스타그램 이벤트 홍보,인스타그램 이벤트 홍보 전략,howto,tip,인스타그램 이벤트 홍보 전략을 공유합니다.,slot_2step,2026-06-08T12:05:44.340327+00:00
01-celeb-insta-instagram-social-media-strategy,01-celeb-insta,01,instagram-social-media-strategy,인스타그램 소셜미디어,인스타그램 소셜미디어 전략,howto,tip,인스타그램 소셜미디어 전략을 알려드립니다.,slot_2step,2026-06-08T12:05:44.340327+00:00
01-celeb-wedding-celebrity-couple-family-plan,01-celeb-wedding,01,celebrity-couple-family-plan,스타 부부 자녀 계획,스타 부부 자녀 계획은 어떻게,info,tip,스타 부부 자녀 계획에 대해 알아보세요.,slot_2step,2026-06-08T12:04:47.959289+00:00
01-celeb-wedding-celebrity-couple-married-life,01-celeb-wedding,01,celebrity-couple-married-life,스타 부부 결혼생활,스타 부부 결혼생활 이야기,info,tip,스타 부부의 행복한 결혼생활을 소개합니다.,slot_2step,2026-06-08T12:04:47.959289+00:00
01-celeb-wedding-celebrity-engagement-rumor,01-celeb-wedding,01,celebrity-engagement-rumor,유명인 약혼설,유명인 약혼설 루머,news,tip,유명인 약혼설에 대한 소식을 전해드립니다.,slot_2step,2026-06-08T12:04:47.959289+00:00
01-celeb-wedding-celebrity-life-after-marriage,01-celeb-wedding,01,celebrity-life-after-marriage,연예인 결혼 후 일상,연예인 결혼 후 일상 공개,info,tip,연예인 결혼 후 일상을 소개합니다.,slot_2step,2026-06-08T12:04:47.959289+00:00
01-celeb-wedding-celebrity-wedding-announcement,01-celeb-wedding,01,celebrity-wedding-announcement,연예인 결혼 발표,최근 연예인 결혼 발표 소식,news,tip,최신 연예인 결혼 발표 소식을 전해드립니다.,slot_2step,2026-06-08T12:04:47.959289+00:00
01-celeb-wedding-celebrity-wedding-best-man-speech,01-celeb-wedding,01,celebrity-wedding-best-man-speech,연예인 결혼식 축가,연예인 결혼식 축가 베스트,info,tip,연예인 결혼식 축가 아이디어를 소개합니다.,slot_2step,2026-06-08T12:04:47.959289+00:00
01-celeb-wedding-celebrity-wedding-cost,01-celeb-wedding,01,celebrity-wedding-cost,유명인 결혼 비용,유명인 결혼 비용 얼마나 들까,info,tip,유명인 결혼 비용에 대한 정보를 제공합니다.,slot_2step,2026-06-08T12:04:47.959289+00:00
01-celeb-wedding-celebrity-wedding-decor,01-celeb-wedding,01,celebrity-wedding-decor,셀러브리티 결혼식장 인테리어,셀러브리티 결혼식장 인테리어 아이디어,info,tip,셀러브리티 결혼식장 인테리어 아이디어를 소개합니다.,slot_2step,2026-06-08T12:04:47.959289+00:00
01-celeb-wedding-celebrity-wedding-dress-brand,01-celeb-wedding,01,celebrity-wedding-dress-brand,연예인 웨딩드레스 브랜드,연예인 웨딩드레스 브랜드 추천,info,tip,연예인들이 선택한 웨딩드레스 브랜드를 소개합니다.,slot_2step,2026-06-08T12:04:47.959289+00:00
01-celeb-wedding-celebrity-wedding-guest-outfit,01-celeb-wedding,01,celebrity-wedding-guest-outfit,연예인 결혼식 하객룩,연예인 결혼식 하객룩 베스트,info,tip,스타일리시한 연예인 결혼식 하객룩 아이디어를 소개합니다.,slot_2step,2026-06-08T12:04:47.959289+00:00
01-celeb-wedding-celebrity-wedding-issues,01-celeb-wedding,01,celebrity-wedding-issues,연예인 결혼 관련 이슈,연예인 결혼 관련 이슈 모음,news,tip,연예인 결혼 관련 이슈를 소개합니다.,slot_2step,2026-06-08T12:04:47.959289+00:00
01-celeb-wedding-celebrity-wedding-photos,01-celeb-wedding,01,celebrity-wedding-photos,연예인 결혼 사진 공개,연예인 결혼 사진 공개,news,tip,연예인 결혼 사진을 소개합니다.,slot_2step,2026-06-08T12:04:47.959289+00:00
01-celeb-wedding-celebrity-wedding-planning,01-celeb-wedding,01,celebrity-wedding-planning,셀러브리티 웨딩 플래닝,셀러브리티 웨딩 플래닝 완벽 가이드,howto,tip,스트레스 없이 웨딩을 준비하는 셀러브리티 웨딩 플래닝 방법을 알려드립니다.,slot_2step,2026-06-08T12:04:47.959289+00:00
01-celeb-wedding-celebrity-wedding-preparation-process,01-celeb-wedding,01,celebrity-wedding-preparation-process,셀러브리티 결혼 준비과정,셀러브리티 결혼 준비과정 공개,howto,tip,셀러브리티의 결혼 준비과정을 소개합니다.,slot_2step,2026-06-08T12:04:47.959289+00:00
01-celeb-wedding-celebrity-wedding-venue-location,01-celeb-wedding,01,celebrity-wedding-venue-location,유명인 결혼식장 위치,유명인 결혼식장 위치 알아보기,info,tip,유명인 결혼식장 위치를 소개합니다.,slot_2step,2026-06-08T12:04:47.959289+00:00
01-celeb-youtube-celebrity-youtube-channel-ranking,01-celeb-youtube,01,celebrity-youtube-channel-ranking,연예인유튜브순위,연예인 유튜브 채널 인기 순위,info,tip,현재 인기 있는 연예인 유튜브 채널 순위를 확인하세요.,slot_2step,2026-06-08T12:03:45.101754+00:00
01-celeb-youtube-celebrity-youtube-content-planning,01-celeb-youtube,01,celebrity-youtube-content-planning,연예인 유튜브 콘텐츠 기획 방법,연예인 유튜브 콘텐츠 기획 아이디어 모음,info,tip,연예인 유튜브 콘텐츠 기획에 도움이 되는 다양한 아이디어와 전략을 소개합니다.,slot_2step,2026-06-08T12:03:45.101754+00:00
01-celeb-youtube-celebrity-youtube-revenue-structure,01-celeb-youtube,01,celebrity-youtube-revenue-structure,연예인이유튜브로버는돈,연예인 유튜브 수익 구조 분석,info,tip,연예인들이 유튜브에서 수익을 내는 구조를 설명합니다.,slot_2step,2026-06-08T12:03:45.101754+00:00
01-celeb-youtube-how-to-start-celebrity-youtube-channel,01-celeb-youtube,01,how-to-start-celebrity-youtube-channel,연예인유튜브시작하기,연예인 유튜브 채널 시작하는 방법,howto,tip,연예인 유튜브 채널을 시작하는 단계별 가이드를 제공합니다.,slot_2step,2026-06-08T12:03:45.101754+00:00
01-celeb-youtube-popular-celebrity-youtube-content,01-celeb-youtube,01,popular-celebrity-youtube-content,인기연예인유튜브콘텐츠,인기 연예인 유튜브 콘텐츠 아이디어,info,tip,인기 있는 연예인 유튜브 콘텐츠 아이디어를 확인하세요.,slot_2step,2026-06-08T12:03:45.101754+00:00
01-celeb-youtube-promoting-celebrities-on-youtube,01-celeb-youtube,01,promoting-celebrities-on-youtube,유튜브에서연예인홍보하기,유튜브에서 연예인을 홍보하는 방법,info,tip,유튜브에서 연예인을 효과적으로 홍보하는 방법을 설명합니다.,slot_2step,2026-06-08T12:03:45.101754+00:00
01-celeb-youtube-recommended-equipment-for-celebrity-youtube,01-celeb-youtube,01,recommended-equipment-for-celebrity-youtube,연예인유튜브장비추천,연예인 유튜브 촬영 장비 추천,info,tip,연예인 유튜브 촬영에 적합한 장비를 추천합니다.,slot_2step,2026-06-08T12:03:45.101754+00:00
01-celeb-youtube-youtube-brand-management,01-celeb-youtube,01,youtube-brand-management,연예인 유튜브 브랜드 관리,연예인 유튜브 브랜드 관리 방법,info,tip,연예인들이 유튜브 채널을 통해 브랜드를 효과적으로 관리하는 방법을 알려드립니다.,slot_2step,2026-06-08T12:03:45.101754+00:00
01-celeb-youtube-youtube-celebrity-marketing-strategy,01-celeb-youtube,01,youtube-celebrity-marketing-strategy,유튜브연예인마케팅전략,유튜브에서 연예인 마케팅하는 법,info,tip,유튜브에서 연예인을 효과적으로 홍보하는 마케팅 전략을 알아보세요.,slot_2step,2026-06-08T12:03:45.101754+00:00
01-celeb-youtube-youtube-fan-engagement,01-celeb-youtube,01,youtube-fan-engagement,유튜브 팬 소통,연예인 유튜브 팬들과 소통하는 법,info,tip,연예인들이 유튜브를 통해 팬들과 효과적으로 소통하는 방법을 공유합니다.,slot_2step,2026-06-08T12:03:45.101754+00:00
01-celeb-youtube-youtube-live-streaming,01-celeb-youtube,01,youtube-live-streaming,유튜브 라이브 방송하기,연예인 유튜브 라이브 방송하는 법,info,tip,연예인들이 유튜브 라이브 방송을 통해 팬들과 실시간으로 소통하는 방법을 알려드립니다.,slot_2step,2026-06-08T12:03:45.101754+00:00
01-celeb-youtube-youtube-shooting-equipment-for-celebrities,01-celeb-youtube,01,youtube-shooting-equipment-for-celebrities,유튜브 촬영 장비 추천,연예인 유튜브 촬영에 필요한 장비 리스트,info,tip,연예인 유튜브 촬영에 필요한 장비와 노하우를 제공합니다.,slot_2step,2026-06-08T12:03:45.101754+00:00
01-celeb-youtube-youtube-sponsorship,01-celeb-youtube,01,youtube-sponsorship,유튜브 협찬 제안,유튜브 연예인 협찬 받는 방법,info,tip,연예인 유튜브 채널에 협찬을 받는 방법과 전략을 공유합니다.,slot_2step,2026-06-08T12:03:45.101754+00:00
01-celeb-youtube-youtube-subscriber-increase,01-celeb-youtube,01,youtube-subscriber-increase,연예인 유튜브 구독자 증가,연예인 유튜브 구독자 늘리기 전략,info,tip,연예인 유튜브 채널의 구독자를 효과적으로 늘리는 방법을 알려드립니다.,slot_2step,2026-06-08T12:03:45.101754+00:00
01-celeb-youtube-youtube-video-editing,01-celeb-youtube,01,youtube-video-editing,유튜브 영상 편집 기술,연예인 유튜브 영상 편집 노하우,info,tip,연예인 유튜브 영상을 매력적으로 만드는 영상 편집 기술을 공유합니다.,slot_2step,2026-06-08T12:03:45.101754+00:00
01-celebrity-gossip-celebrity-comeback-controversy,01-celebrity-gossip,01,celebrity-comeback-controversy,연예인 복귀 논란,연예인 복귀 관련 이슈,info,tip,연예인 복귀 논란을 정리했습니다.,slot_2step,2026-06-08T12:00:22.651327+00:00
01-celebrity-gossip-celebrity-comeback-controversy-2,01-celebrity-gossip,01,celebrity-comeback-controversy-2,연예인 복귀 논란 사례,연예인 복귀 논란과 여론 반응 분석,info,tip,연예인 복귀 논란의 주요 사례와 여론 반응을 살펴봅니다.,slot_2step,2026-06-08T12:00:22.651327+00:00
01-celebrity-gossip-celebrity-couple-conflict,01-celebrity-gossip,01,celebrity-couple-conflict,연예인 부부 갈등,연예인 부부 갈등 이슈,info,tip,연예인 부부 갈등 소식을 전해드립니다.,slot_2step,2026-06-08T12:00:22.651327+00:00
01-celebrity-gossip-celebrity-death-news,01-celebrity-gossip,01,celebrity-death-news,유명 연예인 사망 소식,유명 연예인 사망 원인 및 사건 정리,news,tip,유명 연예인 사망 사건과 그 원인을 분석합니다.,slot_2step,2026-06-08T12:00:22.651327+00:00
01-celebrity-gossip-celebrity-drug-scandal,01-celebrity-gossip,01,celebrity-drug-scandal,연예계 마약 스캔들,연예계 마약 관련 스캔들,news,tip,연예계 마약 스캔들 소식을 정리했습니다.,slot_2step,2026-06-08T12:00:22.651327+00:00
01-celebrity-gossip-celebrity-drunk-driving-incident,01-celebrity-gossip,01,celebrity-drunk-driving-incident,연예인 음주운전 사건,연예인 음주운전 사건 정리,news,tip,연예인 음주운전 사건을 정리했습니다.,slot_2step,2026-06-08T12:00:22.651327+00:00
01-celebrity-gossip-celebrity-private-life-controversy,01-celebrity-gossip,01,celebrity-private-life-controversy,연예인 사생활 논란,연예인 사생활 논란 정리,news,tip,연예인 사생활 관련 논란과 이슈를 정리했습니다.,slot_2step,2026-06-08T12:00:22.651327+00:00
01-celebrity-gossip-celebrity-retirement-controversy,01-celebrity-gossip,01,celebrity-retirement-controversy,연예계 은퇴 논란,연예계 은퇴 관련 이슈,info,tip,연예계 은퇴 논란을 정리했습니다.,slot_2step,2026-06-08T12:00:22.651327+00:00
01-celebrity-gossip-celebrity-sexual-harassment-allegation,01-celebrity-gossip,01,celebrity-sexual-harassment-allegation,연예인 성추행 의혹,연예인 성추행 의혹 사건,news,tip,연예인 성추행 의혹 관련 뉴스를 모았습니다.,slot_2step,2026-06-08T12:00:22.651327+00:00
01-celebrity-gossip-drama-set-accident,01-celebrity-gossip,01,drama-set-accident,드라마 촬영장 사고,드라마 촬영장 안전 사고,news,tip,드라마 촬영장 사고 소식을 전해드립니다.,slot_2step,2026-06-08T12:00:22.651327+00:00
01-celebrity-gossip-famous-actor-divorce-news,01-celebrity-gossip,01,famous-actor-divorce-news,유명 배우 이혼 소식,유명 배우 이혼 관련 뉴스,news,tip,유명 배우 이혼 소식을 전해드립니다.,slot_2step,2026-06-08T12:00:22.651327+00:00
01-celebrity-gossip-idol-fandom-conflict,01-celebrity-gossip,01,idol-fandom-conflict,아이돌 팬덤 갈등,아이돌 팬덤 간 갈등,info,tip,아이돌 팬덤 갈등 소식을 모았습니다.,slot_2step,2026-06-08T12:00:22.651327+00:00
01-celebrity-gossip-idol-group-member-conflict,01-celebrity-gossip,01,idol-group-member-conflict,아이돌 그룹 멤버 간 불화,아이돌 그룹 멤버 간 불화 이슈,info,tip,아이돌 그룹 내 멤버 간 불화 소식을 전해드립니다.,slot_2step,2026-06-08T12:00:22.651327+00:00
01-celebrity-gossip-k-pop-fandom-conflict,01-celebrity-gossip,01,k-pop-fandom-conflict,아이돌 팬덤 갈등 사례,아이돌 팬덤 갈등 문제와 해결 방안,info,tip,아이돌 팬덤 갈등의 원인과 해결 전략을 소개합니다.,slot_2step,2026-06-08T12:00:22.651327+00:00
01-celebrity-gossip-k-pop-star-secret-wedding,01-celebrity-gossip,01,k-pop-star-secret-wedding,K-POP 스타 비밀 결혼,K-POP 스타 비밀 결혼 이슈,info,tip,K-POP 스타 비밀 결혼 관련 소식을 모았습니다.,slot_2step,2026-06-08T12:00:22.651327+00:00
01-concert-info-choosing-good-concert-seats,01-concert-info,01,choosing-good-concert-seats,좋은 콘서트 좌석 고르는 법,좋은 콘서트 좌석 고르는 법 및 팁,howto,tip,좋은 콘서트 좌석을 고르는 법과 팁을 제공합니다.,slot_2step,2026-06-08T12:00:06.851115+00:00
01-concert-info-concert-cancellation-policy,01-concert-info,01,concert-cancellation-policy,콘서트 취소 정책,콘서트 취소 정책 및 환불 정보,info,tip,콘서트 취소 정책과 환불 정보를 제공합니다.,slot_2step,2026-06-08T12:00:06.851115+00:00
01-concert-info-concert-live-video,01-concert-info,01,concert-live-video,콘서트 영상,콘서트 실황 영상 보는 법,info,tip,콘서트 실황 영상 시청 방법,slot_2step,2026-06-08T12:00:06.851115+00:00
01-concert-info-concert-on-site-event-participation,01-concert-info,01,concert-on-site-event-participation,콘서트 현장 이벤트 참여 방법,콘서트 현장 이벤트 참여 방법 및 가이드,howto,tip,콘서트 현장 이벤트 참여 방법을 제공합니다.,slot_2step,2026-06-08T12:00:06.851115+00:00
01-concert-info-concert-preparation-checklist,01-concert-info,01,concert-preparation-checklist,콘서트 준비물 체크리스트,콘서트 준비물 체크리스트 및 필수 아이템,howto,tip,콘서트 준비를 위한 체크리스트와 필수 아이템을 제공합니다.,slot_2step,2026-06-08T12:00:06.851115+00:00
01-concert-info-concert-review-writing-tips,01-concert-info,01,concert-review-writing-tips,콘서트 후기 작성법,콘서트 후기 작성법 및 팁,howto,review,콘서트 후기를 효과적으로 작성하는 법을 제공합니다.,slot_2step,2026-06-08T12:00:06.851115+00:00
01-concert-info-concert-safety-tips,01-concert-info,01,concert-safety-tips,콘서트 안전 수칙,콘서트 안전 수칙 및 주의사항,info,tip,콘서트 안전을 위한 수칙과 주의사항을 제공합니다.,slot_2step,2026-06-08T12:00:06.851115+00:00
01-concert-info-concert-seat-recommendation,01-concert-info,01,concert-seat-recommendation,콘서트 좌석 추천,콘서트 좌석 추천 및 선택 가이드,info,tip,콘서트 좌석 선택을 위한 추천 가이드와 팁을 제공합니다.,slot_2step,2026-06-08T12:00:06.851115+00:00
01-concert-info-concert-ticket-refund-policy,01-concert-info,01,concert-ticket-refund-policy,콘서트 예매 취소 정책,콘서트 티켓 예매 취소 방법,info,tip,콘서트 티켓 예매 취소 방법과 정책,slot_2step,2026-06-08T12:00:06.851115+00:00
01-concert-info-concert-ticketing-success-tips,01-concert-info,01,concert-ticketing-success-tips,콘서트 티켓팅 성공 전략,콘서트 티켓팅 성공 팁과 전략,howto,tip,콘서트 티켓팅에 성공하기 위한 실용적인 팁과 전략을 제공합니다.,slot_2step,2026-06-08T12:00:06.851115+00:00
01-concert-info-concert-venue-directions,01-concert-info,01,concert-venue-directions,콘서트 가는 길,콘서트 가는 길 및 교통 정보,info,tip,콘서트 장소까지 가는 길과 교통 정보를 제공합니다.,slot_2step,2026-06-08T12:00:06.851115+00:00
01-concert-info-concert-venue-food-policy,01-concert-info,01,concert-venue-food-policy,공연장 음식 반입 규정,공연장 음식 반입 규정 및 주의사항,info,tip,공연장 음식 반입 규정과 주의사항을 제공합니다.,slot_2step,2026-06-08T12:00:06.851115+00:00
01-concert-info-concert-venue-parking-info,01-concert-info,01,concert-venue-parking-info,공연장 주차 정보,공연장 주차 정보 및 안내,info,tip,공연장 주차 정보를 제공합니다.,slot_2step,2026-06-08T12:00:06.851115+00:00
01-concert-info-concert-viewing-etiquette,01-concert-info,01,concert-viewing-etiquette,콘서트 에티켓,콘서트 관람 에티켓 가이드,info,tip,콘서트 관람 시 알아야 할 기본 에티켓,slot_2step,2026-06-08T12:00:06.851115+00:00
01-concert-info-ticket-price-comparison-tips,01-concert-info,01,ticket-price-comparison-tips,티켓 가격 비교,티켓 가격 비교 및 절약 팁,compare,tip,티켓 가격을 비교하고 절약하는 팁을 제공합니다.,slot_2step,2026-06-08T12:00:06.851115+00:00
01-drama-actor-actor-drama-filmography,01-drama-actor,01,actor-drama-filmography,배우 드라마 작품 목록,배우 드라마 필모그래피,info,tip,배우들의 드라마 작품 목록을 제공합니다.,slot_2step,2026-06-08T12:05:06.063696+00:00
01-drama-actor-drama-actor-acting-evaluation,01-drama-actor,01,drama-actor-acting-evaluation,드라마 배우 연기력 평가,드라마 배우 연기력 분석,info,tip,드라마 배우들의 연기력을 평가합니다.,slot_2step,2026-06-08T12:05:06.063696+00:00
01-drama-actor-drama-actor-award-history,01-drama-actor,01,drama-actor-award-history,드라마 배우 수상 이력,드라마 배우 수상 이력 보기,info,tip,드라마 배우들의 수상 이력을 정리했습니다.,slot_2step,2026-06-08T12:05:06.063696+00:00
01-drama-actor-drama-actor-profile-info,01-drama-actor,01,drama-actor-profile-info,드라마 배우 프로필 정보,드라마 배우 프로필 정보 총정리,info,tip,드라마 배우들의 프로필 정보를 제공합니다.,slot_2step,2026-06-08T12:05:06.063696+00:00
01-drama-actor-drama-actor-selection-criteria,01-drama-actor,01,drama-actor-selection-criteria,드라마 배우 선택하는 법,드라마 배우 선택 기준,info,tip,드라마 시청자들이 배우를 선택하는 기준에 대해 알아보세요.,slot_2step,2026-06-08T12:05:06.063696+00:00
01-drama-actor-drama-character-actor,01-drama-actor,01,drama-character-actor,드라마 캐릭터 연기하는 배우,드라마 캐릭터 연기 배우,info,tip,드라마에서 캐릭터를 연기하는 배우들의 노하우를 소개합니다.,slot_2step,2026-06-08T12:05:06.063696+00:00
01-drama-actor-drama-female-lead-actress,01-drama-actor,01,drama-female-lead-actress,드라마 여자 주인공 배우,드라마 여자 주인공 배우 소개,info,tip,드라마 여자 주인공 배우들을 소개합니다.,slot_2step,2026-06-08T12:05:06.063696+00:00
01-drama-actor-drama-lead-actor-casting,01-drama-actor,01,drama-lead-actor-casting,드라마 주인공 배우 캐스팅,드라마 주인공 배우 캐스팅 비하인드,info,tip,드라마 주인공 배우 캐스팅 과정을 소개합니다.,slot_2step,2026-06-08T12:05:06.063696+00:00
01-drama-actor-drama-supporting-actor-role,01-drama-actor,01,drama-supporting-actor-role,드라마 조연 배우 역할,드라마 조연 배우 역할 분석,info,tip,드라마 조연 배우들의 역할을 분석합니다.,slot_2step,2026-06-08T12:05:06.063696+00:00
01-drama-actor-drama-villain-actor-acting,01-drama-actor,01,drama-villain-actor-acting,드라마 악역 배우 연기,드라마 악역 배우 연기 비법,info,tip,드라마 악역 배우들의 연기 노하우를 소개합니다.,slot_2step,2026-06-08T12:05:06.063696+00:00
01-drama-actor-korean-drama-actor-combo,01-drama-actor,01,korean-drama-actor-combo,한국 드라마 배우 조합,한국 드라마 배우 조합,info,tip,한국 드라마에서 호흡을 맞추는 배우들의 조합을 분석합니다.,slot_2step,2026-06-08T12:05:06.063696+00:00
01-drama-actor-korean-drama-male-actor,01-drama-actor,01,korean-drama-male-actor,한국 남자 드라마 배우,한국 드라마 남자 배우 모음,info,tip,한국 드라마에 출연한 남자 배우들을 소개합니다.,slot_2step,2026-06-08T12:05:06.063696+00:00
01-drama-actor-korean-wave-drama-actor-popularity,01-drama-actor,01,korean-wave-drama-actor-popularity,한류 드라마 배우 인기,한류 드라마 배우 인기 순위,info,tip,한류 드라마 배우들의 인기를 소개합니다.,slot_2step,2026-06-08T12:05:06.063696+00:00
01-drama-actor-new-drama-actor-debut-work,01-drama-actor,01,new-drama-actor-debut-work,드라마 신인 배우 데뷔작,신인 드라마 배우 데뷔작 모음,info,tip,신인 드라마 배우들의 데뷔작 정보를 제공합니다.,slot_2step,2026-06-08T12:05:06.063696+00:00
01-drama-actor-popular-drama-actor-ranking,01-drama-actor,01,popular-drama-actor-ranking,인기 드라마 배우 순위,인기 드라마 배우 순위 보기,info,tip,인기 드라마 배우 순위를 제공합니다.,slot_2step,2026-06-08T12:05:06.063696+00:00
01-foreign-drama-british-drama-free-viewing,01-foreign-drama,01,british-drama-free-viewing,영드 무료 시청,영국 드라마 무료 시청,info,tip,영국 드라마 무료 시청 방법,slot_2step,2026-06-08T12:03:26.741302+00:00
01-foreign-drama-chinese-drama-binge-watching,01-foreign-drama,01,chinese-drama-binge-watching,중드 몰아보기,중국 드라마 몰아보기,info,tip,중국 드라마 몰아보기 팁,slot_2step,2026-06-08T12:03:26.741302+00:00
01-foreign-drama-foreign-drama-episode-guide,01-foreign-drama,01,foreign-drama-episode-guide,해외 드라마 에피소드 가이드,해외 드라마 에피소드 가이드 - 최신 회차 정보,info,tip,해외 드라마의 최신 에피소드 정보와 시청 팁을 제공합니다.,slot_2step,2026-06-08T12:03:26.741302+00:00
01-foreign-drama-foreign-tv-drama-broadcast-schedule,01-foreign-drama,01,foreign-tv-drama-broadcast-schedule,해외 드라마 방영 일정,해외 드라마 방영일정표,info,tip,해외 드라마 방영 일정을 제공합니다.,slot_2step,2026-06-08T12:03:26.741302+00:00
01-foreign-drama-foreign-tv-drama-movie-originals,01-foreign-drama,01,foreign-tv-drama-movie-originals,해외 드라마 영화 원작,해외 드라마 원작 영화 모음,info,tip,해외 드라마의 원작 영화 정보를 제공합니다.,slot_2step,2026-06-08T12:03:26.741302+00:00
01-foreign-drama-japanese-drama-ost-music,01-foreign-drama,01,japanese-drama-ost-music,일드 OST 음악,일드 OST 듣기 및 다운로드,info,tip,일드 OST 음악을 제공합니다.,slot_2step,2026-06-08T12:03:26.741302+00:00
01-foreign-drama-japanese-drama-review,01-foreign-drama,01,japanese-drama-review,일드 리뷰 사이트,일드 리뷰 보기,review,tip,일드 리뷰 모음,slot_2step,2026-06-08T12:03:26.741302+00:00
01-foreign-drama-latest-japanese-dramas,01-foreign-drama,01,latest-japanese-dramas,최신 일드 목록,일드 최신작 추천 및 목록,info,tip,최신 일드 목록과 추천 드라마 정보를 제공합니다.,slot_2step,2026-06-08T12:03:26.741302+00:00
01-foreign-drama-overseas-drama-characters,01-foreign-drama,01,overseas-drama-characters,해외 드라마 등장인물,해외 드라마 캐릭터,info,tip,해외 드라마 등장인물 정보,slot_2step,2026-06-08T12:03:26.741302+00:00
01-foreign-drama-overseas-drama-recommendation,01-foreign-drama,01,overseas-drama-recommendation,해외 드라마 추천 사이트,해외 드라마 추천 리스트 모음,info,tip,해외 드라마 추천 사이트 모음,slot_2step,2026-06-08T12:03:26.741302+00:00
01-foreign-drama-overseas-drama-summary,01-foreign-drama,01,overseas-drama-summary,해외 드라마 줄거리 요약,해외 드라마 요약,info,tip,해외 드라마 줄거리 요약,slot_2step,2026-06-08T12:03:26.741302+00:00
01-foreign-drama-us-drama-season-info,01-foreign-drama,01,us-drama-season-info,미드 시즌 정보,미국 드라마 시즌 정보,info,tip,미국 드라마 시즌 정보,slot_2step,2026-06-08T12:03:26.741302+00:00
01-foreign-drama-us-drama-viewing-guide,01-foreign-drama,01,us-drama-viewing-guide,미드 시청 방법,미드 시청 가이드,howto,tip,미드 시청하는 방법,slot_2step,2026-06-08T12:03:26.741302+00:00
01-foreign-drama-us-tv-drama-subtitle-download,01-foreign-drama,01,us-tv-drama-subtitle-download,미드 자막 다운로드,미드 자막 다운로드 방법,info,tip,미드 자막 다운로드 방법을 제공합니다.,slot_2step,2026-06-08T12:03:26.741302+00:00
01-foreign-drama-us-tv-drama-viewing-tips,01-foreign-drama,01,us-tv-drama-viewing-tips,미드 시청 꿀팁,미드 시청 꿀팁 및 추천,info,tip,미드 시청을 위한 유용한 팁을 제공합니다.,slot_2step,2026-06-08T12:03:26.741302+00:00
01-idol-news-follow-k-pop-social-media,01-idol-news,01,follow-k-pop-social-media,아이돌 인스타그램 팔로우,아이돌 소셜 미디어 계정 팔로우,howto,tip,아이돌의 소셜 미디어 계정을 팔로우하는 방법을 알아보세요.,slot_2step,2026-06-08T11:59:34.897594+00:00
01-idol-news-k-pop-album-chart,01-idol-news,01,k-pop-album-chart,아이돌 음반 차트,최신 아이돌 음반 순위,info,tip,현재 인기 있는 아이돌 음반 순위를 확인하세요.,slot_2step,2026-06-08T11:59:34.897594+00:00
01-idol-news-k-pop-interview-article,01-idol-news,01,k-pop-interview-article,아이돌 인터뷰,아이돌 인터뷰 기사 모음,info,tip,아이돌 그룹의 인터뷰 기사를 확인하세요.,slot_2step,2026-06-08T11:59:34.897594+00:00
01-idol-news-kpop-come-back-preparation,01-idol-news,01,kpop-come-back-preparation,아이돌 컴백 준비 과정,아이돌 컴백 준비 노하우,info,tip,아이돌 그룹 컴백 준비 과정을 소개합니다.,slot_2step,2026-06-08T11:59:34.897594+00:00
01-idol-news-kpop-concert-review,01-idol-news,01,kpop-concert-review,아이돌 콘서트 후기,아이돌 콘서트 후기 작성하기,info,review,아이돌 콘서트 후기를 공유합니다.,slot_2step,2026-06-08T11:59:34.897594+00:00
01-idol-news-kpop-concert-ticketing,01-idol-news,01,kpop-concert-ticketing,아이돌 콘서트 티켓팅,아이돌 콘서트 티켓 예매 방법,info,tip,아이돌 콘서트 티켓 예매 방법을 알려드립니다.,slot_2step,2026-06-08T11:59:34.897594+00:00
01-idol-news-kpop-debut-preparation,01-idol-news,01,kpop-debut-preparation,아이돌 데뷔 준비,아이돌 데뷔 전 준비 과정,info,tip,아이돌 데뷔 전 준비 과정을 소개합니다.,slot_2step,2026-06-08T11:59:34.897594+00:00
01-idol-news-kpop-fan-club-join,01-idol-news,01,kpop-fan-club-join,아이돌 팬클럽 가입,아이돌 팬클럽 가입 방법,howto,tip,아이돌 팬클럽 가입 방법을 알려드립니다.,slot_2step,2026-06-08T11:59:34.897594+00:00
01-idol-news-kpop-fanmeeting-participation,01-idol-news,01,kpop-fanmeeting-participation,아이돌 팬미팅 참여,아이돌 팬미팅 참가 방법,howto,tip,아이돌 팬미팅 참가 방법을 알려드립니다.,slot_2step,2026-06-08T11:59:34.897594+00:00
01-idol-news-kpop-group-member-change,01-idol-news,01,kpop-group-member-change,아이돌 멤버 교체,아이돌 그룹 멤버 교체 정보,info,tip,아이돌 그룹 멤버 교체 소식을 전합니다.,slot_2step,2026-06-08T11:59:34.897594+00:00
01-idol-news-kpop-live-streaming,01-idol-news,01,kpop-live-streaming,아이돌 라이브 방송,아이돌 라이브 방송 시청 방법,howto,tip,아이돌 라이브 방송 시청 방법을 알려드립니다.,slot_2step,2026-06-08T11:59:34.897594+00:00
01-idol-news-kpop-music-download,01-idol-news,01,kpop-music-download,아이돌 음악 다운로드,아이돌 음악 다운로드 방법,howto,tip,아이돌 음악 다운로드 방법을 알려드립니다.,slot_2step,2026-06-08T11:59:34.897594+00:00
01-idol-news-kpop-music-show-appearances,01-idol-news,01,kpop-music-show-appearances,아이돌 음악 방송,아이돌 음악 방송 출연 정보,info,tip,아이돌 음악 방송 출연 정보를 제공합니다.,slot_2step,2026-06-08T11:59:34.897594+00:00
01-idol-news-kpop-social-media-follow,01-idol-news,01,kpop-social-media-follow,아이돌 소셜 미디어,아이돌 소셜 미디어 팔로우하기,howto,tip,아이돌 소셜 미디어 팔로우 방법을 알려드립니다.,slot_2step,2026-06-08T11:59:34.897594+00:00
01-idol-news-kpop-trainee-daily-life,01-idol-news,01,kpop-trainee-daily-life,K팝 연습생 일상,K팝 연습생의 하루,info,tip,K팝 아이돌 연습생의 일상을 공유합니다.,slot_2step,2026-06-08T11:59:34.897594+00:00
01-k-movie-korean-movie-academic-research,01-k-movie,01,korean-movie-academic-research,한국 영화 학술 연구 논문,한국 영화 학술 연구 최신 동향,info,tip,한국 영화 학술 연구의 최신 동향을 살펴봅니다.,slot_2step,2026-06-08T12:03:08.577705+00:00
01-k-movie-korean-movie-actor-info,01-k-movie,01,korean-movie-actor-info,한국 영화 배우 정보,한국 영화 배우 프로필 정보,info,tip,한국 영화 배우의 프로필 정보를 제공합니다.,slot_2step,2026-06-08T12:03:08.577705+00:00
01-k-movie-korean-movie-audience-rankings,01-k-movie,01,korean-movie-audience-rankings,한국 영화 순위,한국 영화 관객 수 순위 Top 10,info,tip,한국 영화 관객 수 순위를 확인하고 인기 영화를 알아보세요.,slot_2step,2026-06-08T12:03:08.577705+00:00
01-k-movie-korean-movie-award-winning-films,01-k-movie,01,korean-movie-award-winning-films,한국 영화 수상작,한국 영화 시상식 수상작 모음,info,tip,한국 영화 시상식에서 수상한 우수한 작품들을 소개합니다.,slot_2step,2026-06-08T12:03:08.577705+00:00
01-k-movie-korean-movie-director-filmography,01-k-movie,01,korean-movie-director-filmography,한국 영화 감독 작품 목록,한국 영화 감독 작품 모음,info,tip,한국 영화 감독의 작품 목록을 제공합니다.,slot_2step,2026-06-08T12:03:08.577705+00:00
01-k-movie-korean-movie-foreign-reviews,01-k-movie,01,korean-movie-foreign-reviews,한국 영화 해외 반응,한국 영화 해외 반응 및 리뷰,info,tip,한국 영화에 대한 해외 반응과 리뷰를 확인하세요.,slot_2step,2026-06-08T12:03:08.577705+00:00
01-k-movie-korean-movie-high-rating-rank,01-k-movie,01,korean-movie-high-rating-rank,한국 영화 평점 높은 순위,한국 영화 평점 높은 순위 목록,info,tip,한국 영화의 평점 높은 순위를 제공합니다.,slot_2step,2026-06-08T12:03:08.577705+00:00
01-k-movie-korean-movie-industry-analysis,01-k-movie,01,korean-movie-industry-analysis,한국 영화 산업 트렌드,한국 영화 산업 분석과 전망,info,tip,한국 영화 산업의 트렌드와 전망을 분석합니다.,slot_2step,2026-06-08T12:03:08.577705+00:00
01-k-movie-korean-movie-latest-release,01-k-movie,01,korean-movie-latest-release,한국 영화 최신 개봉작,한국 영화 최신 개봉작 정보,info,tip,최신 한국 영화 개봉작 정보를 제공합니다.,slot_2step,2026-06-08T12:03:08.577705+00:00
01-k-movie-korean-movie-ost-collections,01-k-movie,01,korean-movie-ost-collections,한국 영화 ost,한국 영화 음악 OST 모음,info,tip,한국 영화의 감동적인 OST를 감상하세요.,slot_2step,2026-06-08T12:03:08.577705+00:00
01-k-movie-korean-movie-plot-summary,01-k-movie,01,korean-movie-plot-summary,한국 영화 줄거리 요약,한국 영화 줄거리 요약 정보,info,tip,한국 영화의 줄거리 요약을 제공합니다.,slot_2step,2026-06-08T12:03:08.577705+00:00
01-k-movie-korean-movie-related-books,01-k-movie,01,korean-movie-related-books,한국 영화 도서,한국 영화 관련 도서 추천,info,tip,한국 영화에 대한 깊이 있는 정보를 제공하는 도서를 추천합니다.,slot_2step,2026-06-08T12:03:08.577705+00:00
01-k-movie-korean-movie-review-site,01-k-movie,01,korean-movie-review-site,한국 영화 리뷰 사이트,한국 영화 리뷰 사이트 모음,info,review,한국 영화 리뷰를 볼 수 있는 사이트를 소개합니다.,slot_2step,2026-06-08T12:03:08.577705+00:00
01-k-movie-korean-movie-streaming-service,01-k-movie,01,korean-movie-streaming-service,한국 영화 스트리밍 서비스,한국 영화 스트리밍 서비스 목록,info,tip,한국 영화를 볼 수 있는 스트리밍 서비스를 제공합니다.,slot_2step,2026-06-08T12:03:08.577705+00:00
01-k-movie-korean-movie-tourism-destinations,01-k-movie,01,korean-movie-tourism-destinations,한국 영화 관광지,한국 영화 촬영지 관광 코스 추천,info,tip,한국 영화 촬영지를 방문해 영화 속 장소를 경험하세요.,slot_2step,2026-06-08T12:03:08.577705+00:00
01-k-pop-k-pop-album-collection,01-k-pop,01,k-pop-album-collection,K-POP 앨범 수집,K-POP 앨범 수집 가이드와 팁,howto,tip,K-POP 앨범을 수집하는 방법과 팁을 제공합니다.,slot_2step,2026-06-08T11:58:52.094532+00:00
01-k-pop-k-pop-album-review,01-k-pop,01,k-pop-album-review,K-POP 앨범 리뷰,K-POP 앨범 리뷰 작성법과 팁,howto,review,K-POP 앨범 리뷰를 작성하는 방법과 팁을 제공합니다.,slot_2step,2026-06-08T11:58:52.094532+00:00
01-k-pop-k-pop-concert-safety,01-k-pop,01,k-pop-concert-safety,K-POP 콘서트 안전,K-POP 콘서트 안전 수칙과 주의사항,info,tip,K-POP 콘서트의 안전 수칙과 주의사항을 제공합니다.,slot_2step,2026-06-08T11:58:52.094532+00:00
01-k-pop-k-pop-concert-ticketing,01-k-pop,01,k-pop-concert-ticketing,K-POP 콘서트 티켓팅 팁,K-POP 콘서트 티켓팅 성공 전략,howto,tip,K-POP 콘서트 티켓팅에 성공하는 방법과 팁을 제공합니다.,slot_2step,2026-06-08T11:58:52.094532+00:00
01-k-pop-k-pop-dance-learning,01-k-pop,01,k-pop-dance-learning,K-POP 댄스 배우기,K-POP 댄스 배우기 가이드와 팁,howto,tip,K-POP 댄스를 배우는 방법과 팁을 제공합니다.,slot_2step,2026-06-08T11:58:52.094532+00:00
01-k-pop-k-pop-debut-preparation,01-k-pop,01,k-pop-debut-preparation,K-POP 신인 가수 데뷔,K-POP 신인 가수 데뷔 준비 과정,info,tip,K-POP 신인 가수의 데뷔 준비 과정과 팁을 제공합니다.,slot_2step,2026-06-08T11:58:52.094532+00:00
01-k-pop-k-pop-ea-b0-80-ec-88-98-ec-9d-98-ea-b2-b4-eb-aa-a8-ec-9e-84,01-k-pop,01,k-pop-ea-b0-80-ec-88-98-ec-9d-98-ea-b2-b4-eb-aa-a8-ec-9e-84,K-POP 가수 인터뷰,K-POP 가수 인터뷰 모음집,info,tip,K-POP 가수들의 다양한 인터뷰 내용을 소개합니다.,slot_2step,2026-06-08T11:58:52.094532+00:00
01-k-pop-k-pop-eb-8f-96-ec-8a-a4-ec-97-b0-ec-88-98-ed-95-98-ea-b8-b0,01-k-pop,01,k-pop-eb-8f-96-ec-8a-a4-ec-97-b0-ec-88-98-ed-95-98-ea-b8-b0,K-POP 댄스 연습,K-POP 댄스 따라하기,howto,tip,K-POP 댄스를 쉽게 배울 수 있는 연습 방법을 제공합니다.,slot_2step,2026-06-08T11:58:52.094532+00:00
01-k-pop-k-pop-fanmeeting,01-k-pop,01,k-pop-fanmeeting,K-POP 팬미팅 참석,K-POP 팬미팅 참석 방법과 팁,howto,tip,K-POP 팬미팅에 참석하는 방법과 팁을 제공합니다.,slot_2step,2026-06-08T11:58:52.094532+00:00
01-k-pop-k-pop-group-conflict,01-k-pop,01,k-pop-group-conflict,K-POP 그룹 갈등 해결,K-POP 그룹 멤버 간 갈등 해결 방법,info,tip,K-POP 그룹 멤버 간 갈등을 해결하는 방법과 팁을 제공합니다.,slot_2step,2026-06-08T11:58:52.094532+00:00
01-k-pop-k-pop-idol-practice,01-k-pop,01,k-pop-idol-practice,K-POP 아이돌 되는 법,K-POP 아이돌 연습생 되는 법,howto,tip,K-POP 아이돌 연습생이 되는 방법과 팁을 제공합니다.,slot_2step,2026-06-08T11:58:52.094532+00:00
01-k-pop-k-pop-music-show,01-k-pop,01,k-pop-music-show,K-POP 음악 방송 출연,K-POP 음악 방송 출연 아티스트 정보,info,tip,K-POP 음악 방송에 출연하는 아티스트 정보를 제공합니다.,slot_2step,2026-06-08T11:58:52.094532+00:00
01-k-pop-k-pop-music-show-rank,01-k-pop,01,k-pop-music-show-rank,K-POP 가수 음악 방송,K-POP 가수 음악 방송 순위와 정보,info,tip,K-POP 가수의 음악 방송 순위와 정보를 제공합니다.,slot_2step,2026-06-08T11:58:52.094532+00:00
01-k-pop-k-pop-music-streaming,01-k-pop,01,k-pop-music-streaming,K-POP 음악 스트리밍,K-POP 음악 스트리밍 서비스 비교,compare,tip,K-POP 음악 스트리밍 서비스를 비교합니다.,slot_2step,2026-06-08T11:58:52.094532+00:00
01-k-pop-k-pop-practice-life,01-k-pop,01,k-pop-practice-life,K-POP 연습생 일상,K-POP 연습생의 일상 생활과 팁,info,tip,K-POP 연습생의 일상 생활과 팁을 제공합니다.,slot_2step,2026-06-08T11:58:52.094532+00:00
01-kpop-concert-concert-item-storage-info,01-kpop-concert,01,concert-item-storage-info,콘서트장 물품 보관 정보,콘서트장 물품 보관 가이드,info,tip,콘서트장 물품 보관에 대한 정보를 제공합니다.,slot_2step,2026-06-08T12:00:58.074169+00:00
01-kpop-concert-concert-nearby-restaurant-guide,01-kpop-concert,01,concert-nearby-restaurant-guide,콘서트장 주변 맛집 추천,콘서트장 주변 맛집 베스트 가이드,info,tip,콘서트장 주변의 맛집을 추천합니다.,slot_2step,2026-06-08T12:00:58.074169+00:00
01-kpop-concert-concert-royal-seat-location,01-kpop-concert,01,concert-royal-seat-location,콘서트장 로얄석 위치 찾기,콘서트장 로얄석 위치와 선택 팁,info,tip,콘서트장 로얄석 위치와 선택에 대한 정보를 제공합니다.,slot_2step,2026-06-08T12:00:58.074169+00:00
01-kpop-concert-concert-ticket-price,01-kpop-concert,01,concert-ticket-price,콘서트 티켓 가격,콘서트 티켓 가격 확인하기,info,tip,콘서트 티켓 가격을 알려드립니다.,slot_2step,2026-06-08T12:00:58.074169+00:00
01-kpop-concert-concert-venue-food-policy,01-kpop-concert,01,concert-venue-food-policy,콘서트장 음식물,콘서트장 음식물 반입 가이드,info,tip,콘서트장 음식물 반입 정책을 알려드립니다.,slot_2step,2026-06-08T12:00:58.074169+00:00
01-kpop-concert-concert-venue-parking-info,01-kpop-concert,01,concert-venue-parking-info,콘서트장 주차,콘서트장 주차 정보 총정리,info,tip,콘서트장 주차 정보를 알려드립니다.,slot_2step,2026-06-08T12:00:58.074169+00:00
01-kpop-concert-concert-venue-transportation,01-kpop-concert,01,concert-venue-transportation,콘서트장 교통,콘서트장 가는 교통 정보 총정리,info,tip,콘서트장 교통 정보를 알려드립니다.,slot_2step,2026-06-08T12:00:58.074169+00:00
01-kpop-concert-k-pop-concert-event-participation,01-kpop-concert,01,k-pop-concert-event-participation,아이돌 콘서트 이벤트,아이돌 콘서트 이벤트 참여 방법,howto,tip,아이돌 콘서트 이벤트 참여 방법을 알려드립니다.,slot_2step,2026-06-08T12:00:58.074169+00:00
01-kpop-concert-k-pop-concert-schedule,01-kpop-concert,01,k-pop-concert-schedule,아이돌 콘서트 일정,최신 아이돌 콘서트 일정 확인하기,info,tip,아이돌 콘서트 일정을 빠르고 정확하게 확인하세요.,slot_2step,2026-06-08T12:00:58.074169+00:00
01-kpop-concert-k-pop-concert-seat-map,01-kpop-concert,01,k-pop-concert-seat-map,아이돌 콘서트 좌석도,아이돌 콘서트 좌석 배치도 보기,info,tip,아이돌 콘서트 좌석 배치를 확인하세요.,slot_2step,2026-06-08T12:00:58.074169+00:00
01-kpop-concert-k-pop-concert-ticket-counter-sale,01-kpop-concert,01,k-pop-concert-ticket-counter-sale,아이돌 콘서트 현장 구매,아이돌 콘서트 현장 구매 방법,howto,tip,아이돌 콘서트 현장 구매 방법을 알려드립니다.,slot_2step,2026-06-08T12:00:58.074169+00:00
01-kpop-concert-k-pop-concert-ticket-refund,01-kpop-concert,01,k-pop-concert-ticket-refund,아이돌 콘서트 예매 취소,아이돌 콘서트 예매 취소 방법,howto,tip,아이돌 콘서트 예매 취소 방법을 알려드립니다.,slot_2step,2026-06-08T12:00:58.074169+00:00
01-kpop-concert-k-pop-concert-ticketing-guide,01-kpop-concert,01,k-pop-concert-ticketing-guide,아이돌 콘서트 티켓팅,아이돌 콘서트 티켓팅 완벽 가이드,howto,tip,아이돌 콘서트 티켓팅 방법을 알려드립니다.,slot_2step,2026-06-08T12:00:58.074169+00:00
01-kpop-concert-kpop-concert-event-participation,01-kpop-concert,01,kpop-concert-event-participation,아이돌 콘서트 이벤트 참여 방법,아이돌 콘서트 이벤트 참여 완벽 가이드,howto,tip,아이돌 콘서트 이벤트 참여 방법과 팁을 제공합니다.,slot_2step,2026-06-08T12:00:58.074169+00:00
01-kpop-concert-kpop-concert-setlist-collection,01-kpop-concert,01,kpop-concert-setlist-collection,아이돌 콘서트 셋리스트 모음,최신 아이돌 콘서트 셋리스트 모음,info,tip,최신 아이돌 콘서트 셋리스트를 모았습니다.,slot_2step,2026-06-08T12:00:58.074169+00:00
01-kpop-fansign-fan-signing-event-registration-period,01-kpop-fansign,01,fan-signing-event-registration-period,팬사인회 응모 기간,팬사인회 응모 기간과 방법,info,tip,팬사인회 응모 기간과 방법을 안내합니다.,slot_2step,2026-06-08T12:01:52.767487+00:00
01-kpop-fansign-fan-signing-event-winning-tips,01-kpop-fansign,01,fan-signing-event-winning-tips,팬사인회 당첨 팁,팬사인회 당첨 확률 높이는 방법,info,tip,팬사인회 당첨 확률을 높이는 실용적인 팁을 공유합니다.,slot_2step,2026-06-08T12:01:52.767487+00:00
01-kpop-fansign-fansign-applied-method,01-kpop-fansign,01,fansign-applied-method,팬사인회 응모 방법,팬사인회 응모 방법과 준비물 체크리스트,info,tip,팬사인회 응모 방법과 준비물을 상세히 안내합니다.,slot_2step,2026-06-08T12:01:52.767487+00:00
01-kpop-fansign-fansign-field-photo,01-kpop-fansign,01,fansign-field-photo,팬사인회 현장 사진,팬사인회 현장 사진과 분위기 공유,info,tip,팬사인회 현장 사진과 분위기를 공유합니다.,slot_2step,2026-06-08T12:01:52.767487+00:00
01-kpop-fansign-fansign-go-method,01-kpop-fansign,01,fansign-go-method,팬사인회 가는 법,팬사인회 가는 법과 교통 정보,howto,tip,팬사인회 가는 법과 교통 정보를 안내합니다.,slot_2step,2026-06-08T12:01:52.767487+00:00
01-kpop-fansign-fansign-prepare-checklist,01-kpop-fansign,01,fansign-prepare-checklist,팬사인회 준비물 체크리스트,팬사인회 준비물 체크리스트와 주의사항,info,tip,팬사인회 준비물 체크리스트와 주의사항을 안내합니다.,slot_2step,2026-06-08T12:01:52.767487+00:00
01-kpop-fansign-fansign-review-write,01-kpop-fansign,01,fansign-review-write,팬사인회 후기 작성법,팬사인회 후기 작성법과 팁,howto,tip,팬사인회 후기 작성법과 팁을 공유합니다.,slot_2step,2026-06-08T12:01:52.767487+00:00
01-kpop-fansign-idol-fan-signing-outfit,01-kpop-fansign,01,idol-fan-signing-outfit,아이돌 팬사인회 복장,아이돌 팬사인회 패션 가이드,info,tip,아이돌 팬사인회 참석을 위한 패션 가이드를 제공합니다.,slot_2step,2026-06-08T12:01:52.767487+00:00
01-kpop-fansign-idol-fanmeeting-review,01-kpop-fansign,01,idol-fanmeeting-review,아이돌 팬미팅 후기,아이돌 팬미팅 후기 및 현장 사진 공유,review,tip,아이돌 팬미팅 후기와 현장 사진을 공유합니다.,slot_2step,2026-06-08T12:01:52.767487+00:00
01-kpop-fansign-idol-fanmeeting-venues,01-kpop-fansign,01,idol-fanmeeting-venues,아이돌 팬미팅 장소,아이돌 팬미팅 장소 모음,info,tip,다양한 아이돌 팬미팅 장소 정보를 제공합니다.,slot_2step,2026-06-08T12:01:52.767487+00:00
01-kpop-fansign-idol-fansign-gift,01-kpop-fansign,01,idol-fansign-gift,아이돌 팬사인회 선물,아이돌 팬사인회 선물 아이디어와 주의사항,info,tip,아이돌 팬사인회 선물 아이디어와 주의사항을 안내합니다.,slot_2step,2026-06-08T12:01:52.767487+00:00
01-kpop-fansign-idol-fansign-time,01-kpop-fansign,01,idol-fansign-time,아이돌 팬사인회 시간,아이돌 팬사인회 시간과 장소 안내,info,tip,아이돌 팬사인회 시간과 장소를 안내합니다.,slot_2step,2026-06-08T12:01:52.767487+00:00
01-kpop-fansign-idol-fansign-win-tip,01-kpop-fansign,01,idol-fansign-win-tip,아이돌 팬사인회 당첨 팁,아이돌 팬사인회 당첨 확률 높이는 방법,howto,tip,아이돌 팬사인회 당첨을 위한 실용적인 팁과 전략을 공유합니다.,slot_2step,2026-06-08T12:01:52.767487+00:00
01-kpop-fansign-idol-signing-review-blog,01-kpop-fansign,01,idol-signing-review-blog,아이돌 사인회 후기 블로그,아이돌 사인회 후기 블로그와 리뷰,review,tip,아이돌 사인회 후기 블로그와 리뷰를 공유합니다.,slot_2step,2026-06-08T12:01:52.767487+00:00
01-kpop-fansign-idol-signing-winner-announce,01-kpop-fansign,01,idol-signing-winner-announce,아이돌 사인회 당첨자 발표,아이돌 사인회 당첨자 발표 일정과 방법,info,tip,아이돌 사인회 당첨자 발표 일정과 방법을 안내합니다.,slot_2step,2026-06-08T12:01:52.767487+00:00
01-kpop-merchandise-idol-goods-authenticity-check,01-kpop-merchandise,01,idol-goods-authenticity-check,아이돌 굿즈 가품 구별법,아이돌 굿즈 가품 구별법 가이드,howto,tip,아이돌 굿즈 가품 구별법을 제공합니다.,slot_2step,2026-06-08T12:01:33.658591+00:00
01-kpop-merchandise-idol-goods-buying-cautions,01-kpop-merchandise,01,idol-goods-buying-cautions,굿즈 구매 주의사항,아이돌 굿즈 구매 주의사항,howto,tip,아이돌 굿즈 구매 시 주의사항을 제공합니다.,slot_2step,2026-06-08T12:01:33.658591+00:00
01-kpop-merchandise-idol-goods-collection-guide,01-kpop-merchandise,01,idol-goods-collection-guide,굿즈 수집 가이드,아이돌 굿즈 수집 가이드,howto,tip,아이돌 굿즈 수집에 필요한 팁을 제공합니다.,slot_2step,2026-06-08T12:01:33.658591+00:00
01-kpop-merchandise-idol-goods-display-guide,01-kpop-merchandise,01,idol-goods-display-guide,아이돌 굿즈 전시 방법,아이돌 굿즈 전시 방법 가이드,howto,tip,아이돌 굿즈 전시 방법을 제공합니다.,slot_2step,2026-06-08T12:01:33.658591+00:00
01-kpop-merchandise-idol-goods-event-info,01-kpop-merchandise,01,idol-goods-event-info,아이돌 굿즈 이벤트 정보,아이돌 굿즈 이벤트 정보 모음,info,tip,아이돌 굿즈 이벤트 정보를 제공합니다.,slot_2step,2026-06-08T12:01:33.658591+00:00
01-kpop-merchandise-idol-goods-price-comparison,01-kpop-merchandise,01,idol-goods-price-comparison,아이돌 굿즈 가격 비교,아이돌 굿즈 가격 비교 사이트,info,tip,아이돌 굿즈 가격을 비교합니다.,slot_2step,2026-06-08T12:01:33.658591+00:00
01-kpop-merchandise-idol-goods-storage-tips,01-kpop-merchandise,01,idol-goods-storage-tips,아이돌 굿즈 보관법,아이돌 굿즈 보관법 팁,howto,tip,아이돌 굿즈 보관법을 제공합니다.,slot_2step,2026-06-08T12:01:33.658591+00:00
01-kpop-merchandise-idol-goods-trading-guide,01-kpop-merchandise,01,idol-goods-trading-guide,굿즈 거래 방법,아이돌 굿즈 거래 방법 가이드,howto,tip,아이돌 굿즈 거래 방법을 소개합니다.,slot_2step,2026-06-08T12:01:33.658591+00:00
01-kpop-merchandise-idol-goods-unboxing-reviews,01-kpop-merchandise,01,idol-goods-unboxing-reviews,굿즈 언박싱 후기 모음,아이돌 굿즈 언박싱 후기 모음,review,tip,아이돌 굿즈 언박싱 후기를 공유합니다.,slot_2step,2026-06-08T12:01:33.658591+00:00
01-kpop-merchandise-kpop-goods-fandom-culture,01-kpop-merchandise,01,kpop-goods-fandom-culture,K팝 팬덤 문화,K팝 굿즈 팬덤 문화와 트렌드,info,tip,K팝 굿즈와 팬덤 문화에 대해 알아보세요.,slot_2step,2026-06-08T12:01:33.658591+00:00
01-kpop-merchandise-kpop-goods-sellers,01-kpop-merchandise,01,kpop-goods-sellers,K팝 굿즈 판매처,K팝 굿즈 판매처 총정리,info,tip,K팝 굿즈를 판매하는 곳을 소개합니다.,slot_2step,2026-06-08T12:01:33.658591+00:00
01-kpop-merchandise-kpop-goods-shipping-guide,01-kpop-merchandise,01,kpop-goods-shipping-guide,아이돌 굿즈 배송 가이드,아이돌 굿즈 배송 정보 총정리,info,tip,아이돌 굿즈 배송 관련 정보와 팁을 제공합니다.,slot_2step,2026-06-08T12:01:33.658591+00:00
01-kpop-merchandise-kpop-idol-goods-buying-guide,01-kpop-merchandise,01,kpop-idol-goods-buying-guide,아이돌 굿즈 구매 가이드,아이돌 굿즈 구매 가이드 완벽 정리,info,tip,아이돌 굿즈 구매에 필요한 정보와 팁을 제공합니다.,slot_2step,2026-06-08T12:01:33.658591+00:00
01-kpop-merchandise-kpop-idol-goods-types,01-kpop-merchandise,01,kpop-idol-goods-types,K팝 아이돌 굿즈 종류,K팝 아이돌 굿즈 종류 총정리,info,tip,다양한 K팝 아이돌 굿즈 종류를 소개합니다.,slot_2step,2026-06-08T12:01:33.658591+00:00
01-kpop-merchandise-official-idol-goods-sites,01-kpop-merchandise,01,official-idol-goods-sites,아이돌 공식 굿즈 사이트,아이돌 공식 굿즈 구매 사이트 모음,info,tip,아이돌 공식 굿즈를 구매할 수 있는 사이트를 소개합니다.,slot_2step,2026-06-08T12:01:33.658591+00:00
01-mc-ae-yong-mc-bang-song-sago-sahoe,01-mc,01,ae-yong-mc-bang-song-sago-sahoe,예능 MC 방송사고 사례,예능 MC 방송사고 사례 모음,info,tip,예능 MC의 방송사고 사례를 소개합니다.,slot_2step,2026-06-08T12:05:28.018307+00:00
01-mc-ae-yong-mc-chul-yeo-ryo-pyeb-gan,01-mc,01,ae-yong-mc-chul-yeo-ryo-pyeb-gan,예능 MC 출연료 평균,예능 MC 출연료 평균 금액,info,tip,예능 MC의 평균 출연료를 알려드립니다.,slot_2step,2026-06-08T12:05:28.018307+00:00
01-mc-ae-yong-mc-deo-i-jun-bi,01-mc,01,ae-yong-mc-deo-i-jun-bi,예능 MC 데뷔 준비,예능 MC 데뷔 준비하는 법,info,tip,예능 MC 데뷔를 준비하는 방법과 노하우를 소개합니다.,slot_2step,2026-06-08T12:05:28.018307+00:00
01-mc-ae-yong-mc-yeon-gi-ryeog-hyang-sang-beob,01-mc,01,ae-yong-mc-yeon-gi-ryeog-hyang-sang-beob,예능 MC 연기력 향상법,예능 MC 연기력 향상하는 법,info,tip,예능 MC의 연기력을 향상하는 방법을 소개합니다.,slot_2step,2026-06-08T12:05:28.018307+00:00
01-mc-ae-yong-program-mc-hwal-dong-tib,01-mc,01,ae-yong-program-mc-hwal-dong-tib,예능 프로그램 MC 활동 팁,예능 프로그램 MC로 활동하는 팁,howto,tip,예능 프로그램 MC로 성공적으로 활동하는 팁을 제공합니다.,slot_2step,2026-06-08T12:05:28.018307+00:00
01-mc-ae-yong-program-mc-jing-gae-yul,01-mc,01,ae-yong-program-mc-jing-gae-yul,예능 프로그램 MC 경쟁률,예능 프로그램 MC 경쟁률 분석,info,tip,예능 프로그램 MC의 경쟁률을 분석합니다.,slot_2step,2026-06-08T12:05:28.018307+00:00
01-mc-entertainer-contract-terms,01-mc,01,entertainer-contract-terms,예능 프로그램 진행자 계약 조건,예능 프로그램 MC 계약 조건 알아보기,info,tip,예능 프로그램 MC 계약 조건에 대해 상세히 설명합니다.,slot_2step,2026-06-08T12:05:28.018307+00:00
01-mc-entertainer-fashion-brand,01-mc,01,entertainer-fashion-brand,예능 진행자 패션 브랜드,예능 MC가 선택한 패션 브랜드 추천,info,tip,예능 MC가 선택한 인기 패션 브랜드를 소개합니다.,slot_2step,2026-06-08T12:05:28.018307+00:00
01-mc-entertainer-role,01-mc,01,entertainer-role,예능 프로그램 진행자 역할,예능 프로그램 MC의 역할과 책임,info,tip,예능 프로그램 MC의 역할과 책임에 대해 알아봅니다.,slot_2step,2026-06-08T12:05:28.018307+00:00
01-mc-entertainer-social-media-marketing,01-mc,01,entertainer-social-media-marketing,예능 진행자 소셜미디어 마케팅,예능 MC를 위한 소셜미디어 마케팅 전략,info,tip,예능 MC를 위한 효과적인 소셜미디어 마케팅 방법을 알려드립니다.,slot_2step,2026-06-08T12:05:28.018307+00:00
01-mc-entertainer-workshop,01-mc,01,entertainer-workshop,예능 프로그램 워크샵,예능 프로그램 MC를 위한 워크샵 가이드,info,tip,예능 프로그램 MC를 위한 워크샵 진행 방법을 알려드립니다.,slot_2step,2026-06-08T12:05:28.018307+00:00
01-mc-latest-variety-show-mc-trend,01-mc,01,latest-variety-show-mc-trend,예능 MC 트렌드,최신 예능 프로그램 MC 트렌드,info,tip,현재 인기 있는 예능 프로그램 MC의 트렌드를 분석합니다.,slot_2step,2026-06-08T12:05:28.018307+00:00
01-mc-male-entertainer-leadership,01-mc,01,male-entertainer-leadership,남성 예능 진행자 리더십,남성 예능 MC 리더십 향상 방법,info,tip,남성 예능 MC가 갖추어야 할 리더십 기술을 소개합니다.,slot_2step,2026-06-08T12:05:28.018307+00:00
01-mc-variety-show-mc-crisis-management,01-mc,01,variety-show-mc-crisis-management,예능 MC 위기관리,예능 MC 위기관리 전략,info,tip,예능 프로그램에서 MC가 위기를 관리하는 전략을 소개합니다.,slot_2step,2026-06-08T12:05:28.018307+00:00
01-mc-yeo-seong-ae-yong-mc-seong-gong-sahoe,01-mc,01,yeo-seong-ae-yong-mc-seong-gong-sahoe,여성 예능 MC 성공 사례,여성 예능 MC 성공 사례 모음,info,tip,여성 예능 MC의 성공 사례를 소개합니다.,slot_2step,2026-06-08T12:05:28.018307+00:00
01-music-chart-differences-between-music-streaming-sites,01-music-chart,01,differences-between-music-streaming-sites,음원 사이트별 차이점,음원 사이트별 순위 차이점,info,tip,다양한 음원 사이트별 순위 차이점을 알아보세요.,slot_2step,2026-06-08T11:59:52.467566+00:00
01-music-chart-factors-affecting-music-charts,01-music-chart,01,factors-affecting-music-charts,가요 차트에 영향을 주는 요인,가요 차트에 영향을 주는 요소들,info,tip,가요 차트에 영향을 주는 다양한 요소들을 살펴보세요.,slot_2step,2026-06-08T11:59:52.467566+00:00
01-music-chart-how-to-enter-chart,01-music-chart,01,how-to-enter-chart,차트 진입 방법,차트에 진입하는 법,howto,tip,가요 차트에 진입하는 방법을 알려드립니다.,slot_2step,2026-06-08T11:59:52.467566+00:00
01-music-chart-how-to-enter-music-chart,01-music-chart,01,how-to-enter-music-chart,가요 차트 진입 전략,음원 차트에 진입하는 법,howto,tip,음원 차트에 진입하는 효과적인 방법을 알아보세요.,slot_2step,2026-06-08T11:59:52.467566+00:00
01-music-chart-melon-chart-seo,01-music-chart,01,melon-chart-seo,멜론 차트 순위,멜론 차트 순위 보는 법,info,tip,멜론 차트 순위를 확인하는 방법을 알려드립니다.,slot_2step,2026-06-08T11:59:52.467566+00:00
01-music-chart-melon-chart-streaming-count-check,01-music-chart,01,melon-chart-streaming-count-check,멜론차트 스트리밍 횟수 조회,멜론차트 스트리밍 횟수 조회 방법,info,tip,멜론차트에서 스트리밍 횟수를 확인하는 방법을 알려드립니다.,slot_2step,2026-06-08T11:59:52.467566+00:00
01-music-chart-monthly-music-chart-summary,01-music-chart,01,monthly-music-chart-summary,월간 가요 차트 요약,월간 가요 차트 순위 정리,info,tip,한 달간의 가요 차트 순위를 요약해서 확인하세요.,slot_2step,2026-06-08T11:59:52.467566+00:00
01-music-chart-music-chart-comparison,01-music-chart,01,music-chart-comparison,가요 순위 비교,음원사이트 가요 순위 비교,info,tip,다양한 음원 사이트의 가요 순위를 비교 분석합니다.,slot_2step,2026-06-08T11:59:52.467566+00:00
01-music-chart-music-chart-manipulation-allegations,01-music-chart,01,music-chart-manipulation-allegations,가요 차트 조작 의혹 사례,가요 차트 조작 의혹 사례들,info,tip,가요 차트 조작 의혹 사례를 살펴보세요.,slot_2step,2026-06-08T11:59:52.467566+00:00
01-music-chart-music-chart-number-one,01-music-chart,01,music-chart-number-one,가요 차트 1위,가요 차트 1위 노래,info,tip,현재 가요 차트 1위를 차지한 노래를 소개합니다.,slot_2step,2026-06-08T11:59:52.467566+00:00
01-music-chart-music-genre-chart-analysis,01-music-chart,01,music-genre-chart-analysis,장르별 가요 차트,장르별 가요 차트 분석,info,tip,다양한 장르별 가요 차트를 분석합니다.,slot_2step,2026-06-08T11:59:52.467566+00:00
01-music-chart-new-artist-debut-rank,01-music-chart,01,new-artist-debut-rank,신인 가수 데뷔,신인 가수 데뷔 순위,info,tip,신인 가수의 데뷔 순위와 성적을 분석합니다.,slot_2step,2026-06-08T11:59:52.467566+00:00
01-music-chart-popular-music-rankings,01-music-chart,01,popular-music-rankings,인기 가요 순위,현재 인기 가요 순위,info,tip,현재 인기 있는 가요 순위를 확인하세요.,slot_2step,2026-06-08T11:59:52.467566+00:00
01-music-chart-rising-music-chart,01-music-chart,01,rising-music-chart,가요 순위 상승,가요 순위 상승 곡,info,tip,최근 가요 순위 상승 곡을 소개합니다.,slot_2step,2026-06-08T11:59:52.467566+00:00
01-music-chart-weekly-music-chart-results,01-music-chart,01,weekly-music-chart-results,주간 가요 차트 결과,이번주 가요 차트 순위 결과,info,tip,최신 주간 가요 차트 순위를 확인하세요.,slot_2step,2026-06-08T11:59:52.467566+00:00
01-music-show-k-pop-music-show-stage,01-music-show,01,k-pop-music-show-stage,케이팝 음악방송 무대,케이팝 음악방송 무대 영상 보기,info,tip,케이팝 음악방송 무대 영상과 정보를 확인하세요.,slot_2step,2026-06-08T12:03:58.878815+00:00
01-music-show-kpop-music-show-trend-analysis,01-music-show,01,kpop-music-show-trend-analysis,케이팝 음악방송 트렌드 분석,케이팝 음악방송 트렌드 분석,info,tip,케이팝 음악방송의 최신 트렌드를 분석합니다.,slot_2step,2026-06-08T12:03:58.878815+00:00
01-music-show-music-show-broadcasters-info,01-music-show,01,music-show-broadcasters-info,음악방송 방송사 정보,음악방송 방송사 정보 확인,info,tip,음악방송 방송사 정보를 제공합니다.,slot_2step,2026-06-08T12:03:58.878815+00:00
01-music-show-music-show-cast,01-music-show,01,music-show-cast,음악방송 출연진 정보,음악방송 출연진 라인업 확인,info,tip,음악방송 출연진과 게스트 정보를 확인하세요.,slot_2step,2026-06-08T12:03:58.878815+00:00
01-music-show-music-show-live-attendance,01-music-show,01,music-show-live-attendance,음악방송 현장 관람,음악방송 현장 관람하는 법,howto,tip,음악방송 현장 관람 방법과 절차를 알아보세요.,slot_2step,2026-06-08T12:03:58.878815+00:00
01-music-show-music-show-online-viewing,01-music-show,01,music-show-online-viewing,음악방송 온라인 시청,음악방송 온라인 시청 방법,howto,tip,음악방송 온라인 시청 방법과 절차를 알아보세요.,slot_2step,2026-06-08T12:03:58.878815+00:00
01-music-show-music-show-rank-voting,01-music-show,01,music-show-rank-voting,음악방송 순위 투표,음악방송 순위 투표하는 법,howto,tip,음악방송 순위 투표 방법과 절차를 알아보세요.,slot_2step,2026-06-08T12:03:58.878815+00:00
01-music-show-music-show-real-time-rank,01-music-show,01,music-show-real-time-rank,음악방송 실시간 순위,음악방송 실시간 차트 순위 보기,info,tip,음악방송 실시간 순위와 차트를 확인하세요.,slot_2step,2026-06-08T12:03:58.878815+00:00
01-music-show-music-show-schedule,01-music-show,01,music-show-schedule,음악방송 시간표,음악방송 시간표 확인하기,info,tip,음악방송 시간표를 쉽게 확인하는 방법을 알려드립니다.,slot_2step,2026-06-08T12:03:58.878815+00:00
01-music-show-music-show-singer-interview,01-music-show,01,music-show-singer-interview,음악방송 가수 인터뷰,음악방송 출연 가수 인터뷰 보기,info,tip,음악방송 출연 가수 인터뷰와 정보를 확인하세요.,slot_2step,2026-06-08T12:03:58.878815+00:00
01-music-show-music-show-stage-background,01-music-show,01,music-show-stage-background,음악방송 무대 배경,음악방송 무대 배경과 의미,info,tip,음악방송 무대 배경과 의미를 알아보세요.,slot_2step,2026-06-08T12:03:58.878815+00:00
01-music-show-music-show-variety-program,01-music-show,01,music-show-variety-program,음악방송 예능 프로그램,음악방송 예능 프로그램 정보,info,tip,음악방송 예능 프로그램과 정보를 확인하세요.,slot_2step,2026-06-08T12:03:58.878815+00:00
01-music-show-music-show-voting-guide,01-music-show,01,music-show-voting-guide,음악방송 순위 투표하기,음악방송 순위 투표 방법,howto,tip,음악방송 순위 투표에 참여하는 방법을 설명합니다.,slot_2step,2026-06-08T12:03:58.878815+00:00
01-music-show-music-show-voting-method,01-music-show,01,music-show-voting-method,음악방송 투표 방법,음악방송 투표하는 법,howto,tip,음악방송 투표 방법과 절차를 알아보세요.,slot_2step,2026-06-08T12:03:58.878815+00:00
01-music-show-music-show-winners-list,01-music-show,01,music-show-winners-list,음악방송 수상자 목록,음악방송 수상자 정보 확인,info,tip,음악방송 수상자 목록을 제공합니다.,slot_2step,2026-06-08T12:03:58.878815+00:00
01-netflix-drama-netflix-drama-air-date,01-netflix-drama,01,netflix-drama-air-date,넷플릭스 드라마 방영일정,넷플릭스 드라마 방영일 보기,info,tip,넷플릭스 드라마 방영일을 소개합니다.,slot_2step,2026-06-08T12:02:12.293321+00:00
01-netflix-drama-netflix-drama-awards,01-netflix-drama,01,netflix-drama-awards,넷플릭스 드라마 수상작,넷플릭스 드라마 수상작 및 후보 리스트,info,tip,넷플릭스 드라마 수상작과 후보 리스트를 확인하세요.,slot_2step,2026-06-08T12:02:12.293321+00:00
01-netflix-drama-netflix-drama-characters,01-netflix-drama,01,netflix-drama-characters,넷플릭스 드라마 등장인물,넷플릭스 드라마 등장인물 소개,info,tip,넷플릭스 드라마에 등장하는 인물 소개,slot_2step,2026-06-08T12:02:12.293321+00:00
01-netflix-drama-netflix-drama-controversy,01-netflix-drama,01,netflix-drama-controversy,넷플릭스 드라마 논란,넷플릭스 드라마 논란 이슈 모음,info,tip,넷플릭스 드라마와 관련된 논란과 이슈를 확인하세요.,slot_2step,2026-06-08T12:02:12.293321+00:00
01-netflix-drama-netflix-drama-episode,01-netflix-drama,01,netflix-drama-episode,넷플릭스 드라마 에피소드 목록,넷플릭스 드라마 에피소드 보기,info,tip,넷플릭스 드라마 에피소드를 소개합니다.,slot_2step,2026-06-08T12:02:12.293321+00:00
01-netflix-drama-netflix-drama-filming-location,01-netflix-drama,01,netflix-drama-filming-location,넷플릭스 드라마 촬영지,넷플릭스 드라마 촬영지 정보,info,tip,넷플릭스 드라마 촬영지 정보 제공,slot_2step,2026-06-08T12:02:12.293321+00:00
01-netflix-drama-netflix-drama-list,01-netflix-drama,01,netflix-drama-list,넷플릭스 드라마 목록,넷플릭스 드라마 목록 최신 업데이트,info,tip,최신 넷플릭스 드라마 목록을 확인하고 관심 있는 작품을 찾아보세요.,slot_2step,2026-06-08T12:02:12.293321+00:00
01-netflix-drama-netflix-drama-original-work,01-netflix-drama,01,netflix-drama-original-work,넷플릭스 드라마 원작,넷플릭스 드라마 원작 정보,info,tip,넷플릭스 드라마 원작 정보 제공,slot_2step,2026-06-08T12:02:12.293321+00:00
01-netflix-drama-netflix-drama-original-work-2,01-netflix-drama,01,netflix-drama-original-work-2,넷플릭스 드라마 원작 정보,넷플릭스 드라마 원작 보기,info,tip,넷플릭스 드라마 원작을 소개합니다.,slot_2step,2026-06-08T12:02:12.293321+00:00
01-netflix-drama-netflix-drama-recommendation,01-netflix-drama,01,netflix-drama-recommendation,넷플릭스 드라마 추천,넷플릭스 드라마 추천 리스트,info,tip,넷플릭스에서 볼 수 있는 인기 드라마 추천 리스트,slot_2step,2026-06-08T12:02:12.293321+00:00
01-netflix-drama-netflix-drama-season,01-netflix-drama,01,netflix-drama-season,넷플릭스 드라마 시즌 정보,넷플릭스 드라마 시즌 모음,info,tip,넷플릭스 드라마 시즌 정보를 소개합니다.,slot_2step,2026-06-08T12:02:12.293321+00:00
01-netflix-drama-netflix-drama-shooting-location,01-netflix-drama,01,netflix-drama-shooting-location,넷플릭스 드라마 촬영지 정보,넷플릭스 드라마 촬영지 모음,info,tip,넷플릭스 드라마 촬영지를 소개합니다.,slot_2step,2026-06-08T12:02:12.293321+00:00
01-netflix-drama-netflix-drama-summary,01-netflix-drama,01,netflix-drama-summary,넷플릭스 드라마 줄거리,넷플릭스 드라마 줄거리 요약 사이트,info,tip,넷플릭스 드라마 줄거리 요약 정보,slot_2step,2026-06-08T12:02:12.293321+00:00
01-netflix-drama-netflix-drama-viewership,01-netflix-drama,01,netflix-drama-viewership,넷플릭스 드라마 시청률 순위,넷플릭스 드라마 시청률 보기,info,tip,넷플릭스 드라마 시청률을 소개합니다.,slot_2step,2026-06-08T12:02:12.293321+00:00
01-netflix-drama-netflix-original-drama-list,01-netflix-drama,01,netflix-original-drama-list,넷플릭스 오리지널 드라마 목록,넷플릭스 오리지널 드라마 전체 목록,info,tip,넷플릭스에서 제공하는 오리지널 드라마 목록,slot_2step,2026-06-08T12:02:12.293321+00:00
01-ost-drama-background-music,01-ost,01,drama-background-music,드라마 배경음악,드라마 배경음악 리스트,info,tip,드라마 배경음악 정보를 제공합니다.,slot_2step,2026-06-08T12:02:29.722144+00:00
01-ost-drama-background-music-feature,01-ost,01,drama-background-music-feature,드라마 음악 특징,드라마 배경음악 특징과 의미,info,tip,드라마에서 사용되는 배경음악의 특징과 그 의미를 분석합니다.,slot_2step,2026-06-08T12:02:29.722144+00:00
01-ost-drama-insert-song-ranking,01-ost,01,drama-insert-song-ranking,드라마 삽입곡 순위,드라마 인기 삽입곡 순위 Top10,info,tip,드라마에 삽입된 인기 노래 순위와 추천 드라마를 소개합니다.,slot_2step,2026-06-08T12:02:29.722144+00:00
01-ost-drama-music-composer,01-ost,01,drama-music-composer,드라마 음악 작곡가,드라마 음악을 작곡하는 사람들,info,tip,드라마 음악을 작곡하는 작곡가들을 소개합니다.,slot_2step,2026-06-08T12:02:29.722144+00:00
01-ost-drama-music-playlist,01-ost,01,drama-music-playlist,드라마 음악 플레이리스트,드라마 음악 플레이리스트 모음,info,tip,드라마를 시청할 때 듣기 좋은 음악 플레이리스트를 소개합니다.,slot_2step,2026-06-08T12:02:29.722144+00:00
01-ost-drama-music-recommendation,01-ost,01,drama-music-recommendation,드라마 음악 추천,드라마 음악 추천 리스트,info,tip,드라마 음악 추천 정보를 제공합니다.,slot_2step,2026-06-08T12:02:29.722144+00:00
01-ost-drama-ost-download,01-ost,01,drama-ost-download,드라마 ost 다운,드라마 OST 다운로드,info,tip,드라마 OST 다운로드 정보를 제공합니다.,slot_2step,2026-06-08T12:02:29.722144+00:00
01-ost-drama-ost-lyrics,01-ost,01,drama-ost-lyrics,드라마 ost 가사,드라마 OST 가사 모음,info,tip,드라마 OST 가사를 소개합니다.,slot_2step,2026-06-08T12:02:29.722144+00:00
01-ost-drama-ost-music-site,01-ost,01,drama-ost-music-site,드라마 OST 사이트,드라마 OST 음악 사이트 모음,info,tip,드라마 OST를 감상할 수 있는 다양한 음악 사이트를 소개합니다.,slot_2step,2026-06-08T12:02:29.722144+00:00
01-ost-drama-ost-streaming,01-ost,01,drama-ost-streaming,드라마 OST 스트리밍,드라마 OST 스트리밍 사이트,info,tip,드라마 OST를 스트리밍으로 감상할 수 있는 사이트를 소개합니다.,slot_2step,2026-06-08T12:02:29.722144+00:00
01-ost-drama-sang-eob-gosu,01-ost,01,drama-sang-eob-gosu,드라마 삽입곡 가수,드라마 삽입곡 가수 정보,info,tip,드라마 삽입곡 가수를 소개합니다.,slot_2step,2026-06-08T12:02:29.722144+00:00
01-ost-drama-soundtrack,01-ost,01,drama-soundtrack,드라마 사운드트랙,드라마 사운드트랙 음악 모음,info,tip,드라마에 삽입된 감성적인 사운드트랙을 소개합니다.,slot_2step,2026-06-08T12:02:29.722144+00:00
01-ost-favorite-drama-ost,01-ost,01,favorite-drama-ost,최애 드라마 ost,최애 드라마 OST 추천,info,tip,최애 드라마 OST를 소개합니다.,slot_2step,2026-06-08T12:02:29.722144+00:00
01-ost-meaning-of-drama-ost,01-ost,01,meaning-of-drama-ost,드라마 OST 뜻,드라마 OST의 의미와 중요성,info,tip,드라마 OST의 의미와 드라마에서 차지하는 중요성을 설명합니다.,slot_2step,2026-06-08T12:02:29.722144+00:00
01-ost-popular-drama-ost,01-ost,01,popular-drama-ost,인기 드라마 OST,인기 드라마 OST 추천,info,tip,현재 인기 있는 드라마 OST를 추천합니다.,slot_2step,2026-06-08T12:02:29.722144+00:00
01-ott-recommend-content-access-purchase,01-ott-recommend,01,content-access-purchase,콘텐츠 이용권 구매,콘텐츠 이용권 구매 방법 안내,howto,tip,다양한 콘텐츠 이용권을 구매하는 방법을 소개합니다.,slot_2step,2026-06-08T11:59:06.803226+00:00
01-ott-recommend-coupangplay-sports-broadcast,01-ott-recommend,01,coupangplay-sports-broadcast,쿠팡플레이 스포츠 중계,쿠팡플레이 스포츠 경기 중계 정보,info,tip,쿠팡플레이에서 시청할 수 있는 스포츠 경기 중계 정보를 제공합니다.,slot_2step,2026-06-08T11:59:06.803226+00:00
01-ott-recommend-disneyplus-original-content,01-ott-recommend,01,disneyplus-original-content,디즈니 플러스 오리지널,디즈니 플러스 오리지널 콘텐츠 목록,info,tip,디즈니 플러스에서 볼 수 있는 오리지널 콘텐츠 목록을 소개합니다.,slot_2step,2026-06-08T11:59:06.803226+00:00
01-ott-recommend-drama-viewership-ranking,01-ott-recommend,01,drama-viewership-ranking,드라마 시청률 순위,최신 드라마 시청률 순위 확인하기,info,tip,현재 방영 중인 드라마의 시청률 순위를 제공합니다.,slot_2step,2026-06-08T11:59:06.803226+00:00
01-ott-recommend-free-ott-service-list,01-ott-recommend,01,free-ott-service-list,무료 OTT 서비스,무료로 볼 수 있는 OTT 서비스 목록,info,tip,무료로 이용할 수 있는 OTT 서비스 목록을 소개합니다.,slot_2step,2026-06-08T11:59:06.803226+00:00
01-ott-recommend-netflix-drama-recommendation,01-ott-recommend,01,netflix-drama-recommendation,넷플릭스 드라마 추천,넷플릭스 신작 드라마 추천 리스트,info,tip,넷플릭스에서 볼 수 있는 최신 드라마 추천 정보를 제공합니다.,slot_2step,2026-06-08T11:59:06.803226+00:00
01-ott-recommend-netflix-movie-recommendation-algorithm,01-ott-recommend,01,netflix-movie-recommendation-algorithm,넷플릭스 영화 추천 알고리즘,넷플릭스 영화 추천 알고리즘 분석,info,tip,넷플릭스에서 제공하는 영화 추천 알고리즘을 분석합니다.,slot_2step,2026-06-08T11:59:06.803226+00:00
01-ott-recommend-netflix-plan-comparison,01-ott-recommend,01,netflix-plan-comparison,넷플릭스 요금제 비교,넷플릭스 요금제 비교 및 선택 가이드,compare,tip,넷플릭스 요금제를 비교하고 선택하는 가이드를 제공합니다.,slot_2step,2026-06-08T11:59:06.803226+00:00
01-ott-recommend-ott-service-error-solution,01-ott-recommend,01,ott-service-error-solution,OTT 서비스 오류 해결 방법,OTT 서비스 오류 해결 방법 총정리,info,tip,OTT 서비스 이용 중 발생하는 오류 해결 방법을 제공합니다.,slot_2step,2026-06-08T11:59:06.803226+00:00
01-ott-recommend-ott-service-recommendation,01-ott-recommend,01,ott-service-recommendation,OTT 서비스 추천,나에게 맞는 OTT 서비스 추천 사이트,info,tip,다양한 OTT 서비스 중에서 나에게 맞는 서비스를 추천합니다.,slot_2step,2026-06-08T11:59:06.803226+00:00
01-ott-recommend-tv-program-ott-service-guide,01-ott-recommend,01,tv-program-ott-service-guide,TV 프로그램 OTT 서비스 이용 방법,TV 프로그램 OTT 서비스 이용 가이드,howto,tip,TV 프로그램을 OTT 서비스로 시청하는 방법을 안내합니다.,slot_2step,2026-06-08T11:59:06.803226+00:00
01-ott-recommend-tv-program-ott-viewing,01-ott-recommend,01,tv-program-ott-viewing,TV 프로그램 OTT 시청,TV 프로그램 OTT 서비스 이용 가이드,howto,tip,TV 프로그램을 OTT 서비스로 시청하는 방법을 안내합니다.,slot_2step,2026-06-08T11:59:06.803226+00:00
01-ott-recommend-tving-entertainment-ranking,01-ott-recommend,01,tving-entertainment-ranking,티빙 예능 순위,티빙 예능 프로그램 순위 및 리뷰,info,tip,티빙에서 인기 있는 예능 프로그램 순위를 소개합니다.,slot_2step,2026-06-08T11:59:06.803226+00:00
01-ott-recommend-variety-show-replay,01-ott-recommend,01,variety-show-replay,예능 프로그램 다시보기,예능 프로그램 다시보기 사이트 모음,info,tip,인기 예능 프로그램의 다시보기 정보를 제공합니다.,slot_2step,2026-06-08T11:59:06.803226+00:00
01-ott-recommend-wavve-movie-review,01-ott-recommend,01,wavve-movie-review,웨이브 영화 리뷰,웨이브 영화 리뷰 및 평가 사이트,review,tip,웨이브에서 볼 수 있는 영화 리뷰와 평가 정보를 제공합니다.,slot_2step,2026-06-08T11:59:06.803226+00:00
01-reality-show-entertainment-cast-update,01-reality-show,01,entertainment-cast-update,예능 출연진 근황,예능 출연진 최신 근황 모음,info,tip,최근 예능 프로그램 출연진들의 최신 근황 정보를 제공합니다.,slot_2step,2026-06-08T12:02:49.654278+00:00
01-reality-show-reality-tv-show-application,01-reality-show,01,reality-tv-show-application,리얼리티 프로그램 신청 방법,리얼리티 프로그램 참여 신청 방법,howto,tip,리얼리티 프로그램에 참여하는 방법을 알아보세요.,slot_2step,2026-06-08T12:02:49.654278+00:00
01-reality-show-reality-tv-show-awards,01-reality-show,01,reality-tv-show-awards,리얼리티 예능 수상 내역,리얼리티 예능 수상 내역 모음,info,tip,다양한 리얼리티 예능 프로그램의 수상 내역을 소개합니다.,slot_2step,2026-06-08T12:02:49.654278+00:00
01-reality-show-reality-tv-show-background-music,01-reality-show,01,reality-tv-show-background-music,리얼리티 예능 배경음악,리얼리티 예능 배경음악 모음,info,tip,리얼리티 예능 프로그램에 사용된 배경음악을 소개합니다.,slot_2step,2026-06-08T12:02:49.654278+00:00
01-reality-show-reality-tv-show-cast-salary,01-reality-show,01,reality-tv-show-cast-salary,리얼리티 예능 출연료 얼마,리얼리티 예능 출연료 얼마인가요,info,tip,리얼리티 예능 프로그램 출연료를 확인하세요.,slot_2step,2026-06-08T12:02:49.654278+00:00
01-reality-show-reality-tv-show-controversy,01-reality-show,01,reality-tv-show-controversy,리얼리티 예능 논란 사례,리얼리티 예능 논란 사례 모음,info,tip,리얼리티 예능 프로그램 논란 사례를 확인하세요.,slot_2step,2026-06-08T12:02:49.654278+00:00
01-reality-show-reality-tv-show-filming-locations,01-reality-show,01,reality-tv-show-filming-locations,리얼리티 예능 촬영지 정보,리얼리티 예능 촬영지 정보 모음,info,tip,리얼리티 예능 프로그램 촬영지를 확인하세요.,slot_2step,2026-06-08T12:02:49.654278+00:00
01-reality-show-reality-tv-show-interview,01-reality-show,01,reality-tv-show-interview,리얼리티 예능 제작진 인터뷰,리얼리티 예능 제작진 인터뷰 모음,info,tip,리얼리티 예능 프로그램 제작진의 인터뷰를 소개합니다.,slot_2step,2026-06-08T12:02:49.654278+00:00
01-reality-show-reality-tv-show-ranking,01-reality-show,01,reality-tv-show-ranking,리얼리티 예능 프로그램 순위,리얼리티 예능 프로그램 순위 Top 10,info,tip,현재 인기 있는 리얼리티 예능 프로그램 순위를 확인하세요.,slot_2step,2026-06-08T12:02:49.654278+00:00
01-reality-show-tv-show-episode-highlight,01-reality-show,01,tv-show-episode-highlight,예능 에피소드 하이라이트 보기,예능 에피소드 하이라이트 모음,info,tip,예능 프로그램 에피소드의 하이라이트를 제공합니다.,slot_2step,2026-06-08T12:02:49.654278+00:00
01-reality-show-tv-show-schedule,01-reality-show,01,tv-show-schedule,예능 프로그램 방영일정,예능 프로그램 방영일정 확인,info,tip,예능 프로그램의 최신 방영일정을 제공합니다.,slot_2step,2026-06-08T12:02:49.654278+00:00
01-reality-show-types-of-reality-tv-shows,01-reality-show,01,types-of-reality-tv-shows,리얼리티 프로그램 종류,리얼리티 프로그램 종류 모음,info,tip,다양한 리얼리티 프로그램의 종류를 소개합니다.,slot_2step,2026-06-08T12:02:49.654278+00:00
01-reality-show-variety-show-cast-relationship,01-reality-show,01,variety-show-cast-relationship,예능 출연진 실제 관계,예능 출연진 실제 관계 공개,info,tip,예능 출연진들의 실제 관계를 알아보세요.,slot_2step,2026-06-08T12:02:49.654278+00:00
01-reality-show-variety-show-episode-review,01-reality-show,01,variety-show-episode-review,예능 에피소드 리뷰 보기,예능 에피소드 리뷰 모음집,review,tip,예능 에피소드 리뷰를 읽어보세요.,slot_2step,2026-06-08T12:02:49.654278+00:00
01-reality-show-variety-show-ratings-comparison,01-reality-show,01,variety-show-ratings-comparison,예능 프로그램 시청률 비교,예능 프로그램 시청률 비교 분석,info,tip,예능 프로그램 시청률을 비교 분석합니다.,slot_2step,2026-06-08T12:02:49.654278+00:00
01-variety-highlight-top-10-variety-show-moments,01-variety-highlight,01,top-10-variety-show-moments,예능 명장면 순위,예능 명장면 순위 Top 10,info,tip,예능 프로그램의 화제 된 명장면 순위를 소개합니다.,slot_2step,2026-06-08T12:04:15.510570+00:00
01-variety-highlight-variety-show-airtime,01-variety-highlight,01,variety-show-airtime,예능 방송시간,예능 프로그램 방영 시간표,info,tip,예능 프로그램 방영 시간을 안내합니다.,slot_2step,2026-06-08T12:04:15.510570+00:00
01-variety-highlight-variety-show-awards,01-variety-highlight,01,variety-show-awards,예능 수상작,예능 프로그램 수상작 모음,info,tip,예능 프로그램 수상작을 소개합니다.,slot_2step,2026-06-08T12:04:15.510570+00:00
01-variety-highlight-variety-show-behind-story,01-variety-highlight,01,variety-show-behind-story,예능 뒷이야기,예능 뒷이야기 몰아보기,info,tip,예능 프로그램의 재미있는 뒷이야기를 소개합니다.,slot_2step,2026-06-08T12:04:15.510570+00:00
01-variety-highlight-variety-show-cancelled,01-variety-highlight,01,variety-show-cancelled,예능 결방 정보,예능 프로그램 결방 안내,info,tip,예능 프로그램 결방 정보를 제공합니다.,slot_2step,2026-06-08T12:04:15.510570+00:00
01-variety-highlight-variety-show-cast-chemistry,01-variety-highlight,01,variety-show-cast-chemistry,예능 출연진 케미,예능 출연진 케미 베스트,info,tip,예능 프로그램 출연진들의 케미를 소개합니다.,slot_2step,2026-06-08T12:04:15.510570+00:00
01-variety-highlight-variety-show-controversy,01-variety-highlight,01,variety-show-controversy,예능 출연자 논란,예능 출연자 논란 정리,info,tip,예능 프로그램 출연자 논란을 정리했습니다.,slot_2step,2026-06-08T12:04:15.510570+00:00
01-variety-highlight-variety-show-extended-version,01-variety-highlight,01,variety-show-extended-version,예능 프로그램 확장판 정보,예능 프로그램 확장판 정보 총정리,info,tip,예능 프로그램 확장판에 대한 모든 정보를 제공합니다.,slot_2step,2026-06-08T12:04:15.510570+00:00
01-variety-highlight-variety-show-famous-scene-parody,01-variety-highlight,01,variety-show-famous-scene-parody,예능 명장면 패러디 모음,예능 명장면 패러디 모음 베스트,info,tip,예능 명장면 패러디 모음을 소개합니다.,slot_2step,2026-06-08T12:04:15.510570+00:00
01-variety-highlight-variety-show-filming-locations,01-variety-highlight,01,variety-show-filming-locations,예능 촬영지 관광,예능 촬영지 관광 코스,info,tip,예능 프로그램 촬영지를 활용한 관광 코스를 소개합니다.,slot_2step,2026-06-08T12:04:15.510570+00:00
01-variety-highlight-variety-show-moments-collection,01-variety-highlight,01,variety-show-moments-collection,예능 명장면 모음,예능 명장면 모음 사이트,info,tip,예능 프로그램의 명장면을 모아서 소개합니다.,slot_2step,2026-06-08T12:04:15.510570+00:00
01-variety-highlight-variety-show-ratings-analysis,01-variety-highlight,01,variety-show-ratings-analysis,예능 시청률 분석,예능 시청률 분석 방법,info,tip,예능 프로그램 시청률 분석 방법을 소개합니다.,slot_2step,2026-06-08T12:04:15.510570+00:00
01-variety-highlight-variety-show-replay,01-variety-highlight,01,variety-show-replay,예능 다시보기,예능 프로그램 다시보기 모음,info,tip,예능 프로그램 다시보기를 제공합니다.,slot_2step,2026-06-08T12:04:15.510570+00:00
01-variety-highlight-variety-show-reviews,01-variety-highlight,01,variety-show-reviews,예능 프로그램 리뷰,예능 프로그램 리뷰 사이트,review,tip,예능 프로그램에 대한 리뷰를 소개합니다.,slot_2step,2026-06-08T12:04:15.510570+00:00
01-variety-highlight-watch-variety-shows-online,01-variety-highlight,01,watch-variety-shows-online,예능 프로그램 몰아보기,예능 프로그램 몰아보기 사이트 모음,info,tip,예능 프로그램을 한 곳에서 몰아볼 수 있는 사이트를 소개합니다.,slot_2step,2026-06-08T12:04:15.510570+00:00
01-webtoon-recommend-adult-webtoon,01-webtoon-recommend,01,adult-webtoon,성인 웹툰,성인 웹툰 추천 사이트 및 인기 작품,info,tip,성인 웹툰 추천 정보를 제공합니다.,slot_2step,2026-06-08T11:59:20.984814+00:00
01-webtoon-recommend-free-webtoon-list,01-webtoon-recommend,01,free-webtoon-list,웹툰 무료 보기,웹툰 무료 보기 - 무료 웹툰 리스트,howto,tip,무료 웹툰을 시청할 수 있는 방법을 알려드립니다.,slot_2step,2026-06-08T11:59:20.984814+00:00
01-webtoon-recommend-how-to-read-webtoon,01-webtoon-recommend,01,how-to-read-webtoon,웹툰 보는 법,웹툰 보는 법 - 웹툰 시청 가이드,howto,tip,웹툰 보는 법을 알아보세요.,slot_2step,2026-06-08T11:59:20.984814+00:00
01-webtoon-recommend-romance-webtoon-list,01-webtoon-recommend,01,romance-webtoon-list,로맨스 웹툰,로맨스 웹툰 추천 - 로맨스 웹툰 리스트,info,tip,로맨스 웹툰을 찾고 계신가요? 최고의 로맨스 웹툰을 소개해드립니다.,slot_2step,2026-06-08T11:59:20.984814+00:00
01-webtoon-recommend-romance-webtoon-recommendation,01-webtoon-recommend,01,romance-webtoon-recommendation,연애 웹툰,연애 웹툰 추천 - 로맨스 웹툰 리스트,info,tip,연애 웹툰을 찾고 계신가요? 최고의 로맨스 웹툰을 소개해드립니다.,slot_2step,2026-06-08T11:59:20.984814+00:00
01-webtoon-recommend-webtoon-artist-income,01-webtoon-recommend,01,webtoon-artist-income,웹툰 작가 수입,웹툰 작가 수입 - 웹툰 작가의 수익,info,tip,웹툰 작가의 수입에 대해 알아보세요.,slot_2step,2026-06-08T11:59:20.984814+00:00
01-webtoon-recommend-webtoon-beginner-guide,01-webtoon-recommend,01,webtoon-beginner-guide,웹툰 초보자 가이드,웹툰 초보자 가이드 - 웹툰 시청 가이드,howto,tip,웹툰 초보자를 위한 가이드를 제공합니다.,slot_2step,2026-06-08T11:59:20.984814+00:00
01-webtoon-recommend-webtoon-community,01-webtoon-recommend,01,webtoon-community,웹툰 커뮤니티,웹툰 팬들을 위한 커뮤니티 사이트 모음,info,tip,웹툰 팬들을 위한 커뮤니티 사이트 정보를 공유합니다.,slot_2step,2026-06-08T11:59:20.984814+00:00
01-webtoon-recommend-webtoon-event,01-webtoon-recommend,01,webtoon-event,웹툰 이벤트,웹툰 이벤트 정보 및 참여 방법,info,tip,웹툰 이벤트 정보를 제공합니다.,slot_2step,2026-06-08T11:59:20.984814+00:00
01-webtoon-recommend-webtoon-for-elementary-school-students,01-webtoon-recommend,01,webtoon-for-elementary-school-students,초등학생 웹툰,초등학생을 위한 웹툰 추천 - 어린이 웹툰,info,tip,초등학생을 위한 재미있는 웹툰을 추천해드립니다.,slot_2step,2026-06-08T11:59:20.984814+00:00
01-webtoon-recommend-webtoon-payment,01-webtoon-recommend,01,webtoon-payment,웹툰 결제수단,웹툰 결제 방법 및 추천 결제 수단,howto,tip,웹툰 결제 방법을 안내합니다.,slot_2step,2026-06-08T11:59:20.984814+00:00
01-webtoon-recommend-webtoon-payment-method,01-webtoon-recommend,01,webtoon-payment-method,웹툰 결제 방법,웹툰 결제 방법 - 웹툰 결제 가이드,howto,tip,웹툰 결제 방법을 알아보세요.,slot_2step,2026-06-08T11:59:20.984814+00:00
01-webtoon-recommend-webtoon-platform-ranking,01-webtoon-recommend,01,webtoon-platform-ranking,웹툰 플랫폼 순위,웹툰 플랫폼 순위 - 인기 웹툰 플랫폼,info,tip,웹툰 플랫폼 순위를 확인하고 최고의 플랫폼을 선택하세요.,slot_2step,2026-06-08T11:59:20.984814+00:00
01-webtoon-recommend-webtoon-recommendation-by-genre,01-webtoon-recommend,01,webtoon-recommendation-by-genre,장르별 웹툰 추천,웹툰 추천 - 장르별 인기 웹툰 리스트,info,tip,다양한 장르의 웹툰을 추천해드립니다.,slot_2step,2026-06-08T11:59:20.984814+00:00
01-webtoon-recommend-webtoon-review-site,01-webtoon-recommend,01,webtoon-review-site,웹툰 리뷰 사이트,웹툰 리뷰 사이트 - 웹툰 리뷰 커뮤니티,info,review,웹툰 리뷰를 확인하고 다른 사용자와 의견을 공유하세요.,slot_2step,2026-06-08T11:59:20.984814+00:00
02-budget-friendly-phone-aldeulpon-call-quality-test,02-budget-friendly-phone,02,aldeulpon-call-quality-test,알뜰폰 통화 품질 테스트,알뜰폰 통화 품질 테스트 결과,review,tip,알뜰폰 통화 품질 테스트 결과 정보,slot_2step,2026-06-08T12:09:10.286006+00:00
02-budget-friendly-phone-aldeulpon-data-additional-apply,02-budget-friendly-phone,02,aldeulpon-data-additional-apply,알뜰폰 데이터 추가 신청,알뜰폰 데이터 추가 신청 방법,info,tip,알뜰폰 데이터 추가 신청 정보,slot_2step,2026-06-08T12:09:10.286006+00:00
02-budget-friendly-phone-aldeulpon-data-unlimited,02-budget-friendly-phone,02,aldeulpon-data-unlimited,알뜰폰 데이터 무제한,알뜰폰 데이터 무제한 요금제,info,tip,데이터 무제한 알뜰폰 요금제 정보,slot_2step,2026-06-08T12:09:10.286006+00:00
02-budget-friendly-phone-aldeulpon-esim-for-travel,02-budget-friendly-phone,02,aldeulpon-esim-for-travel,여행용 eSIM 알뜰폰,여행용 eSIM 알뜰폰 추천,info,tip,여행용 eSIM 알뜰폰 정보,slot_2step,2026-06-08T12:09:10.286006+00:00
02-budget-friendly-phone-aldeulpon-for-camping,02-budget-friendly-phone,02,aldeulpon-for-camping,캠핑용 알뜰폰 추천,캠핑용 알뜰폰 추천 요금제,info,tip,캠핑용으로 적합한 알뜰폰 추천,slot_2step,2026-06-08T12:09:10.286006+00:00
02-budget-friendly-phone-aldeulpon-for-family,02-budget-friendly-phone,02,aldeulpon-for-family,가족과 함께 쓸 알뜰폰,가족과 함께 쓰는 알뜰폰 추천,info,tip,가족과 함께 쓸 수 있는 알뜰폰 정보,slot_2step,2026-06-08T12:09:10.286006+00:00
02-budget-friendly-phone-aldeulpon-for-senior,02-budget-friendly-phone,02,aldeulpon-for-senior,노인용 쉬운 알뜰폰,노인용 알뜰폰 사용 방법,info,tip,노인들이 사용하기 쉬운 알뜰폰 정보,slot_2step,2026-06-08T12:09:10.286006+00:00
02-budget-friendly-phone-aldeulpon-joinhowto,02-budget-friendly-phone,02,aldeulpon-joinhowto,알뜰폰 가입 방법 안내,알뜰폰 가입 방법 및 절차,howto,tip,알뜰폰 가입 방법 안내 정보,slot_2step,2026-06-08T12:09:10.286006+00:00
02-budget-friendly-phone-aldeulpon-usim-insertion-method,02-budget-friendly-phone,02,aldeulpon-usim-insertion-method,알뜰폰 유심칫 삽입 방법,알뜰폰 유심칫 삽입 방법 안내,howto,tip,알뜰폰 유심칫 삽입 방법 정보,slot_2step,2026-06-08T12:09:10.286006+00:00
02-budget-friendly-phone-aldeulpon-vs-regular-phone,02-budget-friendly-phone,02,aldeulpon-vs-regular-phone,알뜰폰과 일반폰 차이점,알뜰폰과 일반폰 차이점 비교,compare,tip,알뜰폰과 일반폰 차이점 정보,slot_2step,2026-06-08T12:09:10.286006+00:00
02-budget-friendly-phone-aldeulpon-yongje-compare,02-budget-friendly-phone,02,aldeulpon-yongje-compare,알뜰폰 요금제 비교,알뜰폰 요금제 비교 사이트,compare,tip,다양한 알뜰폰 요금제 비교 정보,slot_2step,2026-06-08T12:09:10.286006+00:00
02-budget-friendly-phone-kid-friendly-mvno-apps,02-budget-friendly-phone,02,kid-friendly-mvno-apps,아이폰 알뜰폰 앱 추천,아이와 함께 쓸 수 있는 알뜰폰 앱 추천,info,tip,아이와 함께 사용할 수 있는 안전한 알뜰폰 앱을 소개합니다.,slot_2step,2026-06-08T12:09:10.286006+00:00
02-budget-friendly-phone-mvno-contract-discount,02-budget-friendly-phone,02,mvno-contract-discount,알뜰폰 약정 할인 조건,알뜰폰 선택 약정 할인 안내,info,tip,알뜰폰 선택 약정 할인 조건과 방법을 상세히 설명합니다.,slot_2step,2026-06-08T12:09:10.286006+00:00
02-budget-friendly-phone-mvno-customer-service-contacts,02-budget-friendly-phone,02,mvno-customer-service-contacts,알뜰폰 고객센터 전화번호,알뜰폰 고객센터 연락처 모음,info,tip,알뜰폰 고객센터 연락처를 한눈에 확인하세요.,slot_2step,2026-06-08T12:09:10.286006+00:00
02-budget-friendly-phone-mvno-internet-speed-test,02-budget-friendly-phone,02,mvno-internet-speed-test,알뜰폰 인터넷 속도 측정,알뜰폰 속도 측정 방법과 사이트 추천,info,tip,알뜰폰 인터넷 속도를 정확하게 측정하는 방법과 유용한 사이트를 알려드립니다.,slot_2step,2026-06-08T12:09:10.286006+00:00
02-communication-cost-saving-carrier-customer-service,02-communication-cost-saving,02,carrier-customer-service,통신사 고객센터 전화번호,통신사 고객센터 연락처 모음,info,tip,주요 통신사 고객센터 연락처를 한눈에 확인하세요.,slot_2step,2026-06-08T12:09:24.228441+00:00
02-communication-cost-saving-cheap-internet-plans,02-communication-cost-saving,02,cheap-internet-plans,저렴한 인터넷 요금제 찾기,저렴한 인터넷 요금제 선택 가이드,info,tip,가성비 높은 저렴한 인터넷 요금제를 소개합니다.,slot_2step,2026-06-08T12:09:24.228441+00:00
02-communication-cost-saving-communication-cost-saving,02-communication-cost-saving,02,communication-cost-saving,통신비 절약 방법,통신비 절약하는 방법,howto,tip,통신비 절약을 위한 실질적인 팁,slot_2step,2026-06-08T12:09:24.228441+00:00
02-communication-cost-saving-credit-card-combined-plans,02-communication-cost-saving,02,credit-card-combined-plans,카드 결합 할인 요금제 비교,카드 결합 할인 요금제 혜택 비교,info,tip,카드 결합 할인 요금제의 다양한 혜택을 비교 분석합니다.,slot_2step,2026-06-08T12:09:24.228441+00:00
02-communication-cost-saving-family-combined-discount,02-communication-cost-saving,02,family-combined-discount,가족 결합 할인,가족 결합 할인 정보,info,tip,가족 결합 할인에 대한 모든 것,slot_2step,2026-06-08T12:09:24.228441+00:00
02-communication-cost-saving-internet-phone-combined-plan,02-communication-cost-saving,02,internet-phone-combined-plan,인터넷 전화 결합 요금제,인터넷 전화 결합 요금제 정보,info,tip,인터넷 전화 결합 요금제 안내,slot_2step,2026-06-08T12:09:24.228441+00:00
02-communication-cost-saving-low-cost-phone-plan-recommendation,02-communication-cost-saving,02,low-cost-phone-plan-recommendation,알뜰폰 요금제 추천,알뜰폰 요금제 추천 사이트,info,tip,합리적인 알뜰폰 요금제 추천,slot_2step,2026-06-08T12:09:24.228441+00:00
02-communication-cost-saving-mobile-data-saving,02-communication-cost-saving,02,mobile-data-saving,휴대전화 데이터 절약,휴대전화 데이터 절약 팁,howto,tip,휴대전화 데이터 사용량 줄이기,slot_2step,2026-06-08T12:09:24.228441+00:00
02-communication-cost-saving-mobile-phone-insurance-guide,02-communication-cost-saving,02,mobile-phone-insurance-guide,휴대전화 보험 가입 가이드,휴대전화 보험 가입 전 필수 체크,info,tip,휴대전화 보험 가입 시 고려해야 할 사항들을 안내합니다.,slot_2step,2026-06-08T12:09:24.228441+00:00
02-communication-cost-saving-mobile-plan-comparison,02-communication-cost-saving,02,mobile-plan-comparison,휴대전화 요금제 비교,휴대전화 요금제 비교 사이트,info,tip,다양한 휴대전화 요금제 비교 정보,slot_2step,2026-06-08T12:09:24.228441+00:00
02-communication-cost-saving-overseas-communication-cost-saving,02-communication-cost-saving,02,overseas-communication-cost-saving,해외여행 통신비 절약,해외여행 통신비 절약 방법,howto,tip,해외여행 시 통신비 절약 팁,slot_2step,2026-06-08T12:09:24.228441+00:00
02-communication-cost-saving-reduce-communication-cost,02-communication-cost-saving,02,reduce-communication-cost,통신비 줄이는 법,통신비를 줄이는 방법,info,tip,통신비 절감을 위한 조언,slot_2step,2026-06-08T12:09:24.228441+00:00
02-communication-cost-saving-senior-mobile-plan,02-communication-cost-saving,02,senior-mobile-plan,노인용 휴대폰 요금제,노인용 휴대폰 요금제 추천,info,tip,노인들을 위한 휴대폰 요금제,slot_2step,2026-06-08T12:09:24.228441+00:00
02-communication-cost-saving-unlimited-data-plans,02-communication-cost-saving,02,unlimited-data-plans,데이터 무제한 요금제 추천,데이터 무제한 요금제 선택 가이드,info,tip,나에게 맞는 데이터 무제한 요금제를 추천해 드립니다.,slot_2step,2026-06-08T12:09:24.228441+00:00
02-communication-cost-saving-unpaid-communication-fees,02-communication-cost-saving,02,unpaid-communication-fees,통신비 미납 대처 방법,통신비 미납 시 대처법,info,tip,통신비 미납 시 취할 수 있는 대처 방안을 제시합니다.,slot_2step,2026-06-08T12:09:24.228441+00:00
02-consumption-habits-baby-equipment-rental-cost,02-consumption-habits,02,baby-equipment-rental-cost,아기 용품 렌탈,아기 용품 렌탈 비용 비교,compare,tip,아기 용품 렌탈 비용 비교 정보,slot_2step,2026-06-08T12:11:00.399064+00:00
02-consumption-habits-bank-interest-rate-comparison,02-consumption-habits,02,bank-interest-rate-comparison,은행 금리 비교,은행별 금리 비교 분석으로 최고의 혜택 찾기,info,tip,은행별 금리를 비교 분석해 보세요.,slot_2step,2026-06-08T12:11:26.397866+00:00
02-consumption-habits-camping-electricity-cost,02-consumption-habits,02,camping-electricity-cost,캠핑장 전기사용료,캠핑장 전기사용료 절약 방법,info,tip,캠핑장 전기사용료를 절약하는 방법,slot_2step,2026-06-08T12:11:00.399064+00:00
02-consumption-habits-car-insurance-cost-saving,02-consumption-habits,02,car-insurance-cost-saving,자동차 보험료 절약,자동차 보험료 절약하는 방법,info,tip,자동차 보험료를 절약할 수 있는 다양한 방법을 소개합니다.,slot_2step,2026-06-08T12:11:00.399064+00:00
02-consumption-habits-carry-on-baggage-regulations,02-consumption-habits,02,carry-on-baggage-regulations,기내 수화물,기내 수화물 규정 안내,info,tip,기내 수화물 규정에 대한 정보,slot_2step,2026-06-08T12:11:00.399064+00:00
02-consumption-habits-childbirth-subsidy-application,02-consumption-habits,02,childbirth-subsidy-application,임신 출산 지원금,임신 출산 지원금 신청 방법,howto,tip,임신 출산 지원금 신청 방법 안내,slot_2step,2026-06-08T12:11:00.399064+00:00
02-consumption-habits-choosing-financial-products,02-consumption-habits,02,choosing-financial-products,금융 상품 선택법,올바른 금융 상품 선택을 위한 가이드,info,tip,올바른 금융 상품을 선택할 수 있는 가이드를 제공합니다.,slot_2step,2026-06-08T12:11:26.397866+00:00
02-consumption-habits-consumer-protection-tips,02-consumption-habits,02,consumer-protection-tips,소비자 피해 예방법,소비자 피해 예방을 위한 똑똑한 소비 습관,info,tip,소비자 피해를 예방할 수 있는 똑똑한 소비 습관을 소개합니다.,slot_2step,2026-06-08T12:11:26.397866+00:00
02-consumption-habits-consumption-habit-diagnosis-test,02-consumption-habits,02,consumption-habit-diagnosis-test,소비 습관 진단,소비 습관 진단 테스트로 알아보는 나의 경제 습관,info,tip,소비 습관 진단 테스트를 통해 나의 경제 습관을 점검해 보세요.,slot_2step,2026-06-08T12:11:26.397866+00:00
02-consumption-habits-correct-consumption-culture,02-consumption-habits,02,correct-consumption-culture,올바른 소비 문화,올바른 소비 문화와 건전한 소비 습관,info,tip,올바른 소비 문화에 대해 알아보세요.,slot_2step,2026-06-08T12:11:26.397866+00:00
02-consumption-habits-credit-card-tips,02-consumption-habits,02,credit-card-tips,신용카드 사용 팁,신용카드 사용을 위한 똑똑한 팁,info,tip,신용카드를 사용할 때 알아두면 좋은 팁을 소개합니다.,slot_2step,2026-06-08T12:11:26.397866+00:00
02-consumption-habits-effective-budget-planning,02-consumption-habits,02,effective-budget-planning,예산 계획 세우기,효과적인 예산 계획 세우기 위한 5가지 팁,howto,tip,효과적인 예산 계획을 세우기 위한 방법을 알려드립니다.,slot_2step,2026-06-08T12:11:26.397866+00:00
02-consumption-habits-elderly-disease-insurance,02-consumption-habits,02,elderly-disease-insurance,노인성질환 보험,노인성질환 보험 가입 팁,info,tip,노인성질환 보험 가입에 필요한 정보와 팁,slot_2step,2026-06-08T12:11:00.399064+00:00
02-consumption-habits-essential-knowledge-for-financial-planning,02-consumption-habits,02,essential-knowledge-for-financial-planning,재테크 지식,초보자를 위한 재테크 필수 지식 총정리,info,tip,재테크를 위한 필수 지식을 알아보세요.,slot_2step,2026-06-08T12:11:26.397866+00:00
02-consumption-habits-homeshooping-refund-policy,02-consumption-habits,02,homeshooping-refund-policy,홈쇼핑 환불 규정,홈쇼핑 환불 규정 쉽게 이해하기,info,tip,홈쇼핑 환불 규정을 쉽게 이해하고 환불 받는 방법을 알려드립니다.,slot_2step,2026-06-08T12:11:00.399064+00:00
02-consumption-habits-importance-of-monthly-salary-management,02-consumption-habits,02,importance-of-monthly-salary-management,월급 관리 중요성,월급 관리의 중요성과 효과적인 방법,info,tip,월급 관리의 중요성을 알아보세요.,slot_2step,2026-06-08T12:11:26.397866+00:00
02-consumption-habits-investment-failure-case-study,02-consumption-habits,02,investment-failure-case-study,투자 실패 사례 분석,투자 실패 사례로 배우는 교훈,info,tip,실패 투자의 원인과 교훈을 분석하여 미래 투자에 적용하는 방법,slot_2step,2026-06-08T12:11:26.397866+00:00
02-consumption-habits-managing-irregular-expenses,02-consumption-habits,02,managing-irregular-expenses,비정기 지출 관리,비정기 지출을 관리하는 방법,howto,tip,비정기 지출을 효과적으로 관리하는 방법을 알려드립니다.,slot_2step,2026-06-08T12:11:26.397866+00:00
02-consumption-habits-medication-duplicate-purchase,02-consumption-habits,02,medication-duplicate-purchase,의약품 중복 구매,의약품 중복 구매 방지법,info,tip,의약품 중복 구매를 방지하는 방법,slot_2step,2026-06-08T12:11:00.399064+00:00
02-consumption-habits-newlywed-budget-management,02-consumption-habits,02,newlywed-budget-management,신혼부부 예산,신혼부부 예산 관리 방법,info,tip,신혼부부 예산 관리에 필요한 팁,slot_2step,2026-06-08T12:11:00.399064+00:00
02-consumption-habits-online-shopping-fraud,02-consumption-habits,02,online-shopping-fraud,온라인 쇼핑 사기,온라인 쇼핑 사기 피해 예방법,info,tip,온라인 쇼핑 사기 피해를 예방하는 방법,slot_2step,2026-06-08T12:11:00.399064+00:00
02-consumption-habits-overcoming-shopping-addiction,02-consumption-habits,02,overcoming-shopping-addiction,쇼핑 중독 극복,쇼핑 중독을 극복하기 위한 전략,info,tip,쇼핑 중독을 극복할 수 있는 전략을 제공합니다.,slot_2step,2026-06-08T12:11:26.397866+00:00
02-consumption-habits-real-estate-investing-for-beginners,02-consumption-habits,02,real-estate-investing-for-beginners,부동산 투자 beginner,부동산 투자 초보자를 위한 가이드,info,tip,부동산 투자 초보자를 위한 가이드를 제공합니다.,slot_2step,2026-06-08T12:11:26.397866+00:00
02-consumption-habits-smartphone-tariff-comparison,02-consumption-habits,02,smartphone-tariff-comparison,스마트폰 요금제,스마트폰 요금제 비교 분석,compare,tip,스마트폰 요금제 비교 정보,slot_2step,2026-06-08T12:11:00.399064+00:00
02-consumption-habits-support-policy-for-young-children-education,02-consumption-habits,02,support-policy-for-young-children-education,유아 교육비 지원 정책,유아 교육비 지원 정책 종류,info,tip,유아 교육비 지원을 위한 다양한 정책과 혜택을 소개합니다.,slot_2step,2026-06-08T12:11:00.399064+00:00
02-consumption-habits-travel-expense-saving-tips,02-consumption-habits,02,travel-expense-saving-tips,여행 경비 절약,여행 경비 절약법 10가지 총정리,info,tip,여행 경비를 절약하는 방법을 알아보세요.,slot_2step,2026-06-08T12:11:26.397866+00:00
02-consumption-habits-travel-insurance-application,02-consumption-habits,02,travel-insurance-application,여행자 보험,여행자 보험 가입 방법,howto,tip,여행자 보험 가입 방법 안내,slot_2step,2026-06-08T12:11:00.399064+00:00
02-consumption-habits-used-car-buying-tips,02-consumption-habits,02,used-car-buying-tips,중고차 구매 주의사항,중고차 구매시 주의할 점,info,tip,중고차를 구매할 때 주의해야 할 사항을 알려드립니다.,slot_2step,2026-06-08T12:11:00.399064+00:00
02-consumption-habits-wealth-accumulation-methods,02-consumption-habits,02,wealth-accumulation-methods,부의 축적 방법,부의 축적을 위한 똑똑한 방법,info,tip,부의 축적을 위한 똑똑한 방법을 소개합니다.,slot_2step,2026-06-08T12:11:26.397866+00:00
02-consumption-habits-youth-startup-support-policy,02-consumption-habits,02,youth-startup-support-policy,청년 창업 지원 정책,청년 창업 지원 정책 종류,info,tip,청년 창업을 지원하는 다양한 정책과 혜택을 소개합니다.,slot_2step,2026-06-08T12:11:00.399064+00:00
02-credit-card-benefits-check-card-benefits,02-credit-card-benefits,02,check-card-benefits,체크카드 혜택 추천,체크카드 혜택 좋은 카드 추천,info,tip,체크카드 혜택을 비교하고 추천하는 가이드,slot_2step,2026-06-08T12:08:55.931373+00:00
02-credit-card-benefits-credit-card-application,02-credit-card-benefits,02,credit-card-application,카드 신청 방법,카드 신청하는 법,howto,tip,카드를 신청하는 방법을 알아보세요.,slot_2step,2026-06-08T12:08:55.931373+00:00
02-credit-card-benefits-credit-card-application-2,02-credit-card-benefits,02,credit-card-application-2,카드 신청 절차,신용카드 신청 방법 총정리,howto,tip,신용카드 신청 절차와 팁,slot_2step,2026-06-08T12:08:55.931373+00:00
02-credit-card-benefits-credit-card-benefits-comparison,02-credit-card-benefits,02,credit-card-benefits-comparison,신용카드 혜택,신용카드 혜택 비교 분석,info,review,다양한 신용카드 혜택을 비교하고 최적의 카드를 선택하세요.,slot_2step,2026-06-08T12:08:55.931373+00:00
02-credit-card-benefits-credit-card-customer-service,02-credit-card-benefits,02,credit-card-customer-service,카드사 고객센터,카드사 고객센터 전화번호,info,tip,카드사 고객센터 전화번호를 빠르게 찾아보세요.,slot_2step,2026-06-08T12:08:55.931373+00:00
02-credit-card-benefits-credit-card-issuer-benefits,02-credit-card-benefits,02,credit-card-issuer-benefits,카드 혜택 좋은 카드사,카드 혜택 좋은 카드사 추천,info,tip,혜택 좋은 카드사를 추천해드립니다.,slot_2step,2026-06-08T12:08:55.931373+00:00
02-credit-card-benefits-credit-card-issuer-events,02-credit-card-benefits,02,credit-card-issuer-events,카드사 이벤트 정보,카드사 이벤트 정보 모음,info,tip,카드사 이벤트 정보를 한곳에서 확인하세요.,slot_2step,2026-06-08T12:08:55.931373+00:00
02-credit-card-benefits-credit-card-loss-handling,02-credit-card-benefits,02,credit-card-loss-handling,카드 분실 대처법,카드 분실시 대처 방법,info,tip,카드 분실시 빠르게 대처하는 방법을 알아보세요.,slot_2step,2026-06-08T12:08:55.931373+00:00
02-credit-card-benefits-credit-card-payment-cancel,02-credit-card-benefits,02,credit-card-payment-cancel,카드 결제 취소 방법,카드 결제 취소하는 법,howto,tip,카드 결제를 취소하는 방법을 알아보세요.,slot_2step,2026-06-08T12:08:55.931373+00:00
02-credit-card-benefits-credit-card-payment-date-change,02-credit-card-benefits,02,credit-card-payment-date-change,카드 결제일 변경,카드 결제일 변경 방법,howto,tip,카드 결제일을 변경하는 방법을 알아보세요.,slot_2step,2026-06-08T12:08:55.931373+00:00
02-credit-card-benefits-credit-card-point-cash,02-credit-card-benefits,02,credit-card-point-cash,카드 포인트 현금화,카드 포인트 현금화 방법,howto,tip,카드 포인트를 현금으로 전환하는 방법을 알아보세요.,slot_2step,2026-06-08T12:08:55.931373+00:00
02-credit-card-benefits-credit-card-usage-history,02-credit-card-benefits,02,credit-card-usage-history,카드 사용 내역 조회,카드 사용 내역 조회 방법,howto,tip,카드 사용 내역을 조회하는 방법을 알아보세요.,slot_2step,2026-06-08T12:08:55.931373+00:00
02-credit-card-benefits-credit-card-usage-limit-increase,02-credit-card-benefits,02,credit-card-usage-limit-increase,카드 사용 한도 늘리기,카드 사용 한도 늘리는 법,howto,tip,카드 사용 한도를 늘리는 방법을 알아보세요.,slot_2step,2026-06-08T12:08:55.931373+00:00
02-credit-card-benefits-debit-card-foreign-usage,02-credit-card-benefits,02,debit-card-foreign-usage,체크카드 해외 사용,체크카드 해외 사용 팁,info,tip,체크카드로 해외여행시 유용한 팁과 주의사항을 알아보세요.,slot_2step,2026-06-08T12:08:55.931373+00:00
02-credit-card-benefits-debit-card-usage-benefits,02-credit-card-benefits,02,debit-card-usage-benefits,체크카드 사용 혜택,체크카드 사용 혜택 알아보기,info,tip,체크카드 사용 혜택을 알아보세요.,slot_2step,2026-06-08T12:08:55.931373+00:00
02-credit-score-average-credit-score-korea,02-credit-score,02,average-credit-score-korea,평균 신용점수,한국인의 평균 신용점수는?,info,tip,한국인의 평균 신용점수에 대해 알려드립니다.,slot_2step,2026-06-08T12:08:41.303461+00:00
02-credit-score-compare-credit-score,02-credit-score,02,compare-credit-score,신용점수 비교 사이트,다양한 신용점수 비교 분석 서비스,compare,tip,여러 신용점수 서비스를 비교 분석할 수 있는 사이트를 소개합니다.,slot_2step,2026-06-08T12:08:41.303461+00:00
02-credit-score-credit-grade-improvement-strategy,02-credit-score,02,credit-grade-improvement-strategy,신용등급 상승 전략,신용등급을 상승시키는 전략,howto,tip,신용등급을 상승시키는 실용적인 전략을 제공합니다.,slot_2step,2026-06-08T12:08:41.303461+00:00
02-credit-score-credit-score-comparison-analysis,02-credit-score,02,credit-score-comparison-analysis,신용점수 비교 분석,나의 신용점수 비교 분석하기,compare,tip,나의 신용점수를 비교 분석하는 방법을 알려드립니다.,slot_2step,2026-06-08T12:08:41.303461+00:00
02-credit-score-credit-score-credit-card-issuance,02-credit-score,02,credit-score-credit-card-issuance,신용점수와 신용카드 발급,신용점수와 신용카드 발급 조건,info,tip,신용점수와 신용카드 발급 조건의 상관관계를 설명합니다.,slot_2step,2026-06-08T12:08:41.303461+00:00
02-credit-score-credit-score-grade-benefits,02-credit-score,02,credit-score-grade-benefits,신용점수 등급 혜택,신용점수 등급별 혜택 비교,info,tip,신용점수 등급에 따른 혜택을 비교 분석합니다.,slot_2step,2026-06-08T12:08:41.303461+00:00
02-credit-score-credit-score-info-query,02-credit-score,02,credit-score-info-query,신용점수 조회 방법,신용점수 조회 방법과 무료 조회 서비스,info,tip,신용점수를 정확히 조회하는 방법과 무료로 조회할 수 있는 서비스를 소개합니다.,slot_2step,2026-06-08T12:08:41.303461+00:00
02-credit-score-credit-score-inquiry-methods,02-credit-score,02,credit-score-inquiry-methods,신용점수 조회 서비스,신용점수 조회 방법 총정리,info,tip,신용점수를 조회하는 다양한 방법을 소개합니다.,slot_2step,2026-06-08T12:08:41.303461+00:00
02-credit-score-credit-score-management-apps,02-credit-score,02,credit-score-management-apps,신용점수 관리 앱 추천,신용점수 관리에 유용한 앱들,info,tip,신용점수 관리에 도움이 되는 앱들을 추천합니다.,slot_2step,2026-06-08T12:08:41.303461+00:00
02-credit-score-credit-score-mistake-info,02-credit-score,02,credit-score-mistake-info,신용점수 실수 사례,신용점수 관리 실패 사례와 그 원인,info,tip,신용점수 관리에 실패한 사례와 그 원인을 분석합니다.,slot_2step,2026-06-08T12:08:41.303461+00:00
02-credit-score-credit-score-recovery-methods,02-credit-score,02,credit-score-recovery-methods,신용점수 복구 방법,신용점수를 복구하는 방법,howto,tip,신용점수를 복구하는 실용적인 방법을 제공합니다.,slot_2step,2026-06-08T12:08:41.303461+00:00
02-credit-score-easy-credit-score-improvement,02-credit-score,02,easy-credit-score-improvement,신용점수 올리는 방법,신용점수 쉽게 올리는 법,howto,tip,신용점수를 효율적으로 올리는 방법을 알려드립니다.,slot_2step,2026-06-08T12:08:41.303461+00:00
02-credit-score-factors-affecting-credit-score,02-credit-score,02,factors-affecting-credit-score,신용점수 영향 요인 분석,신용점수에 영향을 주는 요인들,info,tip,신용점수에 영향을 주는 다양한 요인들을 분석합니다.,slot_2step,2026-06-08T12:08:41.303461+00:00
02-credit-score-free-credit-score-info,02-credit-score,02,free-credit-score-info,무료 신용점수 조회,무료 신용점수 조회 서비스와 이용 방법,info,tip,무료로 신용점수를 조회할 수 있는 서비스와 그 이용 방법을 설명합니다.,slot_2step,2026-06-08T12:08:41.303461+00:00
02-credit-score-quick-credit-score-improvement,02-credit-score,02,quick-credit-score-improvement,빠른 신용점수 상승 팁,신용점수를 빠르게 올리는 팁,howto,tip,신용점수를 빠르게 올릴 수 있는 실용적인 팁을 제공합니다.,slot_2step,2026-06-08T12:08:41.303461+00:00
02-cryptocurrency-intro-bitcoin-price-prediction,02-cryptocurrency-intro,02,bitcoin-price-prediction,비트코인 가격 예측,비트코인 가격 예측,info,tip,비트코인 가격 예측 방법,slot_2step,2026-06-08T12:10:12.367307+00:00
02-cryptocurrency-intro-bitcoin-wallet-creation-method,02-cryptocurrency-intro,02,bitcoin-wallet-creation-method,비트코인 지갑 생성,비트코인 지갑 생성 방법,howto,tip,비트코인 지갑 생성하는 법,slot_2step,2026-06-08T12:10:12.367307+00:00
02-cryptocurrency-intro-coin-exchange-selection-guide,02-cryptocurrency-intro,02,coin-exchange-selection-guide,코인 거래소 선택,가상자산 거래소 선택 가이드,info,tip,안전한 코인 거래소 선택 방법,slot_2step,2026-06-08T12:10:12.367307+00:00
02-cryptocurrency-intro-coin-exchange-signup-process,02-cryptocurrency-intro,02,coin-exchange-signup-process,코인 거래소 가입,코인 거래소 가입 절차,howto,tip,코인 거래소 가입 절차,slot_2step,2026-06-08T12:10:12.367307+00:00
02-cryptocurrency-intro-coin-investment-strategy,02-cryptocurrency-intro,02,coin-investment-strategy,코인 투자 전략,코인 투자 전략 수립,info,tip,코인 투자 전략 수립 방법,slot_2step,2026-06-08T12:10:12.367307+00:00
02-cryptocurrency-intro-coin-market-trend-analysis,02-cryptocurrency-intro,02,coin-market-trend-analysis,코인 시장 동향,코인 시장 동향 분석,info,tip,코인 시장 동향 분석 방법,slot_2step,2026-06-08T12:10:12.367307+00:00
02-cryptocurrency-intro-coin-news-for-beginners,02-cryptocurrency-intro,02,coin-news-for-beginners,코인 입문자 뉴스,코인 입문자를 위한 뉴스,news,tip,코인 입문자를 위한 뉴스,slot_2step,2026-06-08T12:10:12.367307+00:00
02-cryptocurrency-intro-coin-trading-fee-comparison,02-cryptocurrency-intro,02,coin-trading-fee-comparison,코인 거래 수수료,코인 거래 수수료 비교,compare,tip,코인 거래 수수료 비교,slot_2step,2026-06-08T12:10:12.367307+00:00
02-cryptocurrency-intro-crypto-exchange-security-tips,02-cryptocurrency-intro,02,crypto-exchange-security-tips,코인 거래소 보안,코인 거래소 보안 강화 방법,info,tip,코인 거래소 보안을 강화하는 방법과 팁,slot_2step,2026-06-08T12:10:12.367307+00:00
02-cryptocurrency-intro-crypto-market-outlook-analysis,02-cryptocurrency-intro,02,crypto-market-outlook-analysis,코인 시장 전망 분석,코인 시장 전망 분석 및 예측,info,tip,코인 시장 전망을 분석하고 미래를 예측하는 방법,slot_2step,2026-06-08T12:10:12.367307+00:00
02-cryptocurrency-intro-crypto-risk-management-strategy,02-cryptocurrency-intro,02,crypto-risk-management-strategy,코인 위험 관리 전략,코인 투자 위험 관리 방법,info,tip,코인 투자 위험을 효과적으로 관리하는 전략,slot_2step,2026-06-08T12:10:12.367307+00:00
02-cryptocurrency-intro-safe-coin-exchange,02-cryptocurrency-intro,02,safe-coin-exchange,안전한 코인 거래소,안전한 코인 거래소 찾기,review,tip,안전한 코인 거래소 리뷰,slot_2step,2026-06-08T12:10:12.367307+00:00
02-cryptocurrency-intro-types-of-virtual-assets,02-cryptocurrency-intro,02,types-of-virtual-assets,가상자산 종류,코인 종류 설명,info,tip,코인 종류 설명,slot_2step,2026-06-08T12:10:12.367307+00:00
02-cryptocurrency-intro-virtual-asset-investment-for-beginners,02-cryptocurrency-intro,02,virtual-asset-investment-for-beginners,가상자산 투자 입문,코인 투자 beginners 가이드,info,tip,코인 투자 기초 개념 설명,slot_2step,2026-06-08T12:10:12.367307+00:00
02-cryptocurrency-intro-virtual-asset-regulation-guide,02-cryptocurrency-intro,02,virtual-asset-regulation-guide,가상자산 규제 법률,가상자산 관련 법규 완벽 가이드,info,tip,가상자산 관련 법규를 쉽게 이해하고 안전하게 거래하는 방법,slot_2step,2026-06-08T12:10:12.367307+00:00
02-deposit-interest-rate-bank-deposit-interest-rate-comparison,02-deposit-interest-rate,02,bank-deposit-interest-rate-comparison,은행별 예금 금리,은행별 예금 금리 비교하기,info,tip,은행별 예금 금리를 비교하고 이자 수익을 극대화하는 전략을 알아보세요.,slot_2step,2026-06-08T12:10:31.158989+00:00
02-deposit-interest-rate-bank-deposit-interest-rate-ranking,02-deposit-interest-rate,02,bank-deposit-interest-rate-ranking,은행 예금 금리 순위,현재 은행 예금 금리 순위 확인하기,info,tip,현재 은행 예금 금리 순위를 제공합니다.,slot_2step,2026-06-08T12:10:31.158989+00:00
02-deposit-interest-rate-deposit-amount-interest-rate-difference,02-deposit-interest-rate,02,deposit-amount-interest-rate-difference,예치 금액별 금리,예치 금액별 금리 차이점 설명,info,tip,예치 금액별 금리 차이점을 설명합니다.,slot_2step,2026-06-08T12:10:31.158989+00:00
02-deposit-interest-rate-deposit-insurance-interest-rate,02-deposit-interest-rate,02,deposit-insurance-interest-rate,예금 보험 금리,예금 보험과 금리 관계 이해하기,info,tip,예금 보험과 금리 관계를 설명합니다.,slot_2step,2026-06-08T12:10:31.158989+00:00
02-deposit-interest-rate-deposit-interest-rate-vs-inflation,02-deposit-interest-rate,02,deposit-interest-rate-vs-inflation,예금 금리와 물가 상승률,예금 금리와 물가 상승률 비교,info,tip,예금 금리와 물가 상승률을 비교하고 이자 수익을 높이세요.,slot_2step,2026-06-08T12:10:31.158989+00:00
02-deposit-interest-rate-deposit-interest-tax-info,02-deposit-interest-rate,02,deposit-interest-tax-info,예금 금리 세금,예금 금리 관련 세금 정보와 절세 전략,info,tip,예금 금리 관련 세금 정보를 제공하고 절세 전략을 공유합니다.,slot_2step,2026-06-08T12:10:31.158989+00:00
02-deposit-interest-rate-deposit-loan-interest-rate-difference,02-deposit-interest-rate,02,deposit-loan-interest-rate-difference,예금 대출 금리 차이,예금 금리와 대출 금리 차이점 분석,info,tip,예금 금리와 대출 금리 차이점을 분석합니다.,slot_2step,2026-06-08T12:10:31.158989+00:00
02-deposit-interest-rate-deposit-rate-fluctuation-prediction,02-deposit-interest-rate,02,deposit-rate-fluctuation-prediction,예금 금리 변동 예측,예금 금리 변동 예측과 투자 전략,info,tip,예금 금리 변동 예측을 통해 이자 수익을 극대화하는 전략을 공유합니다.,slot_2step,2026-06-08T12:10:31.158989+00:00
02-deposit-interest-rate-deposit-rate-stock-market-relationship,02-deposit-interest-rate,02,deposit-rate-stock-market-relationship,예금 금리와 주식 시장 관계,예금 금리와 주식 시장 상관관계 분석,info,tip,예금 금리와 주식 시장의 상관관계를 분석하고 투자 전략을 제시합니다.,slot_2step,2026-06-08T12:10:31.158989+00:00
02-deposit-interest-rate-deposit-term-interest-rate-strategy,02-deposit-interest-rate,02,deposit-term-interest-rate-strategy,예치 기간별 금리 전략,예치 기간별 금리 전략 세우기,info,tip,예치 기간에 따른 금리 전략을 세워 이자 수익을 극대화하세요.,slot_2step,2026-06-08T12:10:31.158989+00:00
02-deposit-interest-rate-high-interest-deposit-saving-products,02-deposit-interest-rate,02,high-interest-deposit-saving-products,높은 예금 금리 적금,예금 금리 높은 적금 상품 추천,info,tip,예금 금리 높은 적금 상품을 추천합니다.,slot_2step,2026-06-08T12:10:31.158989+00:00
02-deposit-interest-rate-high-yield-savings-account,02-deposit-interest-rate,02,high-yield-savings-account,예금 금리 높은 은행,예금 금리 높은 은행 찾기,info,tip,예금 금리가 높은 은행을 찾아 이자 수익을 높이세요.,slot_2step,2026-06-08T12:10:31.158989+00:00
02-deposit-interest-rate-interest-rate-change-deposit-strategy,02-deposit-interest-rate,02,interest-rate-change-deposit-strategy,금리 변동에 따른 예금 전략,금리 변동에 따른 예금 전략 세우기,info,tip,금리 변동에 따른 예금 전략을 세워 이자 수익을 높이세요.,slot_2step,2026-06-08T12:10:31.158989+00:00
02-deposit-interest-rate-interest-rate-hike-deposit-strategy,02-deposit-interest-rate,02,interest-rate-hike-deposit-strategy,금리 인상 시 예금 전략,금리 인상 시 예금 전략과 투자 방법,info,tip,금리 인상 시 예금 전략을 통해 자산을 보호하는 방법을 알려드립니다.,slot_2step,2026-06-08T12:10:31.158989+00:00
02-deposit-interest-rate-maximize-deposit-interest,02-deposit-interest-rate,02,maximize-deposit-interest,예금 이자 수익 극대화,예금 이자 수익 극대화 방법,info,tip,예금 이자 수익을 극대화하는 방법을 알아보세요.,slot_2step,2026-06-08T12:10:31.158989+00:00
02-dividend-stocks-dividend-distribution-info,02-dividend-stocks,02,dividend-distribution-info,배당주 분배금 정보,배당주 분배금 지급일과 세금 정보,info,tip,배당주 분배금 지급일과 세금 정보를 제공합니다.,slot_2step,2026-06-08T12:06:36.758099+00:00
02-dividend-stocks-dividend-growth-stocks,02-dividend-stocks,02,dividend-growth-stocks,배당성장주,배당성장주 투자로 안정적 수익 창출,info,tip,배당금이 지속적으로 성장하는 배당성장주에 대한 정보와 투자 전략을 공유합니다.,slot_2step,2026-06-08T12:06:36.758099+00:00
02-dividend-stocks-dividend-investment-apps,02-dividend-stocks,02,dividend-investment-apps,배당주 투자 앱 추천,배당주 투자 앱 종류와 사용법,info,tip,배당주 투자 앱 종류와 사용법을 소개합니다.,slot_2step,2026-06-08T12:06:36.758099+00:00
02-dividend-stocks-dividend-investment-strategy,02-dividend-stocks,02,dividend-investment-strategy,배당주 투자 전략,배당주 투자 전략 및 성공 사례,howto,tip,배당주에 투자하는 전략과 성공 사례를 공유합니다.,slot_2step,2026-06-08T12:06:36.758099+00:00
02-dividend-stocks-dividend-investment-websites,02-dividend-stocks,02,dividend-investment-websites,배당주 투자 사이트 추천,배당주 투자 정보 제공 사이트 모음,info,tip,배당주 투자 정보를 제공하는 추천 사이트를 소개합니다.,slot_2step,2026-06-08T12:06:36.758099+00:00
02-dividend-stocks-dividend-portfolio,02-dividend-stocks,02,dividend-portfolio,배당주 포트폴리오,배당주 포트폴리오 구축 및 관리 팁,howto,tip,배당주 포트폴리오를 구축하고 관리하는 팁을 제공합니다.,slot_2step,2026-06-08T12:06:36.758099+00:00
02-dividend-stocks-dividend-stocks-etf,02-dividend-stocks,02,dividend-stocks-etf,배당주 etf,배당주 ETF 투자 가이드 및 추천 상품,info,tip,배당주에 투자하는 ETF 상품에 대한 정보와 투자 전략을 공유합니다.,slot_2step,2026-06-08T12:06:36.758099+00:00
02-dividend-stocks-dividend-vs-growth-stock,02-dividend-stocks,02,dividend-vs-growth-stock,배당주와 성장주 비교,배당주 vs 성장주 투자전략 비교분석,compare,tip,배당주와 성장주의 차이점과 투자 전략을 비교 분석합니다.,slot_2step,2026-06-08T12:06:36.758099+00:00
02-dividend-stocks-dividend-vs-growth-stocks,02-dividend-stocks,02,dividend-vs-growth-stocks,배당주 vs 성장주,배당주와 성장주 투자 비교 분석,compare,tip,배당주와 성장주의 투자 특성을 비교 분석합니다.,slot_2step,2026-06-08T12:06:36.758099+00:00
02-dividend-stocks-high-dividend-stocks,02-dividend-stocks,02,high-dividend-stocks,고배당주,고배당주 투자 전략 및 추천 종목,info,tip,높은 배당금을 지급하는 고배당주에 대한 정보와 투자 팁을 제공합니다.,slot_2step,2026-06-08T12:06:36.758099+00:00
02-dividend-stocks-kr-dividend-stocks,02-dividend-stocks,02,kr-dividend-stocks,한국 배당주,한국 배당주 투자 전략 및 추천 종목,info,tip,한국 주식시장에서 배당금을 지급하는 한국 배당주에 대한 정보와 투자 팁을 제공합니다.,slot_2step,2026-06-08T12:06:36.758099+00:00
02-dividend-stocks-long-term-dividend-investment,02-dividend-stocks,02,long-term-dividend-investment,배당주 장기 투자,배당주 장기 투자 전략 및 성공 사례,howto,tip,배당주에 장기 투자하는 전략과 성공 사례를 공유합니다.,slot_2step,2026-06-08T12:06:36.758099+00:00
02-dividend-stocks-monthly-dividend-etf,02-dividend-stocks,02,monthly-dividend-etf,월배당 ETF 리스트,월배당 ETF 종류와 투자 방법,info,tip,월배당 ETF 종류와 투자 방법을 소개합니다.,slot_2step,2026-06-08T12:06:36.758099+00:00
02-dividend-stocks-monthly-dividend-stocks,02-dividend-stocks,02,monthly-dividend-stocks,월배당주,월배당주 투자 전략 및 추천 종목,info,tip,매월 배당금을 지급하는 월배당주에 대한 정보와 투자 팁을 제공합니다.,slot_2step,2026-06-08T12:06:36.758099+00:00
02-dividend-stocks-us-dividend-stocks,02-dividend-stocks,02,us-dividend-stocks,미국 배당주,미국 배당주 투자 가이드 및 추천 종목,info,tip,미국 주식시장에서 배당금을 지급하는 미국 배당주에 대한 정보와 투자 팁을 제공합니다.,slot_2step,2026-06-08T12:06:36.758099+00:00
02-etf-investment-etf-distribution-investment,02-etf-investment,02,etf-distribution-investment,ETF 분배금,ETF 분배금 투자 전략 가이드,info,tip,ETF 분배금으로 안정적인 수익 창출하기,slot_2step,2026-06-08T12:06:22.233342+00:00
02-etf-investment-etf-for-growth-stocks,02-etf-investment,02,etf-for-growth-stocks,성장주 ETF,성장주 ETF 투자 전략,info,tip,성장주를 위한 효과적인 ETF 투자 방법,slot_2step,2026-06-08T12:06:22.233342+00:00
02-etf-investment-etf-for-retirement,02-etf-investment,02,etf-for-retirement,노후 ETF 투자,노후를 위한 현명한 ETF 투자,info,tip,노후를 대비한 ETF 투자 전략을 제공합니다.,slot_2step,2026-06-08T12:06:22.233342+00:00
02-etf-investment-etf-investment-for-kids,02-etf-investment,02,etf-investment-for-kids,어린이 ETF 투자,어린이를 위한 ETF 투자,info,tip,어린이를 위한 ETF 투자 정보를 제공합니다.,slot_2step,2026-06-08T12:06:22.233342+00:00
02-etf-investment-etf-investment-strategy,02-etf-investment,02,etf-investment-strategy,ETF 투자 전략,ETF 투자 전략 가이드,info,tip,ETF 투자 전략에 대한 정보를 제공합니다.,slot_2step,2026-06-08T12:06:22.233342+00:00
02-etf-investment-etf-portfolio-diversification,02-etf-investment,02,etf-portfolio-diversification,ETF 포트폴리오 다각화,ETF 포트폴리오 다각화 전략,info,tip,효과적인 ETF 포트폴리오 다각화 전략을 소개합니다.,slot_2step,2026-06-08T12:06:22.233342+00:00
02-etf-investment-etf-risk-management,02-etf-investment,02,etf-risk-management,ETF 투자 리스크 관리,ETF 투자 리스크 관리 전략,info,tip,ETF 투자 시 리스크를 관리하는 방법을 소개합니다.,slot_2step,2026-06-08T12:06:22.233342+00:00
02-etf-investment-etf-tax-saving,02-etf-investment,02,etf-tax-saving,ETF 세금 절약,ETF 투자로 세금 절약,info,tip,ETF 투자로 세금을 절약하는 방법을 제공합니다.,slot_2step,2026-06-08T12:06:22.233342+00:00
02-etf-investment-etf-trading-volume,02-etf-investment,02,etf-trading-volume,ETF 거래량 상위,ETF 거래량 상위 종목,info,tip,ETF 거래량 상위 종목을 제공합니다.,slot_2step,2026-06-08T12:06:22.233342+00:00
02-etf-investment-etf-vs-fund,02-etf-investment,02,etf-vs-fund,ETF와 펀드의 차이,ETF와 펀드의 주요 차이점,info,tip,ETF와 펀드의 차이점을 자세히 설명합니다.,slot_2step,2026-06-08T12:06:22.233342+00:00
02-etf-investment-etf-vs-stock,02-etf-investment,02,etf-vs-stock,ETF 주식 차이,ETF와 주식의 차이점,info,tip,ETF와 주식의 차이점을 설명합니다.,slot_2step,2026-06-08T12:06:22.233342+00:00
02-etf-investment-how-to-choose-etf,02-etf-investment,02,how-to-choose-etf,ETF 선택 방법,ETF 종목을 선택하는 방법,howto,tip,ETF 종목을 선택하는 방법을 제공합니다.,slot_2step,2026-06-08T12:06:22.233342+00:00
02-etf-investment-korean-etf-market,02-etf-investment,02,korean-etf-market,국내 ETF 시장,국내 ETF 시장의 현재와 미래,info,tip,국내 ETF 시장의 전망과 동향을 분석합니다.,slot_2step,2026-06-08T12:06:22.233342+00:00
02-etf-investment-save-etf-trading-fee,02-etf-investment,02,save-etf-trading-fee,ETF 매매 수수료 절약,ETF 매매 수수료 절약하는 법,info,tip,ETF 매매 수수료를 절약하는 방법을 알려드립니다.,slot_2step,2026-06-08T12:06:22.233342+00:00
02-etf-investment-us-etf-investment,02-etf-investment,02,us-etf-investment,미국 ETF 투자,미국 ETF 투자 방법,info,tip,미국 ETF 투자에 대한 정보를 제공합니다.,slot_2step,2026-06-08T12:06:22.233342+00:00
02-exchange-rate-info-dollar-exchange-rate-forecast,02-exchange-rate-info,02,dollar-exchange-rate-forecast,달러 환율 전망,달러 환율 전망 분석과 투자 전략,info,tip,달러 환율 전망을 분석하고 유리한 투자 전략을 알아보세요.,slot_2step,2026-06-08T12:09:57.927315+00:00
02-exchange-rate-info-dollar-investment-method,02-exchange-rate-info,02,dollar-investment-method,달러 투자 방법,달러 투자 방법 및 전략 소개,howto,tip,달러 투자 방법과 전략 소개,slot_2step,2026-06-08T12:09:57.927315+00:00
02-exchange-rate-info-euro-investment-strategy,02-exchange-rate-info,02,euro-investment-strategy,유로화 투자 전략,유로화 투자 전략과 리스크 관리,info,tip,유로화 투자 전략을 알아보고 리스크를 관리하세요.,slot_2step,2026-06-08T12:09:57.927315+00:00
02-exchange-rate-info-exchange-rate-chart-analysis,02-exchange-rate-info,02,exchange-rate-chart-analysis,환율 차트 분석,환율 차트 분석 및 시장 동향 파악,info,tip,환율 차트를 활용한 시장 동향 분석,slot_2step,2026-06-08T12:09:57.927315+00:00
02-exchange-rate-info-exchange-rate-graph-analysis,02-exchange-rate-info,02,exchange-rate-graph-analysis,환율 그래프 분석,환율 그래프 분석과 시장 전망,info,tip,환율 그래프를 분석하고 시장 전망을 예측하세요.,slot_2step,2026-06-08T12:09:57.927315+00:00
02-exchange-rate-info-exchange-rate-news-update,02-exchange-rate-info,02,exchange-rate-news-update,환율 뉴스 업데이트,최신 환율 뉴스 및 업데이트 정보,info,tip,최신 환율 뉴스와 시장 동향 정보 제공,slot_2step,2026-06-08T12:09:57.927315+00:00
02-exchange-rate-info-foreign-cash-exchange-methods,02-exchange-rate-info,02,foreign-cash-exchange-methods,외화 현금 환전,외화 현금 환전 방법과 유의사항,howto,tip,외화 현금 환전 방법을 알아보고 유의사항을 확인하세요.,slot_2step,2026-06-08T12:09:57.927315+00:00
02-exchange-rate-info-foreign-deposit-interest-rate,02-exchange-rate-info,02,foreign-deposit-interest-rate,외화 예금 금리,외화 예금 금리 비교와 투자 전략,info,tip,외화 예금 금리를 비교하고 투자 전략을 알아보세요.,slot_2step,2026-06-08T12:09:57.927315+00:00
02-exchange-rate-info-foreign-exchange-investment-methods,02-exchange-rate-info,02,foreign-exchange-investment-methods,외화 투자 방법,외화 투자 방법과 유의사항,howto,tip,외화 투자 방법을 알아보고 성공적인 투자를 준비하세요.,slot_2step,2026-06-08T12:09:57.927315+00:00
02-exchange-rate-info-foreign-exchange-investment-risk,02-exchange-rate-info,02,foreign-exchange-investment-risk,외화 투자 리스크,외화 투자 리스크 관리 및 전략,info,tip,외화 투자 시 고려해야 할 리스크와 관리 방법,slot_2step,2026-06-08T12:09:57.927315+00:00
02-exchange-rate-info-kr-won-exchange-rate-fluctuation,02-exchange-rate-info,02,kr-won-exchange-rate-fluctuation,원화 환율 변동,원화 환율 변동 추이 분석 및 전망,info,tip,원화 환율 변동 추이와 외화 투자 시 고려사항,slot_2step,2026-06-08T12:09:57.927315+00:00
02-exchange-rate-info-overseas-travel-exchange-methods,02-exchange-rate-info,02,overseas-travel-exchange-methods,해외여행 환전 방법,해외여행자를 위한 환전 방법,howto,tip,해외여행자를 위한 환전 방법을 알아보세요.,slot_2step,2026-06-08T12:09:57.927315+00:00
02-exchange-rate-info-travel-exchange-tips,02-exchange-rate-info,02,travel-exchange-tips,여행 환전 팁,여행자를 위한 환전 팁과 주의사항,info,tip,여행자를 위한 유용한 환전 팁을 알아보세요.,slot_2step,2026-06-08T12:09:57.927315+00:00
02-exchange-rate-info-travel-insurance-exchange-rate,02-exchange-rate-info,02,travel-insurance-exchange-rate,여행자 보험 환전,여행자 보험과 유리한 환전 방법,info,tip,여행자 보험과 연계한 환전 전략,slot_2step,2026-06-08T12:09:57.927315+00:00
02-exchange-rate-info-yen-exchange-rate-fluctuation,02-exchange-rate-info,02,yen-exchange-rate-fluctuation,엔화 환율 변동,엔화 환율 변동 추이와 전망,info,tip,엔화 환율 변동을 분석하고 전망을 예측하세요.,slot_2step,2026-06-08T12:09:57.927315+00:00
02-financial-planning-beginner-20s-financial-goal-setting,02-financial-planning-beginner,02,20s-financial-goal-setting,20대 재테크 목표,20대 초보자를 위한 재테크 목표 설정 가이드,info,tip,20대 초보자를 위한 현실적인 재테크 목표 설정 방법을 제공합니다.,slot_2step,2026-06-08T12:06:53.380528+00:00
02-financial-planning-beginner-annual-income-3000-financial-tips,02-financial-planning-beginner,02,annual-income-3000-financial-tips,연봉 3000 재테크,연봉 3000만원대 재테크 전략과 팁,info,tip,연봉 3000만원대 직장인을 위한 맞춤형 재테크 전략을 제공합니다.,slot_2step,2026-06-08T12:06:53.380528+00:00
02-financial-planning-beginner-asset-formation-investment,02-financial-planning-beginner,02,asset-formation-investment,자산 형성 투자,자산 형성을 위한 스마트한 투자 전략,info,tip,자산 형성을 위한 효과적인 투자 전략을 소개합니다.,slot_2step,2026-06-08T12:06:53.380528+00:00
02-financial-planning-beginner-budongsan-tuja-jaetech,02-financial-planning-beginner,02,budongsan-tuja-jaetech,부동산 투자 재테크,부동산 투자로 성공하는 재테크,info,tip,부동산 투자 재테크를 학습합니다.,slot_2step,2026-06-08T12:06:53.380528+00:00
02-financial-planning-beginner-emergency-fund-strategy,02-financial-planning-beginner,02,emergency-fund-strategy,비상금 모으기,비상금 모으기를 위한 실용적인 전략,howto,tip,비상금을 효율적으로 모으기 위한 전략을 소개합니다.,slot_2step,2026-06-08T12:06:53.380528+00:00
02-financial-planning-beginner-euntoe-jaetech-seong-gong,02-financial-planning-beginner,02,euntoe-jaetech-seong-gong,은퇴 준비 재테크,성공적인 은퇴를 위한 재테크 전략,info,tip,은퇴를 준비하는 재테크 방법을 배웁니다.,slot_2step,2026-06-08T12:06:53.380528+00:00
02-financial-planning-beginner-financial-planning-budget,02-financial-planning-beginner,02,financial-planning-budget,재테크 예산 계획,재테크를 위한 효율적인 예산 계획 세우기,info,tip,재테크를 위한 체계적인 예산 계획 방법을 제공합니다.,slot_2step,2026-06-08T12:06:53.380528+00:00
02-financial-planning-beginner-first-monthly-salary-financial-planning,02-financial-planning-beginner,02,first-monthly-salary-financial-planning,첫 월급 재테크,첫 월급을 위한 똑똑한 재테크 전략,info,tip,첫 월급을 받은 초보자를 위한 재테크 전략을 소개합니다.,slot_2step,2026-06-08T12:06:53.380528+00:00
02-financial-planning-beginner-jaetech-aebs-yong-do,02-financial-planning-beginner,02,jaetech-aebs-yong-do,재테크 앱 사용,재테크 앱 사용법과 추천 앱,info,tip,재테크 앱 사용법을 배웁니다.,slot_2step,2026-06-08T12:06:53.380528+00:00
02-financial-planning-beginner-jaetech-gwangyeo-seong-gong,02-financial-planning-beginner,02,jaetech-gwangyeo-seong-gong,재테크 금융 지식,사회초년생을 위한 재테크 금융 지식,info,tip,재테크를 위한 금융 지식을 학습합니다.,slot_2step,2026-06-08T12:06:53.380528+00:00
02-financial-planning-beginner-jaetech-jeolse-chae-gong,02-financial-planning-beginner,02,jaetech-jeolse-chae-gong,재테크 절세 전략,재테크를 위한 절세 전략 방법,info,tip,재테크를 위한 절세 전략을 배웁니다.,slot_2step,2026-06-08T12:06:53.380528+00:00
02-financial-planning-beginner-real-estate-investment-for-financial-planning,02-financial-planning-beginner,02,real-estate-investment-for-financial-planning,부동산 투자로 재테크,부동산 투자로 시작하는 재테크 방법,info,tip,부동산 투자로 재테크를 시작하는 방법에 대해 알아보세요.,slot_2step,2026-06-08T12:06:53.380528+00:00
02-financial-planning-beginner-salary-worker-asset-management,02-financial-planning-beginner,02,salary-worker-asset-management,월급쟁이 자산관리,월급쟁이를 위한 자산 관리 방법과 노하우,howto,tip,월급쟁이를 위한 효율적인 자산 관리 방법을 소개합니다.,slot_2step,2026-06-08T12:06:53.380528+00:00
02-financial-planning-beginner-social-newcomer-financial-planning,02-financial-planning-beginner,02,social-newcomer-financial-planning,사회초년생 재테크,사회초년생을 위한 초보 재테크 가이드,info,tip,사회초년생을 위한 기초 재테크 방법과 전략을 소개합니다.,slot_2step,2026-06-08T12:06:53.380528+00:00
02-financial-planning-beginner-wolse-jaetech-seong-gong,02-financial-planning-beginner,02,wolse-jaetech-seong-gong,월세 재테크,월세 사는 사람의 성공적인 재테크,info,tip,월세 사는 사람의 재테크 방법을 학습합니다.,slot_2step,2026-06-08T12:06:53.380528+00:00
02-freelancer-tax-business-income-tax-declaration,02-freelancer-tax,02,business-income-tax-declaration,사업소득세 신고,사업소득세 신고 방법과 유의사항,howto,tip,사업소득세 신고 방법과 유의사항을 알려드립니다.,slot_2step,2026-06-08T12:13:46.755568+00:00
02-freelancer-tax-business-income-tax-declaration-procedure,02-freelancer-tax,02,business-income-tax-declaration-procedure,사업소득세 신고 절차,사업소득세 신고 절차 안내,howto,tip,사업소득세 신고 절차를 단계별로 설명합니다.,slot_2step,2026-06-08T12:13:46.755568+00:00
02-freelancer-tax-business-income-tax-saving-strategies,02-freelancer-tax,02,business-income-tax-saving-strategies,사업소득세 절세,사업소득세 절세 전략과 팁,info,tip,사업소득세 절세를 위한 전략과 팁을 공유합니다.,slot_2step,2026-06-08T12:13:46.755568+00:00
02-freelancer-tax-business-registration-certificate-issuance,02-freelancer-tax,02,business-registration-certificate-issuance,사업자등록증 발급,사업자등록증 발급 방법과 필요 서류,howto,tip,사업자등록증 발급 방법과 필요 서류를 알려드립니다.,slot_2step,2026-06-08T12:13:46.755568+00:00
02-freelancer-tax-business-registration-method,02-freelancer-tax,02,business-registration-method,사업자 등록 방법,사업자 등록 방법과 필요 서류,howto,tip,사업자 등록 절차와 필요 서류를 안내합니다.,slot_2step,2026-06-08T12:15:53.600912+00:00
02-freelancer-tax-comprehensive-income-tax-calculation,02-freelancer-tax,02,comprehensive-income-tax-calculation,종합소득세 계산,종합소득세 계산법과 예시,info,tip,종합소득세 계산법을 자세히 설명합니다.,slot_2step,2026-06-08T12:13:46.755568+00:00
02-freelancer-tax-comprehensive-income-tax-declaration-documents,02-freelancer-tax,02,comprehensive-income-tax-declaration-documents,종합소득세 신고 서류 준비,종합소득세 신고 서류 준비하기,info,tip,종합소득세 신고를 위한 필수 서류를 준비하는 방법을 안내합니다.,slot_2step,2026-06-08T12:13:46.755568+00:00
02-freelancer-tax-comprehensive-income-tax-declaration-documents-2,02-freelancer-tax,02,comprehensive-income-tax-declaration-documents-2,종합소득세 신고 서류,종합소득세 신고 서류 목록과 준비 방법,info,tip,종합소득세 신고에 필요한 서류 목록을 제공합니다.,slot_2step,2026-06-08T12:15:53.600912+00:00
02-freelancer-tax-comprehensive-income-tax-declaration-failure-case,02-freelancer-tax,02,comprehensive-income-tax-declaration-failure-case,종합소득세 신고 실패 사례,종합소득세 신고 실패 사례와 방지법,info,tip,종합소득세 신고 실패 사례와 방지법을 공유합니다.,slot_2step,2026-06-08T12:15:53.600912+00:00
02-freelancer-tax-comprehensive-income-tax-declaration-modification,02-freelancer-tax,02,comprehensive-income-tax-declaration-modification,종합소득세 신고 수정,종합소득세 신고 수정하는 방법,howto,tip,종합소득세 신고 후 수정이 필요한 경우 수정하는 방법을 알아보세요.,slot_2step,2026-06-08T12:15:53.600912+00:00
02-freelancer-tax-comprehensive-income-tax-payment,02-freelancer-tax,02,comprehensive-income-tax-payment,종합소득세 납부,종합소득세 납부 방법과 기한,howto,tip,종합소득세 납부 방법과 기한을 안내합니다.,slot_2step,2026-06-08T12:13:46.755568+00:00
02-freelancer-tax-comprehensive-income-tax-refund-method,02-freelancer-tax,02,comprehensive-income-tax-refund-method,종합소득세 환급 받는 법,종합소득세 환급 방법과 팁,howto,tip,종합소득세 환급을 받기 위한 절차와 절세 전략을 소개합니다.,slot_2step,2026-06-08T12:18:28.835307+00:00
02-freelancer-tax-freelancer-business-registration-guide,02-freelancer-tax,02,freelancer-business-registration-guide,프리랜서 사업자 등록 절차,프리랜서 사업자 등록 가이드,howto,tip,프리랜서 사업자 등록을 위한 단계별 가이드와 유의사항을 제공합니다.,slot_2step,2026-06-08T12:18:28.835307+00:00
02-freelancer-tax-freelancer-comprehensive-income-tax-declaration,02-freelancer-tax,02,freelancer-comprehensive-income-tax-declaration,프리랜서 종합소득세 신고,프리랜서 종합소득세 신고 방법과 절세 전략,info,tip,프리랜서의 종합소득세 신고 방법과 절세 전략을 알아보세요.,slot_2step,2026-06-08T12:13:46.755568+00:00
02-freelancer-tax-freelancer-comprehensive-income-tax-declaration-2,02-freelancer-tax,02,freelancer-comprehensive-income-tax-declaration-2,프리랜서 종합소득세 신고,프리랜서 종합소득세 신고 방법과 팁,info,tip,프리랜서의 종합소득세 신고 방법을 알아보고 절세 전략을 세우세요.,slot_2step,2026-06-08T12:15:53.600912+00:00
02-freelancer-tax-freelancer-comprehensive-income-tax-declaration-method,02-freelancer-tax,02,freelancer-comprehensive-income-tax-declaration-method,프리랜서 종합소득세 신고 방법,프리랜서 종합소득세 신고 방법과 절세 전략,info,tip,프리랜서 종합소득세 신고 방법을 알아보고 절세 전략을 세우세요.,slot_2step,2026-06-08T12:18:28.835307+00:00
02-freelancer-tax-freelancer-health-insurance-premium,02-freelancer-tax,02,freelancer-health-insurance-premium,프리랜서 건강보험료,프리랜서 건강보험료 계산과 납부 방법,info,tip,프리랜서 건강보험료 계산과 납부 방법을 안내합니다.,slot_2step,2026-06-08T12:13:46.755568+00:00
02-freelancer-tax-freelancer-income-tax-rate,02-freelancer-tax,02,freelancer-income-tax-rate,프리랜서 소득세율 계산,프리랜서 소득세율 계산 방법,info,tip,프리랜서의 소득세율을 계산하는 방법을 자세히 설명합니다.,slot_2step,2026-06-08T12:13:46.755568+00:00
02-freelancer-tax-freelancer-tax-calculation-method,02-freelancer-tax,02,freelancer-tax-calculation-method,프리랜서 세금 계산법,프리랜서 세금 계산법과 절세 팁,info,tip,프리랜서 세금 계산법을 상세히 설명합니다.,slot_2step,2026-06-08T12:15:53.600912+00:00
02-freelancer-tax-freelancer-tax-declaration-period,02-freelancer-tax,02,freelancer-tax-declaration-period,프리랜서 세금 신고 기간,프리랜서 세금 신고 기간과 유의사항,info,tip,프리랜서 세금 신고 기간과 유의사항을 알려드립니다.,slot_2step,2026-06-08T12:13:46.755568+00:00
02-freelancer-tax-freelancer-tax-declaration-period-2,02-freelancer-tax,02,freelancer-tax-declaration-period-2,프리랜서 세금 신고 기간,프리랜서 세금 신고 기간과 유의사항,info,tip,프리랜서 세금 신고 기간과 준비사항을 안내합니다.,slot_2step,2026-06-08T12:15:53.600912+00:00
02-freelancer-tax-freelancer-tax-declaration-proxy-service,02-freelancer-tax,02,freelancer-tax-declaration-proxy-service,프리랜서 세금 신고 대행,프리랜서 세금 신고 대행 서비스 안내,info,tip,프리랜서 세금 신고 대행 서비스의 장점과 이용 방법,slot_2step,2026-06-08T12:15:53.600912+00:00
02-freelancer-tax-freelancer-tax-deductions,02-freelancer-tax,02,freelancer-tax-deductions,프리랜서 세금 공제 항목,프리랜서 세금 공제 항목 알아보기,info,tip,프리랜서가 세금 공제를 받을 수 있는 항목들을 소개합니다.,slot_2step,2026-06-08T12:13:46.755568+00:00
02-freelancer-tax-freelancer-tax-reporting-guide,02-freelancer-tax,02,freelancer-tax-reporting-guide,프리랜서 세금신고 방법,프리랜서 세금신고 완벽 가이드,info,tip,프리랜서 세금신고 방법과 절세 전략을 알아보세요.,slot_2step,2026-06-08T12:15:53.600912+00:00
02-freelancer-tax-freelancer-tax-saving-tips,02-freelancer-tax,02,freelancer-tax-saving-tips,프리랜서 세금 절세 방법,프리랜서 세금 절세 방법 총정리,info,tip,프리랜서가 세금을 절세할 수 있는 다양한 방법을 소개합니다.,slot_2step,2026-06-08T12:13:46.755568+00:00
02-freelancer-tax-freelancer-vs-employee-tax-comparison,02-freelancer-tax,02,freelancer-vs-employee-tax-comparison,프리랜서와 직장인 세금 비교,프리랜서와 직장인 세금 비교 분석,info,tip,프리랜서와 직장인의 세금 차이점을 비교 분석합니다.,slot_2step,2026-06-08T12:15:53.600912+00:00
02-freelancer-tax-freelancer-vs-individual-enterprise-tax-difference,02-freelancer-tax,02,freelancer-vs-individual-enterprise-tax-difference,프리랜서와 개인사업자 세금 차이,프리랜서와 개인사업자 세금 차이점 총정리,info,tip,프리랜서와 개인사업자의 세금 차이점과 절세 전략,slot_2step,2026-06-08T12:15:53.600912+00:00
02-freelancer-tax-reducing-freelancer-tax-burden,02-freelancer-tax,02,reducing-freelancer-tax-burden,프리랜서 세금 부담 줄이는 전략,프리랜서 세금 부담 줄이는 전략,info,tip,프리랜서의 세금 부담을 줄일 수 있는 전략을 제시합니다.,slot_2step,2026-06-08T12:13:46.755568+00:00
02-freelancer-tax-types-of-freelancer-taxes,02-freelancer-tax,02,types-of-freelancer-taxes,프리랜서 세금 종류,프리랜서에게 적용되는 세금 종류와 특징,info,tip,프리랜서에게 적용되는 세금 종류와 특징을 설명합니다.,slot_2step,2026-06-08T12:13:46.755568+00:00
02-gov-support-money-childbirth-support-policy,02-gov-support-money,02,childbirth-support-policy,출산 지원 정책,출산 가정을 위한 정부 지원 정책,info,tip,출산 가정을 위한 정부 지원 정책을 알려드립니다.,slot_2step,2026-06-08T12:12:54.014885+00:00
02-gov-support-money-childcare-support-fund-types,02-gov-support-money,02,childcare-support-fund-types,육아 지원금 종류,육아 지원금 종류와 지급 조건,info,tip,육아 지원금 종류를 자세히 알아보세요.,slot_2step,2026-06-08T12:16:15.149364+00:00
02-gov-support-money-disability-support-policy,02-gov-support-money,02,disability-support-policy,장애인 지원 정책,장애인 지원 정책 종류 및 신청 방법,info,tip,장애인 지원 정책 정보 제공,slot_2step,2026-06-08T12:13:33.144364+00:00
02-gov-support-money-disability-support-services,02-gov-support-money,02,disability-support-services,장애인 지원 서비스,장애인 지원 서비스 종류와 신청 방법,info,tip,장애인 지원 서비스의 종류와 신청 방법을 알려드립니다.,slot_2step,2026-06-08T12:12:54.014885+00:00
02-gov-support-money-geung-gib-bokchi-gungmu-won-je,02-gov-support-money,02,geung-gib-bokchi-gungmu-won-je,긴급복지 지원 제도,긴급복지 지원 제도 신청 방법과 혜택,info,tip,긴급복지 지원 제도 정보,slot_2step,2026-06-08T12:12:54.014885+00:00
02-gov-support-money-government-assistance-for-low-income-families,02-gov-support-money,02,government-assistance-for-low-income-families,저소득층 정부 지원,저소득층을 위한 정부 지원 정책,info,tip,저소득층을 위한 다양한 정부 지원 정책과 서비스를 제공합니다.,slot_2step,2026-06-08T12:16:15.149364+00:00
02-gov-support-money-government-education-training,02-gov-support-money,02,government-education-training,정부 지원 교육 훈련,정부 지원 교육 훈련 종류 및 신청 방법,info,tip,정부 지원 교육 훈련 정보 제공,slot_2step,2026-06-08T12:13:33.144364+00:00
02-gov-support-money-government-environmental-policy-support,02-gov-support-money,02,government-environmental-policy-support,환경 정책 지원,정부 지원 환경 정책 및 사업 안내,info,tip,환경 보호를 위한 정부 지원 정책과 사업을 소개합니다.,slot_2step,2026-06-08T12:13:33.144364+00:00
02-gov-support-money-government-startup-loan,02-gov-support-money,02,government-startup-loan,정부 지원 창업 대출,정부 지원 창업 대출 종류 및 신청 방법,info,tip,정부 지원 창업 대출 정보 제공,slot_2step,2026-06-08T12:13:33.144364+00:00
02-gov-support-money-government-subsidized-housing-rentals,02-gov-support-money,02,government-subsidized-housing-rentals,정부 지원 임대 주택,정부 지원 주택 임대 프로그램 안내,info,tip,저렴한 임대료를 제공하는 정부 지원 주택 임대 프로그램을 소개합니다.,slot_2step,2026-06-08T12:13:33.144364+00:00
02-gov-support-money-government-support-application,02-gov-support-money,02,government-support-application,정부 지원금 신청 방법,정부 지원금 신청 방법 및 절차,howto,tip,정부 지원금을 신청하는 방법과 절차를 단계별로 안내해드립니다.,slot_2step,2026-06-08T12:13:33.144364+00:00
02-gov-support-money-government-support-for-disaster-victims,02-gov-support-money,02,government-support-for-disaster-victims,재해 지원 제도,재해 발생 시 지원금과 정책,info,tip,재해 발생 시 받을 수 있는 지원금과 정책 정보를 제공합니다.,slot_2step,2026-06-08T12:16:15.149364+00:00
02-gov-support-money-government-support-for-seniors,02-gov-support-money,02,government-support-for-seniors,노인 복지 급여,노인 복지 지원금과 서비스 안내,info,tip,노인들을 위한 복지 지원금과 다양한 서비스를 소개합니다.,slot_2step,2026-06-08T12:16:15.149364+00:00
02-gov-support-money-government-support-for-small-business-owners,02-gov-support-money,02,government-support-for-small-business-owners,소상공인 지원 사업,소상공인을 위한 정부 지원금,info,tip,소상공인들을 위한 다양한 정부 지원 사업과 혜택을 소개합니다.,slot_2step,2026-06-08T12:16:15.149364+00:00
02-gov-support-money-government-support-for-small-businesses,02-gov-support-money,02,government-support-for-small-businesses,소상공인 정부 지원,소상공인 지원 정책 종류 및 신청 방법,info,tip,소상공인을 위한 정부 지원 정책과 혜택을 소개합니다.,slot_2step,2026-06-08T12:13:33.144364+00:00
02-gov-support-money-government-support-for-women-in-employment,02-gov-support-money,02,government-support-for-women-in-employment,여성 취업 지원 정책,여성 취업 지원 정책 및 혜택 안내,info,tip,여성의 취업과 경제 활동을 지원하는 정부 정책을 소개합니다.,slot_2step,2026-06-08T12:13:33.144364+00:00
02-gov-support-money-government-support-for-young-people,02-gov-support-money,02,government-support-for-young-people,청년 정부 지원금,청년 지원금 종류와 신청 방법,info,tip,청년들을 위한 다양한 정부 지원금과 혜택을 소개합니다.,slot_2step,2026-06-08T12:16:15.149364+00:00
02-gov-support-money-government-supported-business-loan,02-gov-support-money,02,government-supported-business-loan,정부 지원 창업 대출,정부 지원 창업 대출 조건과 신청 방법,info,tip,정부 지원 창업 대출을 확인하고 창업하세요.,slot_2step,2026-06-08T12:16:15.149364+00:00
02-gov-support-money-government-supported-cultural-arts-programs,02-gov-support-money,02,government-supported-cultural-arts-programs,문화 예술 지원 사업,정부 지원 문화 예술 사업 종류,info,tip,문화 예술 분야를 지원하는 정부 사업을 소개합니다.,slot_2step,2026-06-08T12:13:33.144364+00:00
02-gov-support-money-government-supported-education-training,02-gov-support-money,02,government-supported-education-training,정부 지원 교육 훈련,정부 지원 교육 훈련 프로그램 안내,info,tip,정부 지원 교육 훈련 프로그램 정보 제공,slot_2step,2026-06-08T12:16:15.149364+00:00
02-gov-support-money-government-supported-housing-lease,02-gov-support-money,02,government-supported-housing-lease,정부 지원 주택 임대,정부 지원 주택 임대 프로그램 안내,info,tip,정부 지원 주택 임대 프로그램 정보 제공,slot_2step,2026-06-08T12:16:15.149364+00:00
02-gov-support-money-government-supported-loan-products,02-gov-support-money,02,government-supported-loan-products,정부 지원 대출 상품,정부 지원 대출 상품 종류와 신청 방법,info,tip,정부에서 지원하는 다양한 대출 상품과 신청 방법을 소개합니다.,slot_2step,2026-06-08T12:13:33.144364+00:00
02-gov-support-money-government-supported-startups,02-gov-support-money,02,government-supported-startups,정부 지원 창업,창업을 위한 정부 지원 정책,info,tip,창업을 위한 정부 지원 정책을 소개합니다.,slot_2step,2026-06-08T12:12:54.014885+00:00
02-gov-support-money-government-supported-technology-development,02-gov-support-money,02,government-supported-technology-development,정부 기술 개발 지원,정부 지원 기술 개발 사업 안내,info,tip,기업의 기술 개발을 지원하는 정부 사업을 소개합니다.,slot_2step,2026-06-08T12:13:33.144364+00:00
02-gov-support-money-gukga-gungmu-won-ui-yak-syebis,02-gov-support-money,02,gukga-gungmu-won-ui-yak-syebis,국가 지원 의료 서비스,국가 지원 의료 서비스 종류와 신청 방법,info,tip,국가 지원 의료 서비스 정보,slot_2step,2026-06-08T12:12:54.014885+00:00
02-gov-support-money-gungmu-won-je-gyoyug-puro-guraem,02-gov-support-money,02,gungmu-won-je-gyoyug-puro-guraem,정부 지원 교육 프로그램,정부 지원 교육 프로그램 종류와 신청 방법,info,tip,정부 지원 교육 프로그램 정보,slot_2step,2026-06-08T12:12:54.014885+00:00
02-gov-support-money-gungmu-won-je-jutaek-poll-se,02-gov-support-money,02,gungmu-won-je-jutaek-poll-se,정부 지원 주택 정책,정부 지원 주택 정책 종류와 신청 방법,info,tip,정부 지원 주택 정책 정보,slot_2step,2026-06-08T12:12:54.014885+00:00
02-gov-support-money-low-income-government-subsidy,02-gov-support-money,02,low-income-government-subsidy,저소득층 정부 보조금,저소득층을 위한 정부 보조금 제도,info,tip,저소득층을 위한 다양한 정부 보조금 제도에 대해 알아보세요.,slot_2step,2026-06-08T12:13:33.144364+00:00
02-gov-support-money-low-income-government-support,02-gov-support-money,02,low-income-government-support,저소득층 정부 지원,저소득층을 위한 정부 지원 정책,info,tip,저소득층을 위한 다양한 정부 지원 정책을 소개합니다.,slot_2step,2026-06-08T12:12:54.014885+00:00
02-gov-support-money-low-income-government-support-policy,02-gov-support-money,02,low-income-government-support-policy,저소득층 정부 지원 정책,저소득층을 위한 정부 지원 정책과 혜택,info,tip,저소득층을 위한 정부 지원 정책을 확인하세요.,slot_2step,2026-06-08T12:16:15.149364+00:00
02-gov-support-money-low-income-support-system,02-gov-support-money,02,low-income-support-system,저소득층 지원 제도,저소득층 지원 제도 종류 및 신청 방법,info,tip,저소득층 지원 제도 정보 제공,slot_2step,2026-06-08T12:13:33.144364+00:00
02-gov-support-money-senior-citizen-welfare-support-service,02-gov-support-money,02,senior-citizen-welfare-support-service,노인 복지 지원 서비스,노인 복지 지원 서비스 종류와 신청 방법,info,tip,노인 복지 지원 서비스를 자세히 알아보세요.,slot_2step,2026-06-08T12:16:15.149364+00:00
02-gov-support-money-senior-welfare-subsidy,02-gov-support-money,02,senior-welfare-subsidy,노인 복지 지원금,노인 복지 지원금 신청 방법 및 혜택,info,tip,노인 복지 지원금 정보 제공,slot_2step,2026-06-08T12:13:33.144364+00:00
02-gov-support-money-senior-welfare-support,02-gov-support-money,02,senior-welfare-support,노인 복지 지원,노인 복지 지원 서비스 안내,info,tip,노인을 위한 복지 지원 서비스를 소개합니다.,slot_2step,2026-06-08T12:12:54.014885+00:00
02-gov-support-money-sil-eobgeum-yee-chul-gu,02-gov-support-money,02,sil-eobgeum-yee-chul-gu,실업급여 신청 절차,실업급여 신청 절차와 필요 서류,howto,tip,실업급여 신청 절차와 필요 서류 정보,slot_2step,2026-06-08T12:12:54.014885+00:00
02-gov-support-money-small-business-owner-support-policy,02-gov-support-money,02,small-business-owner-support-policy,소상공인 지원 정책,소상공인 지원 정책 종류 및 신청 방법,info,tip,소상공인 지원 정책에 대해 자세히 알아보기,slot_2step,2026-06-08T12:16:15.149364+00:00
02-gov-support-money-support-services-for-people-with-disabilities,02-gov-support-money,02,support-services-for-people-with-disabilities,장애인 지원 프로그램,장애인들을 위한 지원 서비스,info,tip,장애인들을 위한 다양한 지원 서비스와 정책을 제공합니다.,slot_2step,2026-06-08T12:16:15.149364+00:00
02-gov-support-money-unemployment-benefit-application-process,02-gov-support-money,02,unemployment-benefit-application-process,실업 급여 신청 절차,실업 급여 신청 절차 및 자격 요건,info,tip,실업 급여 신청 절차 안내,slot_2step,2026-06-08T12:16:15.149364+00:00
02-gov-support-money-unemployment-benefits-application,02-gov-support-money,02,unemployment-benefits-application,실업급여 신청 방법,실업급여 신청 방법과 조건,howto,tip,실업급여 신청 방법과 조건을 알려드립니다.,slot_2step,2026-06-08T12:12:54.014885+00:00
02-gov-support-money-yeongse-moja-gungmu-won-je-boh-yang,02-gov-support-money,02,yeongse-moja-gungmu-won-je-boh-yang,영세모자 정부 지원 혜택,영세모자 정부 지원 혜택 종류와 신청 방법,info,tip,영세모자를 위한 정부 지원 혜택 정보,slot_2step,2026-06-08T12:12:54.014885+00:00
02-gov-support-money-youth-rent-support,02-gov-support-money,02,youth-rent-support,청년 월세 지원,청년 월세 지원 혜택과 신청 방법,info,tip,청년 월세 지원 정책의 자격 조건과 신청 절차를 안내합니다.,slot_2step,2026-06-08T12:12:54.014885+00:00
02-gov-support-money-youth-support-fund-application-method,02-gov-support-money,02,youth-support-fund-application-method,청년 지원금 신청 방법,청년 지원금 신청 방법과 자격 조건,info,tip,청년 지원금 신청 방법을 자세히 알아보고 지원하세요.,slot_2step,2026-06-08T12:16:15.149364+00:00
02-gov-support-money-youth-support-funds,02-gov-support-money,02,youth-support-funds,청년 지원금,청년 지원금 종류와 신청 방법,info,tip,청년 지원금의 종류와 신청 방법을 알려드립니다.,slot_2step,2026-06-08T12:12:54.014885+00:00
02-gov-support-money-youth-support-policy,02-gov-support-money,02,youth-support-policy,청년 지원 정책,청년 지원 정책 종류 및 신청 방법,info,tip,청년 지원 정책 정보 제공,slot_2step,2026-06-08T12:13:33.144364+00:00
02-gov-support-money-yugahuyug-gungmu-won-je-boh-yang,02-gov-support-money,02,yugahuyug-gungmu-won-je-boh-yang,육아휴직 지원금 신청,육아휴직 지원금 신청 방법과 지급액,info,tip,육아휴직 지원금 신청 방법과 지급액 정보,slot_2step,2026-06-08T12:12:54.014885+00:00
02-household-book-keeping-bi-sang-geum-mo-eo-seong,02-household-book-keeping,02,bi-sang-geum-mo-eo-seong,비상금 모으기 전략,비상금 모으는 방법과 팁,info,tip,예상치 못한 상황에 대비한 비상금 모으기 전략을 알려드립니다.,slot_2step,2026-06-08T12:11:54.743321+00:00
02-household-book-keeping-choboja-gaaegbu,02-household-book-keeping,02,choboja-gaaegbu,초보자 가계부,초보자를 위한 가계부 작성,info,tip,초보자를 위한 가계부 작성법을 알려드립니다.,slot_2step,2026-06-08T12:11:54.743321+00:00
02-household-book-keeping-choboja-gajyeobu,02-household-book-keeping,02,choboja-gajyeobu,초보자 가계부,초보자를 위한 가계부 작성 가이드,howto,tip,가계부 작성을 처음 시작하는 초보자를 위한 가이드입니다.,slot_2step,2026-06-08T12:11:14.148601+00:00
02-household-book-keeping-digital-gajyeobu,02-household-book-keeping,02,digital-gajyeobu,디지털 가계부,디지털 가계부 사용법,howto,tip,디지털 가계부를 사용하는 방법에 대해 안내합니다.,slot_2step,2026-06-08T12:11:14.148601+00:00
02-household-book-keeping-digitgaaegbu-aaeb,02-household-book-keeping,02,digitgaaegbu-aaeb,디지털 가계부 앱,디지털 가계부 앱 추천,info,tip,디지털 가계부 앱을 추천해 드립니다.,slot_2step,2026-06-08T12:11:54.743321+00:00
02-household-book-keeping-efficient-expense-tracking-tips,02-household-book-keeping,02,efficient-expense-tracking-tips,가계부 작성 요령,효율적인 가계부 작성법과 시간 절약 팁,info,tip,가계부 작성 시간을 줄이고 효율적으로 관리하는 방법,slot_2step,2026-06-08T12:11:14.148601+00:00
02-household-book-keeping-excel-gajyeobu,02-household-book-keeping,02,excel-gajyeobu,엑셀 가계부,엑셀로 가계부 만들기,howto,tip,엑셀을 이용하여 가계부를 만들고 관리하는 방법을 배웁니다.,slot_2step,2026-06-08T12:11:14.148601+00:00
02-household-book-keeping-fix-household-budget-errors,02-household-book-keeping,02,fix-household-budget-errors,가계부 오류,가계부 오류 수정하는 방법,info,tip,가계부 오류를 수정하고 정확한 자산 흐름을 파악하는 방법에 대해 알려드립니다.,slot_2step,2026-06-08T12:11:54.743321+00:00
02-household-book-keeping-ga-gye-bu-aepeul-chu-eo-seong,02-household-book-keeping,02,ga-gye-bu-aepeul-chu-eo-seong,최고 가계부 앱,가계부 어플 추천 및 리뷰,info,review,효율적인 가계부 관리를 위한 최고의 어플을 추천 및 리뷰합니다.,slot_2step,2026-06-08T12:11:54.743321+00:00
02-household-book-keeping-ga-gye-bu-chan-seong-bang-beob,02-household-book-keeping,02,ga-gye-bu-chan-seong-bang-beob,가계부 작성 방법,가계부 작성법과 효과적인 자산 관리,info,tip,가계부 작성법을 통해 자산 흐름을 파악하고 예산을 효율적으로 관리하는 방법을 배워보세요.,slot_2step,2026-06-08T12:11:54.743321+00:00
02-household-book-keeping-gaaegbu-hangmog-bunryu,02-household-book-keeping,02,gaaegbu-hangmog-bunryu,가계부 항목 분류,가계부 항목 분류 방법,info,tip,가계부 항목 분류에 대해 설명합니다.,slot_2step,2026-06-08T12:11:54.743321+00:00
02-household-book-keeping-gaaegbu-jadonghwa,02-household-book-keeping,02,gaaegbu-jadonghwa,가계부 자동화,가계부 자동화 방법 배우기,howto,tip,가계부 자동화 방법을 알려드립니다.,slot_2step,2026-06-08T12:11:54.743321+00:00
02-household-book-keeping-gaaegbu-jagseong-beob,02-household-book-keeping,02,gaaegbu-jagseong-beob,가계부 작성법,가계부 작성법 배우기,info,tip,가계부 작성법에 대해 알아보세요.,slot_2step,2026-06-08T12:11:54.743321+00:00
02-household-book-keeping-gaaegbu-yesang-gwanri,02-household-book-keeping,02,gaaegbu-yesang-gwanri,가계부 예산 관리,가계부 예산 관리하는 법,info,tip,가계부 예산 관리 팁을 공유합니다.,slot_2step,2026-06-08T12:11:54.743321+00:00
02-household-book-keeping-gajyeobu-dogu,02-household-book-keeping,02,gajyeobu-dogu,가계부 도구,가계부 작성을 위한 도구들,info,tip,가계부 작성을 도와주는 다양한 도구들을 소개합니다.,slot_2step,2026-06-08T12:11:14.148601+00:00
02-household-book-keeping-gajyeobu-hangmog-bunlyu,02-household-book-keeping,02,gajyeobu-hangmog-bunlyu,가계부 항목 분류,가계부 항목 분류 방법,info,tip,가계부 항목을 체계적으로 분류하는 방법을 알려드립니다.,slot_2step,2026-06-08T12:11:14.148601+00:00
02-household-book-keeping-gajyeobu-jagseong-beob,02-household-book-keeping,02,gajyeobu-jagseong-beob,가계부 작성법,가계부 작성법과 자산 흐름 파악,info,tip,가계부 작성법을 통해 자산 흐름을 파악하고 예산을 관리하는 방법을 배웁니다.,slot_2step,2026-06-08T12:11:14.148601+00:00
02-household-book-keeping-gajyeobu-jagseong-bin-do,02-household-book-keeping,02,gajyeobu-jagseong-bin-do,가계부 작성 빈도,가계부 작성 빈도와 중요성,info,tip,가계부를 얼마나 자주 작성해야 하는지 알려드립니다.,slot_2step,2026-06-08T12:11:14.148601+00:00
02-household-book-keeping-gajyeobu-soom-jichul,02-household-book-keeping,02,gajyeobu-soom-jichul,가계부 수입 지출,가계부 수입 지출 관리 방법,info,tip,가계부의 수입과 지출을 효율적으로 관리하는 방법을 배웁니다.,slot_2step,2026-06-08T12:11:14.148601+00:00
02-household-book-keeping-gajyeobu-yesan-gwanli,02-household-book-keeping,02,gajyeobu-yesan-gwanli,가계부 예산 관리,가계부 예산 관리 방법,info,tip,가계부를 통해 예산을 효율적으로 관리하는 방법을 알려드립니다.,slot_2step,2026-06-08T12:11:14.148601+00:00
02-household-book-keeping-jae-moo-mok-pyo-seol-jeong,02-household-book-keeping,02,jae-moo-mok-pyo-seol-jeong,재무 목표 수립,효과적인 재무 목표 설정하기,info,tip,성공적인 재무 관리를 위한 목표 설정 방법을 알려드립니다.,slot_2step,2026-06-08T12:11:54.743321+00:00
02-household-book-keeping-jae-sang-bae-bun-in-teo-seong,02-household-book-keeping,02,jae-sang-bae-bun-in-teo-seong,자산 배분 투자,자산 배분 전략과 투자 방법,info,tip,자산 배분 전략을 통한 안정적인 투자 방법을 배워보세요.,slot_2step,2026-06-08T12:11:54.743321+00:00
02-household-book-keeping-mobile-gajyeobu,02-household-book-keeping,02,mobile-gajyeobu,모바일 가계부,모바일 가계부 어플 추천,info,review,모바일로 간편하게 사용할 수 있는 가계부 어플을 소개합니다.,slot_2step,2026-06-08T12:11:14.148601+00:00
02-household-book-keeping-online-gajyeobu,02-household-book-keeping,02,online-gajyeobu,온라인 가계부,온라인 가계부 서비스 추천,info,review,온라인으로 이용할 수 있는 가계부 서비스를 추천합니다.,slot_2step,2026-06-08T12:11:14.148601+00:00
02-household-book-keeping-print-gajyeobu,02-household-book-keeping,02,print-gajyeobu,프린트 가계부,프린트 가계부 작성 방법,howto,tip,프린트 가계부를 작성하고 사용하는 방법을 안내합니다.,slot_2step,2026-06-08T12:11:14.148601+00:00
02-household-book-keeping-smaetphone-gajyeobu,02-household-book-keeping,02,smaetphone-gajyeobu,스마트폰 가계부,스마트폰 가계부 앱 추천,info,review,스마트폰으로 간편하게 사용할 수 있는 가계부 앱을 소개합니다.,slot_2step,2026-06-08T12:11:14.148601+00:00
02-household-book-keeping-son-swiun-gajyeobu,02-household-book-keeping,02,son-swiun-gajyeobu,손쉬운 가계부,손쉬운 가계부 작성 방법,howto,tip,간편하게 가계부를 작성하는 방법을 소개합니다.,slot_2step,2026-06-08T12:11:14.148601+00:00
02-household-book-keeping-wol-mal-yeol-san-bang-beob,02-household-book-keeping,02,wol-mal-yeol-san-bang-beob,월말 결산 프로세스,월말 결산 방법과 팁,howto,tip,월말 결산을 체계적으로 진행하는 방법과 유용한 팁을 공유합니다.,slot_2step,2026-06-08T12:11:54.743321+00:00
02-household-book-keeping-wolbyeol-gaaegbu-bunseok,02-household-book-keeping,02,wolbyeol-gaaegbu-bunseok,월별 가계부 분석,월별 가계부 분석하는 법,info,tip,월별 가계부 분석 방법을 공유합니다.,slot_2step,2026-06-08T12:11:54.743321+00:00
02-household-book-keeping-yeo-sang-wan-li-tib,02-household-book-keeping,02,yeo-sang-wan-li-tib,예산 관리 노하우,예산 관리 팁과 전략,info,tip,예산 관리를 효율적으로 하기 위한 팁과 전략을 공유합니다.,slot_2step,2026-06-08T12:11:54.743321+00:00
02-inheritance-donation-child-gift-tax-limit,02-inheritance-donation,02,child-gift-tax-limit,자녀 증여 한도액,자녀 증여세 한도액과 절세 팁,info,tip,자녀 증여 한도액과 절세 팁을 알아보세요.,slot_2step,2026-06-08T12:14:25.868120+00:00
02-inheritance-donation-children-gift-tax-declaration,02-inheritance-donation,02,children-gift-tax-declaration,자녀 증여세 신고,자녀에게 재산 증여할 때 세금 신고 방법,info,tip,자녀에게 재산을 증여할 때 필요한 세금 신고 절차입니다.,slot_2step,2026-06-08T12:12:15.303700+00:00
02-inheritance-donation-effective-gift-tax-strategy-for-children,02-inheritance-donation,02,effective-gift-tax-strategy-for-children,자녀 증여세 절세 전략,자녀에게 효과적으로 증여하는 방법,info,tip,자녀에게 재산을 효과적으로 증여하는 전략을 알려드립니다.,slot_2step,2026-06-08T12:12:02.150884+00:00
02-inheritance-donation-estate-planning,02-inheritance-donation,02,estate-planning,상속 계획 수립,상속 계획 세우기 전 꼭 알아야 할 것들,howto,tip,체계적인 상속 계획을 세우는 방법을 알려드립니다.,slot_2step,2026-06-08T12:12:15.303700+00:00
02-inheritance-donation-estate-planning-guide,02-inheritance-donation,02,estate-planning-guide,상속 계획 수립 가이드,상속 계획 수립을 위한 완벽 가이드,info,tip,상속 계획 수립을 위한 완벽 가이드를 제공합니다.,slot_2step,2026-06-08T12:12:02.150884+00:00
02-inheritance-donation-evaluate-gift-property-value,02-inheritance-donation,02,evaluate-gift-property-value,증여 재산 가치 평가,증여 재산의 가치를 정확히 평가하는 방법,howto,tip,증여 재산의 가치를 정확히 평가하는 방법을 알려드립니다.,slot_2step,2026-06-08T12:14:25.868120+00:00
02-inheritance-donation-family-inheritance-dispute-cases,02-inheritance-donation,02,family-inheritance-dispute-cases,가족 상속 분쟁 사례,상속 분쟁 실제 사례와 예방법,info,tip,가족 상속 분쟁 사례와 예방법을 통해 분쟁을 최소화합니다.,slot_2step,2026-06-08T12:12:02.150884+00:00
02-inheritance-donation-family-inheritance-planning,02-inheritance-donation,02,family-inheritance-planning,가족 상속 계획 세우기,가족 상속 계획 세우는 법,howto,tip,가족 상속 계획을 세우는 방법을 알아보세요.,slot_2step,2026-06-08T12:14:25.868120+00:00
02-inheritance-donation-gift-agreement-writing,02-inheritance-donation,02,gift-agreement-writing,증여 계약서 작성법,올바른 증여 계약서 작성 방법,howto,tip,법적으로 문제가 없는 증여 계약서를 작성하는 법을 알려드립니다.,slot_2step,2026-06-08T12:12:15.303700+00:00
02-inheritance-donation-gift-tax-calculation-method,02-inheritance-donation,02,gift-tax-calculation-method,증여세 계산 방법,쉽게 계산하는 증여세 계산 방법,info,tip,증여세 계산기를 대체할 수 있는 간단한 계산 방법입니다.,slot_2step,2026-06-08T12:12:15.303700+00:00
02-inheritance-donation-gift-tax-calculator,02-inheritance-donation,02,gift-tax-calculator,증여세 계산,증여세 계산기 증여세 계산 방법,info,tip,증여세 계산기를 통해 쉽게 증여세를 계산할 수 있습니다.,slot_2step,2026-06-08T12:12:02.150884+00:00
02-inheritance-donation-gift-tax-declaration-period,02-inheritance-donation,02,gift-tax-declaration-period,증여세 신고 기한,증여세 신고 기간과 신고 방법,info,tip,증여세 신고 기간과 신고 방법을 확인하세요.,slot_2step,2026-06-08T12:14:25.868120+00:00
02-inheritance-donation-gift-tax-exemption-limit,02-inheritance-donation,02,gift-tax-exemption-limit,증여세 면제 한도,증여세 면제 한도액 증여세 면제,info,tip,증여세 면제 한도액을 안내하고 절세하는 방법을 알려드립니다.,slot_2step,2026-06-08T12:12:02.150884+00:00
02-inheritance-donation-gift-tax-exemption-limit-2,02-inheritance-donation,02,gift-tax-exemption-limit-2,증여세 면제 금액,가족 간 증여세 면제 한도액,info,tip,증여세 면제 한도액을 확인하고 절세하세요.,slot_2step,2026-06-08T12:12:15.303700+00:00
02-inheritance-donation-gift-tax-exemption-limit-3,02-inheritance-donation,02,gift-tax-exemption-limit-3,증여세 면제 한도,증여세 면제 한도와 절세 전략,info,tip,증여세 면제 한도와 이를 활용한 절세 전략을 소개합니다.,slot_2step,2026-06-08T12:12:15.303700+00:00
02-inheritance-donation-gift-tax-exemption-subjects,02-inheritance-donation,02,gift-tax-exemption-subjects,증여세 면제 대상자,증여세 면제 대상과 조건,info,tip,증여세 면제 대상과 조건을 알아보세요.,slot_2step,2026-06-08T12:14:25.868120+00:00
02-inheritance-donation-gift-tax-rate-calculation-method,02-inheritance-donation,02,gift-tax-rate-calculation-method,증여세율 계산 방법,증여세율 계산 방법과 세금 절약 팁,info,tip,증여세율 계산 방법과 세금 절약 팁을 알려드립니다.,slot_2step,2026-06-08T12:12:02.150884+00:00
02-inheritance-donation-gift-tax-reporting-method,02-inheritance-donation,02,gift-tax-reporting-method,증여세 신고 방법,증여세 신고 방법 증여세 신고,howto,tip,증여세 신고 방법을 안내합니다.,slot_2step,2026-06-08T12:12:02.150884+00:00
02-inheritance-donation-gifting-to-children,02-inheritance-donation,02,gifting-to-children,자녀 이름으로 증여하기,자녀 이름으로 증여하는 법,howto,tip,자녀 이름으로 증여하는 방법을 알아보세요.,slot_2step,2026-06-08T12:14:25.868120+00:00
02-inheritance-donation-how-to-give-property-to-children,02-inheritance-donation,02,how-to-give-property-to-children,자녀 증여 방법,자녀에게 재산 증여하는 방법과 절세 팁,howto,tip,자녀에게 재산을 증여할 때 알아야 할 방법과 절세 전략을 소개합니다.,slot_2step,2026-06-08T12:14:25.868120+00:00
02-inheritance-donation-inherance-tax-saving-strategies,02-inheritance-donation,02,inherance-tax-saving-strategies,상속세 절세 전략,상속세 줄이는 법 상속세 절세 전략,info,tip,상속세 절세 방법을 알아보고 상속세 부담을 줄여보세요.,slot_2step,2026-06-08T12:12:15.303700+00:00
02-inheritance-donation-inheritance-dispute-prevention,02-inheritance-donation,02,inheritance-dispute-prevention,상속 분쟁 예방법,상속 분쟁 예방하는 법,howto,tip,상속 분쟁 예방 방법을 알아보세요.,slot_2step,2026-06-08T12:14:25.868120+00:00
02-inheritance-donation-inheritance-planning-consultation,02-inheritance-donation,02,inheritance-planning-consultation,상속 계획 전문가 상담,상속 계획 상담 받고 상속세 줄여보세요,info,tip,상속 계획 전문가와 상담하고 상속세를 줄여보세요.,slot_2step,2026-06-08T12:12:15.303700+00:00
02-inheritance-donation-inheritance-property-division,02-inheritance-donation,02,inheritance-property-division,상속 재산 분할,상속 재산 분할 상속 재산 분할 방법,info,tip,상속 재산을 분할하는 방법과 절차를 안내합니다.,slot_2step,2026-06-08T12:12:02.150884+00:00
02-inheritance-donation-inheritance-property-division-2,02-inheritance-donation,02,inheritance-property-division-2,상속 재산 분할 방법,상속 재산 분할하는 법,howto,tip,상속 재산 분할 방법을 알아보세요.,slot_2step,2026-06-08T12:14:25.868120+00:00
02-inheritance-donation-inheritance-tax-declaration-documents,02-inheritance-donation,02,inheritance-tax-declaration-documents,상속세 신고 준비물,상속세 신고에 필요한 서류와 절차 안내,info,tip,상속세 신고를 위해 필요한 서류와 절차를 상세히 안내합니다.,slot_2step,2026-06-08T12:14:25.868120+00:00
02-inheritance-donation-inheritance-tax-declaration-method,02-inheritance-donation,02,inheritance-tax-declaration-method,증여세 신고 방법,증여세 신고 방법과 절세 전략,howto,tip,증여세 신고 방법을 알아보고 절세 전략을 세우세요.,slot_2step,2026-06-08T12:14:25.868120+00:00
02-inheritance-donation-inheritance-tax-declaration-period,02-inheritance-donation,02,inheritance-tax-declaration-period,상속세 신고 기간,상속세 신고 기한과 방법,info,tip,상속세 신고 기한과 신고 방법을 확인하세요.,slot_2step,2026-06-08T12:12:15.303700+00:00
02-inheritance-donation-inheritance-tax-deduction-items,02-inheritance-donation,02,inheritance-tax-deduction-items,상속세 공제 항목 리스트,상속세 공제 항목과 절세 방법,info,tip,상속세 공제 항목과 절세 방법을 알려드립니다.,slot_2step,2026-06-08T12:12:02.150884+00:00
02-inheritance-donation-inheritance-tax-payment-deadline,02-inheritance-donation,02,inheritance-tax-payment-deadline,상속세 납부 기한일,상속세 납부 기한과 방법,info,tip,상속세 납부 기한과 방법을 알아보세요.,slot_2step,2026-06-08T12:14:25.868120+00:00
02-inheritance-donation-inheritance-tax-saving-strategies,02-inheritance-donation,02,inheritance-tax-saving-strategies,상속세 절세 전략,상속세 줄이는 법 상속세 절세 전략,info,tip,상속세 절세 전략을 통해 상속세를 줄이는 방법을 알려드립니다.,slot_2step,2026-06-08T12:12:02.150884+00:00
02-inheritance-donation-inheritance-tax-saving-strategies-2,02-inheritance-donation,02,inheritance-tax-saving-strategies-2,상속세 절세 전략,상속세 줄이는 법 상속세 절세 전략,info,tip,상속세 절세 방법과 전략을 알아보세요.,slot_2step,2026-06-08T12:14:25.868120+00:00
02-inheritance-donation-inheritance-tax-waiver-case-study,02-inheritance-donation,02,inheritance-tax-waiver-case-study,상속세 감면 사례 분석,상속세 감면 사례와 절세 방법,info,tip,상속세 감면 사례를 분석하여 절세 방법을 알려드립니다.,slot_2step,2026-06-08T12:12:02.150884+00:00
02-inheritance-donation-inherited-asset-investment-strategies,02-inheritance-donation,02,inherited-asset-investment-strategies,상속 재산 투자 전략,상속 재산 투자로 수익 올리기,info,tip,상속 재산을 효율적으로 투자하는 전략을 배워보세요.,slot_2step,2026-06-08T12:12:02.150884+00:00
02-inheritance-donation-inherited-financial-transaction-inquiry,02-inheritance-donation,02,inherited-financial-transaction-inquiry,상속인 금융 거래 조회,상속인 금융 거래 조회 방법과 절차,info,tip,상속인 금융 거래 조회 방법과 절차를 안내합니다.,slot_2step,2026-06-08T12:12:15.303700+00:00
02-inheritance-donation-parent-inheritance-preparation,02-inheritance-donation,02,parent-inheritance-preparation,부모님 상속 준비,부모님 상속 준비하기 상속 준비 체크리스트,info,tip,부모님 상속을 준비하는 방법과 체크리스트를 제공합니다.,slot_2step,2026-06-08T12:12:02.150884+00:00
02-inheritance-donation-parent-inheritance-preparation-2,02-inheritance-donation,02,parent-inheritance-preparation-2,부모님 상속 준비 방법,부모님 상속 준비하는 법,howto,tip,부모님 상속을 준비하는 방법을 알아보세요.,slot_2step,2026-06-08T12:14:25.868120+00:00
02-inheritance-donation-real-estate-gift-tax,02-inheritance-donation,02,real-estate-gift-tax,부동산 증여 세금,부동산 증여 세금 부동산 증여세 계산,info,tip,부동산 증여 시 발생하는 세금을 계산하고 절세하는 방법을 알려드립니다.,slot_2step,2026-06-08T12:12:02.150884+00:00
02-inheritance-donation-real-estate-gift-tax-2,02-inheritance-donation,02,real-estate-gift-tax-2,부동산 증여 세금 계산,부동산 증여 시 세금 얼마나 내야하나요,info,tip,부동산 증여 시 부과되는 세금에 대해 알아보세요.,slot_2step,2026-06-08T12:12:15.303700+00:00
02-inheritance-donation-real-estate-gift-tax-3,02-inheritance-donation,02,real-estate-gift-tax-3,부동산 증여 세금,부동산 증여시 세금 얼마나 내야 하나요,info,tip,부동산 증여시 발생하는 세금을 알아보세요.,slot_2step,2026-06-08T12:12:15.303700+00:00
02-inheritance-donation-real-estate-gift-tax-calculation,02-inheritance-donation,02,real-estate-gift-tax-calculation,부동산 증여세 계산법,부동산 증여세 계산 방법,info,tip,부동산 증여세 계산 방법을 알아보세요.,slot_2step,2026-06-08T12:14:25.868120+00:00
02-inheritance-donation-real-estate-inheritance-tax-planning,02-inheritance-donation,02,real-estate-inheritance-tax-planning,부동산 상속 절세 전략,부동산 상속 절세 전략과 방법,info,tip,부동산 상속 절세 전략과 방법을 알려드립니다.,slot_2step,2026-06-08T12:12:02.150884+00:00
02-inheritance-donation-real-estate-inheritance-tax-saving,02-inheritance-donation,02,real-estate-inheritance-tax-saving,부동산 상속 절세 전략,부동산 상속세 절세 전략과 방법,info,tip,부동산 상속세 절세를 위한 전략과 방법을 알려드립니다.,slot_2step,2026-06-08T12:12:15.303700+00:00
02-irp-account-irp-gaib-jageug,02-irp-account,02,irp-gaib-jageug,IRP 가입 자격,IRP 계좌 가입 자격 조건,info,tip,IRP 계좌 가입 자격 조건을 안내합니다.,slot_2step,2026-06-08T12:07:40.612910+00:00
02-irp-account-irp-gwae-se-jun,02-irp-account,02,irp-gwae-se-jun,IRP 과세 기준,IRP 계좌 과세 기준 안내,info,tip,IRP 계좌의 과세 기준을 설명합니다.,slot_2step,2026-06-08T12:07:40.612910+00:00
02-irp-account-irp-gye-sang-won-jeolcha,02-irp-account,02,irp-gye-sang-won-jeolcha,IRP 계좌 상속,IRP 계좌 상속 절차와 세금 영향,info,tip,IRP 계좌의 상속 절차와 관련 세금 영향을 자세히 설명합니다.,slot_2step,2026-06-08T12:07:40.612910+00:00
02-irp-account-irp-haeji-bangbeob,02-irp-account,02,irp-haeji-bangbeob,IRP 해지 방법,IRP 계좌 해지하는 방법,howto,tip,IRP 계좌를 해지하는 방법을 안내합니다.,slot_2step,2026-06-08T12:07:40.612910+00:00
02-irp-account-irp-jeolse-sang-pum,02-irp-account,02,irp-jeolse-sang-pum,IRP 절세 상품,IRP 계좌 절세 상품 추천,info,tip,IRP 계좌에서 활용할 수 있는 절세 상품을 추천합니다.,slot_2step,2026-06-08T12:07:40.612910+00:00
02-irp-account-irp-jong-ryu-so-teo,02-irp-account,02,irp-jong-ryu-so-teo,IRP 종류 비교,IRP 계좌 종류 비교 분석,compare,tip,다양한 IRP 계좌의 종류를 비교 분석합니다.,slot_2step,2026-06-08T12:07:40.612910+00:00
02-irp-account-irp-lis-keu-gwan-ri,02-irp-account,02,irp-lis-keu-gwan-ri,IRP 리스크 관리,IRP 계좌 리스크 관리 전략,info,tip,IRP 계좌의 리스크를 효과적으로 관리하는 전략을 제시합니다.,slot_2step,2026-06-08T12:07:40.612910+00:00
02-irp-account-irp-se-geub-jul-yak,02-irp-account,02,irp-se-geub-jul-yak,IRP 세금 절약,IRP 계좌 세금 절약하는 법,info,tip,IRP 계좌를 통해 세금을 절약하는 방법을 알려드립니다.,slot_2step,2026-06-08T12:07:40.612910+00:00
02-irp-account-irp-susulyo-jul-gam,02-irp-account,02,irp-susulyo-jul-gam,IRP 수수료 절감,IRP 계좌 수수료 절감 방법,info,tip,IRP 계좌의 수수료를 절감하는 방법을 알려드립니다.,slot_2step,2026-06-08T12:07:40.612910+00:00
02-irp-account-irp-tujae-chll-lang,02-irp-account,02,irp-tujae-chll-lang,IRP 투자 전략,IRP 계좌 투자 전략 가이드,info,tip,IRP 계좌를 통한 투자 전략을 제시합니다.,slot_2step,2026-06-08T12:07:40.612910+00:00
02-irp-account-irp-uui-gab-ip-gigan,02-irp-account,02,irp-uui-gab-ip-gigan,IRP 의무 가입,IRP 계좌 의무 가입 기간 안내,info,tip,IRP 계좌의 의무 가입 기간에 대해 자세히 설명합니다.,slot_2step,2026-06-08T12:07:40.612910+00:00
02-irp-account-irp-wun-yong-gaideu,02-irp-account,02,irp-wun-yong-gaideu,IRP 운용 가이드,IRP 계좌 운용 가이드라인,info,tip,IRP 계좌의 운용에 대한 가이드라인을 제공합니다.,slot_2step,2026-06-08T12:07:40.612910+00:00
02-irp-account-irp-yea-gae-seol,02-irp-account,02,irp-yea-gae-seol,IRP 계좌 개설,IRP 계좌 개설 방법과 절차,howto,tip,IRP 계좌를 개설하는 방법과 절차를 안내합니다.,slot_2step,2026-06-08T12:07:40.612910+00:00
02-irp-account-irp-yeon-geum-sul-yong,02-irp-account,02,irp-yeon-geum-sul-yong,IRP 연금 수령,IRP 계좌 연금 수령 방법,howto,tip,IRP 계좌를 통한 연금 수령 방법을 알려드립니다.,slot_2step,2026-06-08T12:07:40.612910+00:00
02-irp-account-irp-yeumchul-loan-option,02-irp-account,02,irp-yeumchul-loan-option,IRP 계좌 대출,IRP 계좌 대출 옵션 및 한도 안내,info,tip,IRP 계좌의 대출 옵션을 활용하여 자금을 조달하는 방법을 알아보세요.,slot_2step,2026-06-08T12:07:40.612910+00:00
02-kr-stocks-analyzing-individual-stocks,02-kr-stocks,02,analyzing-individual-stocks,개별 종목 분석,개별 종목 분석 방법 및 전략,info,tip,개별 종목의 분석 방법과 전략에 대한 정보,slot_2step,2026-06-08T12:11:43.454585+00:00
02-kr-stocks-beginner-stock-investment-strategy,02-kr-stocks,02,beginner-stock-investment-strategy,초보 투자자 주식 전략,초보 투자자를 위한 국내 주식 투자 전략,info,tip,국내 주식 시장에서 성공적인 투자를 위한 초보 투자자 전략,slot_2step,2026-06-08T12:13:03.278923+00:00
02-kr-stocks-checking-korean-stock-market-status,02-kr-stocks,02,checking-korean-stock-market-status,국내 증시 현황,국내 증시 현황 조회 방법,info,tip,국내 증시의 현재 현황을 조회하는 방법에 대한 정보,slot_2step,2026-06-08T12:11:43.454585+00:00
02-kr-stocks-common-mistakes-for-beginner-stock-investors,02-kr-stocks,02,common-mistakes-for-beginner-stock-investors,주식 투자 초보자 주의사항,주식 투자 초보자가 피해야 할 실수,info,tip,주식 투자 초보자가 주의해야 할 사항을 알려드립니다.,slot_2step,2026-06-08T12:11:43.454585+00:00
02-kr-stocks-comparing-stock-trading-fees,02-kr-stocks,02,comparing-stock-trading-fees,주식 거래 수수료,주식 거래 수수료 비교 분석,info,tip,주식 거래 수수료를 비교하는 방법에 대한 정보,slot_2step,2026-06-08T12:11:43.454585+00:00
02-kr-stocks-creating-investment-strategies,02-kr-stocks,02,creating-investment-strategies,투자 전략 수립,투자 전략 세우기 위한 가이드,howto,tip,효과적인 투자 전략을 수립하는 방법에 대한 가이드,slot_2step,2026-06-08T12:11:43.454585+00:00
02-kr-stocks-criteria-for-selecting-stocks,02-kr-stocks,02,criteria-for-selecting-stocks,종목 선정 기준,종목 선정 기준 및 방법,info,tip,종목을 선정하는 기준과 방법에 대한 정보,slot_2step,2026-06-08T12:11:43.454585+00:00
02-kr-stocks-domestic-stock-investment-for-beginners,02-kr-stocks,02,domestic-stock-investment-for-beginners,국내 주식 투자 가이드,국내 주식 투자 beginners 가이드,info,tip,국내 주식 투자 beginners를 위한 초보자 가이드,slot_2step,2026-06-08T12:13:03.278923+00:00
02-kr-stocks-domestic-stock-market-analysis,02-kr-stocks,02,domestic-stock-market-analysis,국내 증시 현황 분석,국내 증시 현황 분석 및 투자 전략,info,tip,국내 증시 현황을 분석하고 투자 전략을 세우는 방법,slot_2step,2026-06-08T12:13:03.278923+00:00
02-kr-stocks-domestic-stock-market-trend-analysis,02-kr-stocks,02,domestic-stock-market-trend-analysis,국내 주식 시장 전망,국내 주식 시장 동향 분석 및 전망,info,tip,국내 주식 시장의 최신 동향과 전망을 분석합니다.,slot_2step,2026-06-08T12:11:43.454585+00:00
02-kr-stocks-domestic-stock-trading-fees,02-kr-stocks,02,domestic-stock-trading-fees,국내 주식 거래 수수료 비교,국내 주식 거래 수수료 안내,info,tip,국내 주식 거래 수수료를 비교하고 절약하는 방법을 알려드립니다.,slot_2step,2026-06-08T12:13:03.278923+00:00
02-kr-stocks-domestic-stock-trading-volume-analysis,02-kr-stocks,02,domestic-stock-trading-volume-analysis,국내 주식 거래량 데이터,국내 주식 거래량 분석 및 해석,info,tip,국내 주식 거래량 데이터를 분석합니다.,slot_2step,2026-06-08T12:11:43.454585+00:00
02-kr-stocks-getting-started-with-korean-stocks,02-kr-stocks,02,getting-started-with-korean-stocks,국내 주식 시작하기,국내 주식 투자 시작하는 법,howto,tip,국내 주식 투자를 처음 시작하는 사람들을 위한 가이드,slot_2step,2026-06-08T12:11:43.454585+00:00
02-kr-stocks-growth-stock-investment-methodology,02-kr-stocks,02,growth-stock-investment-methodology,성장주 투자 방법론,성장주 투자 방법론 및 전략,howto,tip,성장주에 투자하는 방법론과 전략,slot_2step,2026-06-08T12:13:03.278923+00:00
02-kr-stocks-individual-stock-analysis-methods,02-kr-stocks,02,individual-stock-analysis-methods,개별 종목 분석 방법,개별 종목 분석 방법 및 투자 전략,howto,tip,개별 종목을 분석하는 방법과 투자 전략,slot_2step,2026-06-08T12:13:03.278923+00:00
02-kr-stocks-individual-stock-recommendation-indicators,02-kr-stocks,02,individual-stock-recommendation-indicators,개별 종목 추천 지표 분석,개별 종목 분석 지표,info,tip,개별 종목을 추천하는 데 도움이 되는 지표들을 분석합니다.,slot_2step,2026-06-08T12:13:03.278923+00:00
02-kr-stocks-investment-portfolio-diversification,02-kr-stocks,02,investment-portfolio-diversification,투자 포트폴리오 다각화 전략,투자 포트폴리오 다각화 방법,info,tip,안전한 투자를 위한 포트폴리오 다각화 전략을 공유합니다.,slot_2step,2026-06-08T12:13:03.278923+00:00
02-kr-stocks-investment-strategies-for-beginners,02-kr-stocks,02,investment-strategies-for-beginners,초보자 투자 전략,초보자를 위한 투자 전략 및 가이드,info,tip,초보자를 위한 투자 전략과 가이드,slot_2step,2026-06-08T12:13:03.278923+00:00
02-kr-stocks-korean-stock-market-news-updates,02-kr-stocks,02,korean-stock-market-news-updates,국내 주식 뉴스,국내 주식 뉴스 업데이트,info,tip,국내 주식 시장에 대한 최신 뉴스 업데이트,slot_2step,2026-06-08T12:11:43.454585+00:00
02-kr-stocks-managing-investment-portfolios,02-kr-stocks,02,managing-investment-portfolios,투자 포트폴리오,투자 포트폴리오 관리 방법,howto,tip,투자 포트폴리오를 효과적으로 관리하는 방법에 대한 가이드,slot_2step,2026-06-08T12:11:43.454585+00:00
02-kr-stocks-managing-stock-investment-risks,02-kr-stocks,02,managing-stock-investment-risks,주식 투자 리스크,주식 투자 리스크 관리 방법,howto,tip,주식 투자와 관련된 리스크를 관리하는 방법에 대한 가이드,slot_2step,2026-06-08T12:11:43.454585+00:00
02-kr-stocks-predicting-stock-market-outlook,02-kr-stocks,02,predicting-stock-market-outlook,주식 시장 전망,주식 시장 전망 예측 방법,info,tip,주식 시장의 전망을 예측하는 방법에 대한 정보,slot_2step,2026-06-08T12:11:43.454585+00:00
02-kr-stocks-setting-investment-goals,02-kr-stocks,02,setting-investment-goals,투자 목표 설정,투자 목표 설정 방법,howto,tip,효과적인 투자 목표를 설정하는 방법에 대한 가이드,slot_2step,2026-06-08T12:11:43.454585+00:00
02-kr-stocks-stock-investing-guide-for-beginners,02-kr-stocks,02,stock-investing-guide-for-beginners,주식 투자 가이드,주식 투자 beginners 가이드,howto,tip,주식 투자를 처음 시작하는 사람들을 위한 가이드,slot_2step,2026-06-08T12:11:43.454585+00:00
02-kr-stocks-stock-investment-information-sites,02-kr-stocks,02,stock-investment-information-sites,주식 투자 정보 사이트 추천,주식 투자 정보 사이트 모음,info,tip,주식 투자에 도움이 되는 정보 사이트를 추천합니다.,slot_2step,2026-06-08T12:13:03.278923+00:00
02-kr-stocks-stock-investment-risk-management,02-kr-stocks,02,stock-investment-risk-management,주식 투자 위험 관리,주식 투자 위험 관리 및 전략,info,tip,주식 투자 위험을 관리하는 전략,slot_2step,2026-06-08T12:13:03.278923+00:00
02-kr-stocks-stock-investment-tax-saving,02-kr-stocks,02,stock-investment-tax-saving,주식 투자 세금 절세 방법,주식 투자 세금 절세 전략,info,tip,주식 투자로 인한 세금 부담을 줄이는 방법을 알려드립니다.,slot_2step,2026-06-08T12:13:03.278923+00:00
02-kr-stocks-stock-market-outlook-prediction,02-kr-stocks,02,stock-market-outlook-prediction,주식 시장 전망 예측,주식 시장 전망 예측 및 투자 전략,info,tip,주식 시장 전망을 예측하고 투자 전략을 세우는 방법,slot_2step,2026-06-08T12:13:03.278923+00:00
02-kr-stocks-stock-market-volatility-analysis,02-kr-stocks,02,stock-market-volatility-analysis,주식 시장 변동성 분석 도구,주식 시장 변동성 분석,info,tip,주식 시장의 변동성을 분석하고 예측하는 방법을 알려드립니다.,slot_2step,2026-06-08T12:13:03.278923+00:00
02-kr-stocks-value-stock-investment-strategies,02-kr-stocks,02,value-stock-investment-strategies,가치주 투자 전략,가치주 투자 전략 및 비교 분석,info,tip,가치주 투자 전략과 비교 분석,slot_2step,2026-06-08T12:13:03.278923+00:00
02-lease-vs-rent-imdaein-wolse-gwanlibi,02-lease-vs-rent,02,imdaein-wolse-gwanlibi,임대인 월세 관리비,임대인이 알아야 할 월세 관리비 부과 기준,info,tip,임대인이 알아야 할 월세 관리비 부과 기준을 알려드립니다.,slot_2step,2026-06-08T12:08:10.772851+00:00
02-lease-vs-rent-jeonse-contract-termination,02-lease-vs-rent,02,jeonse-contract-termination,전세계약파기,전세 계약 파기 시 주의사항,info,tip,전세 계약 파기 시 주의해야 할 사항들을 알아보세요.,slot_2step,2026-06-08T12:08:10.772851+00:00
02-lease-vs-rent-jeonse-vs-wolse-different,02-lease-vs-rent,02,jeonse-vs-wolse-different,전세월세차이점,전세와 월세 차이점 완벽 정리,info,tip,전세와 월세의 차이점을 알아보고 자신에게 맞는 주거 형태를 선택하세요.,slot_2step,2026-06-08T12:08:10.772851+00:00
02-lease-vs-rent-jeonse-vs-wolse-tuja,02-lease-vs-rent,02,jeonse-vs-wolse-tuja,전세 vs 월세 투자,전세와 월세 투자 비교 분석,info,tip,전세와 월세 투자의 장단점과 전략을 비교 분석합니다.,slot_2step,2026-06-08T12:08:10.772851+00:00
02-lease-vs-rent-jeonse-wolse-beobjeop-munje,02-lease-vs-rent,02,jeonse-wolse-beobjeop-munje,전세 월세 법적 문제,전세와 월세 법적 문제와 해결 방안,info,tip,전세와 월세 관련 법적 문제와 해결 방안을 소개합니다.,slot_2step,2026-06-08T12:08:10.772851+00:00
02-lease-vs-rent-jeonse-wolse-beoheom,02-lease-vs-rent,02,jeonse-wolse-beoheom,전세 월세 보험,전세와 월세 보험 가입 방법과 혜택,info,tip,전세와 월세 보험의 차이점과 가입 방법을 알려드립니다.,slot_2step,2026-06-08T12:08:10.772851+00:00
02-lease-vs-rent-jeonse-wolse-chayi-seeipja,02-lease-vs-rent,02,jeonse-wolse-chayi-seeipja,전세 월세 차이 세입자,세입자가 알아야 할 전세와 월세 차이,info,tip,세입자가 알아야 할 전세와 월세의 차이점을 설명합니다.,slot_2step,2026-06-08T12:08:10.772851+00:00
02-lease-vs-rent-jeonse-wolse-conversion-calculator,02-lease-vs-rent,02,jeonse-wolse-conversion-calculator,전세월세전환계산기,전세 월세 전환 계산기 사용법,info,tip,전세 월세 전환 계산기를 사용하여 자신의 부담을 계산해보세요.,slot_2step,2026-06-08T12:08:10.772851+00:00
02-lease-vs-rent-jeonse-wolse-tax,02-lease-vs-rent,02,jeonse-wolse-tax,전세월세세금,전세와 월세 세금 비교하기,info,tip,전세와 월세의 세금 부담을 비교하고 절세하는 방법을 알아보세요.,slot_2step,2026-06-08T12:08:10.772851+00:00
02-lease-vs-rent-rental-contract-strategy,02-lease-vs-rent,02,rental-contract-strategy,임대차계약전략,임대차 계약 전략 및 팁,howto,tip,임대차 계약 시 알아야 할 전략 및 팁을 알아보세요.,slot_2step,2026-06-08T12:08:10.772851+00:00
02-lease-vs-rent-wolse-jeonse-contract-conversion,02-lease-vs-rent,02,wolse-jeonse-contract-conversion,월세전세계약전환,월세 전세계약 전환 방법,howto,tip,월세를 전세계약으로 전환하는 방법을 알아보세요.,slot_2step,2026-06-08T12:08:10.772851+00:00
02-lease-vs-rent-wolse-living-tips,02-lease-vs-rent,02,wolse-living-tips,월세사는법,월세 사는 법 및 절세 팁,howto,tip,월세 사는 법과 절세하는 방법을 알아보세요.,slot_2step,2026-06-08T12:08:10.772851+00:00
02-lease-vs-rent-wolse-pros-and-cons,02-lease-vs-rent,02,wolse-pros-and-cons,월세장단점,월세의 장단점 분석과 절세 팁,info,tip,월세의 장단점을 분석하고 절세하는 방법을 알아보세요.,slot_2step,2026-06-08T12:08:10.772851+00:00
02-lease-vs-rent-wolse-saneun-beop,02-lease-vs-rent,02,wolse-saneun-beop,월세 사는 법,월세로 사는 법과 절약 팁,howto,tip,월세로 살 때 알아야 할 절약 팁과 방법을 소개합니다.,slot_2step,2026-06-08T12:08:10.772851+00:00
02-lease-vs-rent-youth-jeonse-wolse-support,02-lease-vs-rent,02,youth-jeonse-wolse-support,청년전세월세지원,청년 전세 월세 지원 정책 알아보기,info,tip,청년들을 위한 전세 월세 지원 정책을 알아보세요.,slot_2step,2026-06-08T12:08:10.772851+00:00
02-living-cost-saving-agi-yongpum-yeo-reo-hae-ge-muae,02-living-cost-saving,02,agi-yongpum-yeo-reo-hae-ge-muae,아기 용품 저렴하게 구매,아기 용품 저렴하게 사기,info,tip,아기 용품을 저렴하게 구매할 수 있는 방법들을 공유합니다.,slot_2step,2026-06-08T12:09:43.248885+00:00
02-living-cost-saving-aldeulpon-yoynge-joahpyo,02-living-cost-saving,02,aldeulpon-yoynge-joahpyo,알뜰폰 요금제,알뜰폰 요금제 비교하고 생활비 절약하기,info,tip,다양한 알뜰폰 요금제 비교를 통해 저렴한 요금제를 선택하는 방법,slot_2step,2026-06-08T12:09:43.248885+00:00
02-living-cost-saving-dae-hagsaeng-gyesan-yoynge,02-living-cost-saving,02,dae-hagsaeng-gyesan-yoynge,대학생 생활비 예산,대학생 생활비 예산 관리하는 법,info,tip,대학생을 위한 생활비 예산 관리 팁,slot_2step,2026-06-08T12:09:43.248885+00:00
02-living-cost-saving-ginoe-suhwamul-jul-ineun,02-living-cost-saving,02,ginoe-suhwamul-jul-ineun,기내 수화물 줄이기,기내 수화물 줄이는 방법과 팁,howto,tip,여행을 위한 기내 수화물 줄이기 가이드,slot_2step,2026-06-08T12:09:43.248885+00:00
02-living-cost-saving-jubu-pointeu-jeom-jeob-il-bangbeob,02-living-cost-saving,02,jubu-pointeu-jeom-jeob-il-bangbeob,주부 포인트 적립 방법,주부들을 위한 포인트 적립 꿀팁,info,tip,주부들이 일상생활에서 포인트를 적립할 수 있는 방법들을 소개합니다.,slot_2step,2026-06-08T12:09:43.248885+00:00
02-living-cost-saving-jung-gocha-gumae-jeol-yag-tib,02-living-cost-saving,02,jung-gocha-gumae-jeol-yag-tib,중고차 구매 절약 팁,중고차 구매할 때 절약하는 법,info,tip,중고차를 구매할 때 절약할 수 있는 팁들을 소개합니다.,slot_2step,2026-06-08T12:09:43.248885+00:00
02-living-cost-saving-kaemping-yoli-biyong-jul-ineun,02-living-cost-saving,02,kaemping-yoli-biyong-jul-ineun,캠핑 요리 비용,캠핑 요리 비용 줄이는 똑똑한 방법,info,tip,캠핑 요리 비용을 절약할 수 있는 실용적인 팁,slot_2step,2026-06-08T12:09:43.248885+00:00
02-living-cost-saving-noin-boheom-jeol-yag,02-living-cost-saving,02,noin-boheom-jeol-yag,노인 보험 절약,노인 보험료 절약하는 똑똑한 방법,info,tip,노인을 위한 보험 절약 팁과 전략,slot_2step,2026-06-08T12:09:43.248885+00:00
02-living-cost-saving-online-shopping-point-utilization,02-living-cost-saving,02,online-shopping-point-utilization,온라인 쇼핑 포인트 모으기,온라인 쇼핑 포인트 활용법|매일 쌓이는 포인트,info,tip,온라인 쇼핑 시 포인트를 효과적으로 활용하는 방법을 소개합니다.,slot_2step,2026-06-08T12:09:43.248885+00:00
02-living-cost-saving-seumateu-phon-aebteh,02-living-cost-saving,02,seumateu-phon-aebteh,스마트폰 앱테크,스마트폰 앱테크 활용법과 꿀팁,info,tip,스마트폰 앱을 활용한 생활비 절약 방법,slot_2step,2026-06-08T12:09:43.248885+00:00
02-living-cost-saving-siglyopum-hwalin-mart-bigyoeobs,02-living-cost-saving,02,siglyopum-hwalin-mart-bigyoeobs,식료품 할인마트 비교분석,식료품 할인마트 어디가 좋을까,info,tip,식료품 할인마트들을 비교 분석하여 소개합니다.,slot_2step,2026-06-08T12:09:43.248885+00:00
02-living-cost-saving-sinhonbubu-jutae-jeol-se-jeon-lag,02-living-cost-saving,02,sinhonbubu-jutae-jeol-se-jeon-lag,신혼부부 주택 절세 전략,신혼부부 주택 절세의 모든 것,info,tip,신혼부부가 주택을 구매할 때 절세할 수 있는 전략을 소개합니다.,slot_2step,2026-06-08T12:09:43.248885+00:00
02-living-cost-saving-travel-insurance-selection-guide,02-living-cost-saving,02,travel-insurance-selection-guide,여행자 보험 가입 팁,여행자 보험 선택 가이드|알뜰하게 가입하는 법,info,tip,여행자 보험 선택 시 고려해야 할 사항과 알뜰하게 가입하는 방법을 알려드립니다.,slot_2step,2026-06-08T12:09:43.248885+00:00
02-living-cost-saving-ui-yakpum-hal-in,02-living-cost-saving,02,ui-yakpum-hal-in,의약품 할인,의약품 할인 받는 법과 꿀팁,info,tip,의약품 할인을 받을 수 있는 방법과 팁,slot_2step,2026-06-08T12:09:43.248885+00:00
02-living-cost-saving-yeohaeng-gyeongbi-jeol-yag-nohauw,02-living-cost-saving,02,yeohaeng-gyeongbi-jeol-yag-nohauw,여행 경비 절약 노하우,여행 경비 아끼는 똑똑한 방법,info,tip,여행 경비를 절약할 수 있는 똑똑한 방법들을 공유합니다.,slot_2step,2026-06-08T12:09:43.248885+00:00
02-loan-interest-rate-credit-loan-credit-score-impact,02-loan-interest-rate,02,credit-loan-credit-score-impact,신용대출 신용등급 영향 분석,신용대출과 신용등급 관계,info,tip,신용대출이 신용등급에 미치는 영향을 분석합니다.,slot_2step,2026-06-08T12:08:26.002038+00:00
02-loan-interest-rate-credit-loan-interest-calculation,02-loan-interest-rate,02,credit-loan-interest-calculation,신용대출 이자 계산,신용대출 이자 계산 방법,info,tip,신용대출 이자 계산법을 통해 월 상환액을 미리 확인하세요.,slot_2step,2026-06-08T12:08:26.002038+00:00
02-loan-interest-rate-high-interest-loan-conversion-guide,02-loan-interest-rate,02,high-interest-loan-conversion-guide,고금리 대출 전환 방법,고금리 대출 전환 가이드,info,tip,고금리 대출을 낮은 금리로 전환하는 방법을 알려드립니다.,slot_2step,2026-06-08T12:08:26.002038+00:00
02-loan-interest-rate-housing-loan-insurance-premium,02-loan-interest-rate,02,housing-loan-insurance-premium,주택담보대출 보험료,주택담보대출 보험료 알아보기,cost,tip,주택담보대출 보험료를 이해하여 추가 비용을 절약하세요.,slot_2step,2026-06-08T12:08:26.002038+00:00
02-loan-interest-rate-housing-loan-rate-comparison,02-loan-interest-rate,02,housing-loan-rate-comparison,주택담보대출 금리 비교,주택담보대출 금리 비교하기,info,tip,주택담보대출 금리 비교를 통해 이자 부담을 줄이는 방법을 알려드립니다.,slot_2step,2026-06-08T12:08:26.002038+00:00
02-loan-interest-rate-housing-loan-repayment-method,02-loan-interest-rate,02,housing-loan-repayment-method,주택담보대출 상환 방법,주택담보대출 상환 방법 선택하기,howto,tip,주택담보대출 상환 방법을 선택하여 효율적으로 대출금을 상환하세요.,slot_2step,2026-06-08T12:08:26.002038+00:00
02-loan-interest-rate-loan-interest-rate-comparison-sites,02-loan-interest-rate,02,loan-interest-rate-comparison-sites,대출 금리 비교 사이트 추천,대출 금리 비교 사이트 모음,info,tip,다양한 대출 금리 비교 사이트를 추천합니다.,slot_2step,2026-06-08T12:08:26.002038+00:00
02-loan-interest-rate-loan-interest-rate-fixed-vs-variable,02-loan-interest-rate,02,loan-interest-rate-fixed-vs-variable,대출 금리 고정 vs 변동 차이,대출 금리 고정 vs 변동 비교,info,tip,대출 금리 고정과 변동의 차이점을 비교합니다.,slot_2step,2026-06-08T12:08:26.002038+00:00
02-loan-interest-rate-loan-interest-rate-regulations,02-loan-interest-rate,02,loan-interest-rate-regulations,대출 금리 관련 법규 정보,대출 금리 관련 법규 안내,info,tip,대출 금리 관련 법규 정보를 제공합니다.,slot_2step,2026-06-08T12:08:26.002038+00:00
02-loan-interest-rate-loan-rate-fluctuation-cycle,02-loan-interest-rate,02,loan-rate-fluctuation-cycle,대출 금리 변동 주기,대출 금리 변동 주기 이해하기,info,tip,대출 금리 변동 주기를 파악하여 금리 변동에 대비하세요.,slot_2step,2026-06-08T12:08:26.002038+00:00
02-loan-interest-rate-loan-rate-reduction-negotiation,02-loan-interest-rate,02,loan-rate-reduction-negotiation,대출 금리 인하 협상,대출 금리 인하 협상하기,howto,tip,대출 금리 인하 협상을 통해 금리 인하를 요구하세요.,slot_2step,2026-06-08T12:08:26.002038+00:00
02-loan-interest-rate-loan-rate-reduction-request,02-loan-interest-rate,02,loan-rate-reduction-request,대출 금리 인하 요구,대출 금리 인하 요구권 행사하기,info,tip,대출 금리 인하 요구권을 통해 이자 부담을 줄이세요.,slot_2step,2026-06-08T12:08:26.002038+00:00
02-loan-interest-rate-loan-rate-trend-analysis,02-loan-interest-rate,02,loan-rate-trend-analysis,대출 금리 동향 분석,대출 금리 동향 분석하기,info,tip,대출 금리 동향 분석을 통해 금리 변동을 예측하세요.,slot_2step,2026-06-08T12:08:26.002038+00:00
02-loan-interest-rate-mortgage-insurance-premium-calculation,02-loan-interest-rate,02,mortgage-insurance-premium-calculation,주택담보대출 보험료 계산,주택담보대출 보험료 계산 방법,cost,tip,주택담보대출 보험료 계산 방법을 알려드립니다.,slot_2step,2026-06-08T12:08:26.002038+00:00
02-loan-interest-rate-youth-loan-rate-benefit,02-loan-interest-rate,02,youth-loan-rate-benefit,청년 대출 금리 혜택,청년 대출 금리 혜택 알아보기,info,tip,청년 대출 금리 혜택을 통해 저렴한 금리로 대출받으세요.,slot_2step,2026-06-08T12:08:26.002038+00:00
02-real-estate-subscription-apartment-sale-schedule-check,02-real-estate-subscription,02,apartment-sale-schedule-check,아파트 분양 일정 확인,아파트 분양 일정 확인과 준비,info,tip,아파트 분양 일정을 확인하고 준비하는 방법을 알려드립니다.,slot_2step,2026-06-08T12:07:54.529074+00:00
02-real-estate-subscription-apartment-subscription-winning-strategy,02-real-estate-subscription,02,apartment-subscription-winning-strategy,아파트 청약 당첨 전략,아파트 청약 당첨 전략 및 노하우,info,tip,아파트 청약 당첨을 위한 전략과 노하우를 공유합니다.,slot_2step,2026-06-08T12:07:54.529074+00:00
02-real-estate-subscription-housing-sale-info-inquiry-method,02-real-estate-subscription,02,housing-sale-info-inquiry-method,분양 정보 조회 방법,분양 정보 조회 방법과 사이트 모음,howto,tip,분양 정보를 쉽게 조회하는 방법을 알려드립니다.,slot_2step,2026-06-08T12:07:54.529074+00:00
02-real-estate-subscription-housing-sale-price-calculation,02-real-estate-subscription,02,housing-sale-price-calculation,분양가 계산 방법,분양가 계산 방법과 예시,howto,tip,분양가 계산 방법을 자세히 안내합니다.,slot_2step,2026-06-08T12:07:54.529074+00:00
02-real-estate-subscription-new-development-info-sites,02-real-estate-subscription,02,new-development-info-sites,분양 정보 사이트,분양 정보 사이트 모음 및 분양 소식,info,tip,분양 정보 사이트를 모아서 제공합니다.,slot_2step,2026-06-08T12:07:54.529074+00:00
02-real-estate-subscription-real-estate-investment-analysis,02-real-estate-subscription,02,real-estate-investment-analysis,부동산 투자 분석법,부동산 투자 분석법과 전략,info,tip,부동산 투자 분석법을 자세히 안내합니다.,slot_2step,2026-06-08T12:07:54.529074+00:00
02-real-estate-subscription-real-estate-market-outlook,02-real-estate-subscription,02,real-estate-market-outlook,부동산 시장 전망,부동산 시장 전망 분석 및 예측,info,tip,부동산 시장 전망을 분석하고 예측합니다.,slot_2step,2026-06-08T12:07:54.529074+00:00
02-real-estate-subscription-real-estate-subscription-qualification,02-real-estate-subscription,02,real-estate-subscription-qualification,부동산 청약 자격 조건,부동산 청약 자격 조건 완벽 가이드,info,tip,부동산 청약 자격 조건을 알아보고 성공적인 청약을 준비하세요.,slot_2step,2026-06-08T12:07:54.529074+00:00
02-real-estate-subscription-real-estate-subscription-regulation,02-real-estate-subscription,02,real-estate-subscription-regulation,부동산 청약 관련 법규,부동산 청약 관련 법규와 규정,info,tip,부동산 청약 관련 법규를 안내합니다.,slot_2step,2026-06-08T12:07:54.529074+00:00
02-real-estate-subscription-real-estate-subscription-type-comparison,02-real-estate-subscription,02,real-estate-subscription-type-comparison,부동산 청약 종류 비교,부동산 청약 종류와 특징 비교,compare,tip,부동산 청약 종류를 비교하고 특징을 분석합니다.,slot_2step,2026-06-08T12:07:54.529074+00:00
02-real-estate-subscription-subscription-application-form-guidelines,02-real-estate-subscription,02,subscription-application-form-guidelines,청약 신청서 작성법,청약 신청서 작성법과 주의사항,howto,tip,청약 신청서 작성법을 자세히 안내합니다.,slot_2step,2026-06-08T12:07:54.529074+00:00
02-real-estate-subscription-subscription-failure-case-analysis,02-real-estate-subscription,02,subscription-failure-case-analysis,청약 실패 사례,청약 실패 사례 분석 및 개선 방안,info,tip,청약 실패 사례를 분석하고 개선 방안을 제시합니다.,slot_2step,2026-06-08T12:07:54.529074+00:00
02-real-estate-subscription-subscription-preparation-checklist,02-real-estate-subscription,02,subscription-preparation-checklist,청약 준비물 체크리스트,청약 준비물 체크리스트와 안내,howto,tip,청약 준비물을 체크하고 안내합니다.,slot_2step,2026-06-08T12:07:54.529074+00:00
02-real-estate-subscription-subscription-system-guidelines,02-real-estate-subscription,02,subscription-system-guidelines,청약 시스템 사용법,청약 시스템 사용법과 안내,howto,tip,청약 시스템 사용법을 자세히 안내합니다.,slot_2step,2026-06-08T12:07:54.529074+00:00
02-real-estate-subscription-subscription-winning-procedure,02-real-estate-subscription,02,subscription-winning-procedure,청약 당첨 후 절차,청약 당첨 후 절차와 주의사항,info,tip,청약 당첨 후 절차를 안내합니다.,slot_2step,2026-06-08T12:07:54.529074+00:00
02-retirement-savings-gaein-yeongum-wa-yeongumjeochug-chayi,02-retirement-savings,02,gaein-yeongum-wa-yeongumjeochug-chayi,개인연금과 연금저축 차이점,개인연금과 연금저축 차이점,compare,tip,개인연금과 연금저축의 차이점을 비교해 보세요.,slot_2step,2026-06-08T12:07:25.433817+00:00
02-retirement-savings-gugmin-yeongum-wa-yeongumjeochug-chayi,02-retirement-savings,02,gugmin-yeongum-wa-yeongumjeochug-chayi,국민연금과 연금저축 차이점,국민연금과 연금저축 차이점,compare,tip,국민연금과 연금저축의 차이점을 비교해 보세요.,slot_2step,2026-06-08T12:07:25.433817+00:00
02-retirement-savings-pension-savings-faq,02-retirement-savings,02,pension-savings-faq,연금저축 자주 묻는 질문,연금저축 FAQ 질문과 답변,info,tip,연금저축에 관한 자주 묻는 질문과 답변을 제공합니다.,slot_2step,2026-06-08T12:07:25.433817+00:00
02-retirement-savings-pension-savings-pros-and-cons,02-retirement-savings,02,pension-savings-pros-and-cons,연금저축 장단점 분석,연금저축의 장단점과 활용법,info,tip,연금저축의 장단점을 분석하고 효과적으로 활용하는 방법을 알려드립니다.,slot_2step,2026-06-08T12:07:25.433817+00:00
02-retirement-savings-pension-savings-regulations,02-retirement-savings,02,pension-savings-regulations,연금저축 관련 법규,연금저축 법규 및 세제 혜택,info,tip,연금저축과 관련된 법규와 세제 혜택을 설명합니다.,slot_2step,2026-06-08T12:07:25.433817+00:00
02-retirement-savings-toe-jig-yeongum-wa-yeongumjeochug-chayi,02-retirement-savings,02,toe-jig-yeongum-wa-yeongumjeochug-chayi,퇴직연금과 연금저축 차이점,퇴직연금과 연금저축 차이점,compare,tip,퇴직연금과 연금저축의 차이점을 비교해 보세요.,slot_2step,2026-06-08T12:07:25.433817+00:00
02-retirement-savings-yeongumjeochug-boheom-gab-ip,02-retirement-savings,02,yeongumjeochug-boheom-gab-ip,연금저축 보험 가입,연금저축 보험 가입 정보,info,tip,연금저축 보험 가입에 대해 알아보세요.,slot_2step,2026-06-08T12:07:25.433817+00:00
02-retirement-savings-yeongumjeochug-eunhaeng-byeol-bigyog,02-retirement-savings,02,yeongumjeochug-eunhaeng-byeol-bigyog,연금저축 은행별 비교,연금저축 은행별 비교,compare,tip,연금저축 은행별 비교를 해보세요.,slot_2step,2026-06-08T12:07:25.433817+00:00
02-retirement-savings-yeongumjeochug-gyejwa-ggeseol,02-retirement-savings,02,yeongumjeochug-gyejwa-ggeseol,연금저축 계좌 개설,연금저축 계좌 개설 방법,info,tip,연금저축 계좌 개설 방법을 알아보세요.,slot_2step,2026-06-08T12:07:25.433817+00:00
02-retirement-savings-yeongumjeochug-nab-ip-gigan,02-retirement-savings,02,yeongumjeochug-nab-ip-gigan,연금저축 납입 기간,연금저축 납입 기간 정보,info,tip,연금저축 납입 기간에 대해 알아보세요.,slot_2step,2026-06-08T12:07:25.433817+00:00
02-retirement-savings-yeongumjeochug-peondeu-tuja-bangbeob,02-retirement-savings,02,yeongumjeochug-peondeu-tuja-bangbeob,연금저축펀드 투자방법,연금저축펀드 투자 방법,howto,tip,연금저축펀드 투자 방법을 알아보세요.,slot_2step,2026-06-08T12:07:25.433817+00:00
02-retirement-savings-yeongumjeochug-poteu-pollio-jeonlyag,02-retirement-savings,02,yeongumjeochug-poteu-pollio-jeonlyag,연금저축 포트폴리오 전략,연금저축 포트폴리오 전략,howto,tip,연금저축 포트폴리오 전략을 알아보세요.,slot_2step,2026-06-08T12:07:25.433817+00:00
02-retirement-savings-yeongumjeochug-seagongje-hando,02-retirement-savings,02,yeongumjeochug-seagongje-hando,연금저축 세액공제 한도,연금저축 세액공제 한도,info,tip,연금저축 세액공제 한도에 대해 알아보세요.,slot_2step,2026-06-08T12:07:25.433817+00:00
02-retirement-savings-yeongumjeochug-segeum-hyegug,02-retirement-savings,02,yeongumjeochug-segeum-hyegug,연금저축 세금 혜택,연금저축 세금 혜택 정보,info,tip,연금저축 세금 혜택에 대해 알아보세요.,slot_2step,2026-06-08T12:07:25.433817+00:00
02-retirement-savings-yeongumjeochug-tuja-sangpum,02-retirement-savings,02,yeongumjeochug-tuja-sangpum,연금저축 투자 상품,연금저축 투자 상품 정보,info,tip,연금저축 투자 상품에 대해 알아보세요.,slot_2step,2026-06-08T12:07:25.433817+00:00
02-small-business-support-ecommerce-startup-costs,02-small-business-support,02,ecommerce-startup-costs,온라인 쇼핑몰 창업 초기 비용,온라인 쇼핑몰 창업 비용 절감,info,tip,온라인 쇼핑몰 창업 비용과 절감 방법을 제공합니다.,slot_2step,2026-06-08T12:14:05.942434+00:00
02-small-business-support-effective-marketing-for-small-business,02-small-business-support,02,effective-marketing-for-small-business,효과적인 소상공인 마케팅 전략,소상공인 마케팅 성공 사례,howto,tip,성공적인 소상공인 마케팅 전략과 방법을 제공합니다.,slot_2step,2026-06-08T12:14:05.942434+00:00
02-small-business-support-export-support-strategies-for-small-businesses,02-small-business-support,02,export-support-strategies-for-small-businesses,소상공인 수출 지원 전략,소상공인 수출 지원 전략 가이드,info,tip,소상공인의 수출을 지원하는 전략을 제공합니다.,slot_2step,2026-06-08T12:13:10.069465+00:00
02-small-business-support-franchise-startup-cost-reduction,02-small-business-support,02,franchise-startup-cost-reduction,프랜차이즈 창업 비용 절감,프랜차이즈 창업 비용 효율적으로 줄이는 법,info,tip,프랜차이즈 창업 비용을 절감할 수 있는 실용적인 팁과 전략을 제공합니다.,slot_2step,2026-06-08T12:14:05.942434+00:00
02-small-business-support-franchise-startup-cost-reduction-2,02-small-business-support,02,franchise-startup-cost-reduction-2,프랜차이즈 창업 비용 절감,프랜차이즈 창업 비용 줄이는 법,info,tip,프랜차이즈 창업 시 비용 절감을 위한 전략과 노하우를 제공합니다.,slot_2step,2026-06-08T12:16:44.499679+00:00
02-small-business-support-free-legal-support-for-small-businesses,02-small-business-support,02,free-legal-support-for-small-businesses,소상공인 법률 무료 상담,소상공인을 위한 무료 법률 지원 서비스,info,tip,소상공인을 위한 무료 법률 상담 및 지원 서비스를 제공합니다.,slot_2step,2026-06-08T12:14:05.942434+00:00
02-small-business-support-government-small-business-support,02-small-business-support,02,government-small-business-support,정부 소상공인 지원 사업,정부 소상공인 지원 정책 안내,info,tip,정부의 소상공인 지원 정책과 사업을 제공합니다.,slot_2step,2026-06-08T12:14:05.942434+00:00
02-small-business-support-government-support-for-small-businesses,02-small-business-support,02,government-support-for-small-businesses,소상공인 정부 지원 정책,소상공인 정부 지원 정책 종류,info,tip,소상공인을 위한 다양한 정부 지원 정책 정보를 제공합니다.,slot_2step,2026-06-08T12:13:10.069465+00:00
02-small-business-support-government-support-for-small-businesses-2,02-small-business-support,02,government-support-for-small-businesses-2,소상공인 정부 지원 사업,소상공인 정부 지원 사업 신청 방법과 혜택,howto,tip,소상공인을 위한 정부 지원 사업 신청 방법과 혜택을 제공합니다.,slot_2step,2026-06-08T12:16:44.499679+00:00
02-small-business-support-government-support-for-small-businesses-3,02-small-business-support,02,government-support-for-small-businesses-3,소상공인 정부 지원 정책,소상공인 정부 지원 정책 종류,info,tip,소상공인을 위한 다양한 정부 지원 정책과 혜택을 소개합니다.,slot_2step,2026-06-08T12:16:44.499679+00:00
02-small-business-support-increase-small-business-sales,02-small-business-support,02,increase-small-business-sales,소상공인 매출 증가 전략,소상공인 매출 올리는 법,howto,tip,소상공인 매출 증가를 위한 전략과 방법을 제공합니다.,slot_2step,2026-06-08T12:14:05.942434+00:00
02-small-business-support-legal-consulting-for-small-businesses,02-small-business-support,02,legal-consulting-for-small-businesses,소상공인 법률 상담 서비스,소상공인을 위한 법률 상담 서비스,info,tip,소상공인을 위한 법률 상담 서비스를 제공합니다.,slot_2step,2026-06-08T12:13:10.069465+00:00
02-small-business-support-local-small-business-support-center,02-small-business-support,02,local-small-business-support-center,지역별 소상공인 지원 센터,지역 소상공인 지원 센터 안내,info,tip,지역별 소상공인 지원 센터의 위치와 지원 서비스를 소개합니다.,slot_2step,2026-06-08T12:16:44.499679+00:00
02-small-business-support-market-analysis-for-small-business-export,02-small-business-support,02,market-analysis-for-small-business-export,소상공인 수출 시장 분석,소상공인 수출 성공을 위한 시장 분석 가이드,info,tip,소상공인의 수출 성공을 위한 시장 분석 및 전략을 제공합니다.,slot_2step,2026-06-08T12:14:05.942434+00:00
02-small-business-support-online-marketing-strategy-for-small-business,02-small-business-support,02,online-marketing-strategy-for-small-business,온라인 마케팅 전략,소상공인을 위한 온라인 마케팅 전략,howto,tip,효과적인 온라인 마케팅 방법,slot_2step,2026-06-08T12:13:10.069465+00:00
02-small-business-support-online-shopping-mall-startup-guide,02-small-business-support,02,online-shopping-mall-startup-guide,온라인 쇼핑몰 창업 가이드,온라인 쇼핑몰 창업 가이드와 팁,info,tip,온라인 쇼핑몰 창업을 위한 가이드와 팁을 제공합니다.,slot_2step,2026-06-08T12:16:44.499679+00:00
02-small-business-support-online-shopping-mall-startup-support,02-small-business-support,02,online-shopping-mall-startup-support,온라인 쇼핑몰 창업 지원,온라인 쇼핑몰 창업 지원 정책,info,tip,온라인 쇼핑몰 창업을 위한 지원 정보,slot_2step,2026-06-08T12:13:10.069465+00:00
02-small-business-support-small-business-accounting,02-small-business-support,02,small-business-accounting,소상공인 회계 관리 방법,소상공인 회계 관리 가이드,howto,tip,소상공인 회계 관리 방법과 팁을 제공합니다.,slot_2step,2026-06-08T12:14:05.942434+00:00
02-small-business-support-small-business-accounting-management,02-small-business-support,02,small-business-accounting-management,소상공인 회계 프로그램,소상공인 회계 관리 쉽게 하는 방법,howto,tip,소상공인을 위한 효율적인 회계 관리 방법과 도구를 소개합니다.,slot_2step,2026-06-08T12:14:05.942434+00:00
02-small-business-support-small-business-consulting,02-small-business-support,02,small-business-consulting,소상공인 경영 컨설팅 서비스,소상공인 경영 컨설팅 받는 법,info,tip,소상공인 경영 컨설팅 정보와 서비스를 제공합니다.,slot_2step,2026-06-08T12:14:05.942434+00:00
02-small-business-support-small-business-credit-management,02-small-business-support,02,small-business-credit-management,소상공인 신용 관리,소상공인을 위한 신용 관리 가이드,howto,tip,소상공인을 위한 신용 관리 정보,slot_2step,2026-06-08T12:13:10.069465+00:00
02-small-business-support-small-business-customer-service-improvement,02-small-business-support,02,small-business-customer-service-improvement,소상공인 고객 서비스 향상,소상공인 고객 서비스 향상 방법,howto,tip,고객 서비스 향상을 통해 소상공인의 경쟁력을 강화하는 방법을 알려드립니다.,slot_2step,2026-06-08T12:14:05.942434+00:00
02-small-business-support-small-business-education-training,02-small-business-support,02,small-business-education-training,소상공인 교육 훈련 프로그램,소상공인 교육 훈련 프로그램 안내,info,tip,소상공인의 성장을 위한 교육 훈련 프로그램을 소개합니다.,slot_2step,2026-06-08T12:13:10.069465+00:00
02-small-business-support-small-business-employment-support-system,02-small-business-support,02,small-business-employment-support-system,소상공인 고용 지원 제도,소상공인 고용 지원 제도 안내,info,tip,소상공인의 인력난 해소를 위한 고용 지원 제도를 소개합니다.,slot_2step,2026-06-08T12:16:44.499679+00:00
02-small-business-support-small-business-financial-consulting,02-small-business-support,02,small-business-financial-consulting,소상공인 금융 상담,소상공인을 위한 금융 상담 서비스,info,tip,소상공인을 위한 금융 상담 정보,slot_2step,2026-06-08T12:13:10.069465+00:00
02-small-business-support-small-business-financial-consulting-2,02-small-business-support,02,small-business-financial-consulting-2,소상공인 금융 상담 서비스,소상공인 금융 상담 받는 법,howto,tip,소상공인 금융 상담 서비스와 받는 법을 제공합니다.,slot_2step,2026-06-08T12:14:05.942434+00:00
02-small-business-support-small-business-insurance,02-small-business-support,02,small-business-insurance,소상공인 보험 가입,소상공인을 위한 보험 가입 가이드,howto,tip,소상공인을 위한 보험 가입 정보,slot_2step,2026-06-08T12:13:10.069465+00:00
02-small-business-support-small-business-insurance-guide,02-small-business-support,02,small-business-insurance-guide,소상공인 보험 가입 가이드,소상공인을 위한 보험 가입 가이드,howto,tip,소상공인을 위한 보험 가입 방법을 안내합니다.,slot_2step,2026-06-08T12:16:44.499679+00:00
02-small-business-support-small-business-insurance-types,02-small-business-support,02,small-business-insurance-types,소상공인 필수 보험 종류,소상공인 보험 가입 가이드,info,tip,소상공인에게 필요한 보험 종류와 가입 정보를 제공합니다.,slot_2step,2026-06-08T12:14:05.942434+00:00
02-small-business-support-small-business-legal-support,02-small-business-support,02,small-business-legal-support,소상공인 법률 지원 서비스,소상공인을 위한 법률 지원 서비스,info,tip,소상공인을 위한 법률 지원 서비스 정보를 제공합니다.,slot_2step,2026-06-08T12:16:44.499679+00:00
02-small-business-support-small-business-loan-types,02-small-business-support,02,small-business-loan-types,소상공인 대출 종류,소상공인 대출 종류와 신청 방법,info,tip,소상공인을 위한 다양한 대출 종류와 신청 방법을 소개합니다.,slot_2step,2026-06-08T12:16:44.499679+00:00
02-small-business-support-small-business-management-consulting,02-small-business-support,02,small-business-management-consulting,소상공인 경영 컨설팅,소상공인을 위한 경영 컨설팅 서비스,info,tip,소상공인을 위한 경영 컨설팅 정보,slot_2step,2026-06-08T12:13:10.069465+00:00
02-small-business-support-small-business-management-consulting-2,02-small-business-support,02,small-business-management-consulting-2,소상공인 경영 컨설팅 서비스,소상공인 경영 컨설팅 서비스 소개,info,tip,소상공인을 위한 경영 컨설팅 서비스 정보를 제공합니다.,slot_2step,2026-06-08T12:16:44.499679+00:00
02-small-business-support-small-business-marketing-strategy,02-small-business-support,02,small-business-marketing-strategy,소상공인 마케팅 전략,효과적인 소상공인 마케팅 방법,info,tip,예산과 자원을 효율적으로 활용한 소상공인 마케팅 전략을 제시합니다.,slot_2step,2026-06-08T12:16:44.499679+00:00
02-small-business-support-small-business-safety-management,02-small-business-support,02,small-business-safety-management,소상공인 안전 관리,소상공인을 위한 안전 관리 가이드,howto,tip,소상공인을 위한 안전 관리 정보,slot_2step,2026-06-08T12:13:10.069465+00:00
02-small-business-support-small-business-security-solution,02-small-business-support,02,small-business-security-solution,소상공인 대상 보안 솔루션,소상공인을 위한 보안 솔루션 추천,info,tip,소상공인의 데이터와 자산을 보호하기 위한 보안 솔루션을 제안합니다.,slot_2step,2026-06-08T12:16:44.499679+00:00
02-small-business-support-small-business-startup-loan,02-small-business-support,02,small-business-startup-loan,소상공인 창업 대출,소상공인 창업 대출 받는 법,info,tip,창업을 위한 소상공인 대출 정보,slot_2step,2026-06-08T12:13:10.069465+00:00
02-small-business-support-small-business-startup-loan-2,02-small-business-support,02,small-business-startup-loan-2,소상공인 창업 대출 정보,소상공인 창업 대출 받는 법,info,tip,소상공인 창업 대출 정보와 팁을 제공합니다.,slot_2step,2026-06-08T12:14:05.942434+00:00
02-small-business-support-small-business-tax-benefits,02-small-business-support,02,small-business-tax-benefits,소상공인 세금 절세 방법,소상공인 세금 감면 받는 법,info,tip,소상공인 세금 감면 방법과 절세 팁을 제공합니다.,slot_2step,2026-06-08T12:14:05.942434+00:00
02-small-business-support-small-business-tax-report,02-small-business-support,02,small-business-tax-report,소상공인 세금 신고,소상공인 세금 신고 방법,info,tip,소상공인을 위한 세금 신고 가이드,slot_2step,2026-06-08T12:13:10.069465+00:00
02-small-business-support-small-business-tax-saving,02-small-business-support,02,small-business-tax-saving,소상공인 세금 절세 방법,소상공인 세금 절세 방법과 혜택,info,tip,소상공인을 위한 세금 절세 방법과 혜택을 제공합니다.,slot_2step,2026-06-08T12:16:44.499679+00:00
02-small-business-support-startup-failure-case-studies,02-small-business-support,02,startup-failure-case-studies,창업 실패 사례,창업 실패 사례 분석과 성공 전략,info,tip,창업 실패 사례를 분석하고 성공 전략을 제시합니다.,slot_2step,2026-06-08T12:16:44.499679+00:00
02-small-business-support-startup-funding-support,02-small-business-support,02,startup-funding-support,창업 준비 자금 지원 정책,창업 준비 자금 지원 정책과 절차,info,tip,창업을 위한 자금 지원 정책과 절차를 안내합니다.,slot_2step,2026-06-08T12:16:44.499679+00:00
02-small-business-support-technical-development-support-for-small-businesses,02-small-business-support,02,technical-development-support-for-small-businesses,소상공인 기술 개발 지원 사업,소상공인 기술 개발 지원 사업 안내,info,tip,소상공인의 기술 개발을 지원하는 사업을 소개합니다.,slot_2step,2026-06-08T12:13:10.069465+00:00
02-small-business-support-traditional-market-activation-plan,02-small-business-support,02,traditional-market-activation-plan,전통시장 활성화 방안,전통시장 활성화 방안과 정책,info,tip,전통시장 활성화를 위한 방안과 정책,slot_2step,2026-06-08T12:13:10.069465+00:00
02-startup-funding-disabled-startup-support,02-startup-funding,02,disabled-startup-support,장애인 창업 지원 서비스,장애인 창업 지원 서비스 안내,info,tip,장애인 창업자를 위한 다양한 지원 서비스를 소개합니다.,slot_2step,2026-06-08T12:14:25.858544+00:00
02-startup-funding-early-stage-startup-funding-management,02-startup-funding,02,early-stage-startup-funding-management,창업 초기 자금 관리,창업 초기 자금 관리 전략,howto,tip,창업 초기 효과적인 자금 관리를 위한 전략을 제공합니다.,slot_2step,2026-06-08T12:13:26.727059+00:00
02-startup-funding-government-overseas-startup-support-programs,02-startup-funding,02,government-overseas-startup-support-programs,해외 창업 지원 프로그램,해외 창업 지원 프로그램 종류 및 신청 방법,info,tip,해외 창업을 준비하는 사람들을 위한 정부 지원 프로그램 정보를 제공합니다.,slot_2step,2026-06-08T12:17:39.847100+00:00
02-startup-funding-government-startup-support-programs,02-startup-funding,02,government-startup-support-programs,정부 창업 지원 사업,정부 창업 지원 사업 안내,info,tip,창업을 위한 정부 지원 사업과 그 내용을 소개합니다.,slot_2step,2026-06-08T12:13:26.727059+00:00
02-startup-funding-government-startup-support-programs-2,02-startup-funding,02,government-startup-support-programs-2,정부 창업 지원 사업,창업 지원 사업 종류와 신청 방법,info,tip,정부에서 지원하는 다양한 창업 지원 사업 정보를 제공합니다.,slot_2step,2026-06-08T12:17:39.847100+00:00
02-startup-funding-government-support-for-tech-startups,02-startup-funding,02,government-support-for-tech-startups,기술 창업 정부 지원,기술 창업 지원 서비스 종류와 신청 방법,info,tip,창업을 위한 정부 지원 서비스와 신청 방법을 소개합니다.,slot_2step,2026-06-08T12:14:25.858544+00:00
02-startup-funding-low-cost-startup-plan,02-startup-funding,02,low-cost-startup-plan,소자본 창업 계획,돈 없이 창업하기 소자본 창업 계획,howto,tip,초기 비용 부담을 줄인 소자본 창업 계획을 세우는 방법을 알려드립니다.,slot_2step,2026-06-08T12:17:39.847100+00:00
02-startup-funding-managing-startup-funds,02-startup-funding,02,managing-startup-funds,창업 자금 계획 세우기,성공적인 창업 자금 관리 방법,howto,tip,창업 자금을 효율적으로 관리하는 방법을 알려드립니다.,slot_2step,2026-06-08T12:14:25.858544+00:00
02-startup-funding-online-startup-funding-options,02-startup-funding,02,online-startup-funding-options,온라인 창업 자금 조달,온라인으로 창업 자금 조달하기,howto,tip,온라인을 통해 창업 자금을 조달하는 방법을 안내합니다.,slot_2step,2026-06-08T12:13:26.727059+00:00
02-startup-funding-online-startup-guide,02-startup-funding,02,online-startup-guide,온라인 창업 가이드,온라인 창업 가이드와 성공 전략,howto,tip,온라인 창업을 위한 가이드와 성공 전략을 제공합니다.,slot_2step,2026-06-08T12:17:39.847100+00:00
02-startup-funding-small-business-funding,02-startup-funding,02,small-business-funding,소상공인 자금 지원,소상공인 자금 지원 프로그램,info,tip,소상공인을 위한 다양한 자금 지원 프로그램을 소개합니다.,slot_2step,2026-06-08T12:14:25.858544+00:00
02-startup-funding-small-business-government-support,02-startup-funding,02,small-business-government-support,소상공인 지원 사업,소상공인 정부 지원 사업 안내,info,tip,소상공인을 위한 정부 지원 사업을 소개합니다.,slot_2step,2026-06-08T12:17:39.847100+00:00
02-startup-funding-small-business-loan-conditions,02-startup-funding,02,small-business-loan-conditions,소상공인 대출 조건,소상공인 대출 조건과 혜택,info,tip,소상공인을 위한 대출 조건과 혜택을 설명합니다.,slot_2step,2026-06-08T12:13:26.727059+00:00
02-startup-funding-small-business-startup-loan,02-startup-funding,02,small-business-startup-loan,중소기업 창업 대출,중소기업 창업 대출 종류와 신청 방법,info,tip,중소기업 창업 대출의 종류와 신청 방법을 알려드립니다.,slot_2step,2026-06-08T12:13:26.727059+00:00
02-startup-funding-solving-startup-funding-shortages,02-startup-funding,02,solving-startup-funding-shortages,창업 자금 부족 해결법,창업 자금 부족 문제 해결 방법,info,tip,창업 자금 부족 문제를 해결할 수 있는 다양한 방법을 제시합니다.,slot_2step,2026-06-08T12:13:26.727059+00:00
02-startup-funding-startup-credit-loan-limits,02-startup-funding,02,startup-credit-loan-limits,창업 신용 대출 한도,창업 신용 대출 한도와 조건,info,tip,창업 신용 대출의 한도와 조건을 설명합니다.,slot_2step,2026-06-08T12:13:26.727059+00:00
02-startup-funding-startup-failure-case-analysis,02-startup-funding,02,startup-failure-case-analysis,창업 실패 사례 분석,창업 실패 사례와 원인 분석,info,tip,창업 실패 사례를 분석하고 그 원인을 알려드립니다.,slot_2step,2026-06-08T12:13:26.727059+00:00
02-startup-funding-startup-failure-case-studies,02-startup-funding,02,startup-failure-case-studies,창업 실패 사례,창업 실패 사례 분석과 교훈,info,tip,창업 실패 사례를 분석하고 그로부터 얻는 교훈을 제공합니다.,slot_2step,2026-06-08T12:17:39.847100+00:00
02-startup-funding-startup-funding-investment,02-startup-funding,02,startup-funding-investment,창업 자금 투자 유치 방법,창업 자금 투자 유치 전략,howto,tip,창업 자금을 투자 유치하는 전략과 방법을 알려드립니다.,slot_2step,2026-06-08T12:14:25.858544+00:00
02-startup-funding-startup-funding-investment-2,02-startup-funding,02,startup-funding-investment-2,투자 유치 전략,창업 자금 투자 유치 방법과 전략,howto,tip,성공적인 창업 자금 투자 유치를 위한 전략을 알려드립니다.,slot_2step,2026-06-08T12:17:39.847100+00:00
02-startup-funding-startup-funding-investment-strategies,02-startup-funding,02,startup-funding-investment-strategies,창업 자금 투자 유치 방법,창업 자금 투자 유치 전략,howto,tip,성공적인 창업 자금 투자 유치를 위한 전략과 방법을 제공합니다.,slot_2step,2026-06-08T12:13:26.727059+00:00
02-startup-funding-startup-funding-management,02-startup-funding,02,startup-funding-management,창업 자금 관리 방법,창업 자금 관리 방법과 전략,howto,tip,창업 자금을 효율적으로 관리하는 방법과 전략을 알려드립니다.,slot_2step,2026-06-08T12:14:25.858544+00:00
02-startup-funding-startup-funding-planning,02-startup-funding,02,startup-funding-planning,창업 준비 자금 계획,창업 준비를 위한 자금 계획 수립,howto,tip,창업을 위한 효과적인 자금 계획을 수립하는 방법을 안내합니다.,slot_2step,2026-06-08T12:13:26.727059+00:00
02-startup-funding-startup-funding-planning-tips,02-startup-funding,02,startup-funding-planning-tips,창업 자금 계획,성공적인 창업 자금 마련 전략,howto,tip,창업 자금을 마련하는 데 필요한 전략과 팁을 제공합니다.,slot_2step,2026-06-08T12:17:39.847100+00:00
02-startup-funding-startup-funding-strategy,02-startup-funding,02,startup-funding-strategy,창업 자금 조달 전략,창업 자금 조달 전략과 방법,howto,tip,창업 자금을 효과적으로 조달하는 전략과 방법을 알려드립니다.,slot_2step,2026-06-08T12:14:25.858544+00:00
02-startup-funding-startup-funding-strategy-2,02-startup-funding,02,startup-funding-strategy-2,창업 투자 유치 전략,성공적인 창업 투자 유치 전략,howto,tip,창업 성공을 위한 효과적인 투자 유치 전략을 소개합니다.,slot_2step,2026-06-08T12:17:39.847100+00:00
02-startup-funding-startup-guarantee-loan-difference,02-startup-funding,02,startup-guarantee-loan-difference,창업 보증 대출 차이,창업 보증 대출과 일반 대출 차이점,info,tip,창업 보증 대출과 일반 대출의 차이점을 알려드립니다.,slot_2step,2026-06-08T12:13:26.727059+00:00
02-startup-funding-startup-investment-review,02-startup-funding,02,startup-investment-review,창업 자금 투자 검토,창업 자금 투자 검토 방법,howto,tip,창업 자금을 투자 검토하는 방법과 전략을 알려드립니다.,slot_2step,2026-06-08T12:14:25.858544+00:00
02-startup-funding-startup-investment-risk-management,02-startup-funding,02,startup-investment-risk-management,창업 자금 투자 리스크,창업 자금 투자 리스크 관리 방법,info,tip,창업 자금 투자 시 발생할 수 있는 리스크와 관리 방법을 알려드립니다.,slot_2step,2026-06-08T12:13:26.727059+00:00
02-startup-funding-startup-loan-interest-rate,02-startup-funding,02,startup-loan-interest-rate,창업 대출 금리,창업 대출 금리 비교와 선택 가이드,compare,tip,창업 대출 금리 비교와 최적의 선택을 위한 가이드를 제공합니다.,slot_2step,2026-06-08T12:17:39.847100+00:00
02-startup-funding-startup-loan-interest-support,02-startup-funding,02,startup-loan-interest-support,창업 자금 대출이자 지원,창업 자금 대출이자 지원 프로그램,info,tip,창업 자금을 위한 대출이자 지원 프로그램을 안내합니다.,slot_2step,2026-06-08T12:14:25.858544+00:00
02-startup-funding-startup-loan-types,02-startup-funding,02,startup-loan-types,창업 대출 종류,창업 대출 종류와 조건 비교,info,tip,창업을 위한 다양한 대출 종류와 조건을 비교 분석합니다.,slot_2step,2026-06-08T12:14:25.858544+00:00
02-startup-funding-startup-loan-types-comparison,02-startup-funding,02,startup-loan-types-comparison,창업 대출 종류,창업 대출 종류와 금리 비교,compare,tip,다양한 창업 대출 종류와 금리를 비교 분석합니다.,slot_2step,2026-06-08T12:17:39.847100+00:00
02-startup-funding-startup-preparation-checklist,02-startup-funding,02,startup-preparation-checklist,창업 준비 과정,창업 준비 체크리스트와 필수 사항,howto,tip,창업을 준비하는 데 필요한 체크리스트와 필수 사항을 안내합니다.,slot_2step,2026-06-08T12:17:39.847100+00:00
02-startup-funding-startup-support-centers,02-startup-funding,02,startup-support-centers,창업 지원 센터 찾기,지역별 창업 지원 센터 정보와 서비스,info,tip,지역별 창업 지원 센터 정보와 제공하는 서비스를 소개합니다.,slot_2step,2026-06-08T12:14:25.858544+00:00
02-startup-funding-startup-tax-saving-methods,02-startup-funding,02,startup-tax-saving-methods,창업 세금 절세,창업 세금 절세 방법과 전략,howto,tip,창업 시 세금을 절세하는 데 도움이 되는 방법과 전략을 제공합니다.,slot_2step,2026-06-08T12:17:39.847100+00:00
02-startup-funding-support-programs-for-startup-entrepreneurs,02-startup-funding,02,support-programs-for-startup-entrepreneurs,예비 창업자 지원 제도,예비 창업자 지원 프로그램 혜택과 신청 방법,info,tip,예비 창업자를 위한 지원 프로그램과 그 혜택을 소개합니다.,slot_2step,2026-06-08T12:14:25.858544+00:00
02-startup-funding-tax-benefits-for-startup-funds,02-startup-funding,02,tax-benefits-for-startup-funds,창업 자금 절세 방법,창업 자금 세금 혜택과 절세 전략,info,tip,창업 자금을 절세하는 방법과 세금 혜택을 알려드립니다.,slot_2step,2026-06-08T12:14:25.858544+00:00
02-startup-funding-types-of-startup-loans,02-startup-funding,02,types-of-startup-loans,창업 대출 종류,창업 대출 종류와 조건 비교,info,tip,창업을 위한 다양한 대출 종류와 그 조건을 비교 분석합니다.,slot_2step,2026-06-08T12:13:26.727059+00:00
02-startup-funding-venture-capital-investment-process,02-startup-funding,02,venture-capital-investment-process,벤처 캐피탈 투자 절차,벤처 캐피탈 투자 절차와 전략,howto,tip,벤처 캐피탈 투자 절차와 전략을 상세히 설명합니다.,slot_2step,2026-06-08T12:13:26.727059+00:00
02-startup-funding-women-entrepreneur-support,02-startup-funding,02,women-entrepreneur-support,여성 창업 지원,여성 창업 지원 센터와 프로그램,info,tip,여성 창업을 위한 지원 센터와 프로그램을 소개합니다.,slot_2step,2026-06-08T12:17:39.847100+00:00
02-startup-funding-women-startup-support,02-startup-funding,02,women-startup-support,여성 창업 지원 프로그램,여성 창업 지원 프로그램 안내,info,tip,여성 창업자를 위한 지원 프로그램 정보를 제공합니다.,slot_2step,2026-06-08T12:14:25.858544+00:00
02-startup-funding-women-startup-support-policies,02-startup-funding,02,women-startup-support-policies,여성 창업 지원 정책,여성 창업자를 위한 지원 정책,info,tip,여성 창업을 위한 정부 및 기관의 지원 정책을 소개합니다.,slot_2step,2026-06-08T12:13:26.727059+00:00
02-startup-funding-young-entrepreneur-loan,02-startup-funding,02,young-entrepreneur-loan,청년 창업 대출,청년 창업 대출 조건과 신청 방법,info,tip,청년 창업 대출 조건과 신청 방법을 알려드립니다.,slot_2step,2026-06-08T12:17:39.847100+00:00
02-startup-funding-youth-startup-support,02-startup-funding,02,youth-startup-support,청년 창업 지원 사업,청년 창업 지원 사업 안내,info,tip,청년 창업자를 위한 정부 지원 사업 정보를 제공합니다.,slot_2step,2026-06-08T12:14:25.858544+00:00
02-stock-beginner-making-money-with-stock-investment,02-stock-beginner,02,making-money-with-stock-investment,주식 투자 수익 창출,주식 투자로 돈 버는 방법,info,tip,주식 투자를 통해 수익을 창출하는 방법을 알려드립니다,slot_2step,2026-06-08T12:06:03.369708+00:00
02-stock-beginner-managing-debt-from-stock-investment,02-stock-beginner,02,managing-debt-from-stock-investment,주식 부채 관리 방법,주식 투자로 인한 부채 관리 전략,info,tip,주식 투자로 인한 부채를 효과적으로 관리하는 방법,slot_2step,2026-06-08T12:06:03.369708+00:00
02-stock-beginner-online-courses-for-stock-beginners,02-stock-beginner,02,online-courses-for-stock-beginners,주식 온라인 강의 추천,주식 입문자를 위한 온라인 강의 추천,info,tip,주식 입문자를 위한 온라인 강의 정보를 제공합니다.,slot_2step,2026-06-08T12:06:03.369708+00:00
02-stock-beginner-recommended-books-for-stock-beginners,02-stock-beginner,02,recommended-books-for-stock-beginners,주식 투자 추천 도서,주식 초보자를 위한 추천 도서,info,tip,주식 투자 초보자를 위한 추천 도서를 소개합니다,slot_2step,2026-06-08T12:06:03.369708+00:00
02-stock-beginner-stock-community-for-beginners,02-stock-beginner,02,stock-community-for-beginners,주식 커뮤니티 추천,주식 초보자를 위한 커뮤니티 추천,info,tip,주식 초보자를 위한 커뮤니티 정보를 제공합니다.,slot_2step,2026-06-08T12:06:03.369708+00:00
02-stock-beginner-stock-investment-and-financial-planning,02-stock-beginner,02,stock-investment-and-financial-planning,주식 재무 설계 전략,주식 투자와 재무 설계 전략,info,tip,주식 투자와 관련된 재무 설계 전략을 제공합니다.,slot_2step,2026-06-08T12:06:03.369708+00:00
02-stock-beginner-stock-investment-and-inflation,02-stock-beginner,02,stock-investment-and-inflation,주식 투자와 인플레이션,주식 투자와 물가 상승 이해하기,info,tip,주식 투자와 물가 상승의 관계를 이해하고 투자 전략을 세우는 방법,slot_2step,2026-06-08T12:06:03.369708+00:00
02-stock-beginner-stock-investment-and-interest-rate,02-stock-beginner,02,stock-investment-and-interest-rate,주식 금리 영향,주식 투자와 금리 관계 이해,info,tip,주식 투자와 금리 관계에 대해 설명합니다.,slot_2step,2026-06-08T12:06:03.369708+00:00
02-stock-beginner-stock-investment-and-tax,02-stock-beginner,02,stock-investment-and-tax,주식 세금 절세,"주식 투자와 세금, 절세 방법",info,tip,주식 투자와 관련된 세금 정보 및 절세 방법을 제공합니다.,slot_2step,2026-06-08T12:06:03.369708+00:00
02-stock-beginner-stock-investment-risk-management,02-stock-beginner,02,stock-investment-risk-management,주식 투자 리스크 관리,주식 투자 리스크 관리,info,tip,주식 투자 시 발생할 수 있는 리스크를 관리하는 방법,slot_2step,2026-06-08T12:06:03.369708+00:00
02-stock-beginner-stock-investment-starting-guide,02-stock-beginner,02,stock-investment-starting-guide,주식 투자 시작 가이드,주식 투자 시작하는 법,info,tip,주식 투자를 처음 시작하는 사람들을 위한 단계별 가이드,slot_2step,2026-06-08T12:06:03.369708+00:00
02-stock-beginner-stock-market-analysis-techniques,02-stock-beginner,02,stock-market-analysis-techniques,주식 시장 분석 기법,주식 시장 분석하는 방법,info,tip,주식 시장의 동향을 분석하는 방법을 소개합니다,slot_2step,2026-06-08T12:06:03.369708+00:00
02-stock-beginner-stock-terminology-for-beginners,02-stock-beginner,02,stock-terminology-for-beginners,주식 용어 사전,초보자를 위한 주식 용어 설명,info,tip,주식 투자에 필요한 기본 용어들을 설명합니다,slot_2step,2026-06-08T12:06:03.369708+00:00
02-stock-beginner-stock-trading-fee-comparison,02-stock-beginner,02,stock-trading-fee-comparison,주식 거래 수수료 비교,주식 거래 수수료 비교,compare,tip,다양한 증권사의 주식 거래 수수료를 비교합니다,slot_2step,2026-06-08T12:06:03.369708+00:00
02-stock-beginner-stock-trading-techniques,02-stock-beginner,02,stock-trading-techniques,주식 매매 기법,주식 시장에서의 매매 기법,info,tip,주식 시장에서의 효과적인 매매 기법을 제공합니다.,slot_2step,2026-06-08T12:06:03.369708+00:00
02-tax-saving-methods-business-registration-tax-savings,02-tax-saving-methods,02,business-registration-tax-savings,사업자 등록 세금 절약,사업자 등록 시 세금 절약하는 법,info,tip,사업자 등록 시 세금을 절약할 수 있는 방법을 알려드립니다.,slot_2step,2026-06-08T12:07:11.461316+00:00
02-tax-saving-methods-camping-site-tax-benefit,02-tax-saving-methods,02,camping-site-tax-benefit,캠핑장 세금 혜택,캠핑장 세금 혜택 받는 법,info,tip,캠핑장 운영 시 세금 혜택을 받는 방법을 소개합니다.,slot_2step,2026-06-08T12:07:11.461316+00:00
02-tax-saving-methods-car-insurance-tax-saving-tips,02-tax-saving-methods,02,car-insurance-tax-saving-tips,자동차 보험료 세금 절약,자동차 보험 세금 절약하는 방법,info,tip,자동차 보험료를 절약하고 세금 혜택을 받는 방법을 알아보세요.,slot_2step,2026-06-08T12:07:11.461316+00:00
02-tax-saving-methods-comprehensive-income-tax-declaration,02-tax-saving-methods,02,comprehensive-income-tax-declaration,종합소득세 신고,종합소득세 신고 방법,howto,tip,종합소득세 신고 방법을 안내합니다.,slot_2step,2026-06-08T12:07:11.461316+00:00
02-tax-saving-methods-education-expenses-tax-deduction,02-tax-saving-methods,02,education-expenses-tax-deduction,교육비 세금 공제,교육비 세금 공제 받는 방법,info,tip,교육비를 통해 세금 공제를 받는 법을 소개합니다.,slot_2step,2026-06-08T12:07:11.461316+00:00
02-tax-saving-methods-housing-loan-tax-saving,02-tax-saving-methods,02,housing-loan-tax-saving,주택담보대출 절세,주택담보대출 절세 전략,info,tip,주택담보대출 시 세금을 절약하는 방법을 알려드립니다.,slot_2step,2026-06-08T12:07:11.461316+00:00
02-tax-saving-methods-newlywed-tax-benefits,02-tax-saving-methods,02,newlywed-tax-benefits,신혼부부 세금 감면,신혼부부 세금 감면 혜택 받는 법,info,tip,신혼부부에게 주어지는 세금 감면 혜택을 소개합니다.,slot_2step,2026-06-08T12:07:11.461316+00:00
02-tax-saving-methods-overseas-travel-tax-refund,02-tax-saving-methods,02,overseas-travel-tax-refund,해외여행 세금 환급,해외여행 세금 환급 받는 법,info,tip,해외여행 시 세금을 환급받는 방법을 알려드립니다.,slot_2step,2026-06-08T12:07:11.461316+00:00
02-tax-saving-methods-parent-tax-support,02-tax-saving-methods,02,parent-tax-support,부모님 세금 지원,부모님 세금 지원 방법,info,tip,부모님의 세금을 지원하는 방법을 알려드립니다.,slot_2step,2026-06-08T12:07:11.461316+00:00
02-tax-saving-methods-real-estate-transaction-tax-calculation,02-tax-saving-methods,02,real-estate-transaction-tax-calculation,부동산 매매 세금 계산,부동산 매매 시 세금 계산 방법,info,tip,부동산 매매 시 발생하는 세금을 정확히 계산하는 법을 알려드립니다.,slot_2step,2026-06-08T12:07:11.461316+00:00
02-tax-saving-methods-retirement-savings-tax-benefits,02-tax-saving-methods,02,retirement-savings-tax-benefits,연금 저축 세금 혜택,연금 저축을 통한 세금 혜택,info,tip,연금 저축을 통해 받을 수 있는 세금 혜택을 소개합니다.,slot_2step,2026-06-08T12:07:11.461316+00:00
02-tax-saving-methods-self-employed-tax-reduction,02-tax-saving-methods,02,self-employed-tax-reduction,개인사업자 세금 절감,개인사업자 세금 줄이는 법,info,tip,개인사업자가 세금을 줄일 수 있는 방법을 소개합니다.,slot_2step,2026-06-08T12:07:11.461316+00:00
02-tax-saving-methods-small-business-owner-tax-saving-tips,02-tax-saving-methods,02,small-business-owner-tax-saving-tips,소상공인 세금 절감 전략,소상공인 세금 부담 줄이는 법,info,tip,합법적인 세금 절약 노하우를 통해 소상공인의 세금 부담을 줄여보세요.,slot_2step,2026-06-08T12:07:11.461316+00:00
02-tax-saving-methods-stock-investment-tax-saving,02-tax-saving-methods,02,stock-investment-tax-saving,주식 투자 세금 절감,주식 투자 세금 절약 팁,info,tip,주식 투자 시 세금을 절약하는 팁을 제공합니다.,slot_2step,2026-06-08T12:07:11.461316+00:00
02-tax-saving-methods-youth-entrepreneurship-tax-support,02-tax-saving-methods,02,youth-entrepreneurship-tax-support,청년 창업 세금 지원,청년 창업자를 위한 세금 지원 정책,info,tip,청년 창업자를 위한 다양한 세금 지원 정책을 알려드립니다.,slot_2step,2026-06-08T12:07:11.461316+00:00
02-time-deposit-recommendation-adgeum-gaib-bangbeop,02-time-deposit-recommendation,02,adgeum-gaib-bangbeop,적금 가입 방법 안내,적금 가입 방법 및 절차,howto,tip,적금 가입 방법 및 절차 정보,slot_2step,2026-06-08T12:10:45.610264+00:00
02-time-deposit-recommendation-adgeum-ija-neun-eunhaeng,02-time-deposit-recommendation,02,adgeum-ija-neun-eunhaeng,적금 이자 높은 은행,적금 이자가 높은 은행 순위,compare,tip,적금 이자가 높은 은행 순위 정보,slot_2step,2026-06-08T12:10:45.610264+00:00
02-time-deposit-recommendation-bigwa-se-adgeum-sang-pum,02-time-deposit-recommendation,02,bigwa-se-adgeum-sang-pum,비과세 적금 상품 정보,비과세 혜택을 주는 적금 상품,info,tip,비과세 혜택을 주는 적금 상품 정보,slot_2step,2026-06-08T12:10:45.610264+00:00
02-time-deposit-recommendation-cheong-nyeon-jutaeg-cheung-yak-adgeum-byeong-gyo,02-time-deposit-recommendation,02,cheong-nyeon-jutaeg-cheung-yak-adgeum-byeong-gyo,청년 주택청약 적금 비교,청년 주택청약 적금 상품 비교,compare,tip,청년 주택청약 적금 상품 비교 정보,slot_2step,2026-06-08T12:10:45.610264+00:00
02-time-deposit-recommendation-college-student-savings-plan,02-time-deposit-recommendation,02,college-student-savings-plan,대학생 목돈 만들기,대학생 목돈 만들기 전략,info,tip,대학생을 위한 목돈 만들기 전략을 알려드립니다.,slot_2step,2026-06-08T12:11:00.581066+00:00
02-time-deposit-recommendation-corporate-savings-plan,02-time-deposit-recommendation,02,corporate-savings-plan,회사원 목돈 만들기 적금,회사원을 위한 목돈 만들기 적금 상품,info,tip,회사원을 위한 효과적인 적금 상품을 소개합니다.,slot_2step,2026-06-08T12:10:45.610264+00:00
02-time-deposit-recommendation-dae-hag-saeng-cheo-adgeum-chuy-o,02-time-deposit-recommendation,02,dae-hag-saeng-cheo-adgeum-chuy-o,대학생 첫 적금 추천,대학생 첫 적금 추천 상품,info,tip,대학생을 위한 첫 적금 상품 정보,slot_2step,2026-06-08T12:10:45.610264+00:00
02-time-deposit-recommendation-dan-gi-gan-go-yul-adgeum,02-time-deposit-recommendation,02,dan-gi-gan-go-yul-adgeum,단기간 고금리 적금 상품,단기간 고금리 적금 상품 정보,info,tip,단기간에 고금리를 받을 수 있는 적금 상품 정보,slot_2step,2026-06-08T12:10:45.610264+00:00
02-time-deposit-recommendation-emergency-fund-savings-recommendation,02-time-deposit-recommendation,02,emergency-fund-savings-recommendation,비상금 적금 추천,비상금 마련을 위한 적금 추천,info,tip,비상금 마련을 위한 적금 상품을 추천합니다.,slot_2step,2026-06-08T12:11:00.581066+00:00
02-time-deposit-recommendation-eun-toe-jun-bi-adgeum,02-time-deposit-recommendation,02,eun-toe-jun-bi-adgeum,은퇴 준비를 위한 적금,은퇴를 위한 최고의 적금 상품,info,tip,은퇴를 준비하는 사람들을 위한 적금 상품 정보,slot_2step,2026-06-08T12:10:45.610264+00:00
02-time-deposit-recommendation-first-salary-savings-plan,02-time-deposit-recommendation,02,first-salary-savings-plan,첫 급여 적금 상품,첫 급여를 위한 목돈 적금 상품 추천,info,tip,첫 급여를 위한 목돈 적금 상품을 추천합니다.,slot_2step,2026-06-08T12:11:00.581066+00:00
02-time-deposit-recommendation-house-purchase-savings-plan,02-time-deposit-recommendation,02,house-purchase-savings-plan,주택 구매용 적금 플랜,주택 구매를 위한 목돈 만들기 적금 플랜,info,tip,주택 구매를 위한 효과적인 적금 플랜을 제공합니다.,slot_2step,2026-06-08T12:10:45.610264+00:00
02-time-deposit-recommendation-housing-subscription-savings,02-time-deposit-recommendation,02,housing-subscription-savings,주택청약 전용 적금,주택청약자를 위한 전용 적금 상품 추천,info,tip,주택청약자를 위한 전용 적금 상품을 추천합니다.,slot_2step,2026-06-08T12:11:00.581066+00:00
02-time-deposit-recommendation-jungdo-haeji-adgeum-chuli-bangbeop,02-time-deposit-recommendation,02,jungdo-haeji-adgeum-chuli-bangbeop,중도 해지 적금 처리 방법,중도 해지 시 적금 처리 방법,howto,tip,중도 해지 시 적금 처리 방법 정보,slot_2step,2026-06-08T12:10:45.610264+00:00
02-time-deposit-recommendation-kids-savings-products,02-time-deposit-recommendation,02,kids-savings-products,어린이 적금 상품 추천,어린이를 위한 적금 상품 추천,info,tip,어린이를 위한 인기 있는 적금 상품을 소개합니다.,slot_2step,2026-06-08T12:10:45.610264+00:00
02-time-deposit-recommendation-medium-interest-rate-savings-comparison,02-time-deposit-recommendation,02,medium-interest-rate-savings-comparison,중금리 적금 비교,중금리 적금 상품 비교 및 추천,compare,tip,중금리 적금 상품을 비교하고 추천해드립니다.,slot_2step,2026-06-08T12:11:00.581066+00:00
02-time-deposit-recommendation-newlywed-savings-recommendation,02-time-deposit-recommendation,02,newlywed-savings-recommendation,신혼부부 적금 추천,신혼부부 적금 추천 및 혜택,info,tip,신혼부부를 위한 적금 상품을 추천합니다.,slot_2step,2026-06-08T12:11:00.581066+00:00
02-time-deposit-recommendation-parents-gift-savings,02-time-deposit-recommendation,02,parents-gift-savings,부모님 선물 추천 적금,부모님 선물로 좋은 적금 상품 추천,info,tip,부모님 선물로 인기 있는 적금 상품을 소개합니다.,slot_2step,2026-06-08T12:10:45.610264+00:00
02-time-deposit-recommendation-retirement-savings-strategy,02-time-deposit-recommendation,02,retirement-savings-strategy,은퇴 적금 전략,은퇴를 위한 적금 전략 및 계획,info,tip,은퇴를 위한 적금 전략을 제시합니다.,slot_2step,2026-06-08T12:11:00.581066+00:00
02-time-deposit-recommendation-savings-interest-calculation,02-time-deposit-recommendation,02,savings-interest-calculation,적금 이자 계산,적금 이자 계산 방법 및 공식,howto,tip,적금 이자 계산 방법을 알려드립니다.,slot_2step,2026-06-08T12:11:00.581066+00:00
02-time-deposit-recommendation-savings-product-comparison,02-time-deposit-recommendation,02,savings-product-comparison,적금 상품 비교,적금 상품 비교 및 추천 가이드,compare,tip,다양한 적금 상품을 비교하고 추천해드립니다.,slot_2step,2026-06-08T12:11:00.581066+00:00
02-time-deposit-recommendation-savings-product-selection-guide,02-time-deposit-recommendation,02,savings-product-selection-guide,적금 상품 선택,적금 상품 선택 기준 및 가이드,info,tip,적금 상품 선택에 도움을 드립니다.,slot_2step,2026-06-08T12:11:00.581066+00:00
02-time-deposit-recommendation-savings-rate-hike-timing,02-time-deposit-recommendation,02,savings-rate-hike-timing,적금 금리 인상 전망,적금 금리 인상 시기 전망 및 추천 상품,info,tip,적금 금리 인상 시기와 추천 상품을 안내합니다.,slot_2step,2026-06-08T12:11:00.581066+00:00
02-time-deposit-recommendation-small-investment-savings-options,02-time-deposit-recommendation,02,small-investment-savings-options,소액 투자 가능한 적금,소액 투자자를 위한 적금 상품 추천,info,tip,소액 투자자를 위한 적금 상품을 추천합니다.,slot_2step,2026-06-08T12:11:00.581066+00:00
02-time-deposit-recommendation-so-aeg-adgeum-sang-pum-chuy-o,02-time-deposit-recommendation,02,so-aeg-adgeum-sang-pum-chuy-o,소액 적금 상품 추천,소액으로 시작하는 적금 상품,info,tip,소액으로 시작할 수 있는 적금 상품 정보,slot_2step,2026-06-08T12:10:45.610264+00:00
02-time-deposit-recommendation-travel-fund-high-interest-savings,02-time-deposit-recommendation,02,travel-fund-high-interest-savings,여행 자금 고금리 적금,여행 자금 마련을 위한 고금리 적금 상품 추천,info,tip,여행 자금을 마련하기 위한 고금리 적금 상품을 추천합니다.,slot_2step,2026-06-08T12:11:00.581066+00:00
02-time-deposit-recommendation-variable-interest-savings,02-time-deposit-recommendation,02,variable-interest-savings,금리 변동 적금 상품 정보,금리 변동 적금 상품의 특징과 장단점,info,tip,금리 변동 적금 상품의 특징과 장단점을 분석합니다.,slot_2step,2026-06-08T12:10:45.610264+00:00
02-time-deposit-recommendation-year-end-tax-benefit-savings,02-time-deposit-recommendation,02,year-end-tax-benefit-savings,연말정산 혜택 적금,연말정산 혜택을 주는 적금 상품 추천,info,tip,연말정산 혜택을 주는 적금 상품을 추천합니다.,slot_2step,2026-06-08T12:11:00.581066+00:00
02-time-deposit-recommendation-yeon-mal-jeong-san-adgeum-hyedam,02-time-deposit-recommendation,02,yeon-mal-jeong-san-adgeum-hyedam,연말정산 적금 혜택 정보,연말정산에 유리한 적금 상품,info,tip,연말정산에 유리한 적금 상품 정보,slot_2step,2026-06-08T12:10:45.610264+00:00
02-time-deposit-recommendation-young-high-interest-savings,02-time-deposit-recommendation,02,young-high-interest-savings,청년 고금리 적금,청년 고금리 적금 추천 TOP 5,info,tip,청년들을 위한 고금리 적금 상품을 소개합니다.,slot_2step,2026-06-08T12:11:00.581066+00:00
02-unemployment-benefits-apply-for-unemployment-benefits,02-unemployment-benefits,02,apply-for-unemployment-benefits,실업급여 신청 방법,실업급여 신청 절차와 필요 서류 안내,info,tip,실업급여를 신청하는 방법과 절차를 상세히 설명합니다.,slot_2step,2026-06-08T12:15:04.861794+00:00
02-unemployment-benefits-apply-for-unemployment-benefits-offline,02-unemployment-benefits,02,apply-for-unemployment-benefits-offline,실업급여 오프라인 신청,실업급여 오프라인 신청 방법,howto,tip,실업급여를 오프라인으로 신청하는 방법을 알려드립니다.,slot_2step,2026-06-08T12:12:33.269085+00:00
02-unemployment-benefits-apply-for-unemployment-benefits-online,02-unemployment-benefits,02,apply-for-unemployment-benefits-online,실업급여 온라인 신청,실업급여 온라인 신청 방법,howto,tip,실업급여를 온라인으로 신청하는 방법을 안내합니다.,slot_2step,2026-06-08T12:12:33.269085+00:00
02-unemployment-benefits-applying-for-unemployment-benefits-using-worknet,02-unemployment-benefits,02,applying-for-unemployment-benefits-using-worknet,워크넷 실업급여 신청,워크넷으로 실업급여 신청하는 법,howto,tip,워크넷을 이용해 실업급여를 신청하는 방법을 안내합니다.,slot_2step,2026-06-08T12:12:33.269085+00:00
02-unemployment-benefits-calculate-unemployment-benefits,02-unemployment-benefits,02,calculate-unemployment-benefits,실업급여 금액 계산,실업급여 수령 금액 계산 방법,info,tip,실업급여 수령 금액을 계산하는 방법을 설명합니다.,slot_2step,2026-06-08T12:15:04.861794+00:00
02-unemployment-benefits-calculate-unemployment-benefits-amount,02-unemployment-benefits,02,calculate-unemployment-benefits-amount,실업급여 수령 금액,실업급여 수령 금액 계산하기,info,tip,실업급여 수령 금액을 계산하는 방법을 알아보세요.,slot_2step,2026-06-08T12:12:33.269085+00:00
02-unemployment-benefits-cases-of-unemployment-benefits-not-being-paid,02-unemployment-benefits,02,cases-of-unemployment-benefits-not-being-paid,실업급여 미지급 사례,실업급여 미지급 사례와 대처 방법,info,issue,실업급여 미지급 사례와 대처 방법을 안내합니다.,slot_2step,2026-06-08T12:15:04.861794+00:00
02-unemployment-benefits-check-eligibility-for-unemployment-benefits,02-unemployment-benefits,02,check-eligibility-for-unemployment-benefits,실업급여 신청 자격,실업급여 신청 자격 확인 방법,info,tip,실업급여를 받기 위한 자격 조건을 확인하세요.,slot_2step,2026-06-08T12:12:33.269085+00:00
02-unemployment-benefits-check-eligibility-for-unemployment-benefits-2,02-unemployment-benefits,02,check-eligibility-for-unemployment-benefits-2,실업급여 대상자 확인,실업급여 대상자 확인 방법,info,tip,실업급여 대상자인지 확인하는 방법을 알려드립니다.,slot_2step,2026-06-08T12:12:33.269085+00:00
02-unemployment-benefits-documents-required-for-unemployment-benefits,02-unemployment-benefits,02,documents-required-for-unemployment-benefits,실업급여 신청 서류,실업급여 신청 서류 안내,howto,tip,실업급여 신청에 필요한 서류를 안내합니다.,slot_2step,2026-06-08T12:12:33.269085+00:00
02-unemployment-benefits-eligibility-for-unemployment-benefits,02-unemployment-benefits,02,eligibility-for-unemployment-benefits,실업급여 자격 요건,실업급여 수급 자격 조건 확인하기,info,tip,실업급여를 받기 위한 자격 조건을 자세히 안내합니다.,slot_2step,2026-06-08T12:15:04.861794+00:00
02-unemployment-benefits-employment-insurance-unemployment-benefit,02-unemployment-benefits,02,employment-insurance-unemployment-benefit,고용보험과 실업급여,고용보험과 실업급여의 관계,info,tip,고용보험과 실업급여의 관계를 설명합니다.,slot_2step,2026-06-08T12:15:04.861794+00:00
02-unemployment-benefits-how-to-receive-unemployment-benefits,02-unemployment-benefits,02,how-to-receive-unemployment-benefits,실업급여 받는 방법,실업급여 받는 방법 안내,howto,tip,실업급여를 받는 절차를 단계별로 설명합니다.,slot_2step,2026-06-08T12:12:33.269085+00:00
02-unemployment-benefits-how-to-receive-unemployment-benefits-2,02-unemployment-benefits,02,how-to-receive-unemployment-benefits-2,실업급여 받는 방법,실업급여 받는 법과 절차 안내,info,tip,실업급여를 받는 방법과 절차를 상세히 설명합니다.,slot_2step,2026-06-08T12:15:04.861794+00:00
02-unemployment-benefits-offline-unemployment-benefit-application,02-unemployment-benefits,02,offline-unemployment-benefit-application,오프라인 실업급여 신청,오프라인으로 실업급여 신청하기,info,tip,오프라인으로 실업급여를 신청하는 방법을 설명합니다.,slot_2step,2026-06-08T12:15:04.861794+00:00
02-unemployment-benefits-required-documents-for-unemployment-benefits,02-unemployment-benefits,02,required-documents-for-unemployment-benefits,실업급여 필요 서류,실업급여 신청에 필요한 서류는?,howto,tip,실업급여 신청에 필요한 서류를 안내합니다.,slot_2step,2026-06-08T12:12:33.269085+00:00
02-unemployment-benefits-sil-eobgeu-um-badneun-bang,02-unemployment-benefits,02,sil-eobgeu-um-badneun-bang,실업급여 받는 법,실업급여 받는 방법과 절차,howto,tip,실업급여를 받는 방법을 자세히 안내합니다.,slot_2step,2026-06-08T12:12:20.900066+00:00
02-unemployment-benefits-sil-eobgeu-um-chwie-eob-chujin,02-unemployment-benefits,02,sil-eobgeu-um-chwie-eob-chujin,취업 촉진 지원,실업급여와 취업 촉진 지원,info,tip,실업급여와 취업 촉진 지원의 관계를 설명합니다.,slot_2step,2026-06-08T12:12:20.900066+00:00
02-unemployment-benefits-sil-eobgeu-um-dae-sangja,02-unemployment-benefits,02,sil-eobgeu-um-dae-sangja,실업급여 대상자 확인,실업급여 대상자 확인 방법,info,tip,실업급여 대상자 확인 방법을 설명합니다.,slot_2step,2026-06-08T12:12:20.900066+00:00
02-unemployment-benefits-sil-eobgeu-um-geum-yeong,02-unemployment-benefits,02,sil-eobgeu-um-geum-yeong,실업급여 금액 계산,실업급여 수령 금액 계산 방법,info,tip,실업급여 수령 금액을 계산하는 방법을 설명합니다.,slot_2step,2026-06-08T12:12:20.900066+00:00
02-unemployment-benefits-sil-eobgeu-um-jae-singcheong,02-unemployment-benefits,02,sil-eobgeu-um-jae-singcheong,실업급여 재신청 방법,실업급여 재신청 방법 안내,howto,tip,실업급여 재신청 방법을 설명합니다.,slot_2step,2026-06-08T12:12:20.900066+00:00
02-unemployment-benefits-sil-eobgeu-um-jagyeog-yogeon,02-unemployment-benefits,02,sil-eobgeu-um-jagyeog-yogeon,실업급여 자격 요건,실업급여 자격 요건 확인하기,info,tip,실업급여 자격 요건을 상세히 안내합니다.,slot_2step,2026-06-08T12:12:20.900066+00:00
02-unemployment-benefits-sil-eobgeu-um-yeon-geum-gwangye,02-unemployment-benefits,02,sil-eobgeu-um-yeon-geum-gwangye,실업급여 연금 관계,실업급여와 연금 관계 이해,info,tip,실업급여와 연금 관계를 설명합니다.,slot_2step,2026-06-08T12:12:20.900066+00:00
02-unemployment-benefits-sil-eobgeu-um-yeong-cheong-gu,02-unemployment-benefits,02,sil-eobgeu-um-yeong-cheong-gu,실업급여 신청 절차,실업급여 신청 절차 완벽 가이드,info,tip,실업급여 신청 절차를 자세히 설명합니다.,slot_2step,2026-06-08T12:12:20.900066+00:00
02-unemployment-benefits-unemployment-benefit-application-documents,02-unemployment-benefits,02,unemployment-benefit-application-documents,실업급여 신청 서류,실업급여 신청에 필요한 서류와 절차,info,tip,실업급여 신청에 필요한 서류와 절차를 자세히 설명합니다.,slot_2step,2026-06-08T12:12:20.900066+00:00
02-unemployment-benefits-unemployment-benefit-eligibility,02-unemployment-benefits,02,unemployment-benefit-eligibility,실업급여 수령 조건,실업급여 수령 조건 알아보기,info,tip,실업급여 수령 조건을 자세히 설명합니다.,slot_2step,2026-06-08T12:15:04.861794+00:00
02-unemployment-benefits-unemployment-benefit-eligibility-conditions,02-unemployment-benefits,02,unemployment-benefit-eligibility-conditions,실업급여 수령 조건,실업급여 수령 조건과 자격 요건,info,tip,실업급여 수령을 위한 자격 요건과 조건을 상세히 설명합니다.,slot_2step,2026-06-08T12:12:20.900066+00:00
02-unemployment-benefits-unemployment-benefit-employment-insurance,02-unemployment-benefits,02,unemployment-benefit-employment-insurance,실업급여와 고용보험,고용보험과 실업급여 관계 이해하기,info,tip,고용보험과 실업급여의 관계를 자세히 설명합니다.,slot_2step,2026-06-08T12:12:20.900066+00:00
02-unemployment-benefits-unemployment-benefit-job-search,02-unemployment-benefits,02,unemployment-benefit-job-search,실업급여와 구직활동,실업급여와 구직활동의 상관관계 이해하기,info,tip,실업급여와 구직활동의 상관관계를 자세히 설명합니다.,slot_2step,2026-06-08T12:12:20.900066+00:00
02-unemployment-benefits-unemployment-benefit-not-receiving,02-unemployment-benefits,02,unemployment-benefit-not-receiving,실업급여 미수령 시,실업급여 미수령 시 대처 방법과 주의사항,info,tip,실업급여 미수령 시 대처 방법과 주의사항을 안내합니다.,slot_2step,2026-06-08T12:12:20.900066+00:00
02-unemployment-benefits-unemployment-benefit-payment-period,02-unemployment-benefits,02,unemployment-benefit-payment-period,실업급여 지급 기간,실업급여 지급 기간과 최대 수령액 안내,info,tip,실업급여 지급 기간과 최대 수령액을 자세히 설명합니다.,slot_2step,2026-06-08T12:12:20.900066+00:00
02-unemployment-benefits-unemployment-benefit-payment-period-2,02-unemployment-benefits,02,unemployment-benefit-payment-period-2,실업급여 지급 기간,실업급여 지급 기간 알아보기,info,tip,실업급여 지급 기간과 관련된 정보를 제공합니다.,slot_2step,2026-06-08T12:15:04.861794+00:00
02-unemployment-benefits-unemployment-benefit-suspension-reasons,02-unemployment-benefits,02,unemployment-benefit-suspension-reasons,실업급여 중단 사유,실업급여 중단되는 경우와 주의사항,info,tip,실업급여가 중단되는 경우와 주의사항을 안내합니다.,slot_2step,2026-06-08T12:12:20.900066+00:00
02-unemployment-benefits-unemployment-benefit-tax,02-unemployment-benefits,02,unemployment-benefit-tax,실업급여 세금 납부,실업급여와 세금 납부 의무,info,tip,실업급여와 세금 납부 의무에 대해 설명합니다.,slot_2step,2026-06-08T12:15:04.861794+00:00
02-unemployment-benefits-unemployment-benefits-and-employment-insurance,02-unemployment-benefits,02,unemployment-benefits-and-employment-insurance,실업급여 고용보험 관계,실업급여와 고용보험의 관계는?,info,tip,실업급여와 고용보험의 관계를 상세히 설명합니다.,slot_2step,2026-06-08T12:12:33.269085+00:00
02-unemployment-benefits-unemployment-benefits-and-job-support,02-unemployment-benefits,02,unemployment-benefits-and-job-support,실업급여 취업 지원,실업급여와 취업 지원 서비스,info,tip,실업급여와 취업 지원 서비스에 대해 설명합니다.,slot_2step,2026-06-08T12:15:04.861794+00:00
02-unemployment-benefits-unemployment-benefits-eligibility,02-unemployment-benefits,02,unemployment-benefits-eligibility,실업급여 자격 조건,실업급여 수령 조건 완벽 가이드,info,tip,실업급여 수령 조건과 자격 확인 방법을 상세히 안내합니다.,slot_2step,2026-06-08T12:15:04.861794+00:00
02-unemployment-benefits-unemployment-benefits-faq,02-unemployment-benefits,02,unemployment-benefits-faq,실업급여 관련 자주 묻는 질문,실업급여 자주 묻는 질문 총정리,info,tip,실업급여에 대한 자주 묻는 질문과 답변을 제공합니다.,slot_2step,2026-06-08T12:15:04.861794+00:00
02-unemployment-benefits-unemployment-benefits-job-promotion,02-unemployment-benefits,02,unemployment-benefits-job-promotion,실업급여 취업 촉진,실업급여 취업 촉진 프로그램,info,tip,실업급여 취업 촉진 프로그램을 소개합니다.,slot_2step,2026-06-08T12:12:33.269085+00:00
02-unemployment-benefits-unemployment-benefits-payment-procedure,02-unemployment-benefits,02,unemployment-benefits-payment-procedure,실업급여 지급 절차,실업급여 지급 절차 알아보기,howto,tip,실업급여 지급 절차를 설명합니다.,slot_2step,2026-06-08T12:12:33.269085+00:00
02-unemployment-benefits-unemployment-benefits-receipt-period,02-unemployment-benefits,02,unemployment-benefits-receipt-period,실업급여 수급 기간,실업급여 수급 기간 알아보기,info,tip,실업급여 수급 기간을 확인하세요.,slot_2step,2026-06-08T12:12:33.269085+00:00
02-unemployment-benefits-unemployment-benefits-related-laws,02-unemployment-benefits,02,unemployment-benefits-related-laws,실업급여 관련 법규,실업급여 관련 법규 안내,info,tip,실업급여 관련 법규를 확인하세요.,slot_2step,2026-06-08T12:12:33.269085+00:00
02-unemployment-benefits-unemployment-benefits-worknet,02-unemployment-benefits,02,unemployment-benefits-worknet,워크넷 실업급여 신청,워크넷으로 실업급여 신청하는 방법,info,tip,워크넷을 통해 실업급여를 신청하는 방법을 안내합니다.,slot_2step,2026-06-08T12:15:04.861794+00:00
02-unemployment-benefits-who-is-eligible-for-unemployment-benefits,02-unemployment-benefits,02,who-is-eligible-for-unemployment-benefits,실업급여 대상자 확인,실업급여 대상자 확인 방법,info,tip,실업급여 대상자인지 확인하는 방법을 안내합니다.,slot_2step,2026-06-08T12:15:04.861794+00:00
02-unemployment-benefits-worknet-for-unemployment-benefits,02-unemployment-benefits,02,worknet-for-unemployment-benefits,실업급여를 위한 워크넷,워크넷을 통한 실업급여 신청,howto,tip,워크넷을 통해 실업급여를 신청하는 방법을 안내합니다.,slot_2step,2026-06-08T12:12:33.269085+00:00
02-us-stocks-long-term-investment-strategy-us-stock,02-us-stocks,02,long-term-investment-strategy-us-stock,미국 주식 장기 투자 전략,미국 주식 장기 투자 전략 - 성공적인 투자 방법,info,tip,미국 주식 시장에서 장기 투자 전략을 수립하는 방법,slot_2step,2026-06-08T12:12:42.252387+00:00
02-us-stocks-recommended-us-stock-list,02-us-stocks,02,recommended-us-stock-list,미국 주식 추천 종목 리스트,미국 주식 추천 종목 - 전문가들이 선택한 리스트,info,tip,미국 주식 시장에서 전문가들이 추천하는 인기 종목 리스트,slot_2step,2026-06-08T12:12:42.252387+00:00
02-us-stocks-success-story-us-stock-investment,02-us-stocks,02,success-story-us-stock-investment,미국 주식 성공 투자 사례,미국 주식 성공 사례 - 투자로 성공한 사람들의 이야기,info,tip,미국 주식 시장에서 성공한 투자자들의 실제 사례,slot_2step,2026-06-08T12:12:42.252387+00:00
02-us-stocks-successful-us-stock-investment-strategies,02-us-stocks,02,successful-us-stock-investment-strategies,미국 주식 전략,성공적인 미국 주식 투자 전략,info,tip,미국 주식 시장에서 성공할 수 있는 다양한 투자 전략,slot_2step,2026-06-08T12:12:42.252387+00:00
02-us-stocks-us-dividend-stock-investment,02-us-stocks,02,us-dividend-stock-investment,미국 배당주 투자,미국 배당주 투자 장단점 및 효과적인 투자 전략,info,tip,미국 배당주 투자의 장단점을 분석하고 효과적인 투자 전략을 제공합니다.,slot_2step,2026-06-08T12:12:42.252387+00:00
02-us-stocks-us-etf-investment-guide,02-us-stocks,02,us-etf-investment-guide,미국 ETF 투자 전략,미국 ETF 투자 방법과 종류 총정리,howto,tip,"미국 ETF 투자 방법을 알아보고, 효과적인 투자 전략을 세우는 데 도움이 되는 정보를 제공합니다.",slot_2step,2026-06-08T12:12:42.252387+00:00
02-us-stocks-us-ipo-investment-info,02-us-stocks,02,us-ipo-investment-info,미국 IPO 투자 분석,미국 IPO 투자 정보와 신규 상장 주식 분석,info,tip,"미국 IPO 투자 정보를 제공하고, 신규 상장 주식의 성장 가능성과 투자 가치를 분석합니다.",slot_2step,2026-06-08T12:12:42.252387+00:00
02-us-stocks-us-stock-beginners-guide,02-us-stocks,02,us-stock-beginners-guide,미국 주식 초보자 가이드,미국 주식 초보자 가이드 - 처음 투자하는 사람들을 위해,info,tip,미국 주식 시장에 처음 투자하는 초보자를 위한 가이드,slot_2step,2026-06-08T12:11:28.390296+00:00
02-us-stocks-us-stock-dividend-investment,02-us-stocks,02,us-stock-dividend-investment,미국 주식 배당금 투자 전략,미국 주식 배당금 투자 방법과 장점,info,tip,미국 주식 배당금 투자에 대한 정보와 전략을 제공합니다.,slot_2step,2026-06-08T12:11:28.390296+00:00
02-us-stocks-us-stock-earnings-report,02-us-stocks,02,us-stock-earnings-report,미국 주식 실적 발표 일정,미국 주식 실적 발표 일정과 전망,info,tip,미국 주식 실적 발표 일정과 전망을 제공합니다.,slot_2step,2026-06-08T12:11:28.390296+00:00
02-us-stocks-us-stock-guide-for-beginners,02-us-stocks,02,us-stock-guide-for-beginners,미국 주식 초보자 가이드북,미국 주식 시작하기 - 미국 주식 초보자 가이드,info,tip,미국 주식 시장에 처음 투자하는 사람들을 위한 가이드북,slot_2step,2026-06-08T12:12:42.252387+00:00
02-us-stocks-us-stock-investment-guide-for-beginners,02-us-stocks,02,us-stock-investment-guide-for-beginners,미국 주식 투자 가이드,미국 주식 초보자를 위한 완벽 가이드,info,tip,미국 주식 시장에 처음 투자하는 사람들을 위한 기본 가이드,slot_2step,2026-06-08T12:12:42.252387+00:00
02-us-stocks-us-stock-investment-strategy,02-us-stocks,02,us-stock-investment-strategy,미국 주식 투자 전략,미국 주식 투자 전략 - 성공적인 투자를 위한 팁,info,tip,미국 주식 시장에서 성공적인 투자를 위한 전략과 팁,slot_2step,2026-06-08T12:11:28.390296+00:00
02-us-stocks-us-stock-investor-community,02-us-stocks,02,us-stock-investor-community,미국 주식 투자자 커뮤니티,미국 주식 투자자 커뮤니티와 정보 공유,info,tip,미국 주식 투자자 커뮤니티에 대한 정보와 참여 방법을 제공합니다.,slot_2step,2026-06-08T12:11:28.390296+00:00
02-us-stocks-us-stock-investor-community-online,02-us-stocks,02,us-stock-investor-community-online,미국 주식 투자자 온라인 커뮤니티,미국 주식 투자자 커뮤니티 - 온라인에서 만나요,info,tip,미국 주식 투자자를 위한 온라인 커뮤니티 정보,slot_2step,2026-06-08T12:12:42.252387+00:00
02-us-stocks-us-stock-long-term-investment,02-us-stocks,02,us-stock-long-term-investment,미국 주식 장기 투자 전략,미국 주식 장기 투자 방법과 주의사항,info,tip,미국 주식 장기 투자에 대한 정보와 전략을 제공합니다.,slot_2step,2026-06-08T12:11:28.390296+00:00
02-us-stocks-us-stock-market-analysis,02-us-stocks,02,us-stock-market-analysis,미국 주식 시장 분석,미국 주식 시장 분석 - 최신 트렌드와 전망,info,tip,미국 주식 시장의 최신 트렌드와 전망 분석,slot_2step,2026-06-08T12:11:28.390296+00:00
02-us-stocks-us-stock-market-outlook-and-analysis,02-us-stocks,02,us-stock-market-outlook-and-analysis,미국 주식 시장 전망,미국 주식 시장 전망 및 분석,info,tip,현재 미국 주식 시장의 전망과 동향 분석,slot_2step,2026-06-08T12:12:42.252387+00:00
02-us-stocks-us-stock-news-update,02-us-stocks,02,us-stock-news-update,미국 주식 뉴스 업데이트,미국 주식 뉴스 업데이트 - 최신 뉴스와 분석,news,tip,미국 주식 시장의 최신 뉴스와 업데이트,slot_2step,2026-06-08T12:11:28.390296+00:00
02-us-stocks-us-stock-news-update-2,02-us-stocks,02,us-stock-news-update-2,미국 주식 실시간 뉴스,미국 주식 뉴스 업데이트와 시장 분석,news,tip,미국 주식 관련 실시간 뉴스와 업데이트를 제공합니다.,slot_2step,2026-06-08T12:11:28.390296+00:00
02-us-stocks-us-stock-portfolio-management,02-us-stocks,02,us-stock-portfolio-management,미국 주식 포트폴리오 관리,미국 주식 포트폴리오 관리 - 효과적인 자산 배분,info,tip,미국 주식 시장에서 효과적인 포트폴리오 관리 방법,slot_2step,2026-06-08T12:11:28.390296+00:00
02-us-stocks-us-stock-portfolio-management-tips,02-us-stocks,02,us-stock-portfolio-management-tips,포트폴리오 관리,미국 주식 포트폴리오 관리 방법,howto,tip,효과적인 미국 주식 포트폴리오 관리 방법,slot_2step,2026-06-08T12:12:42.252387+00:00
02-us-stocks-us-stock-recommended-stocks,02-us-stocks,02,us-stock-recommended-stocks,미국 주식 추천 종목,미국 주식 추천 종목 - 전문가가 선정한 유망 종목,info,tip,미국 주식 시장에서 주목할 만한 유망 종목 추천,slot_2step,2026-06-08T12:11:28.390296+00:00
02-us-stocks-us-stock-risk-management-strategies,02-us-stocks,02,us-stock-risk-management-strategies,리스크 관리 방안,미국 주식 투자 리스크 관리 방안,info,tip,미국 주식 투자 시 리스크를 줄일 수 있는 관리 방안,slot_2step,2026-06-08T12:12:42.252387+00:00
02-us-stocks-us-stock-short-term-trading,02-us-stocks,02,us-stock-short-term-trading,미국 주식 단기 매매,미국 주식 단기 투자 방법과 리스크 관리,info,tip,미국 주식 단기 투자에 대한 정보와 전략을 제공합니다.,slot_2step,2026-06-08T12:11:28.390296+00:00
02-us-stocks-us-stock-starting-guide,02-us-stocks,02,us-stock-starting-guide,미국 주식 시작하기,미국 주식 시작하는 법 - 초보자 가이드,howto,tip,미국 주식 시장에 처음 투자하는 사람들을 위한 단계별 가이드,slot_2step,2026-06-08T12:11:28.390296+00:00
02-us-stocks-us-stock-tax-saving,02-us-stocks,02,us-stock-tax-saving,미국 주식 세금 절약,미국 주식 세금 절약 - 투자자를 위한 절세 팁,info,tip,미국 주식 투자자를 위한 세금 절약 방법과 팁,slot_2step,2026-06-08T12:11:28.390296+00:00
02-us-stocks-us-stock-tax-saving-strategy,02-us-stocks,02,us-stock-tax-saving-strategy,미국 주식 세금 절세 전략,미국 주식 세금 절약 방법 - 절세 전략 가이드,howto,tip,미국 주식 투자로 인한 세금 부담을 줄이는 방법,slot_2step,2026-06-08T12:12:42.252387+00:00
02-us-stocks-us-stock-trading-fee-comparison,02-us-stocks,02,us-stock-trading-fee-comparison,미국 주식 거래 수수료,미국 주식 거래 수수료 비교 분석,compare,tip,다양한 미국 주식 거래 수수료 비교 정보 제공,slot_2step,2026-06-08T12:12:42.252387+00:00
02-us-stocks-us-stock-trading-guide,02-us-stocks,02,us-stock-trading-guide,미국 주식 거래 방법,미국 주식 거래 방법 - 쉽게 배우는 투자 가이드,howto,tip,미국 주식 시장에서 거래하는 방법과 절차,slot_2step,2026-06-08T12:11:28.390296+00:00
02-year-end-tax-adjustment-frequently-asked-questions,02-year-end-tax-adjustment,02,frequently-asked-questions,연말정산 자주 묻는 질문,연말정산 궁금한 점 모두 해결하기,info,tip,연말정산 관련 자주 묻는 질문과 답변을 확인하세요.,slot_2step,2026-06-08T12:14:03.431193+00:00
02-year-end-tax-adjustment-national-tax-service-guidance,02-year-end-tax-adjustment,02,national-tax-service-guidance,연말정산 국세청,연말정산 국세청 안내 완벽 가이드,info,tip,국세청 연말정산 가이드와 절세 팁을 확인하세요.,slot_2step,2026-06-08T12:14:03.431193+00:00
02-year-end-tax-adjustment-updated-tax-policies,02-year-end-tax-adjustment,02,updated-tax-policies,연말정산 변경 정책,2023 연말정산 변경된 정책 총정리,info,tip,최신 연말정산 정책 변경사항을 알아보세요.,slot_2step,2026-06-08T12:14:03.431193+00:00
02-year-end-tax-adjustment-year-end-settlement-declaration-method,02-year-end-tax-adjustment,02,year-end-settlement-declaration-method,연말정산 신고 방법,연말정산 신고 방법 안내,howto,tip,연말정산 신고 방법을 자세히 알아보세요.,slot_2step,2026-06-08T12:19:05.173521+00:00
02-year-end-tax-adjustment-year-end-settlement-deduction-limit,02-year-end-tax-adjustment,02,year-end-settlement-deduction-limit,연말정산 공제 한도,연말정산 공제 한도 총정리,info,tip,연말정산 공제 한도를 확인하세요.,slot_2step,2026-06-08T12:19:05.173521+00:00
02-year-end-tax-adjustment-year-end-settlement-eligibility-check,02-year-end-tax-adjustment,02,year-end-settlement-eligibility-check,연말정산 대상자 확인,연말정산 대상자 확인하기,info,tip,연말정산 대상자인지 확인하세요.,slot_2step,2026-06-08T12:19:05.173521+00:00
02-year-end-tax-adjustment-year-end-settlement-income-deduction-items,02-year-end-tax-adjustment,02,year-end-settlement-income-deduction-items,연말정산 소득공제 항목,연말정산 소득공제 항목 총정리,info,tip,연말정산 소득공제 항목을 확인하고 절세 전략을 세우세요.,slot_2step,2026-06-08T12:19:05.173521+00:00
02-year-end-tax-adjustment-year-end-settlement-refund-inquiry,02-year-end-tax-adjustment,02,year-end-settlement-refund-inquiry,연말정산 환급금 조회,연말정산 환급금 조회 방법,info,tip,연말정산 환급금을 조회하고 빠르게 받으세요.,slot_2step,2026-06-08T12:19:05.173521+00:00
02-year-end-tax-adjustment-year-end-settlement-tax-refund,02-year-end-tax-adjustment,02,year-end-settlement-tax-refund,연말정산 세금 환급,연말정산 세금 환급받는 법,info,tip,연말정산 세금 환급을 받으세요.,slot_2step,2026-06-08T12:19:05.173521+00:00
02-year-end-tax-adjustment-year-end-tax-settlement-declaration-period,02-year-end-tax-adjustment,02,year-end-tax-settlement-declaration-period,연말정산 신고 기간,연말정산 신고 기간 및 마감일,info,tip,연말정산 신고 기간을 확인하세요.,slot_2step,2026-06-08T12:19:44.893548+00:00
02-year-end-tax-adjustment-year-end-tax-settlement-eligibility-check,02-year-end-tax-adjustment,02,year-end-tax-settlement-eligibility-check,연말정산 대상자 확인,연말정산 대상자 확인 방법,info,tip,연말정산 대상자 확인 방법을 알아보세요.,slot_2step,2026-06-08T12:19:44.893548+00:00
02-year-end-tax-adjustment-year-end-tax-settlement-income-deduction-items,02-year-end-tax-adjustment,02,year-end-tax-settlement-income-deduction-items,연말정산 소득공제 항목,연말정산 소득공제 항목 총정리,info,tip,연말정산 소득공제 항목에 대해 자세히 알아보세요.,slot_2step,2026-06-08T12:19:44.893548+00:00
02-year-end-tax-adjustment-year-end-tax-settlement-method,02-year-end-tax-adjustment,02,year-end-tax-settlement-method,연말정산 방법,연말정산 방법 및 절차,howto,tip,연말정산 방법을 알아보세요.,slot_2step,2026-06-08T12:19:44.893548+00:00
02-year-end-tax-adjustment-year-end-tax-settlement-refund-amount-inquiry,02-year-end-tax-adjustment,02,year-end-tax-settlement-refund-amount-inquiry,연말정산 환급금 조회,연말정산 환급금 조회 방법,info,tip,연말정산 환급금 조회 방법을 알아보세요.,slot_2step,2026-06-08T12:19:44.893548+00:00
02-year-end-tax-adjustment-year-end-tax-settlement-required-documents,02-year-end-tax-adjustment,02,year-end-tax-settlement-required-documents,연말정산 필요한 서류,연말정산 필요한 서류 목록,info,tip,연말정산 필요한 서류를 준비하세요.,slot_2step,2026-06-08T12:19:44.893548+00:00
02-year-end-tax-adjustment-year-end-tax-settlement-tax-saving-strategy,02-year-end-tax-adjustment,02,year-end-tax-settlement-tax-saving-strategy,연말정산 절세 전략,연말정산 절세 전략 및 꿀팁,info,tip,연말정산 절세 전략을 통해 세금을 줄여보세요.,slot_2step,2026-06-08T12:19:44.893548+00:00
02-year-end-tax-adjustment-yeolmal-jeongsan-bo-heom-ryo-gong-je,02-year-end-tax-adjustment,02,yeolmal-jeongsan-bo-heom-ryo-gong-je,연말정산 보험료 세액공제,연말정산 보험료 공제 받는 법,info,tip,연말정산 보험료 공제 항목과 절세 방법을 알려드립니다.,slot_2step,2026-06-08T12:19:05.173521+00:00
02-year-end-tax-adjustment-yeolmal-jeongsan-cho-boja-gaideu,02-year-end-tax-adjustment,02,yeolmal-jeongsan-cho-boja-gaideu,연말정산 초보자 가이드,연말정산 처음? 꼭 알아야 할 기본 가이드,info,tip,연말정산의 기초부터 차근차근 설명해드립니다.,slot_2step,2026-06-08T12:19:05.173521+00:00
02-year-end-tax-adjustment-yeolmal-jeongsan-gi-bu-geum-gong-je,02-year-end-tax-adjustment,02,yeolmal-jeongsan-gi-bu-geum-gong-je,연말정산 기부금 세액공제,연말정산 기부금 공제 받는 법,info,tip,연말정산 기부금 공제 항목과 절세 방법을 알려드립니다.,slot_2step,2026-06-08T12:19:05.173521+00:00
02-year-end-tax-adjustment-yeolmal-jeongsan-gyo-yug-bi-gong-je,02-year-end-tax-adjustment,02,yeolmal-jeongsan-gyo-yug-bi-gong-je,연말정산 교육비 세액공제,연말정산 교육비 공제 신청 방법,info,tip,연말정산 교육비 공제 항목과 신청 방법을 안내합니다.,slot_2step,2026-06-08T12:19:05.173521+00:00
02-year-end-tax-adjustment-yeolmal-jeongsan-hwan-geub-geum-gyesan-beob,02-year-end-tax-adjustment,02,yeolmal-jeongsan-hwan-geub-geum-gyesan-beob,연말정산 환급금 계산법,연말정산 환급금 계산 방법과 최대 환급금 받기,howto,tip,연말정산 환급금을 정확히 계산하는 방법을 알려드립니다.,slot_2step,2026-06-08T12:19:05.173521+00:00
02-year-end-tax-adjustment-yeolmal-jeongsan-jeolse-strategi,02-year-end-tax-adjustment,02,yeolmal-jeongsan-jeolse-strategi,연말정산 절세 전략,연말정산 절세 전략으로 환급금 늘리기,info,tip,연말정산에서 절세할 수 있는 다양한 방법을 소개합니다.,slot_2step,2026-06-08T12:19:05.173521+00:00
02-year-end-tax-adjustment-yeolmal-jeongsan-jutaeg-jag-eum-gong-je,02-year-end-tax-adjustment,02,yeolmal-jeongsan-jutaeg-jag-eum-gong-je,연말정산 주택자금 공제 혜택,연말정산 주택자금 공제 받는 법,info,tip,연말정산 주택자금 공제 항목과 혜택을 알려드립니다.,slot_2step,2026-06-08T12:19:05.173521+00:00
02-year-end-tax-adjustment-yeolmal-jeongsan-seiteon-hwan-geub,02-year-end-tax-adjustment,02,yeolmal-jeongsan-seiteon-hwan-geub,연말정산 세금 환급금 늘리기,연말정산 세금 환급 받는 법,info,tip,연말정산 세금 환급금을 늘리는 절세 전략을 공유합니다.,slot_2step,2026-06-08T12:19:05.173521+00:00
02-year-end-tax-adjustment-yeolmal-jeongsan-uilyo-bi-gong-je,02-year-end-tax-adjustment,02,yeolmal-jeongsan-uilyo-bi-gong-je,연말정산 의료비 세액공제,연말정산 의료비 공제 신청 방법,info,tip,연말정산 의료비 공제 항목과 신청 방법을 안내합니다.,slot_2step,2026-06-08T12:19:05.173521+00:00
02-year-end-tax-adjustment-yeongmal-jeongsan-bangbeob,02-year-end-tax-adjustment,02,yeongmal-jeongsan-bangbeob,연말정산 방법 절차,연말정산 방법과 절차 쉽게 설명,howto,tip,연말정산 방법을 단계별로 쉽게 설명해드립니다.,slot_2step,2026-06-08T12:19:44.893548+00:00
02-year-end-tax-adjustment-yeongmal-jeongsan-buyang-gachung-gongje,02-year-end-tax-adjustment,02,yeongmal-jeongsan-buyang-gachung-gongje,연말정산 부양가족 공제,연말정산 부양가족 공제 받는 법,info,tip,연말정산 부양가족 공제를 받는 법을 설명합니다.,slot_2step,2026-06-08T12:19:44.893548+00:00
02-year-end-tax-adjustment-yeongmal-jeongsan-eeshi-haneun-beob,02-year-end-tax-adjustment,02,yeongmal-jeongsan-eeshi-haneun-beob,연말정산 쉽게 하는 법,연말정산 쉽게 하는 법과 꿀팁,info,tip,연말정산을 쉽게 하는 법과 유용한 팁을 공유합니다.,slot_2step,2026-06-08T12:19:44.893548+00:00
02-year-end-tax-adjustment-yeongmal-jeongsan-oreo-sahoe,02-year-end-tax-adjustment,02,yeongmal-jeongsan-oreo-sahoe,연말정산 오류 사례,연말정산 자주 발생하는 오류 사례,info,tip,연말정산에서 자주 발생하는 오류 사례를 알려드립니다.,slot_2step,2026-06-08T12:19:44.893548+00:00
02-year-end-tax-adjustment-yeongmal-jeongsan-seaegongje,02-year-end-tax-adjustment,02,yeongmal-jeongsan-seaegongje,연말정산 세액공제 항목,연말정산 세액공제 항목과 혜택,info,tip,연말정산 세액공제 항목과 혜택을 설명합니다.,slot_2step,2026-06-08T12:19:44.893548+00:00
02-year-end-tax-adjustment-yeongmal-jeongsan-segeum-hwan-geubgeum,02-year-end-tax-adjustment,02,yeongmal-jeongsan-segeum-hwan-geubgeum,연말정산 세금 환급금,연말정산 세금 환급금 받는 법,info,tip,연말정산 세금 환급금을 쉽게 받는 방법을 알려드립니다.,slot_2step,2026-06-08T12:19:44.893548+00:00
02-year-end-tax-adjustment-yeongmal-jeongsan-sodeug-geum-aeg,02-year-end-tax-adjustment,02,yeongmal-jeongsan-sodeug-geum-aeg,연말정산 소득 금액 확인,연말정산 소득 금액 확인 방법,info,tip,연말정산 소득 금액 확인 방법을 알려드립니다.,slot_2step,2026-06-08T12:19:44.893548+00:00
02-year-end-tax-adjustment-yeongmaljeongsan-dae-sangja-hwan-in-bangbeob,02-year-end-tax-adjustment,02,yeongmaljeongsan-dae-sangja-hwan-in-bangbeob,연말정산 대상자 확인,연말정산 대상자 확인 방법,info,tip,연말정산 대상자 확인 방법을 알려드립니다.,slot_2step,2026-06-08T12:14:03.431193+00:00
02-year-end-tax-adjustment-yeongmaljeongsan-daehaeng-seobiseu,02-year-end-tax-adjustment,02,yeongmaljeongsan-daehaeng-seobiseu,연말정산 대행 서비스,연말정산 대행 서비스,compare,tip,연말정산 대행 서비스를 비교합니다.,slot_2step,2026-06-08T12:14:03.431193+00:00
02-year-end-tax-adjustment-yeongmaljeongsan-daeso-hwan-geubgeum,02-year-end-tax-adjustment,02,yeongmaljeongsan-daeso-hwan-geubgeum,연말정산 최대 환급금,연말정산 최대 환급금,info,tip,연말정산 최대 환급금을 알려드립니다.,slot_2step,2026-06-08T12:14:03.431193+00:00
02-year-end-tax-adjustment-yeongmaljeongsan-gongje-hangmog-listeu,02-year-end-tax-adjustment,02,yeongmaljeongsan-gongje-hangmog-listeu,연말정산 공제 항목,연말정산 공제 항목 리스트,info,tip,연말정산 공제 항목 리스트를 제공합니다.,slot_2step,2026-06-08T12:14:03.431193+00:00
02-year-end-tax-adjustment-yeongmaljeongsan-hwan-geubgeum-johoe-bangbeob,02-year-end-tax-adjustment,02,yeongmaljeongsan-hwan-geubgeum-johoe-bangbeob,연말정산 환급금 조회 방법,연말정산 세금 환급금 조회 방법,info,tip,연말정산 세금 환급금 조회 방법을 알려드립니다.,slot_2step,2026-06-08T12:14:03.431193+00:00
02-year-end-tax-adjustment-yeongmaljeongsan-jeolse-bangbeob,02-year-end-tax-adjustment,02,yeongmaljeongsan-jeolse-bangbeob,연말정산 절세 방법,연말정산 세금 덜 내는 법,howto,tip,연말정산 세금 덜 내는 법을 알려드립니다.,slot_2step,2026-06-08T12:14:03.431193+00:00
02-year-end-tax-adjustment-yeongmaljeongsan-jeolse-ch-ryeol,02-year-end-tax-adjustment,02,yeongmaljeongsan-jeolse-ch-ryeol,연말정산 절세 사례,연말정산 절세 전략 사례,howto,tip,연말정산 절세 전략 사례를 소개합니다.,slot_2step,2026-06-08T12:14:03.431193+00:00
02-year-end-tax-adjustment-yeongmaljeongsan-semusa-biyong,02-year-end-tax-adjustment,02,yeongmaljeongsan-semusa-biyong,연말정산 세무사 비용,연말정산 세무사 비용,compare,tip,연말정산 세무사 비용을 비교합니다.,slot_2step,2026-06-08T12:14:03.431193+00:00
02-year-end-tax-adjustment-yeongmaljeongsan-sinho-gigan,02-year-end-tax-adjustment,02,yeongmaljeongsan-sinho-gigan,연말정산 신고 기간,연말정산 신고 기간,info,tip,연말정산 신고 기간을 알려드립니다.,slot_2step,2026-06-08T12:14:03.431193+00:00
02-year-end-tax-adjustment-yeongmaljeongsan-sinho-yeshi,02-year-end-tax-adjustment,02,yeongmaljeongsan-sinho-yeshi,연말정산 신고 쉽게,연말정산 쉽게 하는 법,howto,tip,연말정산 쉽게 하는 법을 알려드립니다.,slot_2step,2026-06-08T12:14:03.431193+00:00
02-year-end-tax-adjustment-yeongmaljeongsan-soodeu-gongje-chayi,02-year-end-tax-adjustment,02,yeongmaljeongsan-soodeu-gongje-chayi,소득공제 차이점,연말정산 소득공제 차이,info,tip,연말정산 소득공제 차이를 설명합니다.,slot_2step,2026-06-08T12:14:03.431193+00:00
02-year-end-tax-adjustment-yeongmaljeongsan-swiseo-haneun-beob,02-year-end-tax-adjustment,02,yeongmaljeongsan-swiseo-haneun-beob,연말정산 스스로 하는 법,연말정산 스스로 하는 법,howto,tip,연말정산 스스로 하는 법을 알려드립니다.,slot_2step,2026-06-08T12:14:03.431193+00:00
02-year-end-tax-adjustment-yeongmaljeongsan-wolse-gongje,02-year-end-tax-adjustment,02,yeongmaljeongsan-wolse-gongje,연말정산 월세 공제,연말정산 월세 공제 받는 법,info,tip,연말정산 월세 공제 신청 방법과 절세 팁을 확인하세요.,slot_2step,2026-06-08T12:19:44.893548+00:00
02-youth-jump-account-young-jump-account-application,02-youth-jump-account,02,young-jump-account-application,청년 도약계좌 신청 방법,청년 도약계좌 가입 신청 방법,howto,tip,청년 도약계좌 신청 방법을 자세히 설명합니다.,slot_2step,2026-06-08T12:12:36.405110+00:00
02-youth-jump-account-young-jump-account-application-method,02-youth-jump-account,02,young-jump-account-application-method,청년 도약계좌 신청,청년 도약계좌 가입 신청 방법과 꿀팁,howto,tip,청년 도약계좌의 가입 신청 방법과 유용한 팁을 제공합니다.,slot_2step,2026-06-08T12:15:35.384751+00:00
02-youth-jump-account-young-jump-account-application-method-2,02-youth-jump-account,02,young-jump-account-application-method-2,청년 도약계좌 신청 절차,청년 도약계좌 신청 방법과 절차,howto,tip,청년 도약계좌의 신청 방법과 절차를 제시합니다.,slot_2step,2026-06-08T12:15:35.384751+00:00
02-youth-jump-account-young-jump-account-application-period,02-youth-jump-account,02,young-jump-account-application-period,청년 도약계좌 신청 기간,청년 도약계좌 신청 기간 안내,info,tip,청년 도약계좌의 신청 기간을 안내합니다.,slot_2step,2026-06-08T12:12:53.415285+00:00
02-youth-jump-account-young-jump-account-asset-management,02-youth-jump-account,02,young-jump-account-asset-management,청년 도약계좌 자산 관리법,청년 도약계좌 자산 관리 방법과 전략,howto,tip,청년 도약계좌의 자산 관리 방법과 전략을 제시합니다.,slot_2step,2026-06-08T12:15:35.384751+00:00
02-youth-jump-account-young-jump-account-bank-comparison,02-youth-jump-account,02,young-jump-account-bank-comparison,청년 도약계좌 은행별 비교,청년 도약계좌 은행별 비교 분석,compare,tip,청년 도약계좌를 은행별로 비교 분석합니다.,slot_2step,2026-06-08T12:12:53.415285+00:00
02-youth-jump-account-young-jump-account-benefit,02-youth-jump-account,02,young-jump-account-benefit,청년 도약계좌 이자 혜택,청년 도약계좌 혜택과 이자율,info,tip,청년 도약계좌의 혜택과 이자율을 안내합니다.,slot_2step,2026-06-08T12:15:35.384751+00:00
02-youth-jump-account-young-jump-account-benefits,02-youth-jump-account,02,young-jump-account-benefits,청년 도약계좌 장점,청년 도약계좌 혜택 총정리,info,tip,청년 도약계좌의 다양한 혜택을 정리했습니다.,slot_2step,2026-06-08T12:12:53.415285+00:00
02-youth-jump-account-young-jump-account-comparison,02-youth-jump-account,02,young-jump-account-comparison,청년 도약계좌 비교분석,청년 도약계좌 vs 다른 금융상품 비교,compare,tip,청년 도약계좌와 다른 금융상품의 차이점을 비교 분석합니다.,slot_2step,2026-06-08T12:12:36.405110+00:00
02-youth-jump-account-young-jump-account-customer-service,02-youth-jump-account,02,young-jump-account-customer-service,청년 도약계좌 고객센터,청년 도약계좌 상담 전화번호와 연락처,info,tip,청년 도약계좌 고객센터 전화번호와 연락처를 안내합니다.,slot_2step,2026-06-08T12:12:36.405110+00:00
02-youth-jump-account-young-jump-account-early-withdrawal,02-youth-jump-account,02,young-jump-account-early-withdrawal,청년 도약계좌 중도 출금,청년 도약계좌 중도 출금 방법,info,tip,청년 도약계좌의 중도 출금 방법을 설명합니다.,slot_2step,2026-06-08T12:12:36.405110+00:00
02-youth-jump-account-young-jump-account-eligibility,02-youth-jump-account,02,young-jump-account-eligibility,청년 도약계좌 가입 요건,청년 도약계좌 가입 조건 알아보기,info,tip,청년 도약계좌 가입 조건에 대해 자세히 알아봅니다.,slot_2step,2026-06-08T12:12:36.405110+00:00
02-youth-jump-account-young-jump-account-eligibility-2,02-youth-jump-account,02,young-jump-account-eligibility-2,청년 도약계좌 가입 요건,청년 도약계좌 가입 조건 알아보기,info,tip,청년 도약계좌의 가입 조건을 자세히 설명합니다.,slot_2step,2026-06-08T12:12:53.415285+00:00
02-youth-jump-account-young-jump-account-eligible,02-youth-jump-account,02,young-jump-account-eligible,청년 도약계좌 지원 자격,청년 도약계좌 지원 대상과 자격 요건,info,tip,청년 도약계좌의 지원 대상과 자격 요건을 안내합니다.,slot_2step,2026-06-08T12:15:35.384751+00:00
02-youth-jump-account-young-jump-account-faq,02-youth-jump-account,02,young-jump-account-faq,청년 도약계좌 FAQ,청년 도약계좌 자주하는 질문과 답변,info,tip,청년 도약계좌에 관한 자주하는 질문과 답변을 정리했습니다.,slot_2step,2026-06-08T12:12:36.405110+00:00
02-youth-jump-account-young-jump-account-faq-2,02-youth-jump-account,02,young-jump-account-faq-2,청년 도약계좌 Q&A,청년 도약계좌 자주 묻는 질문 Top 5,info,tip,청년 도약계좌 관련 자주 묻는 질문들을 모아봤습니다.,slot_2step,2026-06-08T12:15:35.384751+00:00
02-youth-jump-account-young-jump-account-income-eligibility,02-youth-jump-account,02,young-jump-account-income-eligibility,청년 도약계좌 소득 조건,청년 도약계좌 소득 기준 및 지원 자격,info,tip,청년 도약계좌의 소득 기준과 지원 자격에 대해 알아보세요.,slot_2step,2026-06-08T12:15:35.384751+00:00
02-youth-jump-account-young-jump-account-interest-rate,02-youth-jump-account,02,young-jump-account-interest-rate,청년 도약계좌 이자율,청년 도약계좌 금리 비교,info,tip,청년 도약계좌의 금리를 확인합니다.,slot_2step,2026-06-08T12:12:36.405110+00:00
02-youth-jump-account-young-jump-account-interest-rate-2,02-youth-jump-account,02,young-jump-account-interest-rate-2,청년 도약계좌 금리 비교,청년 도약계좌 금리와 비교 분석,info,tip,청년 도약계좌의 금리와 비교 분석을 제공합니다.,slot_2step,2026-06-08T12:15:35.384751+00:00
02-youth-jump-account-young-jump-account-investment,02-youth-jump-account,02,young-jump-account-investment,청년 도약계좌 투자 방법,청년 도약계좌 운용 방법 가이드,howto,tip,청년 도약계좌의 운용 방법을 상세히 안내합니다.,slot_2step,2026-06-08T12:12:53.415285+00:00
02-youth-jump-account-young-jump-account-join-condition,02-youth-jump-account,02,young-jump-account-join-condition,청년 도약계좌 가입 요건,청년 도약계좌 가입 조건 쉽게 알아보기,info,tip,청년 도약계좌 가입 조건을 자세히 설명합니다.,slot_2step,2026-06-08T12:15:35.384751+00:00
02-youth-jump-account-young-jump-account-join-review,02-youth-jump-account,02,young-jump-account-join-review,청년 도약계좌 가입자 후기,청년 도약계좌 가입 후기와 실제 사례,review,review,청년 도약계좌 가입자들의 후기와 실제 사례를 공유합니다.,slot_2step,2026-06-08T12:15:35.384751+00:00
02-youth-jump-account-young-jump-account-legislation,02-youth-jump-account,02,young-jump-account-legislation,청년 도약계좌 법률,청년 도약계좌 관련 법적 사항 알아보기,info,tip,청년 도약계좌와 관련된 법적 사항을 정리했습니다.,slot_2step,2026-06-08T12:12:36.405110+00:00
02-youth-jump-account-young-jump-account-legislation-2,02-youth-jump-account,02,young-jump-account-legislation-2,청년 도약계좌 법적 근거,청년 도약계좌 관련 법규와 법적 근거,info,tip,청년 도약계좌의 관련 법규와 법적 근거를 설명합니다.,slot_2step,2026-06-08T12:15:35.384751+00:00
02-youth-jump-account-young-jump-account-maturity,02-youth-jump-account,02,young-jump-account-maturity,청년 도약계좌 만기일,청년 도약계좌 만기 정보,info,tip,청년 도약계좌의 만기일을 알아봅니다.,slot_2step,2026-06-08T12:12:36.405110+00:00
02-youth-jump-account-young-jump-account-offline-application,02-youth-jump-account,02,young-jump-account-offline-application,청년 도약계좌 오프라인 가입,청년 도약계좌 오프라인 신청 방법,howto,tip,청년 도약계좌 오프라인 신청 방법을 설명합니다.,slot_2step,2026-06-08T12:12:36.405110+00:00
02-youth-jump-account-young-jump-account-operation,02-youth-jump-account,02,young-jump-account-operation,청년 도약계좌 운용 전략,청년 도약계좌 운용 방법,howto,tip,청년 도약계좌의 운용 전략을 제시합니다.,slot_2step,2026-06-08T12:12:36.405110+00:00
02-youth-jump-account-young-jump-account-operation-method,02-youth-jump-account,02,young-jump-account-operation-method,청년 도약계좌 투자 방법,청년 도약계좌 운용 방법과 투자 전략,howto,tip,청년 도약계좌의 운용 방법과 투자 전략을 제시합니다.,slot_2step,2026-06-08T12:15:35.384751+00:00
02-youth-jump-account-young-jump-account-payment-limit,02-youth-jump-account,02,young-jump-account-payment-limit,청년 도약계좌 납입 한도액,청년 도약계좌 납입 한도액 안내,info,tip,청년 도약계좌의 납입 한도액을 안내합니다.,slot_2step,2026-06-08T12:12:53.415285+00:00
02-youth-jump-account-young-jump-account-pros-cons,02-youth-jump-account,02,young-jump-account-pros-cons,청년 도약계좌 장단점,청년 도약계좌의 장점과 단점 총정리,info,tip,청년 도약계좌의 장점과 단점을 자세히 알려드립니다.,slot_2step,2026-06-08T12:12:36.405110+00:00
02-youth-jump-account-young-jump-account-pros-cons-2,02-youth-jump-account,02,young-jump-account-pros-cons-2,청년 도약계좌 장단점 분석,청년 도약계좌 장단점과 주의 사항,compare,tip,청년 도약계좌의 장단점과 주의 사항을 분석합니다.,slot_2step,2026-06-08T12:15:35.384751+00:00
02-youth-jump-account-young-jump-account-qualification,02-youth-jump-account,02,young-jump-account-qualification,청년 도약계좌 자격 조건,청년 도약계좌 자격 요건 확인,info,tip,청년 도약계좌의 자격 요건을 확인합니다.,slot_2step,2026-06-08T12:12:53.415285+00:00
02-youth-jump-account-young-jump-account-support-amount,02-youth-jump-account,02,young-jump-account-support-amount,청년 도약계좌 지원 규모,청년 도약계좌 지원 금액 확인,info,tip,청년 도약계좌의 지원 금액을 확인합니다.,slot_2step,2026-06-08T12:12:36.405110+00:00
02-youth-jump-account-young-jump-account-tax-benefit,02-youth-jump-account,02,young-jump-account-tax-benefit,청년 도약계좌 세제 혜택,청년 도약계좌 세금 혜택 설명,info,tip,청년 도약계좌의 세금 혜택을 알아봅니다.,slot_2step,2026-06-08T12:12:36.405110+00:00
02-youth-jump-account-young-jump-account-tax-benefit-2,02-youth-jump-account,02,young-jump-account-tax-benefit-2,청년 도약계좌 세금 면제,청년 도약계좌 세금 혜택과 절세 방법,info,tip,청년 도약계좌의 세금 혜택과 절세 방법을 설명합니다.,slot_2step,2026-06-08T12:15:35.384751+00:00
02-youth-jump-account-young-jump-account-usage-tips,02-youth-jump-account,02,young-jump-account-usage-tips,청년 도약계좌 활용법,청년 도약계좌 활용 팁,howto,tip,청년 도약계좌 활용 팁을 제공합니다.,slot_2step,2026-06-08T12:12:36.405110+00:00
02-youth-jump-account-young-jump-account-usage-tips-2,02-youth-jump-account,02,young-jump-account-usage-tips-2,청년 도약계좌 활용법,청년 도약계좌 활용 팁,howto,tip,청년 도약계좌의 활용 팁을 제공합니다.,slot_2step,2026-06-08T12:12:53.415285+00:00
02-youth-jump-account-young-jump-account-utilization-tip,02-youth-jump-account,02,young-jump-account-utilization-tip,청년 도약계좌 활용법,청년 도약계좌 활용 팁과 전략,howto,tip,청년 도약계좌의 활용 팁과 전략을 제시합니다.,slot_2step,2026-06-08T12:15:35.384751+00:00
02-youth-jump-account-youth-savings-bank-comparison,02-youth-jump-account,02,youth-savings-bank-comparison,청년 도약계좌 은행별 금리 비교,청년 도약계좌 은행별 비교 분석,compare,tip,청년 도약계좌의 은행별 금리를 비교하세요,slot_2step,2026-06-08T12:12:53.415285+00:00
02-youth-jump-account-youth-savings-faq,02-youth-jump-account,02,youth-savings-faq,청년 도약계좌 자주 묻는 질문,청년 도약계좌 FAQ 모음,info,tip,청년 도약계좌에 대한 자주 묻는 질문을 확인하세요,slot_2step,2026-06-08T12:12:53.415285+00:00
02-youth-jump-account-youth-savings-income-eligibility,02-youth-jump-account,02,youth-savings-income-eligibility,청년 도약계좌 소득 조건,청년 도약계좌 소득 기준 확인,info,tip,청년 도약계좌의 소득 기준을 확인하세요,slot_2step,2026-06-08T12:12:53.415285+00:00
02-youth-jump-account-youth-savings-maturity-receipt,02-youth-jump-account,02,youth-savings-maturity-receipt,청년 도약계좌 만기 수령액,청년 도약계좌 만기 수령 팁,info,tip,청년 도약계좌의 만기 수령에 대해 자세히 알아보기,slot_2step,2026-06-08T12:12:53.415285+00:00
02-youth-jump-account-youth-savings-regional-operation,02-youth-jump-account,02,youth-savings-regional-operation,청년 도약계좌 지역별 운영 기관,청년 도약계좌 지역별 운영 정보,info,tip,청년 도약계좌의 지역별 운영 기관을 확인하세요,slot_2step,2026-06-08T12:12:53.415285+00:00
03-blood-sugar-management-blood-sugar-level-management,03-blood-sugar-management,03,blood-sugar-level-management,혈당 수치 관리 방법,혈당 수치 관리 팁과 방법,howto,tip,혈당 수치 관리 방법과 팁을 알려드립니다.,slot_2step,2026-06-08T12:16:52.768176+00:00
03-blood-sugar-management-blood-sugar-management-apps,03-blood-sugar-management,03,blood-sugar-management-apps,혈당 관리 모바일 앱,혈당 관리에 도움이 되는 앱,info,tip,혈당 관리를 위한 모바일 앱 추천,slot_2step,2026-06-08T12:16:52.768176+00:00
03-blood-sugar-management-blood-sugar-management-community,03-blood-sugar-management,03,blood-sugar-management-community,혈당 관리 커뮤니티 추천,혈당 관리 커뮤니티 모음,info,tip,혈당 관리 커뮤니티를 소개합니다.,slot_2step,2026-06-08T12:16:52.768176+00:00
03-blood-sugar-management-blood-sugar-management-supplements,03-blood-sugar-management,03,blood-sugar-management-supplements,혈당 관리 영양제 추천,혈당 관리에 좋은 영양제,info,tip,혈당 관리에 도움이 되는 영양제를 소개합니다.,slot_2step,2026-06-08T12:16:52.768176+00:00
03-blood-sugar-management-blood-sugar-regulation-principle,03-blood-sugar-management,03,blood-sugar-regulation-principle,혈당 조절 원리 이해,혈당 조절 원리와机制,info,tip,혈당 조절 원리를 설명합니다.,slot_2step,2026-06-08T12:16:52.768176+00:00
03-blood-sugar-management-blood-sugar-related-diseases,03-blood-sugar-management,03,blood-sugar-related-diseases,혈당 관련 질병 종류,혈당 관련 질병 정보,info,tip,혈당 관련 질병에 대해 알려드립니다.,slot_2step,2026-06-08T12:16:52.768176+00:00
03-blood-sugar-management-child-blood-sugar-management,03-blood-sugar-management,03,child-blood-sugar-management,어린이 혈당 관리 방법,어린이 혈당 관리 팁과 주의사항,info,tip,어린이 혈당 관리 방법과 주의사항을 알려드립니다.,slot_2step,2026-06-08T12:16:52.768176+00:00
03-blood-sugar-management-elderly-blood-sugar-management,03-blood-sugar-management,03,elderly-blood-sugar-management,노인 혈당 관리 방법,노인 혈당 관리의 모든 것,info,tip,노인의 혈당 관리 방법과 주의사항,slot_2step,2026-06-08T12:16:52.768176+00:00
03-blood-sugar-management-exercise-to-lower-blood-sugar,03-blood-sugar-management,03,exercise-to-lower-blood-sugar,혈당 낮추는 운동법,혈당 낮추는 운동법 배우기,howto,tip,혈당을 낮추는 효과적인 운동법,slot_2step,2026-06-08T12:16:52.768176+00:00
03-blood-sugar-management-foods-that-help-regulate-blood-sugar,03-blood-sugar-management,03,foods-that-help-regulate-blood-sugar,혈당 조절에 좋은 음식,혈당 조절에 좋은 음식들,info,tip,혈당 조절에 도움이 되는 음식들,slot_2step,2026-06-08T12:16:52.768176+00:00
03-blood-sugar-management-glycemic-diet-plan,03-blood-sugar-management,03,glycemic-diet-plan,혈당 관리 식단 계획,혈당 관리 식단 계획 세우기,info,tip,효과적인 혈당 관리 식단 계획을 세우는 방법,slot_2step,2026-06-08T12:16:52.768176+00:00
03-blood-sugar-management-how-to-use-a-blood-glucose-meter,03-blood-sugar-management,03,how-to-use-a-blood-glucose-meter,혈당 측정기 사용 방법,혈당 측정기 사용법,howto,tip,혈당 측정기 사용 방법과 주의사항,slot_2step,2026-06-08T12:16:52.768176+00:00
03-blood-sugar-management-managing-blood-sugar-during-pregnancy,03-blood-sugar-management,03,managing-blood-sugar-during-pregnancy,임신 중 혈당 관리 팁,임신 중 혈당 관리 방법,info,tip,임신 중 혈당 관리의 중요성과 방법,slot_2step,2026-06-08T12:16:52.768176+00:00
03-blood-sugar-management-tips-for-managing-blood-sugar-levels,03-blood-sugar-management,03,tips-for-managing-blood-sugar-levels,혈당 수치 관리 팁 공유,혈당 수치 관리하는 팁,howto,tip,효과적인 혈당 수치 관리 팁,slot_2step,2026-06-08T12:16:52.768176+00:00
03-blood-sugar-management-understanding-blood-sugar-levels,03-blood-sugar-management,03,understanding-blood-sugar-levels,혈당 수치 이해하기,혈당 수치 이해와 관리,info,tip,혈당 수치를 이해하고 관리하는 방법,slot_2step,2026-06-08T12:16:52.768176+00:00
03-cholesterol-management-eolin-i-kolesterol-gwanli,03-cholesterol-management,03,eolin-i-kolesterol-gwanli,어린이 콜레스테롤 관리,어린이 콜레스테롤 관리 방법,howto,tip,어린이 콜레스테롤 관리 방법을 알아보세요.,slot_2step,2026-06-08T12:17:14.075664+00:00
03-cholesterol-management-gokoleseuterol-hyeoljeong-chiryobeob,03-cholesterol-management,03,gokoleseuterol-hyeoljeong-chiryobeob,고콜레스테롤혈증 치료,고콜레스테롤혈증 치료법과 관리 방법,info,tip,고콜레스테롤혈증의 치료법과 관리 방법에 대해 알아보세요.,slot_2step,2026-06-08T12:17:14.075664+00:00
03-cholesterol-management-imsanbu-kolesterol-gwanri,03-cholesterol-management,03,imsanbu-kolesterol-gwanri,임산부 콜레스테롤 관리법,임산부 콜레스테롤 관리,howto,tip,임산부의 건강한 콜레스테롤 관리 방법,slot_2step,2026-06-08T12:17:14.075664+00:00
03-cholesterol-management-kolesterol-gamseol-undongbeop,03-cholesterol-management,03,kolesterol-gamseol-undongbeop,콜레스테롤 줄이는 운동,콜레스테롤 감소 운동법,info,tip,콜레스테롤 수치를 낮추는 효과적인 운동 방법,slot_2step,2026-06-08T12:17:14.075664+00:00
03-cholesterol-management-kolesterol-geomsa-biyong,03-cholesterol-management,03,kolesterol-geomsa-biyong,콜레스테롤 검사 비용,콜레스테롤 검사 비용과 방법,info,tip,콜레스테롤 검사 비용과 방법에 대해 알아보세요.,slot_2step,2026-06-08T12:17:14.075664+00:00
03-cholesterol-management-kolesterol-gwanri-sikdan-gyeolje,03-cholesterol-management,03,kolesterol-gwanri-sikdan-gyeolje,콜레스테롤 식단 관리,콜레스테롤 관리 식단 계획,info,tip,콜레스테롤 수치를 개선하는 식단 계획,slot_2step,2026-06-08T12:17:14.075664+00:00
03-cholesterol-management-kolesterol-gwanryeon-boheom,03-cholesterol-management,03,kolesterol-gwanryeon-boheom,콜레스테롤 보험 상품,콜레스테롤 관련 보험,info,tip,콜레스테롤 관리와 관련된 보험 상품 정보,slot_2step,2026-06-08T12:17:14.075664+00:00
03-cholesterol-management-kolesterol-jungsang-suchi,03-cholesterol-management,03,kolesterol-jungsang-suchi,콜레스테롤 정상 수치,콜레스테롤 정상수치,info,tip,건강한 콜레스테롤 수치를 확인하는 방법,slot_2step,2026-06-08T12:17:14.075664+00:00
03-cholesterol-management-kolesterol-nachuneun-cha,03-cholesterol-management,03,kolesterol-nachuneun-cha,콜레스테롤 낮추는 차,콜레스테롤 낮추는 차,info,tip,콜레스테롤 수치를 낮추는 데 도움이 되는 차,slot_2step,2026-06-08T12:17:14.075664+00:00
03-cholesterol-management-kolesterol-nachunneun-bangbeob,03-cholesterol-management,03,kolesterol-nachunneun-bangbeob,콜레스테롤 낮추는 방법,콜레스테롤 낮추는 방법 총정리,info,tip,콜레스테롤 수치를 낮추는 다양한 방법에 대해 알아보세요.,slot_2step,2026-06-08T12:17:14.075664+00:00
03-cholesterol-management-kolesterol-neomneun-seugwan,03-cholesterol-management,03,kolesterol-neomneun-seugwan,콜레스테롤 높이는 습관,콜레스테롤 수치를 올리는 습관,info,tip,콜레스테롤 수치를 높이는 나쁜 습관들,slot_2step,2026-06-08T12:17:14.075664+00:00
03-cholesterol-management-kolesterol-neun-i-eumshik,03-cholesterol-management,03,kolesterol-neun-i-eumshik,콜레스테롤 높은 음식,콜레스테롤 높은 음식 피하는 법,info,tip,콜레스테롤 높은 음식을 피하는 법을 알아보세요.,slot_2step,2026-06-08T12:17:14.075664+00:00
03-cholesterol-management-kolesterol-suchi-ui-myeo,03-cholesterol-management,03,kolesterol-suchi-ui-myeo,콜레스테롤 수치 의미,콜레스테롤 수치가 의미하는 것,info,tip,콜레스테롤 수치가 의미하는 것을 알아보세요.,slot_2step,2026-06-08T12:17:14.075664+00:00
03-cholesterol-management-kolesterol-yak-bu-tacgwa,03-cholesterol-management,03,kolesterol-yak-bu-tacgwa,콜레스테롤 약 부작용,콜레스테롤 약 부작용과 관리,info,tip,콜레스테롤 약 부작용과 관리 방법을 알아보세요.,slot_2step,2026-06-08T12:17:14.075664+00:00
03-cholesterol-management-nol-in-kolesterol-gwanli,03-cholesterol-management,03,nol-in-kolesterol-gwanli,노인 콜레스테롤 관리,노인 콜레스테롤 관리 방법과 팁,howto,tip,노인 콜레스테롤 관리 방법과 팁을 알아보세요.,slot_2step,2026-06-08T12:17:14.075664+00:00
03-gym-beginner-choosing-a-gym-for-beginners,03-gym-beginner,03,choosing-a-gym-for-beginners,헬스장 선택 가이드,초보자를 위한 헬스장 선택 기준,info,tip,나에게 맞는 헬스장을 선택하는 방법을 알아보세요.,slot_2step,2026-06-08T12:21:32.315543+00:00
03-gym-beginner-creating-effective-gym-routine,03-gym-beginner,03,creating-effective-gym-routine,헬스 루틴 계획,효과적인 헬스 루틴 만들기,howto,tip,목표 달성을 위한 헬스 루틴을 계획하세요.,slot_2step,2026-06-08T12:21:32.315543+00:00
03-gym-beginner-creating-workout-routine-for-beginners,03-gym-beginner,03,creating-workout-routine-for-beginners,초보자 운동 루틴,초보자 운동 루틴 만들기,info,tip,초보자를 위한 운동 루틴을 소개합니다.,slot_2step,2026-06-08T12:15:32.036859+00:00
03-gym-beginner-exercise-and-nutrition,03-gym-beginner,03,exercise-and-nutrition,운동과 영양소,운동과 영양소의 관계,info,tip,운동과 영양소의 관계를 알아보세요.,slot_2step,2026-06-08T12:15:32.036859+00:00
03-gym-beginner-gym-etiquette-for-beginners,03-gym-beginner,03,gym-etiquette-for-beginners,헬스장 기본 에티켓,헬스장 초보자를 위한 기본 예절 가이드,info,tip,헬스장 이용 시 지켜야 할 기본 예절을 소개합니다.,slot_2step,2026-06-08T12:21:32.315543+00:00
03-gym-beginner-gym-hours-and-rest,03-gym-beginner,03,gym-hours-and-rest,헬스장 이용 시간,헬스장 이용 시간과 휴식,info,tip,효과적인 헬스장 이용 시간을 알아보세요.,slot_2step,2026-06-08T12:21:32.315543+00:00
03-gym-beginner-gym-motivation-tips,03-gym-beginner,03,gym-motivation-tips,헬스장 탈출 전략,헬스장 탈출 전략과 팁,howto,tip,헬스장 운동을 꾸준히 하는 방법을 알아보세요.,slot_2step,2026-06-08T12:21:32.315543+00:00
03-gym-beginner-gym-safety-rules,03-gym-beginner,03,gym-safety-rules,헬스장 안전 수칙,헬스장 안전 수칙,info,tip,헬스장 안전 수칙을 알려드립니다.,slot_2step,2026-06-08T12:15:32.036859+00:00
03-gym-beginner-gym-safety-rules-2,03-gym-beginner,03,gym-safety-rules-2,헬스장 안전 수칙,헬스장 안전 수칙 지키기,info,tip,헬스장에서 안전하게 운동하는 법을 알아보세요.,slot_2step,2026-06-08T12:21:32.315543+00:00
03-gym-beginner-gym-tips-for-beginners,03-gym-beginner,03,gym-tips-for-beginners,헬스 팁,헬스 초보자를 위한 팁과 노하우,howto,tip,헬스 초보자를 위한 유용한 팁을 알아보세요.,slot_2step,2026-06-08T12:21:32.315543+00:00
03-gym-beginner-gym-utilization-tips,03-gym-beginner,03,gym-utilization-tips,헬스장 이용 노하우,헬스장 이용 팁과 노하우,info,tip,헬스장 이용에 도움이 되는 팁과 노하우를 공유합니다.,slot_2step,2026-06-08T12:15:32.036859+00:00
03-gym-beginner-gym-workout-order,03-gym-beginner,03,gym-workout-order,헬스 운동 순서,헬스 운동 순서 정하기,howto,tip,효율적인 헬스 운동 순서를 알아보세요.,slot_2step,2026-06-08T12:21:32.315543+00:00
03-gym-beginner-gym-workout-order-and-method,03-gym-beginner,03,gym-workout-order-and-method,헬스장 운동 순서,헬스장 운동 순서와 방법,howto,tip,헬스장 운동 순서와 방법을 알려드립니다.,slot_2step,2026-06-08T12:15:32.036859+00:00
03-gym-beginner-health-apps-for-beginners,03-gym-beginner,03,health-apps-for-beginners,헬스 앱 추천,초보자를 위한 헬스 앱 추천,info,tip,헬스를 시작하는 초보자를 위한 앱 추천합니다.,slot_2step,2026-06-08T12:15:32.036859+00:00
03-gym-beginner-health-community-for-beginners,03-gym-beginner,03,health-community-for-beginners,헬스 커뮤니티 찾기,헬스 초보자를 위한 커뮤니티 찾기,info,tip,헬스 초보자를 위한 커뮤니티를 찾아보세요.,slot_2step,2026-06-08T12:15:32.036859+00:00
03-gym-beginner-health-exercise-injury-prevention,03-gym-beginner,03,health-exercise-injury-prevention,헬스 부상 예방법,헬스 운동 부상 예방하는 법,info,tip,헬스 운동 중 부상을 예방하는 방법에 대해 알아보세요.,slot_2step,2026-06-08T12:15:32.036859+00:00
03-gym-beginner-how-to-regulate-gym-frequency,03-gym-beginner,03,how-to-regulate-gym-frequency,헬스 운동 빈도 조절,효과적인 헬스 운동 빈도 조절 방법,info,tip,헬스 운동 빈도를 조절하는 방법을 알려드립니다.,slot_2step,2026-06-08T12:21:32.315543+00:00
03-gym-beginner-how-to-use-gym-equipment,03-gym-beginner,03,how-to-use-gym-equipment,헬스장 장비 사용법,헬스장 장비 사용법,howto,tip,헬스장 장비 사용법을 알려드립니다.,slot_2step,2026-06-08T12:15:32.036859+00:00
03-gym-beginner-how-to-use-gym-for-beginners,03-gym-beginner,03,how-to-use-gym-for-beginners,헬스장 이용 가이드,헬스장 처음 이용하는 법,howto,tip,헬스장 이용 방법을 알려드립니다.,slot_2step,2026-06-08T12:15:32.036859+00:00
03-gym-beginner-how-to-use-gym-for-beginners-2,03-gym-beginner,03,how-to-use-gym-for-beginners-2,헬스장 이용 가이드,헬스장 처음 이용하는 법,howto,tip,헬스장 이용 방법을 알아보고 안전하게 운동하세요.,slot_2step,2026-06-08T12:21:32.315543+00:00
03-gym-beginner-importance-of-stretching,03-gym-beginner,03,importance-of-stretching,운동 전후 스트레칭,운동 전후 스트레칭의 중요성,info,tip,운동 전후 스트레칭으로 부상을 예방하세요.,slot_2step,2026-06-08T12:21:32.315543+00:00
03-gym-beginner-importance-of-stretching-before-and-after-workout,03-gym-beginner,03,importance-of-stretching-before-and-after-workout,운동 전후 스트레칭,운동 전후 스트레칭 중요성,info,tip,운동 전후 스트레칭의 중요성을 강조합니다.,slot_2step,2026-06-08T12:15:32.036859+00:00
03-gym-beginner-meal-plan-for-beginner-gym-goers,03-gym-beginner,03,meal-plan-for-beginner-gym-goers,헬스 초보 식단,헬스 초보자를 위한 식단 계획,info,tip,헬스 초보자를 위한 식단 계획을 제공합니다.,slot_2step,2026-06-08T12:15:32.036859+00:00
03-gym-beginner-setting-gym-goals,03-gym-beginner,03,setting-gym-goals,헬스 목표 설정,헬스 목표 설정하기,howto,tip,달성 가능한 헬스 목표를 설정하세요.,slot_2step,2026-06-08T12:21:32.315543+00:00
03-gym-beginner-types-and-methods-of-weight-training,03-gym-beginner,03,types-and-methods-of-weight-training,웨이트 트레이닝 종류,웨이트 트레이닝 종류와 방법,info,tip,웨이트 트레이닝의 종류와 방법을 소개합니다.,slot_2step,2026-06-08T12:15:32.036859+00:00
03-gym-beginner-types-of-weight-training,03-gym-beginner,03,types-of-weight-training,웨이트 트레이닝 종류,웨이트 트레이닝의 종류와 방법,info,tip,다양한 웨이트 트레이닝 방법을 알아보세요.,slot_2step,2026-06-08T12:21:32.315543+00:00
03-gym-beginner-weight-training-basic-knowledge,03-gym-beginner,03,weight-training-basic-knowledge,웨이트 트레이닝 기초,웨이트 트레이닝 기초 지식,info,tip,웨이트 트레이닝의 기초 지식을 제공합니다.,slot_2step,2026-06-08T12:15:32.036859+00:00
03-gym-beginner-weight-training-basic-posture,03-gym-beginner,03,weight-training-basic-posture,웨이트 트레이닝 자세,웨이트 트레이닝 기초 자세 배우기,info,tip,올바른 웨이트 트레이닝 자세를 배워보세요.,slot_2step,2026-06-08T12:21:32.315543+00:00
03-gym-beginner-weight-training-benefits,03-gym-beginner,03,weight-training-benefits,웨이트 트레이닝 효과,웨이트 트레이닝의 효과와 장점,info,tip,웨이트 트레이닝의 효과와 장점에 대해 알아보세요.,slot_2step,2026-06-08T12:15:32.036859+00:00
03-gym-beginner-weight-training-routine-for-beginners,03-gym-beginner,03,weight-training-routine-for-beginners,초보자 웨이트 트레이닝 루틴,헬스 입문자를 위한 웨이트 트레이닝 기초 루틴,info,tip,초보자를 위한 웨이트 트레이닝 루틴을 제공합니다.,slot_2step,2026-06-08T12:21:32.315543+00:00
03-home-training-beginner-home-training-routine,03-home-training,03,beginner-home-training-routine,초보자 홈트레이닝 루틴,집에서 쉽게 따라하는 초보자 홈트레이닝 루틴,info,tip,홈트레이닝을 처음 시작하는 초보자를 위한 효과적인 운동 루틴 가이드,slot_2step,2026-06-08T12:19:32.856733+00:00
03-home-training-benefits-of-home-workout,03-home-training,03,benefits-of-home-workout,홈트레이닝 효과,홈트레이닝 운동 효과는?,info,tip,홈트레이닝의 다양한 운동 효과를 알려드립니다.,slot_2step,2026-06-08T12:14:21.427858+00:00
03-home-training-best-home-training-apps,03-home-training,03,best-home-training-apps,홈트레이닝 앱,홈트레이닝 앱 추천 베스트,info,tip,홈트레이닝에 도움이 되는 앱을 소개합니다.,slot_2step,2026-06-08T12:14:21.427858+00:00
03-home-training-create-personalized-home-training-routine,03-home-training,03,create-personalized-home-training-routine,맞춤형 홈트레이닝 루틴,나에게 맞는 홈트레이닝 루틴 만들기,info,tip,개인의 목표와 체형에 맞는 홈트레이닝 루틴 설계 방법,slot_2step,2026-06-08T12:19:32.856733+00:00
03-home-training-home-cardio-exercise,03-home-training,03,home-cardio-exercise,집에서 하는 유산소,집에서 하는 유산소 운동법,howto,tip,집에서 쉽게 할 수 있는 유산소 운동법을 소개합니다.,slot_2step,2026-06-08T12:14:21.427858+00:00
03-home-training-home-cardio-exercise-2,03-home-training,03,home-cardio-exercise-2,집에서 하는 유산소,집에서 하는 유산소 운동,info,tip,집에서 쉽게 할 수 있는 유산소 운동법을 소개합니다.,slot_2step,2026-06-08T12:22:35.584642+00:00
03-home-training-home-cardio-exercise-routine,03-home-training,03,home-cardio-exercise-routine,집에서 하는 유산소 운동법,집에서 쉽게 하는 유산소 운동 루틴,info,tip,집에서 할 수 있는 효과적인 유산소 운동 방법,slot_2step,2026-06-08T12:19:32.856733+00:00
03-home-training-home-gym-equipment,03-home-training,03,home-gym-equipment,홈트레이닝 운동기구,홈트레이닝 운동기구 선택 가이드,info,tip,홈트레이닝을 위한 운동기구 선택 팁을 제공합니다.,slot_2step,2026-06-08T12:14:21.427858+00:00
03-home-training-home-strength-training,03-home-training,03,home-strength-training,집에서 하는 근력,집에서 하는 근력 운동법,howto,tip,집에서 효과적으로 근력 운동을 하는 법을 알려드립니다.,slot_2step,2026-06-08T12:14:21.427858+00:00
03-home-training-home-training-and-sleep-quality,03-home-training,03,home-training-and-sleep-quality,홈트레이닝 수면 질,홈트레이닝과 수면의 질 개선,review,tip,홈트레이닝이 수면의 질에 미치는 영향,slot_2step,2026-06-08T12:22:35.584642+00:00
03-home-training-home-training-and-supplement-guide,03-home-training,03,home-training-and-supplement-guide,홈트레이닝 영양제,홈트레이닝과 영양제 섭취 가이드,info,tip,홈트레이닝 효과를 높이는 영양제 섭취 가이드,slot_2step,2026-06-08T12:22:35.584642+00:00
03-home-training-home-training-app-recommendation,03-home-training,03,home-training-app-recommendation,홈트레이닝 앱 추천,홈트레이닝 앱 추천 TOP 5,info,tip,효과적인 홈트레이닝을 위한 최고의 앱 추천,slot_2step,2026-06-08T12:22:35.584642+00:00
03-home-training-home-training-benefits,03-home-training,03,home-training-benefits,홈트레이닝 효과,홈트레이닝 운동 효과 분석,info,tip,홈트레이닝의 다양한 운동 효과,slot_2step,2026-06-08T12:19:32.856733+00:00
03-home-training-home-training-diet,03-home-training,03,home-training-diet,홈트레이닝 다이어트,홈트레이닝으로 다이어트 성공,review,tip,홈트레이닝을 통해 다이어트에 성공한 사람들의 후기를 공유합니다.,slot_2step,2026-06-08T12:22:35.584642+00:00
03-home-training-home-training-duration,03-home-training,03,home-training-duration,홈트레이닝 시간,홈트레이닝 운동 시간 관리,info,tip,효과적인 홈트레이닝 시간을 알려드립니다.,slot_2step,2026-06-08T12:14:21.427858+00:00
03-home-training-home-training-duration-2,03-home-training,03,home-training-duration-2,홈트레이닝 시간,홈트레이닝 운동 시간 관리,info,tip,효과적인 홈트레이닝 운동 시간,slot_2step,2026-06-08T12:19:32.856733+00:00
03-home-training-home-training-equipment,03-home-training,03,home-training-equipment,홈트레이닝 운동 장비,홈트레이닝 운동 장비 추천,info,tip,홈트레이닝에 필요한 운동 장비,slot_2step,2026-06-08T12:19:32.856733+00:00
03-home-training-home-training-equipment-2,03-home-training,03,home-training-equipment-2,홈트레이닝 용품,홈트레이닝 필수 아이템 구매,info,tip,홈트레이닝에 필요한 필수 아이템을 소개합니다.,slot_2step,2026-06-08T12:22:35.584642+00:00
03-home-training-home-training-equipment-guide,03-home-training,03,home-training-equipment-guide,홈트레이닝 운동기구 추천,홈트레이닝을 위한 운동기구 선택 가이드,info,tip,홈트레이닝에 필요한 운동기구 선택 팁,slot_2step,2026-06-08T12:19:32.856733+00:00
03-home-training-home-training-exercise-types,03-home-training,03,home-training-exercise-types,홈트레이닝 운동 종류,홈트레이닝 운동 종류 추천,info,tip,집에서 할 수 있는 다양한 홈트레이닝 운동,slot_2step,2026-06-08T12:19:32.856733+00:00
03-home-training-home-training-for-seniors,03-home-training,03,home-training-for-seniors,노인 홈트레이닝 루틴,노인 홈트레이닝 운동법 따라하기,info,tip,노인을 위한 효율적인 홈트레이닝 운동 루틴 가이드,slot_2step,2026-06-08T12:19:32.856733+00:00
03-home-training-home-training-for-weight-loss,03-home-training,03,home-training-for-weight-loss,홈트레이닝 다이어트 방법,홈트레이닝으로 효과적으로 다이어트하기,info,tip,홈트레이닝을 통한 건강한 다이어트 방법,slot_2step,2026-06-08T12:19:32.856733+00:00
03-home-training-home-training-injury-prevention,03-home-training,03,home-training-injury-prevention,홈트레이닝 부상,홈트레이닝 부상 방지 팁,info,tip,홈트레이닝 중 부상을 방지하는 방법,slot_2step,2026-06-08T12:19:32.856733+00:00
03-home-training-home-training-injury-prevention-2,03-home-training,03,home-training-injury-prevention-2,홈트레이닝 부상,홈트레이닝 운동 부상 방지,info,tip,홈트레이닝 중 부상을 방지하는 방법을 알려드립니다.,slot_2step,2026-06-08T12:22:35.584642+00:00
03-home-training-home-training-intensity,03-home-training,03,home-training-intensity,홈트레이닝 강도,홈트레이닝 운동 강도 조절,info,tip,홈트레이닝 운동 강도 조절법을 알려드립니다.,slot_2step,2026-06-08T12:14:21.427858+00:00
03-home-training-home-training-program-for-kids,03-home-training,03,home-training-program-for-kids,어린이 홈트레이닝 프로그램,아이들을 위한 재미있는 홈트레이닝 프로그램,info,tip,어린이를 위한 집에서 할 수 있는 운동 프로그램,slot_2step,2026-06-08T12:19:32.856733+00:00
03-home-training-home-training-routine,03-home-training,03,home-training-routine,홈트레이닝 루틴,홈트레이닝 루틴 만들기,info,tip,효과적인 홈트레이닝 루틴을 만드는 방법을 알려드립니다.,slot_2step,2026-06-08T12:14:21.427858+00:00
03-home-training-home-training-routine-2,03-home-training,03,home-training-routine-2,홈트레이닝 루틴,홈트레이닝 루틴 만들기,info,tip,효과적인 홈트레이닝 루틴을 만드는 방법을 알려드립니다.,slot_2step,2026-06-08T12:22:35.584642+00:00
03-home-training-home-training-self-care,03-home-training,03,home-training-self-care,홈트레이닝 자기관리,홈트레이닝과 자기 관리,review,tip,홈트레이닝을 통해 자기 관리를 실천한 사람들의 후기를 공유합니다.,slot_2step,2026-06-08T12:22:35.584642+00:00
03-home-training-home-training-sleep,03-home-training,03,home-training-sleep,홈트레이닝 수면,홈트레이닝과 수면의 질,review,tip,홈트레이닝이 수면의 질에 미치는 영향을 공유합니다.,slot_2step,2026-06-08T12:22:35.584642+00:00
03-home-training-home-training-space,03-home-training,03,home-training-space,홈트레이닝 공간,홈트레이닝 공간 마련 가이드,howto,tip,집에서 운동하기 좋은 공간 만들기,slot_2step,2026-06-08T12:19:32.856733+00:00
03-home-training-home-training-stress-relief,03-home-training,03,home-training-stress-relief,홈트레이닝 스트레스,홈트레이닝과 스트레스 해소,review,tip,홈트레이닝을 통해 스트레스를 해소한 사람들의 후기를 공유합니다.,slot_2step,2026-06-08T12:22:35.584642+00:00
03-home-training-home-workout-community,03-home-training,03,home-workout-community,홈트레이닝 커뮤니티,홈트레이닝 커뮤니티 찾기,info,tip,홈트레이닝을 함께할 수 있는 커뮤니티를 소개합니다.,slot_2step,2026-06-08T12:14:21.427858+00:00
03-home-training-home-workout-for-kids,03-home-training,03,home-workout-for-kids,어린이 홈트레이닝,어린이를 위한 홈트레이닝 프로그램,info,tip,어린이를 위한 재미있는 홈트레이닝 프로그램을 소개합니다.,slot_2step,2026-06-08T12:14:21.427858+00:00
03-home-training-home-workout-for-seniors,03-home-training,03,home-workout-for-seniors,노인 홈트레이닝,노인을 위한 홈트레이닝 운동법,info,tip,노인을 위한 안전하고 효과적인 홈트레이닝 운동법을 소개합니다.,slot_2step,2026-06-08T12:14:21.427858+00:00
03-home-training-home-workout-space,03-home-training,03,home-workout-space,홈트레이닝 공간,홈트레이닝 공간 마련 팁,howto,tip,집에서 홈트레이닝 공간을 마련하는 법을 알려드립니다.,slot_2step,2026-06-08T12:14:21.427858+00:00
03-home-training-kids-home-training,03-home-training,03,kids-home-training,어린이 홈트레이닝,어린이 홈트레이닝 프로그램,info,tip,어린이를 위한 홈트레이닝 프로그램을 제공합니다.,slot_2step,2026-06-08T12:22:35.584642+00:00
03-home-training-managing-home-training-time,03-home-training,03,managing-home-training-time,홈트레이닝 시간 관리,홈트레이닝 운동 시간 관리 팁,info,tip,효율적인 홈트레이닝을 위한 시간 관리 방법,slot_2step,2026-06-08T12:22:35.584642+00:00
03-home-training-measuring-home-training-effectiveness,03-home-training,03,measuring-home-training-effectiveness,홈트레이닝 효과 측정,홈트레이닝 운동 효과 측정 방법,info,tip,홈트레이닝 운동 효과를 정확히 측정하는 방법,slot_2step,2026-06-08T12:22:35.584642+00:00
03-home-training-pregnant-home-training,03-home-training,03,pregnant-home-training,임산부 홈트레이닝,임산부 홈트레이닝 안전 가이드,info,tip,임산부를 위한 안전한 홈트레이닝 가이드를 제공합니다.,slot_2step,2026-06-08T12:22:35.584642+00:00
03-home-training-prevent-home-workout-injuries,03-home-training,03,prevent-home-workout-injuries,홈트레이닝 부상,홈트레이닝 부상 방지 가이드,howto,tip,홈트레이닝 중 부상을 방지하는 방법을 알려드립니다.,slot_2step,2026-06-08T12:14:21.427858+00:00
03-home-training-start-home-workout,03-home-training,03,start-home-workout,홈트레이닝 시작,홈트레이닝 시작하는 법,howto,tip,홈트레이닝을 처음 시작하는 분들을 위한 가이드를 제공합니다.,slot_2step,2026-06-08T12:14:21.427858+00:00
03-home-training-stretching-for-home-training,03-home-training,03,stretching-for-home-training,홈트레이닝 스트레칭 방법,홈트레이닝 전 필수 스트레칭,info,tip,홈트레이닝 효과를 높이는 스트레칭 방법 소개,slot_2step,2026-06-08T12:19:32.856733+00:00
03-home-training-types-of-home-training,03-home-training,03,types-of-home-training,홈트레이닝 종류,홈트레이닝 종류 및 특징,info,tip,다양한 홈트레이닝 종류를 소개합니다.,slot_2step,2026-06-08T12:14:21.427858+00:00
03-intermittent-fasting-importance-of-fiber-in-intermittent-fasting,03-intermittent-fasting,03,importance-of-fiber-in-intermittent-fasting,간헐적 단식 식이섬유,간헐적 단식 식이섬유 섭취의 중요성,info,tip,간헐적 단식에서 식이섬유 섭취가 중요한 이유를 알아보세요.,slot_2step,2026-06-08T12:16:12.311378+00:00
03-intermittent-fasting-intermittent-fasting-and-exercise,03-intermittent-fasting,03,intermittent-fasting-and-exercise,간헐적 단식과 운동 병행,간헐적 단식과 운동 병행 가이드,info,tip,간헐적 단식과 운동을 병행하는 방법을 알아보세요.,slot_2step,2026-06-08T12:16:12.311378+00:00
03-intermittent-fasting-intermittent-fasting-and-sleep,03-intermittent-fasting,03,intermittent-fasting-and-sleep,간헐적 단식 수면 영향,간헐적 단식이 수면에 미치는 영향,info,tip,간헐적 단식이 수면에 미치는 영향을 알아보세요.,slot_2step,2026-06-08T12:16:12.311378+00:00
03-intermittent-fasting-intermittent-fasting-correct-method,03-intermittent-fasting,03,intermittent-fasting-correct-method,간헐적 단식 올바른 방법,간헐적 단식 올바른 방법과 주의사항,howto,tip,간헐적 단식의 올바른 방법과 주의사항을 알아보세요.,slot_2step,2026-06-08T12:16:12.311378+00:00
03-intermittent-fasting-intermittent-fasting-diet-effect,03-intermittent-fasting,03,intermittent-fasting-diet-effect,간헐적 단식 다이어트 효과,간헐적 단식 다이어트 효과와 성공 사례,info,tip,간헐적 단식 다이어트의 효과와 성공 사례를 확인하세요.,slot_2step,2026-06-08T12:16:12.311378+00:00
03-intermittent-fasting-intermittent-fasting-diet-review,03-intermittent-fasting,03,intermittent-fasting-diet-review,간헐적 단식 다이어트 후기,간헐적 단식 다이어트 후기와 성공 사례,review,tip,간헐적 단식 다이어트 후기와 성공 사례를 확인하세요.,slot_2step,2026-06-08T12:16:12.311378+00:00
03-intermittent-fasting-intermittent-fasting-for-beginners,03-intermittent-fasting,03,intermittent-fasting-for-beginners,간헐적 단식 초보자 가이드,간헐적 단식 초보자 가이드북,howto,tip,간헐적 단식 초보자를 위한 가이드북을 확인하세요.,slot_2step,2026-06-08T12:16:12.311378+00:00
03-intermittent-fasting-intermittent-fasting-for-pregnant-women,03-intermittent-fasting,03,intermittent-fasting-for-pregnant-women,임산부 간헐적 단식 위험성,임산부 간헐적 단식 위험성과 주의사항,info,tip,임산부를 위한 간헐적 단식 위험성과 주의사항을 확인하세요.,slot_2step,2026-06-08T12:16:12.311378+00:00
03-intermittent-fasting-intermittent-fasting-for-seniors,03-intermittent-fasting,03,intermittent-fasting-for-seniors,노인 간헐적 단식 주의사항,노인 간헐적 단식 주의사항과 건강 팁,info,tip,노인을 위한 간헐적 단식 주의사항과 건강 팁을 확인하세요.,slot_2step,2026-06-08T12:16:12.311378+00:00
03-intermittent-fasting-intermittent-fasting-meal-plan,03-intermittent-fasting,03,intermittent-fasting-meal-plan,간헐적 단식 식단 계획,간헐적 단식 식단 계획과 영양 팁,info,tip,간헐적 단식 식단 계획을 세우고 영양 팁을 확인하세요.,slot_2step,2026-06-08T12:16:12.311378+00:00
03-intermittent-fasting-intermittent-fasting-pros-and-cons,03-intermittent-fasting,03,intermittent-fasting-pros-and-cons,간헐적 단식 장점과 단점,간헐적 단식 장점과 단점 비교,compare,tip,간헐적 단식의 장점과 단점을 비교하세요.,slot_2step,2026-06-08T12:16:12.311378+00:00
03-intermittent-fasting-intermittent-fasting-side-effects,03-intermittent-fasting,03,intermittent-fasting-side-effects,간헐적 단식 부작용,간헐적 단식 부작용 사례와 예방법,info,tip,간헐적 단식 부작용 사례와 예방법에 대해 알아보세요.,slot_2step,2026-06-08T12:16:12.311378+00:00
03-intermittent-fasting-intermittent-fasting-types-and-methods,03-intermittent-fasting,03,intermittent-fasting-types-and-methods,간헐적 단식 종류와 방법,간헐적 단식 종류와 방법 비교,compare,tip,간헐적 단식 종류와 방법을 비교하세요.,slot_2step,2026-06-08T12:16:12.311378+00:00
03-intermittent-fasting-managing-stress-during-intermittent-fasting,03-intermittent-fasting,03,managing-stress-during-intermittent-fasting,간헐적 단식 스트레스,간헐적 단식과 스트레스 관리 방법,info,tip,간헐적 단식 중 스트레스 관리 방법을 알아보세요.,slot_2step,2026-06-08T12:16:12.311378+00:00
03-intermittent-fasting-types-of-intermittent-fasting,03-intermittent-fasting,03,types-of-intermittent-fasting,간헐적 단식 종류,간헐적 단식 종류와 방법 비교,compare,tip,다양한 간헐적 단식 종류와 방법을 비교해 보세요.,slot_2step,2026-06-08T12:16:12.311378+00:00
03-low-sodium-diet-comparing-low-sodium-diets,03-low-sodium-diet,03,comparing-low-sodium-diets,저염 식단 비교 분석,다양한 저염 식단 비교,info,review,다양한 저염 식단을 비교 분석합니다.,slot_2step,2026-06-08T12:16:34.282368+00:00
03-low-sodium-diet-diabetes-low-sodium-diet-plan,03-low-sodium-diet,03,diabetes-low-sodium-diet-plan,당뇨병 식단 관리,당뇨병 저염 식단 관리법,info,tip,당뇨병 환자를 위한 효과적인 저염 식단 팁,slot_2step,2026-06-08T12:16:34.282368+00:00
03-low-sodium-diet-essential-nutrients-in-low-sodium-diet,03-low-sodium-diet,03,essential-nutrients-in-low-sodium-diet,저염 식단 필수 영양소,저염 식단에 필요한 영양소들,info,tip,저염 식단에서 필수적으로 필요한 영양소들을 설명합니다.,slot_2step,2026-06-08T12:16:34.282368+00:00
03-low-sodium-diet-healthy-low-sodium-ingredients,03-low-sodium-diet,03,healthy-low-sodium-ingredients,저염 식단 식재료 추천,저염 식단에 좋은 식재료들,info,tip,저염 식단에 적합한 건강한 식재료들을 추천합니다.,slot_2step,2026-06-08T12:16:34.282368+00:00
03-low-sodium-diet-low-sodium-camping-meals,03-low-sodium-diet,03,low-sodium-camping-meals,캠핑 저염 식단 아이디어,캠핑을 위한 저염 식단 아이디어,info,tip,캠핑을 위한 건강하고 맛있는 저염 식단 아이디어를 제공합니다.,slot_2step,2026-06-08T12:16:34.282368+00:00
03-low-sodium-diet-low-sodium-diet-after-surgery,03-low-sodium-diet,03,low-sodium-diet-after-surgery,수술후저염식단,수술 후 빠른 회복을 위한 저염 식단 관리,info,tip,수술 후 건강 회복을 돕는 저염 식단 정보를 제공합니다.,slot_2step,2026-06-08T12:16:34.282368+00:00
03-low-sodium-diet-low-sodium-diet-comparison,03-low-sodium-diet,03,low-sodium-diet-comparison,저염식단비교분석,다양한 저염 식단 비교 분석,info,review,다양한 저염 식단 관리법을 비교 분석합니다.,slot_2step,2026-06-08T12:16:34.282368+00:00
03-low-sodium-diet-low-sodium-diet-for-babies,03-low-sodium-diet,03,low-sodium-diet-for-babies,아기 저염 식단 가이드,아기들을 위한 저염 식단 가이드,info,tip,아기들을 위한 건강한 저염 식단 가이드를 제공합니다.,slot_2step,2026-06-08T12:16:34.282368+00:00
03-low-sodium-diet-low-sodium-diet-for-pregnant-women,03-low-sodium-diet,03,low-sodium-diet-for-pregnant-women,임신부저염식단,임신부 건강을 위한 저염 식단 가이드,info,tip,건강한 임신과 출산을 위한 저염 식단 관리법을 제공합니다.,slot_2step,2026-06-08T12:16:34.282368+00:00
03-low-sodium-diet-low-sodium-diet-for-seniors,03-low-sodium-diet,03,low-sodium-diet-for-seniors,노인 저염 식단 관리법,노인들을 위한 저염 식단 관리 가이드,info,tip,노인들을 위한 건강한 저염 식단 관리법을 소개합니다.,slot_2step,2026-06-08T12:16:34.282368+00:00
03-low-sodium-diet-low-sodium-ingredients-shopping,03-low-sodium-diet,03,low-sodium-ingredients-shopping,저염식재료쇼핑,건강한 식탁을 위한 저염 식재료 쇼핑 가이드,info,tip,나트륨 함량이 낮은 식재료 쇼핑 방법을 알려드립니다.,slot_2step,2026-06-08T12:16:34.282368+00:00
03-low-sodium-diet-low-sodium-meal-delivery,03-low-sodium-diet,03,low-sodium-meal-delivery,저염식단배달서비스,집에서 간편하게 저염 식단 배달 받기,info,tip,건강한 식사를 위한 저염 식단 배달 서비스 정보를 공유합니다.,slot_2step,2026-06-08T12:16:34.282368+00:00
03-low-sodium-diet-low-sodium-meal-recipes,03-low-sodium-diet,03,low-sodium-meal-recipes,저염 식단 요리 방법,저염 식단 요리 팁과 방법,info,tip,건강한 저염 식단 요리를 위한 다양한 방법과 팁을 제공합니다.,slot_2step,2026-06-08T12:16:34.282368+00:00
03-low-sodium-diet-low-sodium-restaurant,03-low-sodium-diet,03,low-sodium-restaurant,저염식당추천,저염 식단 가능한 식당 찾기,info,tip,나트륨 섭취를 줄일 수 있는 저염 식단이 가능한 식당 정보를 공유합니다.,slot_2step,2026-06-08T12:16:34.282368+00:00
03-low-sodium-diet-low-sodium-restaurants-while-traveling,03-low-sodium-diet,03,low-sodium-restaurants-while-traveling,여행지저염식당,여행지에서 찾는 저염 식단 가능한 식당,info,tip,여행지에서 건강한 식사를 위한 저염 식당 정보를 공유합니다.,slot_2step,2026-06-08T12:16:34.282368+00:00
03-pilates-home-pilates-routine,03-pilates,03,home-pilates-routine,홈 필라테스 루틴,집에서 하는 필라테스 루틴과 운동법,howto,tip,집에서 쉽게 따라 할 수 있는 필라테스 루틴과 운동법을 제공합니다.,slot_2step,2026-06-08T12:14:50.708944+00:00
03-pilates-home-pilates-routine-2,03-pilates,03,home-pilates-routine-2,홈 필라테스 루틴,집에서 하는 홈 필라테스 루틴 추천,howto,tip,집에서 쉽게 따라 할 수 있는 홈 필라테스 루틴을 제공합니다.,slot_2step,2026-06-08T12:20:43.787869+00:00
03-pilates-noin-pilates-jangjeom,03-pilates,03,noin-pilates-jangjeom,노인 필라테스 장점,노인에게 좋은 필라테스 운동,info,tip,노인 건강을 위한 필라테스 혜택,slot_2step,2026-06-08T12:14:50.708944+00:00
03-pilates-pilates-biyong-jeolgam,03-pilates,03,pilates-biyong-jeolgam,필라테스 비용 아끼는법,필라테스 비용 절감하는 방법,info,tip,필라테스 비용을 절감하는 팁,slot_2step,2026-06-08T12:14:50.708944+00:00
03-pilates-pilates-breathing-technique,03-pilates,03,pilates-breathing-technique,필라테스 호흡법,필라테스 호흡법의 중요성과 방법,info,tip,필라테스에서 올바른 호흡법의 중요성과 방법을 설명합니다.,slot_2step,2026-06-08T12:20:43.787869+00:00
03-pilates-pilates-breathing-techniques,03-pilates,03,pilates-breathing-techniques,필라테스 호흡법,필라테스 호흡법과 운동 효과,howto,tip,필라테스 호흡법을 통해 운동 효과를 높이는 방법을 알려드립니다.,slot_2step,2026-06-08T12:14:50.708944+00:00
03-pilates-pilates-busak-prevention,03-pilates,03,pilates-busak-prevention,필라테스 부상 예방법,필라테스 부상 예방하는 방법,info,tip,필라테스를 안전하게 즐기기 위한 부상 예방 팁,slot_2step,2026-06-08T12:14:50.708944+00:00
03-pilates-pilates-choboja-gaideu,03-pilates,03,pilates-choboja-gaideu,필라테스 초보자 가이드,필라테스 초보자를 위한 가이드,howto,tip,필라테스 초보자를 위한 기본 가이드와 팁을 제공합니다.,slot_2step,2026-06-08T12:20:43.787869+00:00
03-pilates-pilates-core-strengthening,03-pilates,03,pilates-core-strengthening,필라테스 코어 강화,필라테스로 코어 근육 강화하는 법,info,tip,필라테스를 통해 코어 근육을 강화하는 방법을 알려드립니다.,slot_2step,2026-06-08T12:14:50.708944+00:00
03-pilates-pilates-diet-effect,03-pilates,03,pilates-diet-effect,필라테스 다이어트 효과,필라테스로 다이어트에 성공하는 법,info,tip,필라테스가 다이어트에 미치는 효과와 성공 사례를 공유합니다.,slot_2step,2026-06-08T12:20:43.787869+00:00
03-pilates-pilates-dongjak-guide,03-pilates,03,pilates-dongjak-guide,필라테스 동작 가이드,필라테스 동작 설명과 가이드,info,tip,필라테스 동작별 설명과 수행 가이드,slot_2step,2026-06-08T12:14:50.708944+00:00
03-pilates-pilates-dongjak-yeong-sang,03-pilates,03,pilates-dongjak-yeong-sang,필라테스 동작 영상,필라테스 동작 영상 모음,info,tip,필라테스 동작을 쉽게 배울 수 있는 영상 모음을 제공합니다.,slot_2step,2026-06-08T12:20:43.787869+00:00
03-pilates-pilates-equipment-types,03-pilates,03,pilates-equipment-types,필라테스 기구 종류,필라테스 기구 종류와 사용 방법,info,tip,다양한 필라테스 기구의 종류와 사용 방법을 소개합니다.,slot_2step,2026-06-08T12:14:50.708944+00:00
03-pilates-pilates-gangsa-jagyeogjeung,03-pilates,03,pilates-gangsa-jagyeogjeung,필라테스 강사 자격증,필라테스 강사 자격증 취득 방법,info,tip,필라테스 강사 자격증을 취득하는 방법과 절차를 설명합니다.,slot_2step,2026-06-08T12:20:43.787869+00:00
03-pilates-pilates-gigu-jongryu,03-pilates,03,pilates-gigu-jongryu,필라테스 기구 종류,필라테스 기구 종류와 사용법,info,tip,필라테스 운동에 사용되는 다양한 기구 종류와 사용법을 소개합니다.,slot_2step,2026-06-08T12:20:43.787869+00:00
03-pilates-pilates-hoheup-babneun,03-pilates,03,pilates-hoheup-babneun,필라테스 호흡법 배우기,필라테스 호흡법과 자세 교정,howto,tip,필라테스 호흡법과 그 중요성,slot_2step,2026-06-08T12:14:50.708944+00:00
03-pilates-pilates-hyogwa-analysis,03-pilates,03,pilates-hyogwa-analysis,필라테스 효과 분석,필라테스 효과와 장단점 분석,info,tip,필라테스의 다양한 효과와 장단점 비교,slot_2step,2026-06-08T12:14:50.708944+00:00
03-pilates-pilates-instructor-certification,03-pilates,03,pilates-instructor-certification,필라테스 강사 자격증,필라테스 강사 자격증 취득 방법,info,tip,필라테스 강사 자격증을 취득하는 방법을 알려드립니다.,slot_2step,2026-06-08T12:14:50.708944+00:00
03-pilates-pilates-jase-gyujeong,03-pilates,03,pilates-jase-gyujeong,필라테스 자세 교정,필라테스 자세 교정 팁과 운동 방법,info,tip,필라테스 자세 교정에 도움이 되는 팁과 운동 방법을 소개합니다.,slot_2step,2026-06-08T12:20:43.787869+00:00
03-pilates-pilates-jase-oer-yu,03-pilates,03,pilates-jase-oer-yu,필라테스 자세 오류,필라테스 자세 오류와 교정 방법,info,tip,필라테스 자세 오류를 발견하고 교정하는 방법을 설명합니다.,slot_2step,2026-06-08T12:20:43.787869+00:00
03-pilates-pilates-jeonhu-seuteureching,03-pilates,03,pilates-jeonhu-seuteureching,필라테스 전후 스트레칭,필라테스 전후 스트레칭의 중요성,info,tip,필라테스 운동 전후 스트레칭의 중요성과 방법을 설명합니다.,slot_2step,2026-06-08T12:20:43.787869+00:00
03-pilates-pilates-jib-eseo-hagi,03-pilates,03,pilates-jib-eseo-hagi,필라테스 집에서 하기,집에서 하는 필라테스 운동법,howto,tip,집에서 쉽게 따라 할 수 있는 필라테스 운동법을 제공합니다.,slot_2step,2026-06-08T12:20:43.787869+00:00
03-pilates-pilates-muscle-strengthening,03-pilates,03,pilates-muscle-strengthening,필라테스 근육 강화,필라테스로 근육 강화하는 법,info,tip,필라테스 동작으로 효과적으로 근육 강화하는 방법을 알려드립니다.,slot_2step,2026-06-08T12:20:43.787869+00:00
03-pilates-pilates-myeong-sang-beop,03-pilates,03,pilates-myeong-sang-beop,필라테스 명상법,필라테스 명상법과 정신 건강,howto,tip,필라테스 운동과 명상법을 통해 정신 건강을 증진하는 방법을 설명합니다.,slot_2step,2026-06-08T12:20:43.787869+00:00
03-pilates-pilates-posture-analysis,03-pilates,03,pilates-posture-analysis,필라테스 자세 분석,필라테스 자세 분석과 교정 방법,info,tip,필라테스 자세 분석을 통해 자세를 교정하고 개선하는 방법을 알려드립니다.,slot_2step,2026-06-08T12:20:43.787869+00:00
03-pilates-pilates-posture-correction,03-pilates,03,pilates-posture-correction,필라테스 자세 교정,필라테스 자세 교정 팁과 운동 방법,info,tip,올바른 필라테스 자세를 위한 교정 팁과 운동 방법을 소개합니다.,slot_2step,2026-06-08T12:14:50.708944+00:00
03-pilates-pilates-posture-errors,03-pilates,03,pilates-posture-errors,필라테스 자세 오류,필라테스 자세 오류와 교정 방법,info,tip,필라테스 자세에서 발생하는 오류와 그 교정 방법을 소개합니다.,slot_2step,2026-06-08T12:14:50.708944+00:00
03-pilates-pilates-safety-for-pregnant-women,03-pilates,03,pilates-safety-for-pregnant-women,임산부 필라테스 안전성,임산부 필라테스 안전성과 주의사항,info,tip,임산부가 필라테스를 할 때 주의해야 할 안전성과 주의사항을 알려드립니다.,slot_2step,2026-06-08T12:14:50.708944+00:00
03-pilates-pilates-stretching-before-and-after,03-pilates,03,pilates-stretching-before-and-after,필라테스 전후 스트레칭,필라테스 전후 스트레칭 운동법,howto,tip,필라테스 전후에 해야 할 스트레칭 운동법을 소개합니다.,slot_2step,2026-06-08T12:14:50.708944+00:00
03-pilates-pilates-vs-yoga,03-pilates,03,pilates-vs-yoga,필라테스 요가 차이,필라테스와 요가의 차이점 비교,info,tip,필라테스와 요가의 차이점과 각각의 특징을 비교 분석합니다.,slot_2step,2026-06-08T12:20:43.787869+00:00
03-protein-diet-agi-danbaegjil-seobchwi,03-protein-diet,03,agi-danbaegjil-seobchwi,아기 단백질 섭취,아기의 단백질 섭취 가이드,info,tip,아기의 단백질 섭취 방법과 중요성을 설명합니다.,slot_2step,2026-06-08T12:26:02.475697+00:00
03-protein-diet-choose-protein-supplement,03-protein-diet,03,choose-protein-supplement,단백질 보충제,나에게 맞는 단백질 보충제 선택 가이드,info,tip,효율적인 단백질 보충제 선택 방법,slot_2step,2026-06-08T12:15:57.084680+00:00
03-protein-diet-common-mistakes-in-protein-diet,03-protein-diet,03,common-mistakes-in-protein-diet,단백질 식단 실수 사례,단백질 식단 흔한 실수,info,tip,단백질 식단에서 피해야 할 흔한 실수들을 분석합니다.,slot_2step,2026-06-08T12:15:57.084680+00:00
03-protein-diet-danbaegjil-bocheo-je-seontaeg,03-protein-diet,03,danbaegjil-bocheo-je-seontaeg,단백질 보충제 선택,단백질 보충제 선택 가이드,compare,tip,단백질 보충제를 선택하는 방법을 알려드립니다.,slot_2step,2026-06-08T12:26:02.475697+00:00
03-protein-diet-danbaegjil-manh-eun-eumsik,03-protein-diet,03,danbaegjil-manh-eun-eumsik,단백질 많은 음식,단백질 많은 음식 TOP 10,info,tip,단백질이 풍부한 음식을 소개합니다.,slot_2step,2026-06-08T12:26:02.475697+00:00
03-protein-diet-danbaegjil-sikdan-biyong-jeol-yag,03-protein-diet,03,danbaegjil-sikdan-biyong-jeol-yag,단백질 식단 비용 절약,단백질 식단 비용 절약 팁,howto,tip,단백질 식단 비용을 절약하는 방법을 소개합니다.,slot_2step,2026-06-08T12:26:02.475697+00:00
03-protein-diet-danbaegjil-sikdan-silpae-sahoe,03-protein-diet,03,danbaegjil-sikdan-silpae-sahoe,단백질 식단 실패 사례,단백질 식단 실패 사례와 원인,info,tip,단백질 식단 실패 사례와 원인을 분석합니다.,slot_2step,2026-06-08T12:26:02.475697+00:00
03-protein-diet-danbaegjil-sikdan-undong-lutin,03-protein-diet,03,danbaegjil-sikdan-undong-lutin,단백질 식단 운동 루틴,단백질 식단과 운동 루틴,howto,tip,단백질 식단과 운동 루틴을 조합하는 방법을 알려드립니다.,slot_2step,2026-06-08T12:26:02.475697+00:00
03-protein-diet-danbaegjil-sikdan-vs-jeotan-goji,03-protein-diet,03,danbaegjil-sikdan-vs-jeotan-goji,단백질 식단 vs 저탄고지,단백질 식단 vs 저탄고지 비교,compare,tip,단백질 식단과 저탄고지를 비교합니다.,slot_2step,2026-06-08T12:26:02.475697+00:00
03-protein-diet-easy-protein-meal-recipes,03-protein-diet,03,easy-protein-meal-recipes,단백질 요리,간단하고 맛있는 단백질 식단 요리법,info,tip,집에서 쉽게 만드는 단백질 요리법,slot_2step,2026-06-08T12:15:57.084680+00:00
03-protein-diet-geunseongjang-danbaegjil-sikdan,03-protein-diet,03,geunseongjang-danbaegjil-sikdan,근성장 단백질 식단,근성장을 위한 단백질 식단 구성,howto,tip,근성장을 위한 최적의 단백질 식단을 구성하는 방법을 알려드립니다.,slot_2step,2026-06-08T12:26:02.475697+00:00
03-protein-diet-go-danbaeg-sikdan-gyehoeg,03-protein-diet,03,go-danbaeg-sikdan-gyehoeg,고단백 식단 계획,고단백 식단 계획 세우는 방법,howto,tip,효과적인 고단백 식단 계획을 세우는 방법을 알려드립니다.,slot_2step,2026-06-08T12:26:02.475697+00:00
03-protein-diet-high-protein-food-recommendation,03-protein-diet,03,high-protein-food-recommendation,고단백 식품,고단백 식품 추천 리스트,info,tip,단백질 섭취에 좋은 고단백 식품 추천,slot_2step,2026-06-08T12:15:57.084680+00:00
03-protein-diet-high-protein-foods,03-protein-diet,03,high-protein-foods,고단백 음식,단백질 높은 음식 TOP 10,info,tip,단백질 섭취를 돕는 고단백 음식들을 소개합니다.,slot_2step,2026-06-08T12:15:57.084680+00:00
03-protein-diet-im-sanbu-danbaegjil-sikdan,03-protein-diet,03,im-sanbu-danbaegjil-sikdan,임산부 단백질 식단,임산부를 위한 단백질 식단,info,tip,임산부를 위한 건강한 단백질 식단을 소개합니다.,slot_2step,2026-06-08T12:26:02.475697+00:00
03-protein-diet-kaemping-go-danbaeg-yori,03-protein-diet,03,kaemping-go-danbaeg-yori,캠핑 고단백 요리,캠핑을 위한 고단백 요리 레시피,info,tip,캠핑을 위한 고단백 요리 레시피를 제공합니다.,slot_2step,2026-06-08T12:26:02.475697+00:00
03-protein-diet-make-protein-meal-plan,03-protein-diet,03,make-protein-meal-plan,단백질 식단 계획,효과적인 단백질 식단 계획 짜는 법,info,tip,건강한 단백질 식단 계획을 세우는 방법,slot_2step,2026-06-08T12:15:57.084680+00:00
03-protein-diet-muscle-building-protein-diet,03-protein-diet,03,muscle-building-protein-diet,근성장 식단,근성장을 위한 단백질 식단 구성법,info,tip,근성장을 돕는 단백질 식단 구성 방법,slot_2step,2026-06-08T12:15:57.084680+00:00
03-protein-diet-noin-danbaegjil-seobchwi,03-protein-diet,03,noin-danbaegjil-seobchwi,노인 단백질 섭취,노인 단백질 섭취의 중요성,info,tip,노인의 단백질 섭취 방법과 중요성을 설명합니다.,slot_2step,2026-06-08T12:26:02.475697+00:00
03-protein-diet-nutrients-in-protein-diet,03-protein-diet,03,nutrients-in-protein-diet,단백질 식단 영양소 구성,단백질 식단의 필수 영양소,info,tip,건강한 단백질 식단을 위한 필수 영양소 정보,slot_2step,2026-06-08T12:15:57.084680+00:00
03-protein-diet-protein-diet-cost,03-protein-diet,03,protein-diet-cost,단백질 식단 가격,단백질 식단 비용 절감 팁,info,tip,경제적인 단백질 식단 구성을 위한 비용 절감 팁을 제공합니다.,slot_2step,2026-06-08T12:15:57.084680+00:00
03-protein-diet-protein-diet-for-camping,03-protein-diet,03,protein-diet-for-camping,캠핑 고단백 식사,캠핑 단백질 식단 아이디어,info,tip,캠핑을 위한 간편하고 건강한 단백질 식단을 제안합니다.,slot_2step,2026-06-08T12:15:57.084680+00:00
03-protein-diet-protein-diet-for-pregnant-women,03-protein-diet,03,protein-diet-for-pregnant-women,임산부 단백질 식사,임산부를 위한 안전한 단백질 식단,info,tip,임산부의 영양소 섭취를 위한 단백질 식단 가이드,slot_2step,2026-06-08T12:15:57.084680+00:00
03-protein-diet-protein-diet-for-seniors,03-protein-diet,03,protein-diet-for-seniors,노인 고단백 식단,노인 단백질 식단 가이드,info,tip,건강한 노년을 위한 노인 단백질 식단을 제안합니다.,slot_2step,2026-06-08T12:15:57.084680+00:00
03-protein-diet-protein-rich-foods-for-babies,03-protein-diet,03,protein-rich-foods-for-babies,아기 단백질 음식,아기 단백질 식단 추천,info,tip,아기의 건강한 성장을 위한 단백질 식단을 소개합니다.,slot_2step,2026-06-08T12:15:57.084680+00:00
03-protein-diet-types-of-protein-diet,03-protein-diet,03,types-of-protein-diet,단백질 식단 종류,다양한 단백질 식단 비교 분석,info,tip,다양한 단백질 식단의 장단점 비교,slot_2step,2026-06-08T12:15:57.084680+00:00
03-protein-diet-vegan-protein-diet,03-protein-diet,03,vegan-protein-diet,비건 단백질 식단,비건 단백질 식단으로 건강한 다이어트,info,tip,비건 단백질 식단으로 건강하고 효과적으로 다이어트하는 법을 알아보세요.,slot_2step,2026-06-08T12:26:02.475697+00:00
03-protein-diet-weight-loss-protein-diet,03-protein-diet,03,weight-loss-protein-diet,체중 감량 식단,체중 감량을 위한 단백질 식단,info,tip,건강한 체중 감량을 위한 단백질 식단,slot_2step,2026-06-08T12:15:57.084680+00:00
03-stretching-baby-stretching,03-stretching,03,baby-stretching,아기 스트레칭,아기 스트레칭 방법과 팁,info,tip,아기의 건강한 성장을 위한 스트레칭 방법과 팁을 제공합니다.,slot_2step,2026-06-08T12:21:13.493724+00:00
03-stretching-beginner-stretching,03-stretching,03,beginner-stretching,초보자 스트레칭,초보자를 위한 쉬운 스트레칭,info,tip,초보자를 위한 쉬운 스트레칭 방법을 소개합니다.,slot_2step,2026-06-08T12:21:13.493724+00:00
03-stretching-correct-stretching-posture,03-stretching,03,correct-stretching-posture,스트레칭 자세 교정,올바른 스트레칭 자세 교정 방법,howto,tip,올바른 스트레칭 자세를 교정하는 방법을 알려드립니다.,slot_2step,2026-06-08T12:15:13.761197+00:00
03-stretching-flexibility-improvement-stretching,03-stretching,03,flexibility-improvement-stretching,유연성 향상 스트레칭,유연성 향상을 위한 스트레칭 루틴,info,tip,유연성 향상을 위한 스트레칭 루틴을 소개합니다.,slot_2step,2026-06-08T12:21:13.493724+00:00
03-stretching-hip-joint-stretching,03-stretching,03,hip-joint-stretching,고관절 스트레칭,고관절 스트레칭 방법과 팁,info,tip,고관절 스트레칭 방법과 팁을 알아보세요.,slot_2step,2026-06-08T12:21:13.493724+00:00
03-stretching-home-stretching,03-stretching,03,home-stretching,집에서 하는 스트레칭,집에서 하는 스트레칭 운동,info,tip,집에서 쉽게 따라 할 수 있는 스트레칭 운동법을 제공합니다.,slot_2step,2026-06-08T12:21:13.493724+00:00
03-stretching-home-stretching-routine,03-stretching,03,home-stretching-routine,홈트 스트레칭 루틴,집에서 하는 홈트 스트레칭 루틴,info,tip,집에서 쉽게 따라 할 수 있는 홈트 스트레칭 루틴을 소개합니다.,slot_2step,2026-06-08T12:15:13.761197+00:00
03-stretching-how-to-do-back-stretching,03-stretching,03,how-to-do-back-stretching,허리 스트레칭 자세,허리 스트레칭 자세 효과적으로 하는 법,info,tip,허리 스트레칭 자세를 통해 허리 건강을 지키는 방법을 알려드립니다.,slot_2step,2026-06-08T12:15:13.761197+00:00
03-stretching-injury-prevention-stretching,03-stretching,03,injury-prevention-stretching,부상 방지 스트레칭,부상 방지를 위한 효과적인 스트레칭,info,tip,부상을 방지하기 위한 스트레칭 방법을 알려드립니다.,slot_2step,2026-06-08T12:15:13.761197+00:00
03-stretching-injury-prevention-stretching-2,03-stretching,03,injury-prevention-stretching-2,부상방지 스트레칭,부상 방지 스트레칭 방법과 팁,info,tip,효과적인 부상 방지 스트레칭 방법과 팁을 알아보세요.,slot_2step,2026-06-08T12:21:13.493724+00:00
03-stretching-job-preparation-stretching-routine,03-stretching,03,job-preparation-stretching-routine,취업 준비 스트레칭 루틴,취업 준비생을 위한 맞춤형 스트레칭 루틴,info,tip,취업 준비생을 위한 효과적인 스트레칭 루틴을 소개합니다.,slot_2step,2026-06-08T12:15:13.761197+00:00
03-stretching-lumbar-stretching-tips,03-stretching,03,lumbar-stretching-tips,허리 스트레칭 방법,허리 스트레칭 팁과 자세,info,tip,허리 스트레칭으로 허리 통증 예방하기,slot_2step,2026-06-08T12:21:13.493724+00:00
03-stretching-neck-stretching-exercise,03-stretching,03,neck-stretching-exercise,목 스트레칭 자세,목 스트레칭 운동과 팁,info,tip,목 스트레칭으로 목 통증 줄이기,slot_2step,2026-06-08T12:21:13.493724+00:00
03-stretching-office-stretching,03-stretching,03,office-stretching,사무실 스트레칭,사무실에서 하는 스트레칭,info,tip,사무실에서 쉽게 할 수 있는 스트레칭 방법을 알려드립니다.,slot_2step,2026-06-08T12:21:13.493724+00:00
03-stretching-office-stretching-tips,03-stretching,03,office-stretching-tips,사무실 스트레칭 팁,사무실에서 하는 스트레칭 팁,howto,tip,사무실에서 쉽게 할 수 있는 스트레칭 팁을 알려드립니다.,slot_2step,2026-06-08T12:15:13.761197+00:00
03-stretching-outdoor-stretching-safety,03-stretching,03,outdoor-stretching-safety,야외 스트레칭 안전수칙,야외 스트레칭 시 주의해야 할 안전 사항,info,tip,야외에서 스트레칭할 때 안전하게 운동하는 방법을 알아보세요.,slot_2step,2026-06-08T12:15:13.761197+00:00
03-stretching-post-workout-stretching,03-stretching,03,post-workout-stretching,운동 후 스트레칭,운동 후 스트레칭 방법,info,tip,운동 후 스트레칭 방법을 통해 근육 회복을 돕습니다.,slot_2step,2026-06-08T12:21:13.493724+00:00
03-stretching-pre-and-post-stretching-tips,03-stretching,03,pre-and-post-stretching-tips,스트레칭 전후 요령,스트레칭 전후 주의사항과 요령,howto,tip,스트레칭 전후로 알아야 할 주의사항과 요령을 알려드립니다.,slot_2step,2026-06-08T12:15:13.761197+00:00
03-stretching-pre-workout-stretching,03-stretching,03,pre-workout-stretching,운동 전 스트레칭,운동 전 스트레칭의 중요성,info,tip,운동 전 스트레칭의 중요성과 방법을 설명합니다.,slot_2step,2026-06-08T12:21:13.493724+00:00
03-stretching-proper-stretching-posture,03-stretching,03,proper-stretching-posture,올바른 스트레칭 자세,올바른 스트레칭 자세와 방법,info,tip,올바른 스트레칭 자세와 방법을 배워보세요.,slot_2step,2026-06-08T12:21:13.493724+00:00
03-stretching-senior-stretching,03-stretching,03,senior-stretching,노인 스트레칭,노인 스트레칭 운동법,info,tip,노인의 건강을 위한 스트레칭 운동법을 소개합니다.,slot_2step,2026-06-08T12:21:13.493724+00:00
03-stretching-stretching-before-camping,03-stretching,03,stretching-before-camping,캠핑 전 스트레칭,캠핑 전후로 하는 스트레칭 루틴,info,tip,캠핑 전후로 건강을 위한 스트레칭 루틴을 소개합니다.,slot_2step,2026-06-08T12:15:13.761197+00:00
03-stretching-stretching-exercise-for-seniors,03-stretching,03,stretching-exercise-for-seniors,노인 스트레칭 운동,노인을 위한 스트레칭 운동 루틴,info,tip,노인들을 위한 스트레칭 운동 루틴을 소개합니다.,slot_2step,2026-06-08T12:15:13.761197+00:00
03-stretching-stretching-guide-for-beginners,03-stretching,03,stretching-guide-for-beginners,초보자 스트레칭 가이드,스트레칭 초보자를 위한 가이드,howto,tip,스트레칭 초보자를 위한 단계별 가이드를 제공합니다.,slot_2step,2026-06-08T12:15:13.761197+00:00
03-stretching-stretching-movement-analysis,03-stretching,03,stretching-movement-analysis,스트레칭 동작 원리,스트레칭 동작의 과학적 분석,info,tip,스트레칭 동작의 원리와 효과를 과학적으로 분석해 봅니다.,slot_2step,2026-06-08T12:15:13.761197+00:00
03-stretching-stretching-related-injuries,03-stretching,03,stretching-related-injuries,스트레칭 관련 부상 치료,스트레칭 관련 부상의 예방과 치료 방법,info,tip,스트레칭 관련 부상의 원인과 치료 방법을 알아보세요.,slot_2step,2026-06-08T12:15:13.761197+00:00
03-stretching-stretching-time-and-frequency,03-stretching,03,stretching-time-and-frequency,스트레칭 시간 설정,스트레칭 시간과 빈도,info,tip,효과적인 스트레칭 시간과 빈도,slot_2step,2026-06-08T12:21:13.493724+00:00
03-stretching-stretching-with-baby,03-stretching,03,stretching-with-baby,아기 안고 스트레칭,아기를 안고 하는 스트레칭 방법,howto,tip,아기를 안고 할 수 있는 스트레칭 방법을 소개합니다.,slot_2step,2026-06-08T12:15:13.761197+00:00
03-stretching-types-of-stretching,03-stretching,03,types-of-stretching,스트레칭 종류 비교,스트레칭 종류별 특징과 차이점,info,tip,다양한 스트레칭 종류별 특징과 차이점을 비교합니다.,slot_2step,2026-06-08T12:15:13.761197+00:00
03-stretching-types-of-stretching-2,03-stretching,03,types-of-stretching-2,스트레칭 종류,다양한 스트레칭 종류와 방법,info,tip,다양한 스트레칭 종류와 방법을 알아보세요.,slot_2step,2026-06-08T12:21:13.493724+00:00
03-yoga-beginner-baby-yoga,03-yoga-beginner,03,baby-yoga,베이비 요가,아기와 함께하는 요가,info,tip,아기와 함께 할 수 있는 요가 동작과 팁을 제공합니다.,slot_2step,2026-06-08T12:14:35.525778+00:00
03-yoga-beginner-choosing-yoga-mat,03-yoga-beginner,03,choosing-yoga-mat,요가 매트 고르는 법,요가 매트 선택 가이드,info,tip,요가 매트 선택 시 고려해야 할 사항들,slot_2step,2026-06-08T12:14:35.525778+00:00
03-yoga-beginner-choosing-yoga-studio,03-yoga-beginner,03,choosing-yoga-studio,요가 학원 고르는 법,요가 학원 선택 가이드,info,tip,나에게 맞는 요가 학원을 선택하는 방법을 알려드립니다.,slot_2step,2026-06-08T12:14:35.525778+00:00
03-yoga-beginner-correct-yoga-posture,03-yoga-beginner,03,correct-yoga-posture,요가 자세 교정,올바른 요가 자세 교정 방법,howto,tip,안전하고 효과적인 요가를 위한 자세 교정 방법을 알아보세요.,slot_2step,2026-06-08T12:20:23.873647+00:00
03-yoga-beginner-correcting-yoga-postures,03-yoga-beginner,03,correcting-yoga-postures,요가 자세 교정법,올바른 요가 자세 교정하기,howto,tip,요가 자세를 정확하게 교정하는 방법,slot_2step,2026-06-08T12:14:35.525778+00:00
03-yoga-beginner-home-yoga-space-decor-ideas,03-yoga-beginner,03,home-yoga-space-decor-ideas,홈 요가 공간,홈 요가 공간 꾸미기 아이디어,info,tip,집에서 요가를 하기 위한 공간 꾸미기 아이디어를 제공합니다.,slot_2step,2026-06-08T12:31:14.507828+00:00
03-yoga-beginner-senior-yoga-program,03-yoga-beginner,03,senior-yoga-program,노인 요가 프로그램,노인 요가 프로그램 추천 및 효과,info,tip,노인 요가 프로그램의 효과와 추천 루틴을 소개합니다.,slot_2step,2026-06-08T12:31:14.507828+00:00
03-yoga-beginner-using-yoga-blocks,03-yoga-beginner,03,using-yoga-blocks,요가 블록 사용 방법,요가 블록 사용법 배우기,info,tip,요가 블록을 이용한 요가 자세 연습,slot_2step,2026-06-08T12:14:35.525778+00:00
03-yoga-beginner-yoga-and-health-benefits,03-yoga-beginner,03,yoga-and-health-benefits,요가와 건강,요가가 건강에 미치는 영향,info,tip,요가가 신체와 정신 건강에 미치는 긍정적인 영향을 알아보세요.,slot_2step,2026-06-08T12:20:23.873647+00:00
03-yoga-beginner-yoga-and-health-insurance,03-yoga-beginner,03,yoga-and-health-insurance,요가와 건강보험,요가와 건강보험의 관계 및 혜택,info,tip,요가가 건강보험에 미치는 영향과 혜택을 설명합니다.,slot_2step,2026-06-08T12:31:14.507828+00:00
03-yoga-beginner-yoga-and-nutrition,03-yoga-beginner,03,yoga-and-nutrition,요가와 영양섭취,요가와 영양섭취의 중요성,info,tip,요가와 영양섭취의 상관관계와 건강한 식습관을 제안합니다.,slot_2step,2026-06-08T12:31:14.507828+00:00
03-yoga-beginner-yoga-app-recommendation,03-yoga-beginner,03,yoga-app-recommendation,요가 앱 추천,요가 앱 추천 및 리뷰,info,tip,요가 앱 추천과 리뷰를 통해 최고의 앱을 찾아보세요.,slot_2step,2026-06-08T12:31:14.507828+00:00
03-yoga-beginner-yoga-basic-movement-for-beginners,03-yoga-beginner,03,yoga-basic-movement-for-beginners,요가 동작 기초,요가 입문자를 위한 기본 동작과 팁,info,tip,요가 초보자를 위한 기본 동작과 수련 팁을 체계적으로 안내합니다.,slot_2step,2026-06-08T12:20:23.873647+00:00
03-yoga-beginner-yoga-basic-movements-for-beginners,03-yoga-beginner,03,yoga-basic-movements-for-beginners,요가 기본 동작 따라하기,요가 입문자를 위한 기본 동작 가이드,info,tip,요가 입문자를 위한 기본 동작을 체계적으로 배워보세요.,slot_2step,2026-06-08T12:20:23.873647+00:00
03-yoga-beginner-yoga-basic-movements-for-beginners-2,03-yoga-beginner,03,yoga-basic-movements-for-beginners-2,요가 기본 동작,요가 입문자를 위한 기본 동작 가이드,info,tip,요가 초보자를 위한 기본 동작과 수련 팁을 제공합니다.,slot_2step,2026-06-08T12:20:23.873647+00:00
03-yoga-beginner-yoga-block-usage-tutorial,03-yoga-beginner,03,yoga-block-usage-tutorial,요가 블록 사용,요가 블록 사용법 배우기,howto,tip,요가 블록을 효과적으로 사용하는 방법을 설명합니다.,slot_2step,2026-06-08T12:31:14.507828+00:00
03-yoga-beginner-yoga-breathing-techniques,03-yoga-beginner,03,yoga-breathing-techniques,요가 호흡법,요가 호흡법 배우기,info,tip,요가 호흡법을 통해 몸과 마음을 건강하게,slot_2step,2026-06-08T12:14:35.525778+00:00
03-yoga-beginner-yoga-breathing-techniques-2,03-yoga-beginner,03,yoga-breathing-techniques-2,요가 호흡법,요가 호흡법 기본 원리 배우기,info,tip,요가의 핵심인 호흡법 기본 원리를 체계적으로 배워보세요.,slot_2step,2026-06-08T12:20:23.873647+00:00
03-yoga-beginner-yoga-breathing-techniques-basic,03-yoga-beginner,03,yoga-breathing-techniques-basic,요가 호흡법,요가 호흡법 기초 배우기,info,tip,요가의 기본이 되는 호흡법을 설명합니다.,slot_2step,2026-06-08T12:31:14.507828+00:00
03-yoga-beginner-yoga-breathing-techniques-for-beginners,03-yoga-beginner,03,yoga-breathing-techniques-for-beginners,요가 호흡법 기초 배우기,요가 호흡법 기초 완벽 가이드,howto,tip,요가 호흡법 기초를 배우고 수련에 활용하세요.,slot_2step,2026-06-08T12:20:23.873647+00:00
03-yoga-beginner-yoga-class-recommendation,03-yoga-beginner,03,yoga-class-recommendation,요가 클래스 추천,요가 클래스 추천 사이트,info,tip,요가 클래스 추천 정보를 제공합니다.,slot_2step,2026-06-08T12:20:23.873647+00:00
03-yoga-beginner-yoga-equipment-review,03-yoga-beginner,03,yoga-equipment-review,요가 용품 리뷰,요가 용품 리뷰 및 추천,info,review,요가 용품 리뷰 및 추천 정보를 제공합니다.,slot_2step,2026-06-08T12:20:23.873647+00:00
03-yoga-beginner-yoga-for-pregnant-women,03-yoga-beginner,03,yoga-for-pregnant-women,임산부 요가 자세,임산부 요가 안전하게 하기,info,tip,임산부를 위한 요가 자세와 팁,slot_2step,2026-06-08T12:14:35.525778+00:00
03-yoga-beginner-yoga-injury-prevention,03-yoga-beginner,03,yoga-injury-prevention,요가 부상 예방,요가 부상 방지 팁,info,tip,요가 부상을 예방하는 방법을 알려드립니다.,slot_2step,2026-06-08T12:20:23.873647+00:00
03-yoga-beginner-yoga-injury-prevention-2,03-yoga-beginner,03,yoga-injury-prevention-2,요가 부상 예방법,요가 부상 예방을 위한 안전 수칙,info,tip,요가 부상을 예방하기 위한 안전 수칙과 주의사항을 알려드립니다.,slot_2step,2026-06-08T12:31:14.507828+00:00
03-yoga-beginner-yoga-mat-selection-guide,03-yoga-beginner,03,yoga-mat-selection-guide,요가 매트 추천,요가 매트 선택 가이드,info,tip,요가 매트 선택에 도움이 되는 정보를 제공합니다.,slot_2step,2026-06-08T12:20:23.873647+00:00
03-yoga-beginner-yoga-mat-selection-guide-2,03-yoga-beginner,03,yoga-mat-selection-guide-2,요가 매트 선택,요가 매트 선택 가이드,info,tip,요가 매트를 고르는 방법과 추천 제품 정보를 제공합니다.,slot_2step,2026-06-08T12:31:14.507828+00:00
03-yoga-beginner-yoga-pose-correction-techniques,03-yoga-beginner,03,yoga-pose-correction-techniques,요가 자세 교정,올바른 요가 자세 교정법,howto,tip,요가 자세를 올바르게 교정하는 방법을 알려줍니다.,slot_2step,2026-06-08T12:31:14.507828+00:00
03-yoga-beginner-yoga-pose-sequence-and-tips,03-yoga-beginner,03,yoga-pose-sequence-and-tips,요가 자세 순서와 팁,요가 자세 순서와 팁 배우기,howto,tip,요가 자세 순서와 연습 팁,slot_2step,2026-06-08T12:14:35.525778+00:00
03-yoga-beginner-yoga-poses-for-kids-tutorial,03-yoga-beginner,03,yoga-poses-for-kids-tutorial,어린이 요가 자세,어린이를 위한 요가 자세 배우기,howto,tip,어린이를 위한 간단한 요가 자세를 소개합니다.,slot_2step,2026-06-08T12:31:14.507828+00:00
03-yoga-beginner-yoga-posture-correction,03-yoga-beginner,03,yoga-posture-correction,요가 자세 교정법,요가 자세 교정 및 완벽한 폼 가이드,howto,tip,올바른 요가 자세를 위한 교정 방법과 팁을 제공합니다.,slot_2step,2026-06-08T12:31:14.507828+00:00
03-yoga-beginner-yoga-posture-names,03-yoga-beginner,03,yoga-posture-names,요가 자세 이름,요가 자세 이름과 그 효과,info,tip,다양한 요가 자세 이름과 그 효과를 소개합니다.,slot_2step,2026-06-08T12:14:35.525778+00:00
03-yoga-beginner-yoga-routine-for-beginners,03-yoga-beginner,03,yoga-routine-for-beginners,초보자 요가 루틴,초보자를 위한 요가 루틴 만들기,howto,tip,초보자를 위한 요가 루틴과 팁,slot_2step,2026-06-08T12:14:35.525778+00:00
03-yoga-beginner-yoga-strap-usage-tips,03-yoga-beginner,03,yoga-strap-usage-tips,요가 스트랩 활용,요가 스트랩 활용법과 팁,info,tip,요가 스트랩을 이용한 다양한 운동 방법을 소개합니다.,slot_2step,2026-06-08T12:31:14.507828+00:00
03-yoga-beginner-yoga-teacher-certification,03-yoga-beginner,03,yoga-teacher-certification,요가 강사 자격증 따기,요가 강사 자격증 취득 가이드,info,tip,요가 강사 자격증을 취득하는 방법과 절차를 안내합니다.,slot_2step,2026-06-08T12:14:35.525778+00:00
03-yoga-beginner-yoga-time-benefits,03-yoga-beginner,03,yoga-time-benefits,요가 시간대,요가 시간과 그 효과,info,tip,요가를 하기 가장 좋은 시간과 그 효과를 알려드립니다.,slot_2step,2026-06-08T12:14:35.525778+00:00
03-yoga-beginner-yoga-vs-meditation,03-yoga-beginner,03,yoga-vs-meditation,요가와 명상의 차이점,요가와 명상의 차이 이해하기,info,tip,요가와 명상의 차이점과 유사점,slot_2step,2026-06-08T12:14:35.525778+00:00
03-yoga-beginner-yoga-vs-meditation-2,03-yoga-beginner,03,yoga-vs-meditation-2,요가와 명상 차이,요가와 명상의 차이점,info,tip,요가와 명상의 차이점을 설명합니다.,slot_2step,2026-06-08T12:20:23.873647+00:00
03-yoga-beginner-yoga-vs-meditation-differences,03-yoga-beginner,03,yoga-vs-meditation-differences,요가 명상 차이,요가와 명상의 차이점 이해하기,info,tip,요가와 명상의 차이점을 분석합니다.,slot_2step,2026-06-08T12:31:14.507828+00:00
03-yoga-beginner-yoga-vs-pilates,03-yoga-beginner,03,yoga-vs-pilates,요가 vs 필라테스,요가와 필라테스 차이점,info,tip,요가와 필라테스의 차이점과 각각의 장단점을 비교합니다.,slot_2step,2026-06-08T12:14:35.525778+00:00
03-yoga-beginner-yoga-vs-pilates-comparison,03-yoga-beginner,03,yoga-vs-pilates-comparison,요가 필라테스 비교,요가와 필라테스 비교 분석,info,tip,요가와 필라테스의 차이점과 유사점을 비교합니다.,slot_2step,2026-06-08T12:31:14.507828+00:00
03-yoga-beginner-yoga-vs-stretching,03-yoga-beginner,03,yoga-vs-stretching,요가와 스트레칭 차이점,요가와 스트레칭의 차이점,info,tip,요가와 스트레칭의 차이점 이해하기,slot_2step,2026-06-08T12:14:35.525778+00:00
04-autumn-outfit-autumn-camping-clothing,04-autumn-outfit,04,autumn-camping-clothing,가을 캠핑 옷,가을 캠핑을 위한 완벽한 옷차림 가이드,info,tip,가을 캠핑을 위한 적절한 옷차림과 준비물을 알려드립니다.,slot_2step,2026-06-08T12:18:06.056354+00:00
04-autumn-outfit-autumn-clothing-comparison,04-autumn-outfit,04,autumn-clothing-comparison,가을 옷 비교,가을 옷 비교 분석과 추천,info,review,가을 시즌 옷들을 비교 분석하여 추천합니다.,slot_2step,2026-06-08T12:18:06.056354+00:00
04-autumn-outfit-autumn-clothing-shopping,04-autumn-outfit,04,autumn-clothing-shopping,가을 옷 쇼핑,가을 옷 쇼핑 리스트와 최신 트렌드,info,tip,가을 시즌을 위한 옷 쇼핑 리스트와 최신 패션 트렌드를 소개합니다.,slot_2step,2026-06-08T12:18:06.056354+00:00
04-autumn-outfit-autumn-layered-coordination,04-autumn-outfit,04,autumn-layered-coordination,가을 레이어드 코디,가을 패션 레이어드 코디 아이디어,info,tip,가을 시즌을 위한 완벽한 레이어드 코디 방법을 알아보세요.,slot_2step,2026-06-08T12:18:06.056354+00:00
04-autumn-outfit-autumn-skin-care,04-autumn-outfit,04,autumn-skin-care,가을 피부 관리,가을 날씨 피부 관리 팁과 제품 추천,info,tip,가을 날씨에 적합한 피부 관리 방법과 제품을 추천합니다.,slot_2step,2026-06-08T12:18:06.056354+00:00
04-autumn-outfit-avoid-fall-fashion-mistakes,04-autumn-outfit,04,avoid-fall-fashion-mistakes,가을 패션 실수 피하기,가을 패션 실수 피하는 법,info,tip,가을 패션에서 흔히 하는 실수를 피하는 방법을 알려드립니다.,slot_2step,2026-06-08T12:18:06.056354+00:00
04-autumn-outfit-baby-fall-shoes-recommend,04-autumn-outfit,04,baby-fall-shoes-recommend,아기 가을 신발 추천,아기 가을 신발 추천 베스트 5,info,tip,가을 시즌 아기를 위한 신발 추천 리스트입니다.,slot_2step,2026-06-08T12:18:06.056354+00:00
04-autumn-outfit-fall-date-outfit-match,04-autumn-outfit,04,fall-date-outfit-match,가을 데이트 옷 매치,가을 데이트 옷 매치 아이디어,info,tip,가을 데이트를 위한 옷 매치 아이디어를 제안합니다.,slot_2step,2026-06-08T12:18:06.056354+00:00
04-autumn-outfit-fall-school-festival-outfit,04-autumn-outfit,04,fall-school-festival-outfit,가을 운동회 옷차림,가을 운동회 옷차림 완벽 가이드,info,tip,가을 운동회 옷차림 아이디어와 팁을 제공합니다.,slot_2step,2026-06-08T12:18:06.056354+00:00
04-autumn-outfit-fall-warm-clothing-choice,04-autumn-outfit,04,fall-warm-clothing-choice,가을 방한 의류 선택,가을 방한 의류 선택 가이드,info,tip,가을 시즌을 위한 방한 의류 선택 팁을 제공합니다.,slot_2step,2026-06-08T12:18:06.056354+00:00
04-autumn-outfit-ga-eul-beauty-trend,04-autumn-outfit,04,ga-eul-beauty-trend,가을 뷰티 트렌드,가을 뷰티 트렌드 분석,info,tip,올 가을 뷰티 트렌드를 분석합니다.,slot_2step,2026-06-08T12:18:06.056354+00:00
04-autumn-outfit-ga-eul-otjang-jeongni,04-autumn-outfit,04,ga-eul-otjang-jeongni,가을 옷장 정리 팁,가을 옷장 정리 방법,info,tip,가을 옷장 정리의 핵심 노하우를 소개합니다.,slot_2step,2026-06-08T12:18:06.056354+00:00
04-autumn-outfit-in-flight-fashion-items,04-autumn-outfit,04,in-flight-fashion-items,기내 패션 아이템,여행을 위한 기내 패션 아이템 추천,info,tip,여행 시 기내에서 편안하고 스타일리시한 패션 아이템을 소개합니다.,slot_2step,2026-06-08T12:18:06.056354+00:00
04-autumn-outfit-senior-autumn-fashion,04-autumn-outfit,04,senior-autumn-fashion,노인 가을 패션,노인 가을 패션 트렌드와 스타일링 팁,info,tip,노인들을 위한 가을 패션 트렌드와 스타일링 팁을 소개합니다.,slot_2step,2026-06-08T12:18:06.056354+00:00
04-autumn-outfit-women-fall-fashion-brands,04-autumn-outfit,04,women-fall-fashion-brands,여자 가을 패션 브랜드,여성이 좋아하는 가을 패션 브랜드 TOP 10,info,tip,가을 시즌 여성을 위한 인기 패션 브랜드를 소개합니다.,slot_2step,2026-06-08T12:18:06.056354+00:00
04-casual-outfit-baby-casual-date-look,04-casual-outfit,04,baby-casual-date-look,캐주얼 데이트룩,아기 캐주얼 데이트룩 아이디어,info,tip,아기와 함께 편안한 데이트를 위한 캐주얼 패션 아이디어,slot_2step,2026-06-08T12:20:01.212597+00:00
04-casual-outfit-camping-casual-outfit,04-casual-outfit,04,camping-casual-outfit,캠핑장 캐주얼,캠핑장 캐주얼 복장 추천,info,tip,캠핑장에서 편안한 캐주얼 복장 추천,slot_2step,2026-06-08T12:20:01.212597+00:00
04-casual-outfit-casual-clothing-shopping-tips,04-casual-outfit,04,casual-clothing-shopping-tips,캐주얼 옷 쇼핑,캐주얼 옷 쇼핑 꿀팁,info,tip,캐주얼 옷 쇼핑을 위한 유용한 팁,slot_2step,2026-06-08T12:20:01.212597+00:00
04-casual-outfit-casual-fashion-beauty-tips,04-casual-outfit,04,casual-fashion-beauty-tips,캐주얼 패션 미용 팁,캐주얼 패션 미용 팁 모음,info,tip,캐주얼 패션에 어울리는 미용 팁을 소개합니다.,slot_2step,2026-06-08T12:20:01.212597+00:00
04-casual-outfit-casual-fashion-brand-comparison,04-casual-outfit,04,casual-fashion-brand-comparison,캐주얼 패션 브랜드,캐주얼 패션 브랜드 비교 분석,compare,tip,다양한 캐주얼 패션 브랜드 비교 분석,slot_2step,2026-06-08T12:20:01.212597+00:00
04-casual-outfit-casual-shoes-types-features,04-casual-outfit,04,casual-shoes-types-features,캐주얼 신발 종류와 특징,캐주얼 신발 종류별 특징 정리,info,tip,캐주얼 패션에 어울리는 신발 종류와 특징을 소개합니다.,slot_2step,2026-06-08T12:20:01.212597+00:00
04-casual-outfit-choosing-casual-accessories,04-casual-outfit,04,choosing-casual-accessories,캐주얼 액세서리 고르는 법,캐주얼 액세서리 선택 가이드,howto,tip,캐주얼 패션에 어울리는 액세서리를 고르는 법을 알려드립니다.,slot_2step,2026-06-08T12:20:01.212597+00:00
04-casual-outfit-how-to-alter-casual-clothes,04-casual-outfit,04,how-to-alter-casual-clothes,캐주얼 옷 수선,캐주얼 옷 수선 방법,howto,tip,캐주얼 옷을 수선하는 방법,slot_2step,2026-06-08T12:20:01.212597+00:00
04-casual-outfit-how-to-choose-casual-accessories,04-casual-outfit,04,how-to-choose-casual-accessories,캐주얼 액세서리,캐주얼 액세서리 선택법,howto,tip,캐주얼 액세서리를 선택하는 방법,slot_2step,2026-06-08T12:20:01.212597+00:00
04-casual-outfit-how-to-organize-casual-closet,04-casual-outfit,04,how-to-organize-casual-closet,캐주얼 옷장 정리,캐주얼 옷장 정리 방법,howto,tip,캐주얼 옷장 정리하는 방법,slot_2step,2026-06-08T12:20:01.212597+00:00
04-casual-outfit-how-to-wear-casual-sneakers,04-casual-outfit,04,how-to-wear-casual-sneakers,캐주얼 운동화,캐주얼 운동화 신는 법,howto,tip,캐주얼 운동화를 신는 방법,slot_2step,2026-06-08T12:20:01.212597+00:00
04-casual-outfit-in-flight-casual-wear,04-casual-outfit,04,in-flight-casual-wear,기내 캐주얼,기내 캐주얼 착용품 가이드,info,tip,비행기 안에서 편안한 캐주얼 착용품 가이드,slot_2step,2026-06-08T12:20:01.212597+00:00
04-casual-outfit-rainy-day-casual-umbrella-style,04-casual-outfit,04,rainy-day-casual-umbrella-style,비오는 날 캐주얼,비오는 날 캐주얼 우산 스타일,info,tip,비오는 날 캐주얼 우산 스타일 아이디어,slot_2step,2026-06-08T12:20:01.212597+00:00
04-casual-outfit-recommended-casual-bag-brands,04-casual-outfit,04,recommended-casual-bag-brands,캐주얼 브랜드 가방 추천,인기 캐주얼 브랜드 가방 추천,info,tip,캐주얼 패션에 어울리는 브랜드 가방을 추천합니다.,slot_2step,2026-06-08T12:20:01.212597+00:00
04-casual-outfit-senior-summer-casual-outfit,04-casual-outfit,04,senior-summer-casual-outfit,노인 여름 캐주얼,노인 여름 캐주얼 옷차림 가이드,info,tip,노인들을 위한 시원한 여름 캐주얼 패션 가이드,slot_2step,2026-06-08T12:20:01.212597+00:00
04-daily-outfit-airplane-daily-look,04-daily-outfit,04,airplane-daily-look,기내데일리룩,기내 데일리룩 편안한 옷차림 추천,info,tip,여행을 위한 편안한 기내 데일리룩 아이디어,slot_2step,2026-06-08T12:21:04.841204+00:00
04-daily-outfit-baby-daily-look,04-daily-outfit,04,baby-daily-look,아기 데일리룩,아기 데일리룩 추천 및 육아 패션 팁,info,tip,아기 데일리룩 추천 및 육아 패션에 대한 유용한 팁을 제공합니다.,slot_2step,2026-06-08T12:21:04.841204+00:00
04-daily-outfit-camping-daily-look,04-daily-outfit,04,camping-daily-look,캠핑 데일리룩,캠핑 데일리룩 아이디어 및 아웃도어 패션,info,tip,캠핑 데일리룩 아이디어 및 아웃도어 패션에 대한 정보를 제공합니다.,slot_2step,2026-06-08T12:21:04.841204+00:00
04-daily-outfit-dad-daily-look,04-daily-outfit,04,dad-daily-look,아빠 데일리룩,아빠 데일리룩 패션 브랜드 및 스타일,info,tip,아빠 데일리룩 패션 브랜드 및 스타일을 소개합니다.,slot_2step,2026-06-08T12:21:04.841204+00:00
04-daily-outfit-daily-look,04-daily-outfit,04,daily-look,데일리룩,데일리룩 아이디어 및 최신 트렌드,info,tip,매일 입기 좋은 데일리룩 아이디어와 최신 패션 트렌드를 소개합니다.,slot_2step,2026-06-08T12:21:04.841204+00:00
04-daily-outfit-date-daily-look,04-daily-outfit,04,date-daily-look,데이트데일리룩,데이트 데일리룩 로맨틱한 스타일링 팁,info,tip,로맨틱한 데이트를 위한 데일리룩 아이디어,slot_2step,2026-06-08T12:21:04.841204+00:00
04-daily-outfit-exercise-daily-look,04-daily-outfit,04,exercise-daily-look,운동데일리룩,운동 데일리룩 추천 브랜드 및 옷차림,info,tip,운동할 때 입기 좋은 데일리룩 추천,slot_2step,2026-06-08T12:21:04.841204+00:00
04-daily-outfit-friend-meeting-daily-look,04-daily-outfit,04,friend-meeting-daily-look,친구모임데일리룩,친구 모임 데일리룩 아이디어 및 패션 팁,info,tip,친구 모임에 어울리는 데일리룩 아이디어,slot_2step,2026-06-08T12:21:04.841204+00:00
04-daily-outfit-in-flight-daily-look,04-daily-outfit,04,in-flight-daily-look,기내 데일리룩,기내 데일리룩 편안한 옷차림 및 항공 여행 패션,info,tip,기내 데일리룩 편안한 옷차림 및 항공 여행 패션에 대한 정보를 제공합니다.,slot_2step,2026-06-08T12:21:04.841204+00:00
04-daily-outfit-kid-amusement-park-daily-look,04-daily-outfit,04,kid-amusement-park-daily-look,아이놀이동산데일리룩,아이와 놀이동산 데일리룩 및 준비물,info,tip,아이와 놀이동산 가기 좋은 데일리룩 및 준비물,slot_2step,2026-06-08T12:21:04.841204+00:00
04-daily-outfit-kid-school-daily-look,04-daily-outfit,04,kid-school-daily-look,아이학교데일리룩,아이 학교 데일리룩 준비물 체크리스트,howto,tip,아이 학교 가는 날을 위한 데일리룩 준비물,slot_2step,2026-06-08T12:21:04.841204+00:00
04-daily-outfit-office-daily-look,04-daily-outfit,04,office-daily-look,출근 데일리룩,출근 데일리룩 준비하기 및 직장인 패션,howto,tip,출근 데일리룩 준비하기 및 직장인 패션에 대한 팁을 제공합니다.,slot_2step,2026-06-08T12:21:04.841204+00:00
04-daily-outfit-sanchaek-daily-look,04-daily-outfit,04,sanchaek-daily-look,산책 데일리룩,산책 데일리룩 편안한 신발 추천,info,tip,산책할 때 편안한 신발과 옷 조합,slot_2step,2026-06-08T12:21:04.841204+00:00
04-daily-outfit-summer-daily-look,04-daily-outfit,04,summer-daily-look,여름데일리룩,여름 데일리룩 시원한 패션 아이템 추천,info,tip,여름을 위한 시원한 데일리룩 패션 아이템,slot_2step,2026-06-08T12:21:04.841204+00:00
04-daily-outfit-travel-daily-look,04-daily-outfit,04,travel-daily-look,여행 데일리룩,여행 데일리룩 꾸미기 및 여행 패션,info,tip,여행 데일리룩 꾸미기 및 여행 패션에 대한 정보를 제공합니다.,slot_2step,2026-06-08T12:21:04.841204+00:00
04-date-night-outfit-boyfriend-gift,04-date-night-outfit,04,boyfriend-gift,남자친구 선물,남자친구 선물 고르기 고민 끝,info,tip,남자친구를 위한 완벽한 선물 아이디어,slot_2step,2026-06-08T12:19:40.760045+00:00
04-date-night-outfit-camping-preparation,04-date-night-outfit,04,camping-preparation,캠핑 준비물,연인과 함께 캠핑 준비하기,info,tip,캠핑을 위한 필수 준비물과 팁,slot_2step,2026-06-08T12:19:40.760045+00:00
04-date-night-outfit-cooking-class,04-date-night-outfit,04,cooking-class,요리 클래스,여친과 함께 요리 클래스 즐기기,info,tip,커플을 위한 요리 클래스 추천,slot_2step,2026-06-08T12:19:40.760045+00:00
04-date-night-outfit-couples-sneakers-guide,04-date-night-outfit,04,couples-sneakers-guide,커플 운동화 선택 가이드,커플 운동화 고르기,info,tip,함께 운동하고 싶은 커플을 위한 운동화 선택 가이드를 제공합니다.,slot_2step,2026-06-08T12:19:40.760045+00:00
04-date-night-outfit-date-look-couple-accessories,04-date-night-outfit,04,date-look-couple-accessories,데이트룩 커플 액세서리,특별한 날 데이트 액세서리 매칭 팁,info,tip,데이트룩을 완성하는 커플 액세서리 매칭 방법을 알아보세요.,slot_2step,2026-06-08T12:19:40.760045+00:00
04-date-night-outfit-date-stress-relief,04-date-night-outfit,04,date-stress-relief,데이트 스트레스 해소 방법,데이트 스트레스 해소법,info,tip,데이트로 인한 스트레스를 해소하는 법을 알려드립니다.,slot_2step,2026-06-08T12:19:40.760045+00:00
04-date-night-outfit-dating-app-guide,04-date-night-outfit,04,dating-app-guide,데이트 앱 사용법,데이트 앱 사용법 완벽 가이드,howto,tip,데이트 앱을 사용하는 방법,slot_2step,2026-06-08T12:19:40.760045+00:00
04-date-night-outfit-dating-app-guide-2,04-date-night-outfit,04,dating-app-guide-2,데이트 앱 사용 가이드,데이트 앱 사용법,howto,tip,데이트 앱을 처음 사용하는 분들을 위한 사용 가이드를 제공합니다.,slot_2step,2026-06-08T12:19:40.760045+00:00
04-date-night-outfit-dating-photo-tips,04-date-night-outfit,04,dating-photo-tips,데이트룩 사진 촬영 팁,데이트 사진 잘 찍는 법,info,tip,특별한 날을 기념하기 위해 데이트 사진을 잘 찍는 법을 알아보세요.,slot_2step,2026-06-08T12:19:40.760045+00:00
04-date-night-outfit-first-date-outfit,04-date-night-outfit,04,first-date-outfit,첫 데이트 옷차림,첫 데이트 옷차림 고민 끝,info,tip,첫 데이트를 위한 완벽한 옷차림 가이드,slot_2step,2026-06-08T12:19:40.760045+00:00
04-date-night-outfit-movie-date-tips,04-date-night-outfit,04,movie-date-tips,연인과 영화 보는 팁,연인과 함께 영화 보기,info,tip,연인과 함께 영화를 즐기기 위한 팁을 공유합니다.,slot_2step,2026-06-08T12:19:40.760045+00:00
04-date-night-outfit-overseas-date-trip-checklist,04-date-night-outfit,04,overseas-date-trip-checklist,해외여행 데이트 준비 체크리스트,해외여행 데이트 준비물,info,tip,해외여행 데이트를 위한 필수 준비물을 알려드립니다.,slot_2step,2026-06-08T12:19:40.760045+00:00
04-date-night-outfit-rainy-day-date-ideas,04-date-night-outfit,04,rainy-day-date-ideas,비 오는 날 데이트 아이디어,비 오는 날 데이트 아이디어,info,tip,비 오는 날에도 즐거운 데이트를 위한 아이디어를 공유합니다.,slot_2step,2026-06-08T12:19:40.760045+00:00
04-date-night-outfit-seoul-date-course,04-date-night-outfit,04,seoul-date-course,서울 데이트 코스,서울 데이트 코스 추천,info,tip,서울에서 데이트하기 좋은 코스 추천,slot_2step,2026-06-08T12:19:40.760045+00:00
04-date-night-outfit-summer-date-look,04-date-night-outfit,04,summer-date-look,여름 데이트룩,여름 데이트룩 완벽 가이드,info,tip,여름 데이트를 위한 완벽한 옷차림 팁,slot_2step,2026-06-08T12:19:40.760045+00:00
04-denim-coordination-baby-denim-clothing-choice,04-denim-coordination,04,baby-denim-clothing-choice,아기 데님 옷,아기 데님 옷 고르는 방법과 추천,info,tip,아기 데님 옷을 고르는 방법과 추천 아이템을 소개합니다.,slot_2step,2026-06-08T12:21:38.776619+00:00
04-denim-coordination-camping-denim-wear,04-denim-coordination,04,camping-denim-wear,캠핑 데님 착용,캠핑 필수템 데님 착용 팁,howto,tip,캠핑에서 데님 착용하는 방법과 팁,slot_2step,2026-06-08T12:21:38.776619+00:00
04-denim-coordination-college-student-denim-style,04-denim-coordination,04,college-student-denim-style,대학생 데님 코디,대학생을 위한 데님 패션 가이드,info,tip,대학생 데님 코디를 위한 스타일링 아이디어,slot_2step,2026-06-08T12:21:38.776619+00:00
04-denim-coordination-comfortable-denim-pants,04-denim-coordination,04,comfortable-denim-pants,편한 데님 바지,편안한 데님 바지 고르는 법,howto,tip,편안한 데님 바지를 선택하는 방법,slot_2step,2026-06-08T12:21:38.776619+00:00
04-denim-coordination-denim-brand-comparison,04-denim-coordination,04,denim-brand-comparison,데님 브랜드 비교,데님 브랜드 비교 분석과 추천,info,tip,다양한 데님 브랜드를 비교 분석하고 추천합니다.,slot_2step,2026-06-08T12:21:38.776619+00:00
04-denim-coordination-denim-coordination-failure,04-denim-coordination,04,denim-coordination-failure,데님 코디 실패,데님 코디 실패 사례와 교훈,info,tip,데님 코디 실패 사례를 분석하고 교훈을 얻습니다.,slot_2step,2026-06-08T12:21:38.776619+00:00
04-denim-coordination-family-denim-photo,04-denim-coordination,04,family-denim-photo,아이와 데님 사진,아이와 함께 데님 가족 사진 찍기,info,tip,아이와 함께 데님 가족 사진 찍는 아이디어,slot_2step,2026-06-08T12:21:38.776619+00:00
04-denim-coordination-man-jeans-fashion-trend,04-denim-coordination,04,man-jeans-fashion-trend,남자 청바지 패션,올해 남자 청바지 패션 트렌드,info,tip,남자 청바지 패션의 최신 트렌드를 소개합니다.,slot_2step,2026-06-08T12:21:38.776619+00:00
04-denim-coordination-senior-denim-fashion-recommendation,04-denim-coordination,04,senior-denim-fashion-recommendation,노인 데님 패션,노인 데님 패션 추천과 스타일링 팁,info,tip,노인을 위한 데님 패션 추천과 스타일링 팁을 제공합니다.,slot_2step,2026-06-08T12:21:38.776619+00:00
04-denim-coordination-short-man-denim-coordination,04-denim-coordination,04,short-man-denim-coordination,키작은 남자 코디,키작은 남성을 위한 데님 코디 팁,info,tip,키작은 남성을 위한 데님 코디 아이디어,slot_2step,2026-06-08T12:21:38.776619+00:00
04-denim-coordination-spring-denim-coordination,04-denim-coordination,04,spring-denim-coordination,봄 데님 코디,봄 패션 필수템 데님 코디법,info,tip,봄 데님 코디 아이디어와 스타일링 팁,slot_2step,2026-06-08T12:21:38.776619+00:00
04-denim-coordination-summer-denim-dress-style,04-denim-coordination,04,summer-denim-dress-style,여름 데님 원피스,여름 데님 원피스 스타일링,info,tip,여름 데님 원피스 스타일링,slot_2step,2026-06-08T12:21:38.776619+00:00
04-denim-coordination-summer-denim-sandal,04-denim-coordination,04,summer-denim-sandal,여름 데님 샌들,여름 패션 데님 샌들 스타일,info,tip,여름 데님 샌들 스타일링 아이디어,slot_2step,2026-06-08T12:21:38.776619+00:00
04-denim-coordination-tall-woman-denim-coordination,04-denim-coordination,04,tall-woman-denim-coordination,키 큰 여자 데님,키 큰 여성을 위한 데님 코디 팁,info,tip,키 큰 여성을 위한 데님 코디 방법을 알려드립니다.,slot_2step,2026-06-08T12:21:38.776619+00:00
04-denim-coordination-travel-denim-bag,04-denim-coordination,04,travel-denim-bag,여행 데님 가방,여행 필수템 데님 가방 추천,info,tip,여행에 적합한 데님 가방 추천 리스트,slot_2step,2026-06-08T12:21:38.776619+00:00
04-interview-outfit-civil-service-interview-outfit,04-interview-outfit,04,civil-service-interview-outfit,공무원 면접 복장,공무원 면접 복장 가이드,info,tip,공무원 면접 복장을 위한 스타일링 팁,slot_2step,2026-06-08T12:21:21.489807+00:00
04-interview-outfit-disability-interview-support,04-interview-outfit,04,disability-interview-support,장애인 면접 지원,장애인 면접 지원 가이드,info,tip,장애인 면접 지원을 위한 팁과 가이드,slot_2step,2026-06-08T12:21:21.489807+00:00
04-interview-outfit-interview-accessories,04-interview-outfit,04,interview-accessories,면접 시 액세서리,면접 시 액세서리 가이드,info,tip,면접 시 액세서리를 위한 팁,slot_2step,2026-06-08T12:21:21.489807+00:00
04-interview-outfit-interview-makeup,04-interview-outfit,04,interview-makeup,면접 메이크업,면접 메이크업 팁과 가이드,howto,tip,면접 메이크업을 위한 팁과 가이드,slot_2step,2026-06-08T12:21:21.489807+00:00
04-interview-outfit-interview-shoes,04-interview-outfit,04,interview-shoes,면접 신발,면접 신발 종류와 선택 가이드,info,tip,면접 신발 종류와 선택을 위한 팁,slot_2step,2026-06-08T12:21:21.489807+00:00
04-interview-outfit-interview-watch-wearing,04-interview-outfit,04,interview-watch-wearing,면접 시 시계 착용,면접 시 시계 착용 가이드,howto,tip,면접 시 시계 착용을 위한 팁,slot_2step,2026-06-08T12:21:21.489807+00:00
04-interview-outfit-it-industry-job-interview-style,04-interview-outfit,04,it-industry-job-interview-style,IT 업계 면접 스타일,IT 업계 면접 스타일과 패션 트렌드,info,tip,IT 업계 면접을 위한 스타일과 패션 트렌드를 소개합니다.,slot_2step,2026-06-08T12:21:21.489807+00:00
04-interview-outfit-job-interview-dress-code-regulation,04-interview-outfit,04,job-interview-dress-code-regulation,면접 복장 법적 규정,면접 복장 법적 규정과 주의사항,info,tip,면접 복장에 대한 법적 규정과 주의사항을 알려드립니다.,slot_2step,2026-06-08T12:21:21.489807+00:00
04-interview-outfit-job-interview-hairstyle,04-interview-outfit,04,job-interview-hairstyle,취업 면접 헤어스타일,취업 면접 헤어스타일 가이드,howto,tip,취업 면접 헤어스타일을 위한 팁,slot_2step,2026-06-08T12:21:21.489807+00:00
04-interview-outfit-job-interview-outfit-community,04-interview-outfit,04,job-interview-outfit-community,면접 복장 커뮤니티,면접 복장 커뮤니티와 전문가 조언,info,tip,면접 복장 커뮤니티와 전문가 조언을 제공합니다.,slot_2step,2026-06-08T12:21:21.489807+00:00
04-interview-outfit-job-interview-outfit-comparison,04-interview-outfit,04,job-interview-outfit-comparison,면접 옷차림 비교,남녀 면접 옷차림 비교와 스타일링 팁,info,tip,남녀 면접 옷차림을 비교하고 스타일링 팁을 제공합니다.,slot_2step,2026-06-08T12:21:21.489807+00:00
04-interview-outfit-men-interview-outfit,04-interview-outfit,04,men-interview-outfit,남성 면접 정장,남성 면접 정장 선택 가이드,info,tip,남성 면접 정장 선택을 위한 팁과 가이드,slot_2step,2026-06-08T12:21:21.489807+00:00
04-interview-outfit-overseas-job-interview-outfit,04-interview-outfit,04,overseas-job-interview-outfit,해외 취업 면접 옷차림,해외 취업 면접 옷차림 완벽 가이드,info,tip,해외 취업 면접을 위한 옷차림 가이드와 팁을 제공합니다.,slot_2step,2026-06-08T12:21:21.489807+00:00
04-interview-outfit-senior-job-interview-preparation,04-interview-outfit,04,senior-job-interview-preparation,노인 면접 준비물,노인 면접 준비물과 팁,info,tip,노인 면접을 위한 준비물과 팁을 제공합니다.,slot_2step,2026-06-08T12:21:21.489807+00:00
04-interview-outfit-women-interview-clothing,04-interview-outfit,04,women-interview-clothing,여성 면접 옷차림새,여성 면접 옷차림새 완벽 가이드,info,tip,여성 면접 옷차림새를 위한 스타일링 팁,slot_2step,2026-06-08T12:21:21.489807+00:00
04-office-wear-30-dae-yoseong-os-pis-luk,04-office-wear,04,30-dae-yoseong-os-pis-luk,30대 여성 오피스룩,30대 여성을 위한 오피스룩 스타일링 가이드,info,tip,30대 여성에게 적합한 오피스룩 스타일링 방법을 제공합니다.,slot_2step,2026-06-08T12:19:12.894188+00:00
04-office-wear-40dae-obisilook,04-office-wear,04,40dae-obisilook,40대 비즈니스 캐주얼,40대 오피스룩 추천,info,tip,40대 비즈니스 캐주얼 스타일링 팁,slot_2step,2026-06-08T12:19:12.894188+00:00
04-office-wear-gyeoul-opiseulook,04-office-wear,04,gyeoul-opiseulook,겨울 비즈니스 캐주얼,겨울 오피스룩 따뜻하게 입기,info,tip,겨울을 위한 따뜻한 오피스룩 스타일링,slot_2step,2026-06-08T12:19:12.894188+00:00
04-office-wear-jeobudam-opiseulook,04-office-wear,04,jeobudam-opiseulook,저예산 오피스 스타일,저예산으로 만드는 오피스룩,info,tip,저예산으로 오피스룩을 만드는 실용적인 팁,slot_2step,2026-06-08T12:19:12.894188+00:00
04-office-wear-kichag-eo-yeoseong-cazual,04-office-wear,04,kichag-eo-yeoseong-cazual,키작은 여자 비즈니스 캐주얼,키작은 여자 오피스룩 추천,info,tip,키작은 여자 비즈니스 캐주얼 스타일링 가이드,slot_2step,2026-06-08T12:19:12.894188+00:00
04-office-wear-kichyeon-namja-opiseulook,04-office-wear,04,kichyeon-namja-opiseulook,키큰 남자 비즈니스룩,키큰 남성을 위한 오피스룩,info,tip,키큰 남성을 위한 오피스룩 스타일링 가이드,slot_2step,2026-06-08T12:19:12.894188+00:00
04-office-wear-namja-yeo-eo-obisilook,04-office-wear,04,namja-yeo-eo-obisilook,남자 여름 비즈니스 캐주얼,남자 여름 오피스룩 추천,info,tip,남자 여름 오피스룩 스타일링 팁,slot_2step,2026-06-08T12:19:12.894188+00:00
04-office-wear-namseong-biznioseu-kodi,04-office-wear,04,namseong-biznioseu-kodi,남성 비즈니스 캐주얼,남성 오피스룩 코디 가이드,info,tip,남성을 위한 실용적인 비즈니스 캐주얼 스타일링 팁,slot_2step,2026-06-08T12:19:12.894188+00:00
04-office-wear-obisilook-byeandeu,04-office-wear,04,obisilook-byeandeu,오피스룩 브랜드,오피스룩 브랜드 추천,info,tip,오피스룩 브랜드 소개,slot_2step,2026-06-08T12:19:12.894188+00:00
04-office-wear-obisilook-sinhal,04-office-wear,04,obisilook-sinhal,오피스 신발 추천,편한 오피스 신발 찾기,info,tip,오피스룩에 어울리는 편안한 신발 추천,slot_2step,2026-06-08T12:19:12.894188+00:00
04-office-wear-opiseulook-syopingmol,04-office-wear,04,opiseulook-syopingmol,오피스룩 쇼핑몰 추천,오피스룩 쇼핑몰 베스트,info,tip,오피스룩 쇼핑몰 추천 리스트,slot_2step,2026-06-08T12:19:12.894188+00:00
04-office-wear-seong-gong-ui-os-pis-luk,04-office-wear,04,seong-gong-ui-os-pis-luk,성공적인 오피스룩,성공적인 오피스룩을 위한 비즈니스 캐주얼 스타일링 팁,info,tip,직장인을 위한 성공적인 비즈니스 캐주얼 스타일링 방법을 알려드립니다.,slot_2step,2026-06-08T12:19:12.894188+00:00
04-office-wear-sinipseawon-opiseulook,04-office-wear,04,sinipseawon-opiseulook,신입사원 비즈니스룩,신입사원 오피스룩 완벽 가이드,info,tip,신입사원을 위한 오피스룩 스타일링 가이드,slot_2step,2026-06-08T12:19:12.894188+00:00
04-office-wear-u-issneun-os-pis-luk,04-office-wear,04,u-issneun-os-pis-luk,아름다운 오피스룩,아름다운 오피스룩을 위한 패션 아이템 추천,info,tip,단정하고 세련된 오피스룩을 위한 패션 아이템을 소개합니다.,slot_2step,2026-06-08T12:19:12.894188+00:00
04-office-wear-yeoseong-bizineeseo-cazual,04-office-wear,04,yeoseong-bizineeseo-cazual,여성 비즈니스 캐주얼 스타일,여성 비즈니스 캐주얼 옷차림,info,tip,여성 비즈니스 캐주얼 스타일링 가이드,slot_2step,2026-06-08T12:19:12.894188+00:00
04-plus-size-fashion-40s-womens-fashion,04-plus-size-fashion,04,40s-womens-fashion,40대 여성 패션,40대 여성 패션 트렌드와 스타일링 팁,info,tip,40대 여성들을 위한 패션 트렌드와 스타일링 팁을 제공합니다.,slot_2step,2026-06-08T12:20:47.195332+00:00
04-plus-size-fashion-affordable-plus-size-fashion,04-plus-size-fashion,04,affordable-plus-size-fashion,저렴한 플러스사이즈,저렴한 가격에 플러스사이즈 옷 구매하기,info,tip,저렴한 가격에 플러스사이즈 옷을 구매하는 법을 알려드립니다.,slot_2step,2026-06-08T12:20:47.195332+00:00
04-plus-size-fashion-body-shape-fashion,04-plus-size-fashion,04,body-shape-fashion,아름다운 몸매 만들기,아름다운 몸매를 위한 패션 팁,howto,tip,아름다운 몸매를 만들기 위한 패션 팁을 제공합니다.,slot_2step,2026-06-08T12:20:47.195332+00:00
04-plus-size-fashion-minimalism-plus-size-fashion-style,04-plus-size-fashion,04,minimalism-plus-size-fashion-style,미니멀리즘 플러스사이즈,미니멀리즘 플러스사이즈 패션 스타일,info,tip,미니멀리즘 플러스사이즈 패션 스타일 소개,slot_2step,2026-06-08T12:20:47.195332+00:00
04-plus-size-fashion-plus-size-fashion,04-plus-size-fashion,04,plus-size-fashion,플러스사이즈 패션,체형의 장점을 살리는 플러스 사이즈 패션 스타일링 팁,info,tip,플러스 사이즈 패션에 대한 스타일링 팁과 정보를 제공합니다.,slot_2step,2026-06-08T12:20:47.195332+00:00
04-plus-size-fashion-plus-size-fashion-brands,04-plus-size-fashion,04,plus-size-fashion-brands,비만 패션 브랜드,비만인을 위한 패션 브랜드 추천,info,tip,비만인을 위한 패션 브랜드를 추천합니다.,slot_2step,2026-06-08T12:20:47.195332+00:00
04-plus-size-fashion-plus-size-fashion-for-different-body-types,04-plus-size-fashion,04,plus-size-fashion-for-different-body-types,다양한 체형의 플러스사이즈 패션,다양한 체형의 플러스사이즈 패션 스타일,info,tip,다양한 체형에 맞는 플러스사이즈 패션 스타일 소개,slot_2step,2026-06-08T12:20:47.195332+00:00
04-plus-size-fashion-plus-size-shopping,04-plus-size-fashion,04,plus-size-shopping,대형 마켓 플러스사이즈,대형 마켓에서 플러스사이즈 쇼핑하기,info,tip,대형 마켓에서 플러스사이즈 쇼핑하는 법을 알려드립니다.,slot_2step,2026-06-08T12:20:47.195332+00:00
04-plus-size-fashion-plus-size-workout-clothes-recommendation,04-plus-size-fashion,04,plus-size-workout-clothes-recommendation,플러스사이즈 운동복 추천,편한 플러스사이즈 운동복 추천,info,tip,편안한 플러스사이즈 운동복 추천,slot_2step,2026-06-08T12:20:47.195332+00:00
04-plus-size-fashion-pregnancy-fashion,04-plus-size-fashion,04,pregnancy-fashion,임산부 패션,임산부 옷 고르는 법과 추천 브랜드,info,tip,임산부를 위한 패션 가이드와 추천 브랜드를 소개합니다.,slot_2step,2026-06-08T12:20:47.195332+00:00
04-plus-size-fashion-short-person-fashion,04-plus-size-fashion,04,short-person-fashion,키작은사람 패션,키 작은 사람을 위한 패션 스타일링 팁,howto,tip,키 작은 사람을 위한 패션 스타일링 팁을 제공합니다.,slot_2step,2026-06-08T12:20:47.195332+00:00
04-plus-size-fashion-successful-plus-size-styling-examples,04-plus-size-fashion,04,successful-plus-size-styling-examples,성공적인 플러스사이즈 스타일링,성공적인 플러스사이즈 스타일링 사례,info,tip,성공적인 플러스사이즈 스타일링 사례 소개,slot_2step,2026-06-08T12:20:47.195332+00:00
04-plus-size-fashion-tall-people-clothing-tips,04-plus-size-fashion,04,tall-people-clothing-tips,키 큰 사람 옷 고르는 법,키 큰 사람 옷 고르는 팁,howto,tip,키 큰 사람이 옷을 고를 때 유용한 팁,slot_2step,2026-06-08T12:20:47.195332+00:00
04-plus-size-fashion-tall-person-fashion,04-plus-size-fashion,04,tall-person-fashion,키 큰 사람 패션,키 큰 사람을 위한 패션 스타일링 팁,howto,tip,키 큰 사람을 위한 패션 스타일링 팁을 제공합니다.,slot_2step,2026-06-08T12:20:47.195332+00:00
04-plus-size-fashion-trendy-plus-size-fashion-items,04-plus-size-fashion,04,trendy-plus-size-fashion-items,트렌디한 플러스사이즈 패션,트렌디한 플러스사이즈 패션 아이템,info,tip,현재 트렌디한 플러스사이즈 패션 아이템 소개,slot_2step,2026-06-08T12:20:47.195332+00:00
04-spring-outfit-agi-bom-wechulbog,04-spring-outfit,04,agi-bom-wechulbog,아기 봄 외출복,아기 봄 외출복 추천 베스트,info,tip,아기 봄 외출을 위한 최고의 옷차림,slot_2step,2026-06-08T12:17:31.952349+00:00
04-spring-outfit-bom-deiteulook,04-spring-outfit,04,bom-deiteulook,봄 데이트룩,봄 데이트룩 완벽 가이드,info,tip,봄 데이트를 위한 완벽한 옷차림과 스타일링 팁,slot_2step,2026-06-08T12:17:31.952349+00:00
04-spring-outfit-bom-kemping-pashion,04-spring-outfit,04,bom-kemping-pashion,봄 캠핑 패션,봄 캠핑 패션 트렌드와 꿀팁,info,tip,봄 캠핑을 위한 패션 트렌드와 실용적인 팁,slot_2step,2026-06-08T12:17:31.952349+00:00
04-spring-outfit-bom-weding-geseuteulook,04-spring-outfit,04,bom-weding-geseuteulook,봄 웨딩 게스트룩,봄 웨딩 게스트룩 완벽 가이드,info,tip,봄 웨딩을 위한 게스트룩 완벽 가이드,slot_2step,2026-06-08T12:17:31.952349+00:00
04-spring-outfit-children-spring-school-look,04-spring-outfit,04,children-spring-school-look,어린이 등교룩 봄,봄 어린이 등교룩 베스트 스타일링 팁,info,tip,어린이를 위한 봄 등교룩 아이디어와 스타일링 노하우를 공유합니다.,slot_2step,2026-06-08T12:17:31.952349+00:00
04-spring-outfit-ginae-bom-kodi,04-spring-outfit,04,ginae-bom-kodi,기내 봄 코디,기내 봄 코디 완벽 가이드,info,tip,기내 여행을 위한 봄 코디 완벽 가이드,slot_2step,2026-06-08T12:17:31.952349+00:00
04-spring-outfit-im-sanbu-bom-ot-chajam,04-spring-outfit,04,im-sanbu-bom-ot-chajam,임산부 봄 패션,임산부 봄 옷차림 가이드,info,tip,봄철 임산부를 위한 스타일리시하고 편안한 옷차림 팁,slot_2step,2026-06-08T12:17:31.952349+00:00
04-spring-outfit-mens-spring-business-casual,04-spring-outfit,04,mens-spring-business-casual,남자 봄 비즈니스 캐주얼,남자 봄 비즈니스 캐주얼 옷차림,info,tip,남성을 위한 봄 비즈니스 캐주얼 패션 스타일링 팁을 공유합니다.,slot_2step,2026-06-08T12:17:31.952349+00:00
04-spring-outfit-nolboms-otchajim,04-spring-outfit,04,nolboms-otchajim,노인 봄 옷차림,노인 봄 옷차림 가이드,info,tip,노인을 위한 봄 옷차림 가이드,slot_2step,2026-06-08T12:17:31.952349+00:00
04-spring-outfit-spring-festival-fashion,04-spring-outfit,04,spring-festival-fashion,봄 축제 패션 스타일,봄 축제 패션 베스트 스타일,info,tip,봄 축제를 위한 완벽한 패션 가이드와 스타일링 팁을 제공합니다.,slot_2step,2026-06-08T12:17:31.952349+00:00
04-spring-outfit-spring-golf-fashion,04-spring-outfit,04,spring-golf-fashion,봄 골프웨어 추천,봄 골프 패션 베스트 추천,info,tip,봄 골프를 위한 완벽한 패션 가이드와 추천 제품을 제공합니다.,slot_2step,2026-06-08T12:17:31.952349+00:00
04-spring-outfit-spring-outing-fashion,04-spring-outfit,04,spring-outing-fashion,봄 나들이 옷차림,봄 나들이 패션 완벽 가이드,info,tip,봄 나들이를 위한 완벽한 패션 가이드와 스타일링 팁을 제공합니다.,slot_2step,2026-06-08T12:17:31.952349+00:00
04-spring-outfit-spring-swimwear-recommend,04-spring-outfit,04,spring-swimwear-recommend,봄 수영복 추천 제품,봄 수영복 추천 베스트,info,tip,봄 수영을 위한 완벽한 수영복 추천 제품을 제공합니다.,slot_2step,2026-06-08T12:17:31.952349+00:00
04-spring-outfit-spring-travel-packing,04-spring-outfit,04,spring-travel-packing,여행 봄 옷 꾸리기,여행 가기 전 봄 옷 packing 팁,howto,tip,봄 여행을 위한 옷 packing 팁과 아이디어를 공유합니다.,slot_2step,2026-06-08T12:17:31.952349+00:00
04-spring-outfit-yeohaeng-bom-ot-packing,04-spring-outfit,04,yeohaeng-bom-ot-packing,여행 봄 옷 packing,여행 봄 옷 packing 완벽 가이드,howto,tip,여행을 위한 봄 옷 packing 완벽 가이드,slot_2step,2026-06-08T12:17:31.952349+00:00
04-street-fashion-college-street-fashion-summer,04-street-fashion,04,college-street-fashion-summer,대학생 여름 스트릿 패션,대학생 여름 스트릿 패션 트렌드,info,tip,대학생을 위한 여름 스트릿 패션 스타일을 소개합니다.,slot_2step,2026-06-08T12:20:15.158859+00:00
04-street-fashion-mens-street-fashion-coordination,04-street-fashion,04,mens-street-fashion-coordination,남자 스트릿 패션 코디법,남자 스트릿 패션 코디법 완벽 가이드,howto,tip,남자 스트릿 패션 코디법을 알려드립니다.,slot_2step,2026-06-08T12:20:15.158859+00:00
04-street-fashion-mommy-street-fashion,04-street-fashion,04,mommy-street-fashion,아기 엄마 스트릿 패션,아기 엄마를 위한 스트릿 패션 스타일,info,tip,아기 엄마를 위한 스트릿 패션 스타일을 소개합니다.,slot_2step,2026-06-08T12:20:15.158859+00:00
04-street-fashion-music-influences-street-fashion,04-street-fashion,04,music-influences-street-fashion,음악과 스트릿 패션,스트릿 패션에 영향을 주는 음악과 문화,info,tip,음악이 스트릿 패션에 미치는 영향,slot_2step,2026-06-08T12:20:15.158859+00:00
04-street-fashion-street-fashion-accessories-importance,04-street-fashion,04,street-fashion-accessories-importance,스트릿 패션 액세서리,스트릿 패션에서 액세서리 선택의 중요성,info,tip,스트릿 패션에서 액세서리가 미치는 영향과 선택 팁,slot_2step,2026-06-08T12:20:15.158859+00:00
04-street-fashion-street-fashion-and-culture,04-street-fashion,04,street-fashion-and-culture,스트릿 패션과 문화,스트릿 패션과 문화의 상관관계,info,tip,스트릿 패션과 문화의 관계,slot_2step,2026-06-08T12:20:15.158859+00:00
04-street-fashion-street-fashion-brand-collaboration,04-street-fashion,04,street-fashion-brand-collaboration,스트릿 패션 브랜드 협업,스트릿 패션 브랜드 협업의 성공 사례,info,tip,성공적인 스트릿 패션 브랜드 협업 사례,slot_2step,2026-06-08T12:20:15.158859+00:00
04-street-fashion-street-fashion-brand-ranking,04-street-fashion,04,street-fashion-brand-ranking,스트릿 패션 브랜드 순위,스트릿 패션 브랜드 순위 Top 10,info,tip,최신 스트릿 패션 브랜드 순위를 소개합니다.,slot_2step,2026-06-08T12:20:15.158859+00:00
04-street-fashion-street-fashion-clothing-tips,04-street-fashion,04,street-fashion-clothing-tips,스트릿 패션 옷 고르는 팁,스트릿 패션 옷 고르는 팁,howto,tip,스트릿 패션 옷 고르는 팁을 알려드립니다.,slot_2step,2026-06-08T12:20:15.158859+00:00
04-street-fashion-street-fashion-clothing-tips-2,04-street-fashion,04,street-fashion-clothing-tips-2,스트릿 패션 옷 고르기,스트릿 패션 옷 고르는 노하우,howto,tip,스트릿 패션 옷을 고르는 방법,slot_2step,2026-06-08T12:20:15.158859+00:00
04-street-fashion-street-fashion-influencer-marketing,04-street-fashion,04,street-fashion-influencer-marketing,스트릿 패션 인플루언서,스트릿 패션 인플루언서 마케팅 전략,info,tip,스트릿 패션 인플루언서를 활용한 마케팅,slot_2step,2026-06-08T12:20:15.158859+00:00
04-street-fashion-street-fashion-photography-tips,04-street-fashion,04,street-fashion-photography-tips,스트릿 패션 사진 잘 찍는 법,스트릿 패션 사진 잘 찍는 법,howto,tip,스트릿 패션 사진을 잘 찍는 법을 알려드립니다.,slot_2step,2026-06-08T12:20:15.158859+00:00
04-street-fashion-street-fashion-shopping-while-traveling,04-street-fashion,04,street-fashion-shopping-while-traveling,여행지에서 스트릿 패션 쇼핑,여행지에서 즐기는 스트릿 패션 쇼핑,info,tip,여행지에서 스트릿 패션 쇼핑을 즐기는 방법을 소개합니다.,slot_2step,2026-06-08T12:20:15.158859+00:00
04-street-fashion-street-fashion-sneakers,04-street-fashion,04,street-fashion-sneakers,스트릿 패션에 어울리는 운동화,스트릿 패션에 어울리는 운동화 추천,info,tip,스트릿 패션에 어울리는 운동화를 추천합니다.,slot_2step,2026-06-08T12:20:15.158859+00:00
04-street-fashion-street-fashion-vs-hip-hop-fashion,04-street-fashion,04,street-fashion-vs-hip-hop-fashion,스트릿 패션과 힙합 패션 차이,스트릿 패션과 힙합 패션 차이점,info,tip,스트릿 패션과 힙합 패션의 차이점을 분석합니다.,slot_2step,2026-06-08T12:20:15.158859+00:00
04-summer-outfit-cool-summer-outfit-guide,04-summer-outfit,04,cool-summer-outfit-guide,시원한 여름 옷차림,시원한 여름 옷차림 가이드,howto,tip,여름철 시원한 옷차림을 위한 가이드,slot_2step,2026-06-08T12:17:49.046524+00:00
04-summer-outfit-honeymoon-fashion-styling,04-summer-outfit,04,honeymoon-fashion-styling,신혼여행 패션,신혼여행 패션 스타일링 아이디어,info,tip,신혼여행을 위한 패션 스타일링 아이디어를 제공합니다.,slot_2step,2026-06-08T12:17:49.046524+00:00
04-summer-outfit-how-to-choose-summer-swimwear,04-summer-outfit,04,how-to-choose-summer-swimwear,여름 수영복 고르기,여름 수영복 고르는 법,howto,tip,여름 수영복 고르는 법,slot_2step,2026-06-08T12:17:49.046524+00:00
04-summer-outfit-in-flight-fashion-etiquette,04-summer-outfit,04,in-flight-fashion-etiquette,기내 패션 에티켓,기내 패션 에티켓 가이드 라인,info,tip,기내에서 지켜야 할 패션 에티켓 가이드를 제공합니다.,slot_2step,2026-06-08T12:17:49.046524+00:00
04-summer-outfit-kids-summer-fashion-trend,04-summer-outfit,04,kids-summer-fashion-trend,키즈 여름 패션,키즈 여름 패션 트렌드,info,tip,키즈 여름 패션 트렌드,slot_2step,2026-06-08T12:17:49.046524+00:00
04-summer-outfit-senior-summer-health-tips,04-summer-outfit,04,senior-summer-health-tips,노인 여름 건강관리,노인 여름 건강관리 필수 팁,info,tip,노인 여름 건강관리를 위한 실용적인 팁을 제공합니다.,slot_2step,2026-06-08T12:17:49.046524+00:00
04-summer-outfit-summer-camping-fashion-recommendation,04-summer-outfit,04,summer-camping-fashion-recommendation,여름 캠핑 패션,여름 캠핑 패션 추천,info,tip,여름 캠핑을 위한 패션 추천,slot_2step,2026-06-08T12:17:49.046524+00:00
04-summer-outfit-summer-fashion-style-guide,04-summer-outfit,04,summer-fashion-style-guide,여름 코디,여름철 시원한 패션 스타일링 가이드,info,tip,여름철 시원하고 세련된 옷차림을 위한 스타일링 팁,slot_2step,2026-06-08T12:17:49.046524+00:00
04-summer-outfit-summer-hiking-fashion-guide,04-summer-outfit,04,summer-hiking-fashion-guide,여름 등산 패션,여름 등산 패션 가이드,howto,tip,여름 등산을 위한 패션 가이드,slot_2step,2026-06-08T12:17:49.046524+00:00
04-summer-outfit-summer-outdoor-fashion-items,04-summer-outfit,04,summer-outdoor-fashion-items,여름 야외활동 패션 아이템,여름 야외활동 패션 아이템 베스트,info,tip,시원하고 편안한 여름 야외활동 패션 아이템을 소개합니다.,slot_2step,2026-06-08T12:17:49.046524+00:00
04-summer-outfit-summer-padding-recommendations,04-summer-outfit,04,summer-padding-recommendations,여름 패딩 추천,여름 친절한 패딩 추천 리스트,info,tip,여름에 적합한 패딩 추천 리스트를 제공합니다.,slot_2step,2026-06-08T12:17:49.046524+00:00
04-summer-outfit-summer-workout-clothes-tips,04-summer-outfit,04,summer-workout-clothes-tips,여름철 운동복,여름철 운동복 선택 팁,info,tip,여름철 운동복 선택을 위한 팁,slot_2step,2026-06-08T12:17:49.046524+00:00
04-summer-outfit-travel-bag-decorating-ideas,04-summer-outfit,04,travel-bag-decorating-ideas,여행용 캐리어 꾸미기,여행용 캐리어 꾸미기 아이디어,info,tip,여행용 캐리어 꾸미기 위한 실용적인 아이디어,slot_2step,2026-06-08T12:17:49.046524+00:00
04-summer-outfit-travel-clothing-tips,04-summer-outfit,04,travel-clothing-tips,여행지 옷차림,여행지 옷차림 고민 이제는 끝,info,tip,여행지 옷차림 고민을 해결해 주는 실용적인 팁을 제공합니다.,slot_2step,2026-06-08T12:17:49.046524+00:00
04-summer-outfit-vacation-essential-items-list,04-summer-outfit,04,vacation-essential-items-list,휴가철 필수 아이템,휴가철 필수 아이템 리스트,info,tip,휴가철에 필요한 필수 아이템 리스트,slot_2step,2026-06-08T12:17:49.046524+00:00
04-transitional-season-outfit-baby-clothing-for-changing-seasons,04-transitional-season-outfit,04,baby-clothing-for-changing-seasons,환절기 베이비 코디,아기 환절기 옷차림 가이드,info,tip,환절기에 아기 옷차림을 어떻게 해야 하는지 알려드립니다.,slot_2step,2026-06-08T12:18:51.378159+00:00
04-transitional-season-outfit-camping-essentials-for-changing-seasons,04-transitional-season-outfit,04,camping-essentials-for-changing-seasons,캠핑 환절기 준비물,캠핑 환절기 필수 아이템,info,tip,캠핑을 위한 환절기 준비물을 소개합니다.,slot_2step,2026-06-08T12:18:51.378159+00:00
04-transitional-season-outfit-changing-clothes-for-kids,04-transitional-season-outfit,04,changing-clothes-for-kids,아이 옷 갈아입히기,아이 옷 갈아입히기 노하우,howto,tip,아이들의 옷을 효율적으로 갈아입히는 방법을 알려드립니다.,slot_2step,2026-06-08T12:18:51.378159+00:00
04-transitional-season-outfit-fashion-trends-for-changing-seasons,04-transitional-season-outfit,04,fashion-trends-for-changing-seasons,환절기 패션 트렌드,환절기 패션 트렌드,info,tip,환절기에 인기 있는 패션 트렌드를 소개합니다.,slot_2step,2026-06-08T12:18:51.378159+00:00
04-transitional-season-outfit-health-tips-for-seniors-during-seasonal-changes,04-transitional-season-outfit,04,health-tips-for-seniors-during-seasonal-changes,고령자 환절기 건강관리,고령자 환절기 건강관리 팁,info,tip,고령자의 건강을 위한 환절기 건강관리 방법을 소개합니다.,slot_2step,2026-06-08T12:18:51.378159+00:00
04-transitional-season-outfit-hwanjeolgi-allergy-management,04-transitional-season-outfit,04,hwanjeolgi-allergy-management,환절기 알레르기 관리법,환절기 알레르기 증상 및 관리법,info,tip,환절기 알레르기 증상 완화하는 방법,slot_2step,2026-06-08T12:18:51.378159+00:00
04-transitional-season-outfit-hwanjeolgi-breastfeeding-health,04-transitional-season-outfit,04,hwanjeolgi-breastfeeding-health,수유부 환절기 건강관리,수유부 환절기 건강관리 팁,info,tip,수유부 환절기 건강관리 방법,slot_2step,2026-06-08T12:18:51.378159+00:00
04-transitional-season-outfit-hwanjeolgi-mountaineering-safety,04-transitional-season-outfit,04,hwanjeolgi-mountaineering-safety,등산 환절기 안전,등산 환절기 안전수칙,info,tip,안전한 등산을 위한 환절기 수칙,slot_2step,2026-06-08T12:18:51.378159+00:00
04-transitional-season-outfit-hwanjeolgi-moving-preparation,04-transitional-season-outfit,04,hwanjeolgi-moving-preparation,환절기 이사 준비물,환절기 이사 준비 체크리스트,info,tip,환절기 이사 준비를 위한 필수 체크리스트,slot_2step,2026-06-08T12:18:51.378159+00:00
04-transitional-season-outfit-hwanjeolgi-student-fashion,04-transitional-season-outfit,04,hwanjeolgi-student-fashion,학생 환절기 패션,학생을 위한 환절기 패션 아이디어,info,tip,학생 환절기 패션 트렌드와 스타일링,slot_2step,2026-06-08T12:18:51.378159+00:00
04-transitional-season-outfit-hwanjeolgi-travel-weather,04-transitional-season-outfit,04,hwanjeolgi-travel-weather,여행 환절기 날씨,여행자를 위한 환절기 날씨 정보,info,tip,여행 전 꼭 알아야 할 환절기 날씨 정보,slot_2step,2026-06-08T12:18:51.378159+00:00
04-transitional-season-outfit-in-flight-fashion-for-changing-seasons,04-transitional-season-outfit,04,in-flight-fashion-for-changing-seasons,기내 환절기 패션,비행기 안 환절기 패션,info,tip,비행기 안에서 환절기에 적합한 패션 스타일을 소개합니다.,slot_2step,2026-06-08T12:18:51.378159+00:00
04-transitional-season-outfit-senior-health-during-changing-seasons,04-transitional-season-outfit,04,senior-health-during-changing-seasons,노인 환절기 건강 관리,노인 환절기 건강 팁,info,tip,노인들을 위한 환절기 건강 관리 방법을 알려드립니다.,slot_2step,2026-06-08T12:18:51.378159+00:00
04-transitional-season-outfit-skin-care-during-changing-seasons,04-transitional-season-outfit,04,skin-care-during-changing-seasons,환절기 피부 관리법,환절기 피부 관리 팁,info,tip,환절기에 적합한 피부 관리법을 제공합니다.,slot_2step,2026-06-08T12:18:51.378159+00:00
04-transitional-season-outfit-spring-autumn-clothing-tips,04-transitional-season-outfit,04,spring-autumn-clothing-tips,봄가을 옷차림 팁,봄 가을 옷차림 노하우,howto,tip,봄과 가을에 적합한 옷차림 전략을 제공합니다.,slot_2step,2026-06-08T12:18:51.378159+00:00
04-vintage-fashion-camping-vintage-fashion-style,04-vintage-fashion,04,camping-vintage-fashion-style,캠핑 빈티지 패션 스타일,캠핑 갈 때 빈티지 패션 아이템 추천,info,tip,캠핑장에서 빈티지 패션으로 스타일링하는 법을 소개합니다.,slot_2step,2026-06-08T12:20:31.633360+00:00
04-vintage-fashion-mens-vintage-watch-brand,04-vintage-fashion,04,mens-vintage-watch-brand,남성 빈티지 시계 브랜드,남성 빈티지 시계 브랜드 추천,info,tip,남성에게 어울리는 빈티지 시계 브랜드를 추천합니다.,slot_2step,2026-06-08T12:20:31.633360+00:00
04-vintage-fashion-middle-aged-women-vintage-style,04-vintage-fashion,04,middle-aged-women-vintage-style,중년 여성 빈티지 스타일,중년 여성 빈티지 패션 스타일링 팁,info,tip,중년 여성에게 어울리는 빈티지 패션 스타일링 노하우를 공유합니다.,slot_2step,2026-06-08T12:20:31.633360+00:00
04-vintage-fashion-pros-and-cons-of-vintage-fashion,04-vintage-fashion,04,pros-and-cons-of-vintage-fashion,빈티지 패션 장단점,빈티지 패션의 장점과 단점 분석,info,tip,빈티지 패션의 장점과 단점을 비교 분석해드립니다.,slot_2step,2026-06-08T12:20:31.633360+00:00
04-vintage-fashion-vintage-accessories-types,04-vintage-fashion,04,vintage-accessories-types,빈티지 액세서리 종류,빈티지 액세서리 종류 및 특징,info,tip,다양한 빈티지 액세서리 종류와 특징을 설명합니다.,slot_2step,2026-06-08T12:20:31.633360+00:00
04-vintage-fashion-vintage-bag-care,04-vintage-fashion,04,vintage-bag-care,빈티지 가방 관리법,빈티지 가방 관리 및 보관 방법,howto,tip,빈티지 가방을 관리하고 보관하는 방법을 설명합니다.,slot_2step,2026-06-08T12:20:31.633360+00:00
04-vintage-fashion-vintage-clothing-shopping-mall,04-vintage-fashion,04,vintage-clothing-shopping-mall,빈티지 옷 쇼핑몰 사이트,인기 빈티지 옷 쇼핑몰 사이트 모음,info,tip,빈티지 옷을 판매하는 인기 쇼핑몰 사이트를 소개합니다.,slot_2step,2026-06-08T12:20:31.633360+00:00
04-vintage-fashion-vintage-clothing-washing,04-vintage-fashion,04,vintage-clothing-washing,빈티지 옷 세탁 방법,빈티지 옷 세탁 및 관리 방법,howto,tip,빈티지 옷을 세탁하고 관리하는 방법을 설명합니다.,slot_2step,2026-06-08T12:20:31.633360+00:00
04-vintage-fashion-vintage-fashion-and-environmental-protection,04-vintage-fashion,04,vintage-fashion-and-environmental-protection,빈티지 패션 친환경,빈티지 패션과 환경 보호의 상관관계,info,tip,빈티지 패션이 환경에 미치는 긍정적인 영향에 대해 알아보세요.,slot_2step,2026-06-08T12:20:31.633360+00:00
04-vintage-fashion-vintage-fashion-brand,04-vintage-fashion,04,vintage-fashion-brand,빈티지 패션 브랜드,유행하는 빈티지 패션 브랜드 추천,info,tip,최신 유행하는 빈티지 패션 브랜드를 소개합니다.,slot_2step,2026-06-08T12:20:31.633360+00:00
04-vintage-fashion-vintage-fashion-legal-regulations,04-vintage-fashion,04,vintage-fashion-legal-regulations,빈티지 패션 법적 규제,빈티지 패션 관련 법적 규제 사항,info,tip,빈티지 패션과 관련된 법적 규제 사항을 설명합니다.,slot_2step,2026-06-08T12:20:31.633360+00:00
04-vintage-fashion-vintage-item-appraisal,04-vintage-fashion,04,vintage-item-appraisal,빈티지 아이템 감정법,빈티지 아이템 감정 및 가치 평가 방법,howto,tip,빈티지 아이템을 감정하고 가치 평가하는 방법을 설명합니다.,slot_2step,2026-06-08T12:20:31.633360+00:00
04-vintage-fashion-vintage-item-appraisal-guide,04-vintage-fashion,04,vintage-item-appraisal-guide,빈티지 아이템 감정 가이드,빈티지 아이템 가치 평가하는 법,howto,tip,빈티지 아이템의 가치를 정확히 평가하는 방법을 알려드립니다.,slot_2step,2026-06-08T12:20:31.633360+00:00
04-vintage-fashion-vintage-item-refurbishment,04-vintage-fashion,04,vintage-item-refurbishment,빈티지 아이템 리폼 방법,빈티지 아이템 리폼 및 재활용 방법,howto,tip,빈티지 아이템을 리폼하고 재활용하는 방법을 설명합니다.,slot_2step,2026-06-08T12:20:31.633360+00:00
04-vintage-fashion-vintage-vs-modern-fashion,04-vintage-fashion,04,vintage-vs-modern-fashion,빈티지 패션 vs 현대 패션,빈티지 패션과 현대 패션의 차이점,compare,tip,빈티지 패션과 현대 패션의 차이점을 비교 분석합니다.,slot_2step,2026-06-08T12:20:31.633360+00:00
04-winter-outfit-2024-gyeowol-pashion-trend,04-winter-outfit,04,2024-gyeowol-pashion-trend,겨울 패션 트렌드,겨울 패션 트렌드 2024,info,tip,2024 겨울 패션 트렌드를 소개합니다.,slot_2step,2026-06-08T12:18:21.711246+00:00
04-winter-outfit-a-dong-gyeowol-pashion-chuyo,04-winter-outfit,04,a-dong-gyeowol-pashion-chuyo,아동 겨울 패션,아동 겨울 패션 추천,info,tip,아동 겨울 패션 아이템을 추천합니다.,slot_2step,2026-06-08T12:18:21.711246+00:00
04-winter-outfit-boon-seong-cao-oe-too-chuyo,04-winter-outfit,04,boon-seong-cao-oe-too-chuyo,보온성 높은 외투,보온성 높은 외투 추천,info,tip,보온성 높은 외투를 소개합니다.,slot_2step,2026-06-08T12:18:21.711246+00:00
04-winter-outfit-gimo-sochae-chuyo,04-winter-outfit,04,gimo-sochae-chuyo,기모 소재 추천,기모 소재 추천 베스트,info,tip,보온성 높은 기모 소재를 추천합니다.,slot_2step,2026-06-08T12:18:21.711246+00:00
04-winter-outfit-gyeowol-banghan-yongpum-chuyo,04-winter-outfit,04,gyeowol-banghan-yongpum-chuyo,겨울 방한용품,겨울 방한용품 추천,info,tip,겨울 방한용품을 소개합니다.,slot_2step,2026-06-08T12:18:21.711246+00:00
04-winter-outfit-gyeowol-deungsan-otchachim-gaideu,04-winter-outfit,04,gyeowol-deungsan-otchachim-gaideu,겨울 등산 옷차림,겨울 등산 옷차림 가이드,howto,tip,겨울 등산 옷차림 노하우를 알려드립니다.,slot_2step,2026-06-08T12:18:21.711246+00:00
04-winter-outfit-gyeowol-seupocheu-pashion-chuyo,04-winter-outfit,04,gyeowol-seupocheu-pashion-chuyo,겨울 스포츠 패션,겨울 스포츠 패션 추천,info,tip,겨울 스포츠 패션 아이템을 추천합니다.,slot_2step,2026-06-08T12:18:21.711246+00:00
04-winter-outfit-kaemping-gyeowol-kodi-aideia,04-winter-outfit,04,kaemping-gyeowol-kodi-aideia,캠핑 겨울 코디,캠핑 겨울 코디 아이디어,howto,tip,캠핑 겨울 코디 아이디어를 제공합니다.,slot_2step,2026-06-08T12:18:21.711246+00:00
04-winter-outfit-paeding-jongryu-bigyo-gaideu,04-winter-outfit,04,paeding-jongryu-bigyo-gaideu,패딩 종류 비교,패딩 종류 비교 가이드,compare,tip,패딩 종류를 비교합니다.,slot_2step,2026-06-08T12:18:21.711246+00:00
04-winter-outfit-seukijang-otchachim-gaideu,04-winter-outfit,04,seukijang-otchachim-gaideu,스키장 옷차림,스키장 옷차림 가이드,howto,tip,스키장 옷차림 노하우를 알려드립니다.,slot_2step,2026-06-08T12:18:21.711246+00:00
04-winter-outfit-thermal-underwear,04-winter-outfit,04,thermal-underwear,발열 내의,따뜻하고 편안한 발열 내의 추천,info,tip,추운 겨울을 위한 최고의 발열 내의 제품 추천,slot_2step,2026-06-08T12:18:21.711246+00:00
04-winter-outfit-winter-date-outfit,04-winter-outfit,04,winter-date-outfit,겨울 데이트룩,겨울 데이트룩 아이디어 5가지,info,tip,로맨틱한 겨울 데이트를 위한 스타일링 아이디어,slot_2step,2026-06-08T12:18:21.711246+00:00
04-winter-outfit-winter-fashion-items,04-winter-outfit,04,winter-fashion-items,겨울 패션 아이템,겨울 패션 아이템 베스트 10,info,tip,겨울 패션에 포인트를 줄 수 있는 인기 아이템 소개,slot_2step,2026-06-08T12:18:21.711246+00:00
04-winter-outfit-winter-workwear,04-winter-outfit,04,winter-workwear,겨울 출근 패션,프로페셔널한 겨울 출근 패션 가이드,info,tip,추운 겨울을 위한 스마트한 출근 패션 팁,slot_2step,2026-06-08T12:18:21.711246+00:00
04-winter-outfit-yeohaengji-gyeowol-otchachim-tib,04-winter-outfit,04,yeohaengji-gyeowol-otchachim-tib,여행지 겨울 옷차림,여행지 겨울 옷차림 팁,howto,tip,여행지 겨울 옷차림 노하우를 알려드립니다.,slot_2step,2026-06-08T12:18:21.711246+00:00
05-champions-league-info-champions-league-broadcast-info,05-champions-league-info,05,champions-league-broadcast-info,챔피언스리그 중계방송,챔스 중계 방송사 정보,info,tip,챔피언스리그 중계 방송사 정보를 확인하세요.,slot_2step,2026-06-08T12:22:38.072740+00:00
05-champions-league-info-champions-league-final-schedule,05-champions-league-info,05,champions-league-final-schedule,챔피언스리그 결승전,챔스 결승전 일정 및 결과,info,tip,챔피언스리그 결승전 일정과 결과를 확인하세요.,slot_2step,2026-06-08T12:22:38.072740+00:00
05-champions-league-info-champions-league-group-stage-info,05-champions-league-info,05,champions-league-group-stage-info,유럽 챔피언스리그 그룹,챔피언스리그 그룹 스테이지 정보,info,tip,유럽 챔피언스리그 그룹 정보를 확인하세요.,slot_2step,2026-06-08T12:22:38.072740+00:00
05-champions-league-info-champions-league-group-stage-teams,05-champions-league-info,05,champions-league-group-stage-teams,챔피언스리그 본선팀,챔스 본선 진출팀 정보,info,tip,챔피언스리그 본선 진출팀을 확인하세요.,slot_2step,2026-06-08T12:22:38.072740+00:00
05-champions-league-info-champions-league-history,05-champions-league-info,05,champions-league-history,챔피언스리그 역사,챔피언스리그 역사와 기록,info,tip,챔피언스리그의 역사를 확인하세요.,slot_2step,2026-06-08T12:22:38.072740+00:00
05-champions-league-info-champions-league-match-highlight,05-champions-league-info,05,champions-league-match-highlight,챔스 경기 하이라이트,챔스 경기 하이라이트 영상 모음,info,tip,유럽 챔피언스리그 경기 하이라이트 영상을 제공합니다.,slot_2step,2026-06-08T12:22:38.072740+00:00
05-champions-league-info-champions-league-player-injury,05-champions-league-info,05,champions-league-player-injury,챔스 선수 부상,챔스 선수 부상 현황,info,tip,챔스 선수 부상 정보를 제공합니다.,slot_2step,2026-06-08T12:22:38.072740+00:00
05-champions-league-info-champions-league-qualifying-schedule,05-champions-league-info,05,champions-league-qualifying-schedule,챔스 예선 일정,챔스 예선 경기 일정표,info,tip,챔스 예선 경기 일정을 제공합니다.,slot_2step,2026-06-08T12:22:38.072740+00:00
05-champions-league-info-champions-league-results,05-champions-league-info,05,champions-league-results,챔피언스리그 결과,챔피언스리그 경기 결과 - 최신 업데이트,info,tip,챔피언스리그 경기 결과를 확인하세요.,slot_2step,2026-06-08T12:22:38.072740+00:00
05-champions-league-info-champions-league-roster,05-champions-league-info,05,champions-league-roster,챔스 출전 선수 명단,챔스 출전 선수 명단 - 최신 업데이트,info,tip,챔피언스리그 출전 선수 명단을 확인하세요.,slot_2step,2026-06-08T12:22:38.072740+00:00
05-champions-league-info-champions-league-schedule,05-champions-league-info,05,champions-league-schedule,챔스 경기일정,챔스 경기 일정 확인 - 최신 업데이트,info,tip,유럽 챔피언스리그 경기 일정을 확인하세요.,slot_2step,2026-06-08T12:22:38.072740+00:00
05-champions-league-info-champions-league-standings,05-champions-league-info,05,champions-league-standings,챔피언스리그 순위,유럽 챔피언스리그 순위 - 그룹별 순위,info,tip,챔피언스리그 그룹별 순위를 확인하세요.,slot_2step,2026-06-08T12:22:38.072740+00:00
05-champions-league-info-champions-league-top-scorer,05-champions-league-info,05,champions-league-top-scorer,챔피언스리그 득점왕,챔스 득점왕 순위 및 기록,info,tip,챔피언스리그 득점왕 순위를 확인하세요.,slot_2step,2026-06-08T12:22:38.072740+00:00
05-champions-league-info-champions-league-winner-prediction,05-champions-league-info,05,champions-league-winner-prediction,챔스 우승팀 예측,챔스 우승팀 예측 - 전문가 분석,info,tip,챔피언스리그 우승팀을 예측합니다.,slot_2step,2026-06-08T12:22:38.072740+00:00
05-champions-league-info-uefa-champions-league,05-champions-league-info,05,uefa-champions-league,유럽축구연맹 챔피언스리그,유럽축구연맹 챔피언스리그 - 공식 정보,info,tip,유럽축구연맹 챔피언스리그에 대해 알아보세요.,slot_2step,2026-06-08T12:22:38.072740+00:00
05-epl-analysis-english-premier-league-team-ranking,05-epl-analysis,05,english-premier-league-team-ranking,잉글리시 프리미어리그 팀 순위,잉글리시 프리미어리그 팀 순위표,info,tip,잉글리시 프리미어리그 팀 순위를 확인하세요.,slot_2step,2026-06-08T12:22:14.090179+00:00
05-epl-analysis-epl-manager-analysis,05-epl-analysis,05,epl-manager-analysis,EPL 감독전략,프리미어리그 감독 분석 및 전략,info,tip,프리미어리그 감독의 전략과 분석을 제공합니다.,slot_2step,2026-06-08T12:22:14.090179+00:00
05-epl-analysis-epl-match-highlight,05-epl-analysis,05,epl-match-highlight,EPL 경기하이라이트,EPL 경기 하이라이트 영상 보기,info,tip,EPL 경기 하이라이트 영상을 제공합니다.,slot_2step,2026-06-08T12:22:14.090179+00:00
05-epl-analysis-epl-match-prediction-method,05-epl-analysis,05,epl-match-prediction-method,EPL 경기 예측 방법,EPL 경기 예측하는 법,info,tip,EPL 경기 예측 방법을 배워보세요.,slot_2step,2026-06-08T12:22:14.090179+00:00
05-epl-analysis-epl-player-injury-status,05-epl-analysis,05,epl-player-injury-status,EPL 선수 부상 현황,EPL 선수 부상 현황 정보,info,tip,EPL 선수들의 부상 현황을 제공합니다.,slot_2step,2026-06-08T12:22:14.090179+00:00
05-epl-analysis-epl-promoted-team-analysis,05-epl-analysis,05,epl-promoted-team-analysis,잉글리시 프리미어리그 승격팀 분석,EPL 승격팀 전력 분석,info,tip,잉글리시 프리미어리그 승격팀의 전력을 분석합니다.,slot_2step,2026-06-08T12:22:14.090179+00:00
05-epl-analysis-epl-relegated-team-analysis,05-epl-analysis,05,epl-relegated-team-analysis,프리미어리그 강등팀 분석,EPL 강등팀 경기력 분석,info,tip,프리미어리그 강등팀의 경기력을 분석합니다.,slot_2step,2026-06-08T12:22:14.090179+00:00
05-epl-analysis-epl-team-player-roster,05-epl-analysis,05,epl-team-player-roster,EPL 팀별 선수 구성,EPL 팀별 선수 명단,info,tip,EPL 팀별 선수 구성을 확인하세요.,slot_2step,2026-06-08T12:22:14.090179+00:00
05-epl-analysis-epl-team-power-analysis,05-epl-analysis,05,epl-team-power-analysis,EPL 팀 전력 분석,EPL 팀 전력 분석 방법,info,tip,EPL 팀 전력 분석 방법을 알아보세요.,slot_2step,2026-06-08T12:22:14.090179+00:00
05-epl-analysis-epl-team-roster,05-epl-analysis,05,epl-team-roster,EPL 선수단 구성,EPL 팀별 선수 구성 분석,info,tip,EPL 팀별 선수 구성을 상세히 분석합니다.,slot_2step,2026-06-08T12:22:14.090179+00:00
05-epl-analysis-premier-league-defense-rate,05-epl-analysis,05,premier-league-defense-rate,프리미어리그 실점률,프리미어리그 팀별 실점률 분석,info,tip,프리미어리그 팀별 실점률을 분석하여 제공합니다.,slot_2step,2026-06-08T12:22:14.090179+00:00
05-epl-analysis-premier-league-player-ranking,05-epl-analysis,05,premier-league-player-ranking,프리미어리그 선수 순위,프리미어리그 선수 순위표,info,tip,프리미어리그 선수 순위를 확인하세요.,slot_2step,2026-06-08T12:22:14.090179+00:00
05-epl-analysis-premier-league-schedule,05-epl-analysis,05,premier-league-schedule,프리미어리그 경기일정,잉글리시 프리미어리그 경기 일정표,info,tip,프리미어리그 경기 일정을 제공합니다.,slot_2step,2026-06-08T12:22:14.090179+00:00
05-epl-analysis-premier-league-tactics-analysis,05-epl-analysis,05,premier-league-tactics-analysis,프리미어리그 전술 분석,프리미어리그 전술 분석 방법,info,tip,프리미어리그 전술 분석 방법을 알아보세요.,slot_2step,2026-06-08T12:22:14.090179+00:00
05-epl-analysis-premier-league-team-budget,05-epl-analysis,05,premier-league-team-budget,프리미어리그 팀예산,프리미어리그 팀별 예산 분석,info,tip,프리미어리그 팀별 예산을 분석합니다.,slot_2step,2026-06-08T12:22:14.090179+00:00
05-overseas-soccer-analyze-foreign-soccer-league,05-overseas-soccer,05,analyze-foreign-soccer-league,해외축구 리그분석,해외 축구 리그 분석과 전망,info,tip,다양한 해외 축구 리그의 경기력과 팀 전략을 분석합니다.,slot_2step,2026-06-08T12:21:56.655768+00:00
05-overseas-soccer-champions-league-highlight,05-overseas-soccer,05,champions-league-highlight,챔피언스리그 하이라이트,챔피언스리그 경기 하이라이트 보기,info,tip,챔피언스리그의 주요 경기 하이라이트를 제공합니다.,slot_2step,2026-06-08T12:21:56.655768+00:00
05-overseas-soccer-check-foreign-soccer-schedule,05-overseas-soccer,05,check-foreign-soccer-schedule,해외축구 경기일정,해외축구 경기일정 확인하기,info,tip,해외축구 경기일정을 쉽게 확인하는 방법을 알려드립니다.,slot_2step,2026-06-08T12:21:56.655768+00:00
05-overseas-soccer-cristiano-ronaldo-training-method,05-overseas-soccer,05,cristiano-ronaldo-training-method,호날두 훈련법,크리스티아누 호날두 훈련법 배우기,howto,tip,세계적인 축구 선수 크리스티아누 호날두의 훈련법을 배워봅니다.,slot_2step,2026-06-08T12:21:56.655768+00:00
05-overseas-soccer-foreign-soccer-team-rankings,05-overseas-soccer,05,foreign-soccer-team-rankings,해외 축구팀 순위,해외 축구 리그 팀 순위표,info,tip,다양한 해외 축구 리그 팀 순위 정보 제공,slot_2step,2026-06-08T12:21:56.655768+00:00
05-overseas-soccer-learn-messi-soccer-skills,05-overseas-soccer,05,learn-messi-soccer-skills,메시 축구기술,메시의 놀라운 축구 기술 배우기,howto,tip,세계적인 축구 선수 메시의 기술을 분석하고 배워봅니다.,slot_2step,2026-06-08T12:21:56.655768+00:00
05-overseas-soccer-mls-match-schedule,05-overseas-soccer,05,mls-match-schedule,MLS 경기 일정,MLS 경기 일정표 및 결과,info,tip,MLS 경기 일정과 결과를 한눈에 보기,slot_2step,2026-06-08T12:21:56.655768+00:00
05-overseas-soccer-premier-league-standings,05-overseas-soccer,05,premier-league-standings,프리미어리그 순위,프리미어리그 현재 순위표 보기,info,tip,프리미어리그 순위표를 실시간으로 업데이트 제공합니다.,slot_2step,2026-06-08T12:21:56.655768+00:00
05-overseas-soccer-soccer-player-injury-update,05-overseas-soccer,05,soccer-player-injury-update,축구선수 부상,축구 선수 부상 업데이트 소식,news,tip,축구 선수들의 부상 업데이트 소식을 신속하게 전해드립니다.,slot_2step,2026-06-08T12:21:56.655768+00:00
05-overseas-soccer-soccer-player-injury-update-2,05-overseas-soccer,05,soccer-player-injury-update-2,축구 선수 부상,축구 선수 부상 업데이트 소식,news,tip,최신 축구 선수 부상 소식과 업데이트 정보,slot_2step,2026-06-08T12:21:56.655768+00:00
05-overseas-soccer-soccer-player-transfer-news,05-overseas-soccer,05,soccer-player-transfer-news,축구선수 이적뉴스,최신 축구 선수 이적 뉴스 모음,news,tip,최신 축구 선수 이적 뉴스를 신속하게 전해드립니다.,slot_2step,2026-06-08T12:21:56.655768+00:00
05-overseas-soccer-soccer-team-power-analysis,05-overseas-soccer,05,soccer-team-power-analysis,축구팀 전력분석,축구팀 전력 분석 도구 모음,info,tip,축구팀의 전력을 분석하는데 도움이 되는 도구들을 소개합니다.,slot_2step,2026-06-08T12:21:56.655768+00:00
05-overseas-soccer-son-heung-min-match-record,05-overseas-soccer,05,son-heung-min-match-record,손흥민 경기기록,손흥민 최근 경기 기록 보기,info,tip,손흥민 선수의 최근 경기 기록과 통계를 제공합니다.,slot_2step,2026-06-08T12:21:56.655768+00:00
05-overseas-soccer-top-foreign-soccer-news-sites,05-overseas-soccer,05,top-foreign-soccer-news-sites,해외축구 뉴스 사이트,해외축구 뉴스 사이트 추천 모음,info,tip,최신 해외축구 뉴스를 제공하는 웹사이트 목록,slot_2step,2026-06-08T12:21:56.655768+00:00
05-overseas-soccer-watch-foreign-soccer-free,05-overseas-soccer,05,watch-foreign-soccer-free,해외축구 무료시청,해외축구 무료로 시청하는 방법,howto,tip,해외축구 경기를 무료로 시청할 수 있는 방법을 알려드립니다.,slot_2step,2026-06-08T12:21:56.655768+00:00
05-world-cup-korea-football-ranking,05-world-cup,05,korea-football-ranking,한국 축구 국가대표팀 순위,한국 축구 국가대표팀 세계 순위,info,tip,한국 축구 국가대표팀의 현재 세계 순위를 확인하세요.,slot_2step,2026-06-08T12:24:22.817650+00:00
05-world-cup-korea-football-roster,05-world-cup,05,korea-football-roster,축구 국가대표 선수명단,한국 축구 국가대표 선수 명단 보기,info,tip,최신 축구 국가대표 선수 명단을 확인하세요.,slot_2step,2026-06-08T12:24:22.817650+00:00
05-world-cup-world-cup-broadcast-channel,05-world-cup,05,world-cup-broadcast-channel,월드컵 중계방송 채널,월드컵 중계 방송 채널 정보,info,tip,월드컵 경기를 시청할 수 있는 중계 방송 채널을 알려드립니다.,slot_2step,2026-06-08T12:24:22.817650+00:00
05-world-cup-world-cup-fan-zone-location,05-world-cup,05,world-cup-fan-zone-location,월드컵 팬 존 위치 정보,월드컵 팬 존 위치 및 이용 정보,info,tip,월드컵 팬 존의 위치와 이용 정보를 확인하세요.,slot_2step,2026-06-08T12:24:22.817650+00:00
05-world-cup-world-cup-history-records,05-world-cup,05,world-cup-history-records,축구 월드컵 역사,월드컵 역대 우승국 및 주요 기록,info,tip,월드컵의 역사를 통해 과거 우승국과 주요 기록을 살펴봅니다.,slot_2step,2026-06-08T12:24:22.817650+00:00
05-world-cup-world-cup-match-analysis,05-world-cup,05,world-cup-match-analysis,월드컵 경기결과 분석,월드컵 경기 결과 분석 및 리뷰,info,tip,월드컵 경기 결과를 분석하고 리뷰합니다.,slot_2step,2026-06-08T12:24:22.817650+00:00
05-world-cup-world-cup-match-highlights,05-world-cup,05,world-cup-match-highlights,월드컵 경기 하이라이트 영상,월드컵 경기 하이라이트 몰아보기,info,tip,월드컵 경기의 주요 장면을 다시 볼 수 있습니다.,slot_2step,2026-06-08T12:24:22.817650+00:00
05-world-cup-world-cup-national-team-coach-interview,05-world-cup,05,world-cup-national-team-coach-interview,월드컵 국가대표팀 감독 발언,월드컵 국가대표팀 감독 인터뷰 모음,info,tip,월드컵 국가대표팀 감독의 인터뷰 내용을 확인하세요.,slot_2step,2026-06-08T12:24:22.817650+00:00
05-world-cup-world-cup-national-team-uniform,05-world-cup,05,world-cup-national-team-uniform,월드컵 국가대표팀 유니폼 디자인,월드컵 국가대표팀 유니폼 디자인 보기,info,tip,월드컵 국가대표팀의 유니폼 디자인을 확인하세요.,slot_2step,2026-06-08T12:24:22.817650+00:00
05-world-cup-world-cup-player-injury-update,05-world-cup,05,world-cup-player-injury-update,월드컵 선수 부상 정보,월드컵 선수 부상 현황 총정리,info,tip,월드컵 선수들의 부상 현황을 한눈에 파악하세요.,slot_2step,2026-06-08T12:24:22.817650+00:00
05-world-cup-world-cup-qualifier-matches,05-world-cup,05,world-cup-qualifier-matches,월드컵 예선 경기 결과,축구 월드컵 예선 경기 결과 총정리,info,tip,월드컵 예선 경기의 결과를 한눈에 파악하세요.,slot_2step,2026-06-08T12:24:22.817650+00:00
05-world-cup-world-cup-referee-info,05-world-cup,05,world-cup-referee-info,월드컵 심판 정보,월드컵 심판진 명단 및 역할 안내,info,tip,월드컵 경기의 공정성을 책임지는 심판진에 대한 정보를 제공합니다.,slot_2step,2026-06-08T12:24:22.817650+00:00
05-world-cup-world-cup-schedule,05-world-cup,05,world-cup-schedule,월드컵 경기일정,월드컵 경기 일정 확인하기,info,tip,월드컵 경기 일정을 빠르고 쉽게 확인하세요.,slot_2step,2026-06-08T12:24:22.817650+00:00
05-world-cup-world-cup-stadium-location,05-world-cup,05,world-cup-stadium-location,월드컵 경기장 위치,월드컵 경기장 위치 및 정보,info,tip,월드컵 경기장의 위치와 정보를 제공합니다.,slot_2step,2026-06-08T12:24:22.817650+00:00
05-world-cup-world-cup-ticket-reservation,05-world-cup,05,world-cup-ticket-reservation,월드컵 티켓 예매방법,월드컵 티켓 예매 방법 안내,howto,tip,월드컵 티켓을 쉽게 예매하는 방법을 알려드립니다.,slot_2step,2026-06-08T12:24:22.817650+00:00
