l3_id,l2_id,l1_code,l3_slug,focus_keyword,title_ko,search_intent,topic_angle,description,model,generated_at
01-broadcast-2024-kdrama-schedule,01-broadcast,01,2024-kdrama-schedule,2024년 방송 예정 드라마,2024년 방송 예정 한국 드라마 리스트,info,issue,2024년 방송 예정인 한국 드라마 목록과 방영 일정,meta-llama/llama-4-scout-17b-16e-instruct,2026-06-01T12:37:04.035570+00:00
01-broadcast-broadcasting-news,01-broadcast,01,broadcasting-news,방송 뉴스 및 이슈,방송계 뉴스 및 이슈 정리,news,issue,방송계 뉴스 및 이슈 정리 정보,meta-llama/llama-4-scout-17b-16e-instruct,2026-06-01T12:31:11.146046+00:00
01-broadcast-cable-drama-recommend,01-broadcast,01,cable-drama-recommend,케이블 드라마 추천,케이블 드라마 추천 BEST 5,review,tip,케이블 드라마 중 추천하는 작품들,meta-llama/llama-4-scout-17b-16e-instruct,2026-06-01T12:31:11.146046+00:00
01-broadcast-drama-awards-2023,01-broadcast,01,drama-awards-2023,2023년 드라마 어워즈,2023년 드라마 어워즈 수상작,news,issue,2023년 드라마 어워즈 수상작과 수상자 정보,meta-llama/llama-4-scout-17b-16e-instruct,2026-06-01T12:31:11.146046+00:00
01-broadcast-drama-trend-2024,01-broadcast,01,drama-trend-2024,2024 드라마 트렌드 전망,2024 드라마 트렌드 전망과 인기 장르,info,issue,2024년 드라마 트렌드 전망과 인기 장르 분석,meta-llama/llama-4-scout-17b-16e-instruct,2026-06-01T12:31:11.146046+00:00
01-broadcast-drama-variety-awards,01-broadcast,01,drama-variety-awards,드라마 및 예능 시상식,드라마 및 예능 시상식 정보,news,issue,드라마 및 예능 시상식 정보,meta-llama/llama-4-scout-17b-16e-instruct,2026-06-01T12:31:11.146046+00:00
01-broadcast-drama-variety-show-awards,01-broadcast,01,drama-variety-show-awards,드라마 및 예능 프로그램 시상식,드라마 및 예능 프로그램 시상식 일정과 수상자,info,issue,드라마 및 예능 프로그램 시상식 일정과 수상자 정보,meta-llama/llama-4-scout-17b-16e-instruct,2026-06-01T12:37:04.035570+00:00
01-broadcast-jtbc-drama-ratings,01-broadcast,01,jtbc-drama-ratings,JTBC 드라마 시청률,JTBC 드라마 시청률 순위와 분석,info,review,JTBC 드라마 시청률 순위와 분석 정보,meta-llama/llama-4-scout-17b-16e-instruct,2026-06-01T12:31:11.146046+00:00
01-broadcast-jtbc-fri-sat-drama-ratings,01-broadcast,01,jtbc-fri-sat-drama-ratings,JTBC 금토 드라마 시청률,JTBC 금토 드라마 시청률 순위와 분석,info,review,JTBC 금토 드라마의 시청률 순위와 분석 자료,meta-llama/llama-4-scout-17b-16e-instruct,2026-06-01T12:31:11.146046+00:00
01-broadcast-k-pop-tv-show-info,01-broadcast,01,k-pop-tv-show-info,K-POP 방송 프로그램 정보,K-POP 방송 프로그램 정보와 일정,info,issue,K-POP 방송 프로그램 정보와 일정 정보,meta-llama/llama-4-scout-17b-16e-instruct,2026-06-01T12:37:04.035570+00:00
01-broadcast-kbs-drama-2024,01-broadcast,01,kbs-drama-2024,2024년 KBS 드라마 라인업,2024년 KBS 드라마 편성표 및 라인업,info,issue,2024년 KBS 드라마 방영 일정 및 라인업 정보,meta-llama/llama-4-scout-17b-16e-instruct,2026-06-01T12:37:04.035570+00:00
01-broadcast-kbs2-drama-ratings-2024,01-broadcast,01,kbs2-drama-ratings-2024,KBS2 드라마 시청률 순위 2024,2024년 KBS2 드라마 시청률 순위와 인기작,info,review,2024년 KBS2 드라마 시청률 순위와 인기 드라마 소개,meta-llama/llama-4-scout-17b-16e-instruct,2026-06-01T12:37:04.035570+00:00
01-broadcast-kbs2-drama-recommend-2024,01-broadcast,01,kbs2-drama-recommend-2024,KBS2 드라마 추천 2024,2024년 KBS2 드라마 추천작과 리뷰,info,review,2024년 KBS2 드라마 추천작과 리뷰,meta-llama/llama-4-scout-17b-16e-instruct,2026-06-01T12:31:11.146046+00:00
01-broadcast-kbs2-drama-schedule,01-broadcast,01,kbs2-drama-schedule,KBS2 드라마 편성표,KBS2 드라마 편성표 및 방송시간,info,issue,KBS2 드라마 편성표와 방송 시간 정보,meta-llama/llama-4-scout-17b-16e-instruct,2026-06-01T12:31:11.146046+00:00
01-broadcast-kbs2-wed-thu-drama,01-broadcast,01,kbs2-wed-thu-drama,KBS2 수목 드라마 추천,KBS2 수목 드라마 시청률과 작품 추천,info,tip,KBS2 수목 드라마의 시청률과 추천 작품 소개,meta-llama/llama-4-scout-17b-16e-instruct,2026-06-01T12:31:11.146046+00:00
01-broadcast-kbs2-wed-thu-ratings,01-broadcast,01,kbs2-wed-thu-ratings,KBS2 수목 드라마 시청률,KBS2 수목 드라마 시청률 순위와 분석,info,review,KBS2 수목 드라마의 최신 시청률 순위와 분석,meta-llama/llama-4-scout-17b-16e-instruct,2026-06-01T12:37:04.035570+00:00
01-broadcast-kdrama-ott-platform-analysis,01-broadcast,01,kdrama-ott-platform-analysis,한국 드라마 OTT 플랫폼 분석,한국 드라마 OTT 플랫폼 진출 분석,info,tip,한국 드라마 OTT 플랫폼 진출 분석,meta-llama/llama-4-scout-17b-16e-instruct,2026-06-01T12:31:11.146046+00:00
01-broadcast-kdrama-ott-strategy,01-broadcast,01,kdrama-ott-strategy,한국 드라마 OTT 진출 전략,한국 드라마 OTT 진출 전략과 성공 사례,howto,tip,한국 드라마의 OTT 진출 전략과 성공 사례 분석,meta-llama/llama-4-scout-17b-16e-instruct,2026-06-01T12:31:11.146046+00:00
01-broadcast-korean-drama-endings,01-broadcast,01,korean-drama-endings,한국 드라마 결말,인기 한국 드라마 결말 정리,info,review,인기 한국 드라마의 결말 정리 정보,meta-llama/llama-4-scout-17b-16e-instruct,2026-06-01T12:31:11.146046+00:00
01-broadcast-korean-drama-schedule-2024,01-broadcast,01,korean-drama-schedule-2024,2024년 한국 드라마 방영 일정,2024년 한국 드라마 전체 방영 일정표,info,issue,2024년 한국 드라마 방영 일정과 라인업 정보,meta-llama/llama-4-scout-17b-16e-instruct,2026-06-01T12:31:11.146046+00:00
01-broadcast-mbc-drama-ratings,01-broadcast,01,mbc-drama-ratings,MBC 드라마 시청률 순위,MBC 드라마 시청률 순위와 인기 작품,info,compare,MBC 드라마 시청률 순위와 인기 드라마 목록,meta-llama/llama-4-scout-17b-16e-instruct,2026-06-01T12:31:11.146046+00:00
01-broadcast-mbc-drama-recommend,01-broadcast,01,mbc-drama-recommend,MBC 드라마 추천,MBC 드라마 추천 TOP 5,review,tip,MBC에서 방영한 드라마 중 추천하는 작품들,meta-llama/llama-4-scout-17b-16e-instruct,2026-06-01T12:31:11.146046+00:00
01-broadcast-mbc-drama-schedule-2024,01-broadcast,01,mbc-drama-schedule-2024,MBC 드라마 편성표 2024,2024년 MBC 드라마 편성표와 방영 일정,info,howto,2024년 MBC 드라마 방영 일정과 편성표 정보,meta-llama/llama-4-scout-17b-16e-instruct,2026-06-01T12:31:11.146046+00:00
01-broadcast-mbc-sat-sun-ratings,01-broadcast,01,mbc-sat-sun-ratings,MBC 주말 드라마 시청률,MBC 주말 드라마 최신 시청률 순위,info,review,MBC 주말 드라마의 최신 시청률 순위와 분석,meta-llama/llama-4-scout-17b-16e-instruct,2026-06-01T12:37:04.035570+00:00
01-broadcast-mbc-wed-drama-ratings,01-broadcast,01,mbc-wed-drama-ratings,MBC 수요일 드라마 시청률,MBC 수요일 드라마 시청률 순위,info,review,MBC 수요일 드라마 최신 시청률 순위,meta-llama/llama-4-scout-17b-16e-instruct,2026-06-01T12:37:04.035570+00:00
01-broadcast-mbc-wed-thu-drama-2024,01-broadcast,01,mbc-wed-thu-drama-2024,MBC 수목 드라마 추천 2024,2024년 MBC 수목 드라마 추천과 줄거리,howto,tip,2024년 MBC 수목 드라마 추천과 시청 꿀팁,meta-llama/llama-4-scout-17b-16e-instruct,2026-06-01T12:37:04.035570+00:00
01-broadcast-mbc-wed-thu-drama-ratings-2024,01-broadcast,01,mbc-wed-thu-drama-ratings-2024,MBC 수목 드라마 시청률 2024,2024년 MBC 수목 드라마 시청률과 인기 드라마,info,review,2024년 MBC 수목 드라마 시청률과 인기 드라마 소개,meta-llama/llama-4-scout-17b-16e-instruct,2026-06-01T12:37:04.035570+00:00
01-broadcast-mbc-weekend-drama,01-broadcast,01,mbc-weekend-drama,MBC 주말 드라마 추천,MBC 주말 드라마 추천 순위 2024,review,tip,MBC 주말 드라마 추천 순위와 시청률,meta-llama/llama-4-scout-17b-16e-instruct,2026-06-01T12:37:04.035570+00:00
01-broadcast-mbc-weekend-drama-rank,01-broadcast,01,mbc-weekend-drama-rank,MBC 주말 드라마 순위,MBC 주말 드라마 시청률 순위와 인기 이유,info,review,MBC 주말 드라마의 시청률 순위와 인기 요인 분석,meta-llama/llama-4-scout-17b-16e-instruct,2026-06-01T12:31:11.146046+00:00
01-broadcast-ott-drama-ratings,01-broadcast,01,ott-drama-ratings,OTT 드라마 시청률,OTT 드라마 시청률 순위와 인기 작품,info,review,OTT 드라마의 시청률 순위와 인기 작품 소개,meta-llama/llama-4-scout-17b-16e-instruct,2026-06-01T12:31:11.146046+00:00
01-broadcast-ott-drama-recommend,01-broadcast,01,ott-drama-recommend,OTT 드라마 추천,OTT 드라마 추천 리스트,review,tip,OTT 드라마 추천 리스트 정보,meta-llama/llama-4-scout-17b-16e-instruct,2026-06-01T12:31:11.146046+00:00
01-broadcast-reality-tv-review,01-broadcast,01,reality-tv-review,리얼리티 방송 리뷰,리얼리티 방송 리뷰 및 분석,review,review,리얼리티 방송 리뷰와 분석 정보,meta-llama/llama-4-scout-17b-16e-instruct,2026-06-01T12:31:11.146046+00:00
01-broadcast-reality-tv-show-recommendation,01-broadcast,01,reality-tv-show-recommendation,리얼리티 방송 프로그램 추천,리얼리티 방송 프로그램 추천과 리뷰,howto,tip,리얼리티 방송 프로그램 추천과 리뷰 정보,meta-llama/llama-4-scout-17b-16e-instruct,2026-06-01T12:37:04.035570+00:00
01-broadcast-sbs-drama-ending,01-broadcast,01,sbs-drama-ending,SBS 드라마 결말,SBS 드라마 결말 정리와 리뷰,info,review,SBS 드라마의 결말 정리와 리뷰 자료,meta-llama/llama-4-scout-17b-16e-instruct,2026-06-01T12:31:11.146046+00:00
01-broadcast-sbs-drama-ratings,01-broadcast,01,sbs-drama-ratings,SBS 드라마 시청률 순위,SBS 드라마 시청률 순위 TOP 10,info,review,SBS 드라마 최근 시청률 순위와 인기 드라마,meta-llama/llama-4-scout-17b-16e-instruct,2026-06-01T12:31:11.146046+00:00
01-broadcast-sbs-drama-recommend,01-broadcast,01,sbs-drama-recommend,SBS 드라마 추천,SBS 드라마 추천 Top 5,info,tip,SBS 드라마 추천과 인기 작품 목록,meta-llama/llama-4-scout-17b-16e-instruct,2026-06-01T12:31:11.146046+00:00
01-broadcast-sbs-fri-sat-drama,01-broadcast,01,sbs-fri-sat-drama,SBS 금토 드라마 추천,SBS 금토 드라마 추천 2024,howto,tip,SBS 금토 드라마 시청 가이드,meta-llama/llama-4-scout-17b-16e-instruct,2026-06-01T12:37:04.035570+00:00
01-broadcast-sbs-fri-sat-ratings,01-broadcast,01,sbs-fri-sat-ratings,SBS 금토 드라마 시청률 순위,SBS 금토 드라마 최신 시청률 순위,info,review,SBS 금토 드라마의 최신 시청률 순위와 분석,meta-llama/llama-4-scout-17b-16e-instruct,2026-06-01T12:37:04.035570+00:00
01-broadcast-sitcom-drama-recommend,01-broadcast,01,sitcom-drama-recommend,시트콤 드라마 추천,시트콤 드라마 추천 리스트,review,tip,시트콤 드라마 추천 리스트 정보,meta-llama/llama-4-scout-17b-16e-instruct,2026-06-01T12:31:11.146046+00:00
01-broadcast-terrestrial-drama-competition,01-broadcast,01,terrestrial-drama-competition,지상파 드라마 경쟁률,최근 지상파 드라마 경쟁률 분석,info,issue,최근 지상파 드라마 경쟁률과 분석 정보,meta-llama/llama-4-scout-17b-16e-instruct,2026-06-01T12:31:11.146046+00:00
01-broadcast-tv-program-guide,01-broadcast,01,tv-program-guide,TV 프로그램 가이드,TV 프로그램 가이드 및 편성표,info,issue,TV 프로그램 가이드와 편성표 정보,meta-llama/llama-4-scout-17b-16e-instruct,2026-06-01T12:31:11.146046+00:00
01-broadcast-tv-program-guide-2,01-broadcast,01,tv-program-guide-2,방송 프로그램 가이드,TV 방송 프로그램 가이드 2024,info,issue,2024년 TV 방송 프로그램 가이드,meta-llama/llama-4-scout-17b-16e-instruct,2026-06-01T12:37:04.035570+00:00
01-broadcast-tv-program-review,01-broadcast,01,tv-program-review,방송 프로그램 리뷰,TV 방송 프로그램 리뷰 및 평가,review,review,TV 방송 프로그램 리뷰와 평가 정보,meta-llama/llama-4-scout-17b-16e-instruct,2026-06-01T12:31:11.146046+00:00
01-broadcast-tvn-drama-ending,01-broadcast,01,tvn-drama-ending,tvN 드라마 결말,tvN 드라마 결말 및 리뷰,review,review,tvN 드라마 결말 정보 및 리뷰,meta-llama/llama-4-scout-17b-16e-instruct,2026-06-01T12:37:04.035570+00:00
01-broadcast-tvn-drama-rankings,01-broadcast,01,tvn-drama-rankings,tvN 드라마 순위,tvN 드라마 순위 및 평가,review,review,tvN 드라마 순위와 작품 평가 정보,meta-llama/llama-4-scout-17b-16e-instruct,2026-06-01T12:31:11.146046+00:00
01-broadcast-tvn-drama-ratings,01-broadcast,01,tvn-drama-ratings,tvN 드라마 시청률 순위,tvN 드라마 최신 시청률 순위와 분석,info,review,tvN 드라마의 최신 시청률 순위와 분석,meta-llama/llama-4-scout-17b-16e-instruct,2026-06-01T12:37:04.035570+00:00
01-broadcast-tvn-drama-recommend,01-broadcast,01,tvn-drama-recommend,tvN 드라마 추천,tvN 드라마 추천 Top 5,info,tip,tvN 드라마 추천과 인기 작품 목록,meta-llama/llama-4-scout-17b-16e-instruct,2026-06-01T12:31:11.146046+00:00
01-broadcast-tvn-fri-sat-drama-2024,01-broadcast,01,tvn-fri-sat-drama-2024,tvN 금토 드라마 추천 2024,2024년 tvN 금토 드라마 추천과 시청률,howto,tip,2024년 tvN 금토 드라마 추천과 시청률 정보,meta-llama/llama-4-scout-17b-16e-instruct,2026-06-01T12:37:04.035570+00:00
01-broadcast-tvn-mon-tue-drama-rank,01-broadcast,01,tvn-mon-tue-drama-rank,tvN 월화 드라마 순위,tvN 월화 드라마 시청률 순위와 인기 이유,info,review,tvN 월화 드라마의 시청률 순위와 인기 요인 분석,meta-llama/llama-4-scout-17b-16e-instruct,2026-06-01T12:31:11.146046+00:00
01-broadcast-variety-show-rankings,01-broadcast,01,variety-show-rankings,예능 프로그램 순위,현재 예능 프로그램 순위,info,review,현재 예능 프로그램 순위 정보,meta-llama/llama-4-scout-17b-16e-instruct,2026-06-01T12:31:11.146046+00:00
01-celebrity-aespa-music-style,01-celebrity,01,aespa-music-style,에스파 음악 스타일,에스파 음악 스타일과 장르,info,review,그룹 에스파 음악 스타일과 장르,meta-llama/llama-4-scout-17b-16e-instruct,2026-06-01T12:31:11.146046+00:00
01-celebrity-blackpink-concert-schedule,01-celebrity,01,blackpink-concert-schedule,블랙핑크 콘서트 일정,블랙핑크 콘서트 일정과 티켓팅,info,issue,그룹 블랙핑크 콘서트 일정과 티켓팅 정보,meta-llama/llama-4-scout-17b-16e-instruct,2026-06-01T12:31:11.146046+00:00
01-celebrity-bts-members-profile,01-celebrity,01,bts-members-profile,BTS 멤버 프로필,BTS 멤버 개별 프로필과 정보,info,review,그룹 BTS 멤버별 프로필과 정보,meta-llama/llama-4-scout-17b-16e-instruct,2026-06-01T12:31:11.146046+00:00
01-celebrity-celebrity-awards-2024,01-celebrity,01,celebrity-awards-2024,2024 연예인 시상식 일정,2024 연예인 시상식 일정과 수상자,info,issue,2024년 연예인 시상식 일정과 수상자 분석,meta-llama/llama-4-scout-17b-16e-instruct,2026-06-01T12:31:11.146046+00:00
01-celebrity-celebrity-concerts-2024,01-celebrity,01,celebrity-concerts-2024,2024 연예인 콘서트 일정,2024 연예인 콘서트 일정과 티켓팅 팁,info,issue,2024년 연예인 콘서트 일정과 티켓팅 팁,meta-llama/llama-4-scout-17b-16e-instruct,2026-06-01T12:31:11.146046+00:00
01-celebrity-celebrity-donations,01-celebrity,01,celebrity-donations,연예인 기부 활동 소개,연예인 기부 활동 소개와 나눔 이야기,info,review,연예인 기부 활동 소개와 나눔 이야기,meta-llama/llama-4-scout-17b-16e-instruct,2026-06-01T12:31:11.146046+00:00
01-celebrity-celebrity-donations-2024,01-celebrity,01,celebrity-donations-2024,2024 연예인 기부,2024 연예인 기부 소식과 금액,info,issue,2024년 연예인 기부 소식과 금액,meta-llama/llama-4-scout-17b-16e-instruct,2026-06-01T12:31:11.146046+00:00
01-celebrity-celebrity-fashion-2024,01-celebrity,01,celebrity-fashion-2024,2024 연예인 패션 트렌드,2024 연예인 패션 트렌드와 스타일,info,issue,2024년 연예인 패션 트렌드와 스타일 분석,meta-llama/llama-4-scout-17b-16e-instruct,2026-06-01T12:31:11.146046+00:00
01-celebrity-celebrity-fashion-brand,01-celebrity,01,celebrity-fashion-brand,연예인 패션 브랜드 추천,연예인 패션 브랜드 추천과 가격대,review,tip,연예인들이 자주 입는 패션 브랜드와 가격대를 소개하는 글,meta-llama/llama-4-scout-17b-16e-instruct,2026-06-01T12:31:11.146046+00:00
01-celebrity-celebrity-fashion-items,01-celebrity,01,celebrity-fashion-items,연예인 패션 아이템 추천,연예인 패션 아이템 추천과 구매 팁,howto,tip,연예인 패션 아이템 추천과 구매 팁,meta-llama/llama-4-scout-17b-16e-instruct,2026-06-01T12:31:11.146046+00:00
01-celebrity-celebrity-fitness-routine,01-celebrity,01,celebrity-fitness-routine,연예인 운동 루틴 공개,연예인 운동 루틴과 피트니스 팁,howto,tip,연예인들이 실천하는 운동 루틴과 피트니스 팁,meta-llama/llama-4-scout-17b-16e-instruct,2026-06-01T12:31:11.146046+00:00
01-celebrity-celebrity-health-tips,01-celebrity,01,celebrity-health-tips,연예인 건강 관리 팁,연예인 건강 관리 노하우와 팁,howto,tip,연예인들이 실천하는 건강 관리 방법과 팁,meta-llama/llama-4-scout-17b-16e-instruct,2026-06-01T12:31:11.146046+00:00
01-celebrity-celebrity-health-tips-2,01-celebrity,01,celebrity-health-tips-2,연예인 건강 팁,연예인 건강 팁과 관리법,howto,tip,연예인들이 사용하는 건강 팁과 관리법을 공유합니다.,meta-llama/llama-4-scout-17b-16e-instruct,2026-06-01T12:31:11.146046+00:00
01-celebrity-celebrity-interviews,01-celebrity,01,celebrity-interviews,연예인 인터뷰 모음,연예인 인터뷰 모음과 명언,info,review,연예인 인터뷰 모음과 명언 분석,meta-llama/llama-4-scout-17b-16e-instruct,2026-06-01T12:31:11.146046+00:00
01-celebrity-celebrity-makeup-tips,01-celebrity,01,celebrity-makeup-tips,연예인 메이크업 팁,연예인 메이크업 노하우와 팁,howto,tip,연예인들이 실천하는 메이크업 노하우와 팁,meta-llama/llama-4-scout-17b-16e-instruct,2026-06-01T12:31:11.146046+00:00
01-celebrity-celebrity-pets,01-celebrity,01,celebrity-pets,연예인 반려동물 소개,연예인 반려동물 소개와 이야기,info,review,연예인 반려동물 소개와 이야기,meta-llama/llama-4-scout-17b-16e-instruct,2026-06-01T12:31:11.146046+00:00
01-celebrity-celebrity-philanthropy,01-celebrity,01,celebrity-philanthropy,연예인 사회공헌 활동,연예인 사회공헌 활동 소개,info,review,연예인 사회공헌 활동 소개,meta-llama/llama-4-scout-17b-16e-instruct,2026-06-01T12:31:11.146046+00:00
01-celebrity-celebrity-plastic-surger,01-celebrity,01,celebrity-plastic-surger,연예인 성형 전후,연예인 성형 전후 비교 분석,info,compare,연예인들의 성형 전후 모습을 비교 분석한 글,meta-llama/llama-4-scout-17b-16e-instruct,2026-06-01T12:31:11.146046+00:00
01-celebrity-celebrity-skin-care,01-celebrity,01,celebrity-skin-care,연예인 피부 관리법,연예인 피부 관리법과 팁,howto,tip,연예인들이 사용하는 피부 관리법과 팁을 공유합니다.,meta-llama/llama-4-scout-17b-16e-instruct,2026-06-01T12:31:11.146046+00:00
01-celebrity-celebrity-tax-issues-2024,01-celebrity,01,celebrity-tax-issues-2024,2024 연예인 세금 이슈,2024 연예인 세금 이슈와 납세,info,issue,2024년 연예인 세금 이슈와 납세,meta-llama/llama-4-scout-17b-16e-instruct,2026-06-01T12:31:11.146046+00:00
01-celebrity-celebrity-travel-vlogs,01-celebrity,01,celebrity-travel-vlogs,연예인 여행 브이로그,연예인 여행 브이로그 모음,info,review,연예인 여행 브이로그 모음,meta-llama/llama-4-scout-17b-16e-instruct,2026-06-01T12:31:11.146046+00:00
01-celebrity-celebrity-wedding-2024,01-celebrity,01,celebrity-wedding-2024,2024 연예인 결혼식 일정,2024 연예인 결혼식 일정과 장소,info,issue,2024년 연예인 결혼식 일정과 장소 분석,meta-llama/llama-4-scout-17b-16e-instruct,2026-06-01T12:31:11.146046+00:00
01-celebrity-drama-ost-lyrics,01-celebrity,01,drama-ost-lyrics,드라마 OST 가사,드라마 OST 가사와 의미,info,review,드라마 OST의 가사와 그 의미를 분석합니다.,meta-llama/llama-4-scout-17b-16e-instruct,2026-06-01T12:31:11.146046+00:00
01-celebrity-drama-ost-recommendation,01-celebrity,01,drama-ost-recommendation,드라마 OST 추천,드라마 OST 추천과 리뷰,info,review,드라마 OST 추천과 리뷰를 제공합니다.,meta-llama/llama-4-scout-17b-16e-instruct,2026-06-01T12:31:11.146046+00:00
01-celebrity-drama-ratings-analysis,01-celebrity,01,drama-ratings-analysis,드라마 시청률 분석,드라마 시청률 분석과 의미,info,review,드라마 시청률 분석과 그 의미를 분석합니다.,meta-llama/llama-4-scout-17b-16e-instruct,2026-06-01T12:31:11.146046+00:00
01-celebrity-drama-set-stories,01-celebrity,01,drama-set-stories,드라마 촬영장 이야기,드라마 촬영장 이야기와 비하인드,info,review,드라마 촬영장 이야기와 비하인드를 공유합니다.,meta-llama/llama-4-scout-17b-16e-instruct,2026-06-01T12:31:11.146046+00:00
01-celebrity-idol-debut-preparation,01-celebrity,01,idol-debut-preparation,아이돌 데뷔 준비,아이돌 데뷔 준비 과정과 팁,howto,howto,아이돌 데뷔를 준비하는 과정과 팁을 제공합니다.,meta-llama/llama-4-scout-17b-16e-instruct,2026-06-01T12:31:11.146046+00:00
01-celebrity-idol-interview-collection,01-celebrity,01,idol-interview-collection,아이돌 인터뷰 모음,아이돌 인터뷰 모음과 인터뷰 팁,info,review,아이돌 인터뷰 모음과 인터뷰 팁을 제공합니다.,meta-llama/llama-4-scout-17b-16e-instruct,2026-06-01T12:31:11.146046+00:00
01-celebrity-idol-trainee-life,01-celebrity,01,idol-trainee-life,아이돌 연습생 일상,아이돌 연습생의 일상과 훈련 과정,info,howto,아이돌 연습생의 일상과 훈련 과정을 소개합니다.,meta-llama/llama-4-scout-17b-16e-instruct,2026-06-01T12:31:11.146046+00:00
01-celebrity-im-yoon-ah-dramas,01-celebrity,01,im-yoon-ah-dramas,임윤아 드라마 출연작,임윤아 드라마 출연작과 대표작,info,review,배우 임윤아 드라마 출연작과 대표작,meta-llama/llama-4-scout-17b-16e-instruct,2026-06-01T12:31:11.146046+00:00
01-celebrity-iu-profile,01-celebrity,01,iu-profile,아이유 프로필,아이유 프로필과 인생 이야기,info,review,가수 아이유의 프로필과 인생 이야기,meta-llama/llama-4-scout-17b-16e-instruct,2026-06-01T12:31:11.146046+00:00
01-celebrity-ive-concert-schedule,01-celebrity,01,ive-concert-schedule,아이브 콘서트 일정,아이브 콘서트 일정과 티켓팅,info,issue,그룹 아이브 콘서트 일정과 티켓팅 정보,meta-llama/llama-4-scout-17b-16e-instruct,2026-06-01T12:31:11.146046+00:00
01-celebrity-ji-chang-wook-dramas,01-celebrity,01,ji-chang-wook-dramas,지창욱 드라마 출연작,지창욱 드라마 출연작과 대표작,info,review,배우 지창욱 드라마 출연작과 대표작,meta-llama/llama-4-scout-17b-16e-instruct,2026-06-01T12:31:11.146046+00:00
01-celebrity-k-entertainment-issues-2023,01-celebrity,01,k-entertainment-issues-2023,2023 연예계 이슈,2023 연예계 이슈와 사건,info,issue,2023년 연예계 이슈와 사건,meta-llama/llama-4-scout-17b-16e-instruct,2026-06-01T12:31:11.146046+00:00
01-celebrity-kim-go-eun-dramas,01-celebrity,01,kim-go-eun-dramas,김고은 드라마 출연작,김고은 드라마 출연작과 대표작,info,review,배우 김고은 드라마 출연작과 대표작,meta-llama/llama-4-scout-17b-16e-instruct,2026-06-01T12:31:11.146046+00:00
01-celebrity-kim-yeon-jung-profile,01-celebrity,01,kim-yeon-jung-profile,김연정 프로필,김연정 프로필과 인생 이야기,info,review,배우 김연정 프로필과 인생 이야기,meta-llama/llama-4-scout-17b-16e-instruct,2026-06-01T12:31:11.146046+00:00
01-celebrity-kpop-2023-summary,01-celebrity,01,kpop-2023-summary,2023 K-POP 결산,2023 K-POP 결산과 인기 그룹,info,review,2023년 K-POP 결산과 인기 그룹,meta-llama/llama-4-scout-17b-16e-instruct,2026-06-01T12:31:11.146046+00:00
01-celebrity-kpop-choreographer-career,01-celebrity,01,kpop-choreographer-career,K팝 안무가 되는 법,K팝 안무가 되는 법과 필요한 조건,howto,howto,K팝 안무가가 되는 방법과 필요한 조건에 대한 정보,meta-llama/llama-4-scout-17b-16e-instruct,2026-06-01T12:31:11.146046+00:00
01-celebrity-kpop-dance-practice-tips,01-celebrity,01,kpop-dance-practice-tips,K-POP 안무 연습 팁,K-POP 안무 연습 노하우와 팁,howto,tip,K-POP 안무 연습 노하우와 팁,meta-llama/llama-4-scout-17b-16e-instruct,2026-06-01T12:31:11.146046+00:00
01-celebrity-kpop-dance-tutorial,01-celebrity,01,kpop-dance-tutorial,K팝 댄스 배우기,K팝 댄스 배우기와 연습 팁,howto,howto,K팝 댄스를 배우고 연습하는 팁을 제공합니다.,meta-llama/llama-4-scout-17b-16e-instruct,2026-06-01T12:31:11.146046+00:00
01-celebrity-kpop-debut-process,01-celebrity,01,kpop-debut-process,K-POP 그룹 데뷔 과정,K-POP 그룹 데뷔 과정과 준비 기간,info,issue,K-POP 그룹 데뷔 과정과 준비 기간 분석,meta-llama/llama-4-scout-17b-16e-instruct,2026-06-01T12:31:11.146046+00:00
01-celebrity-kpop-group-history,01-celebrity,01,kpop-group-history,K팝 그룹 역사,K팝 그룹 역사와 발전 과정,info,review,K팝 그룹의 역사와 발전 과정을 소개합니다.,meta-llama/llama-4-scout-17b-16e-instruct,2026-06-01T12:31:11.146046+00:00
01-celebrity-kpop-group-interviews,01-celebrity,01,kpop-group-interviews,K-POP 그룹 인터뷰,K-POP 그룹 인터뷰 모음,info,review,K-POP 그룹 인터뷰 모음,meta-llama/llama-4-scout-17b-16e-instruct,2026-06-01T12:31:11.146046+00:00
01-celebrity-kpop-group-leader,01-celebrity,01,kpop-group-leader,K팝 그룹 리더의 역할,K팝 그룹 리더의 역할과 책임,info,review,K팝 그룹 리더의 역할과 책임에 대해 분석합니다.,meta-llama/llama-4-scout-17b-16e-instruct,2026-06-01T12:31:11.146046+00:00
01-celebrity-kpop-music-production,01-celebrity,01,kpop-music-production,K팝 음악 프로듀싱,K팝 음악 프로듀싱과 작곡 팁,howto,howto,K팝 음악 프로듀싱과 작곡 팁을 제공합니다.,meta-llama/llama-4-scout-17b-16e-instruct,2026-06-01T12:31:11.146046+00:00
01-celebrity-kpop-songwriting-tips,01-celebrity,01,kpop-songwriting-tips,K-POP 음악 작곡 팁,K-POP 음악 작곡 노하우와 팁,howto,tip,K-POP 음악 작곡 노하우와 팁,meta-llama/llama-4-scout-17b-16e-instruct,2026-06-01T12:31:11.146046+00:00
01-celebrity-lee-seo-jin-profile,01-celebrity,01,lee-seo-jin-profile,이서진 프로필,이서진 프로필과 인생 이야기,info,review,배우 이서진 프로필과 인생 이야기,meta-llama/llama-4-scout-17b-16e-instruct,2026-06-01T12:31:11.146046+00:00
01-celebrity-nct-members-profile,01-celebrity,01,nct-members-profile,NCT 멤버 프로필,NCT 멤버 개별 프로필과 정보,info,review,그룹 NCT 멤버별 프로필과 정보,meta-llama/llama-4-scout-17b-16e-instruct,2026-06-01T12:31:11.146046+00:00
01-celebrity-newjeans-music-style,01-celebrity,01,newjeans-music-style,뉴진스 음악 스타일,뉴진스 음악 스타일과 장르,info,review,그룹 뉴진스의 음악 스타일과 장르,meta-llama/llama-4-scout-17b-16e-instruct,2026-06-01T12:31:11.146046+00:00
01-celebrity-son-seok-goo-films,01-celebrity,01,son-seok-goo-films,손석구 영화 출연작,손석구 영화 출연작과 대표작,info,review,배우 손석구 영화 출연작과 대표작,meta-llama/llama-4-scout-17b-16e-instruct,2026-06-01T12:31:11.146046+00:00
01-celebrity-song-hye-kyo-profile,01-celebrity,01,song-hye-kyo-profile,송혜교 프로필,송혜교 프로필과 인생 이야기,info,review,배우 송혜교 프로필과 인생 이야기,meta-llama/llama-4-scout-17b-16e-instruct,2026-06-01T12:31:11.146046+00:00
01-celebrity-tomorrow-x-together-music-style,01-celebrity,01,tomorrow-x-together-music-style,TXT 음악 스타일,TXT 음악 스타일과 장르,info,review,그룹 TXT 음악 스타일과 장르,meta-llama/llama-4-scout-17b-16e-instruct,2026-06-01T12:31:11.146046+00:00
01-drama-cable-drama-ratings,01-drama,01,cable-drama-ratings,케이블 드라마 시청률,케이블 드라마 최신 시청률,info,issue,케이블 드라마 시청률 확인,meta-llama/llama-4-scout-17b-16e-instruct,2026-06-01T12:30:09.427089+00:00
01-drama-cable-drama-ratings-2,01-drama,01,cable-drama-ratings-2,케이블 드라마 순위,케이블 드라마 시청률 순위,info,issue,케이블 드라마 시청률 순위 정보,meta-llama/llama-4-scout-17b-16e-instruct,2026-06-01T12:30:09.427089+00:00
01-drama-coupang-drama-list,01-drama,01,coupang-drama-list,쿠팡플레이 드라마 추천,쿠팡플레이에서 시청할 수 있는 드라마,info,review,쿠팡플레이에서 시청할 수 있는 드라마 추천,meta-llama/llama-4-scout-17b-16e-instruct,2026-06-01T12:30:09.427089+00:00
01-drama-coupangplay-drama-list,01-drama,01,coupangplay-drama-list,쿠팡플레이 드라마 목록,쿠팡플레이 드라마 전체 목록 보기,info,local,쿠팡플레이에서 볼 수 있는 드라마 전체 목록,meta-llama/llama-4-scout-17b-16e-instruct,2026-06-01T12:30:09.427089+00:00
01-drama-coupangplay-drama-ratings,01-drama,01,coupangplay-drama-ratings,쿠팡플레이 드라마 시청률,쿠팡플레이 드라마 시청률 순위,info,issue,쿠팡플레이 드라마 시청률 순위 정보,meta-llama/llama-4-scout-17b-16e-instruct,2026-06-01T12:30:09.427089+00:00
01-drama-drama-airing-schedule,01-drama,01,drama-airing-schedule,드라마 방영 일정표,드라마 방영 일정표 확인하는 방법,howto,howto,드라마 방영 일정을 확인하는 방법과 일정표,meta-llama/llama-4-scout-17b-16e-instruct,2026-06-01T12:30:09.427089+00:00
01-drama-drama-broadcast-schedule,01-drama,01,drama-broadcast-schedule,드라마 방영일정표,드라마 방영 일정표 확인하는 법,howto,howto,드라마 방영 일정표를 확인하는 방법,meta-llama/llama-4-scout-17b-16e-instruct,2026-06-01T12:30:09.427089+00:00
01-drama-drama-buzz-ranking,01-drama,01,drama-buzz-ranking,드라마 화제성 순위,드라마 화제성 순위 확인,info,issue,드라마 화제성 순위 확인하기,meta-llama/llama-4-scout-17b-16e-instruct,2026-06-01T12:30:09.427089+00:00
01-drama-drama-cast,01-drama,01,drama-cast,드라마 출연진 정보,드라마 출연진과 캐릭터 정보,info,issue,드라마 출연진과 캐릭터 정보 제공,meta-llama/llama-4-scout-17b-16e-instruct,2026-06-01T12:30:09.427089+00:00
01-drama-drama-ending,01-drama,01,drama-ending,드라마 결말 설명,인기 드라마 결말 정리,info,review,인기 드라마의 결말 설명,meta-llama/llama-4-scout-17b-16e-instruct,2026-06-01T12:30:09.427089+00:00
01-drama-drama-filming-locations,01-drama,01,drama-filming-locations,드라마 촬영지 정보,드라마 촬영지 관광 정보,info,local,드라마 촬영지 관광 정보 제공,meta-llama/llama-4-scout-17b-16e-instruct,2026-06-01T12:30:09.427089+00:00
01-drama-drama-free-watch,01-drama,01,drama-free-watch,드라마 다시보기 무료 사이트,드라마 다시보기 무료로 볼 수 있는 사이트,info,tip,드라마 다시보기를 무료로 볼 수 있는 사이트 모음,meta-llama/llama-4-scout-17b-16e-instruct,2026-06-01T12:30:09.427089+00:00
01-drama-drama-origin,01-drama,01,drama-origin,드라마 원작 정보,드라마 원작 소설 및 웹툰,info,issue,드라마 원작 정보 제공,meta-llama/llama-4-scout-17b-16e-instruct,2026-06-01T12:30:09.427089+00:00
01-drama-drama-ost-collection,01-drama,01,drama-ost-collection,드라마 OST 모음,드라마 OST 음악 모음,info,local,드라마 OST 음악 모음,meta-llama/llama-4-scout-17b-16e-instruct,2026-06-01T12:30:09.427089+00:00
01-drama-drama-ost-download,01-drama,01,drama-ost-download,드라마 OST 다운로드,드라마 OST 음악 다운로드,howto,tip,드라마 OST 음악 다운로드 방법,meta-llama/llama-4-scout-17b-16e-instruct,2026-06-01T12:30:09.427089+00:00
01-drama-drama-ratings,01-drama,01,drama-ratings,드라마 시청률 순위 확인,최신 드라마 시청률 순위,info,issue,현재 방영 중인 드라마 시청률 순위 확인,meta-llama/llama-4-scout-17b-16e-instruct,2026-06-01T12:30:09.427089+00:00
01-drama-drama-review,01-drama,01,drama-review,드라마 리뷰 및 평가,드라마 리뷰와 평가,review,review,드라마에 대한 리뷰와 평가,meta-llama/llama-4-scout-17b-16e-instruct,2026-06-01T12:30:09.427089+00:00
01-drama-drama-rewatch-sites,01-drama,01,drama-rewatch-sites,드라마 다시보기 사이트,드라마 다시보기 가능한 사이트,info,compare,드라마 다시보기가 가능한 다양한 사이트 비교,meta-llama/llama-4-scout-17b-16e-instruct,2026-06-01T12:30:09.427089+00:00
01-drama-drama-schedule,01-drama,01,drama-schedule,드라마 방영일정 확인,드라마 방영 일정표,info,issue,드라마 방영 일정 확인하기,meta-llama/llama-4-scout-17b-16e-instruct,2026-06-01T12:30:09.427089+00:00
01-drama-drama-summary,01-drama,01,drama-summary,드라마 줄거리 요약,인기 드라마 줄거리 요약,info,review,인기 드라마 줄거리 요약,meta-llama/llama-4-scout-17b-16e-instruct,2026-06-01T12:30:09.427089+00:00
01-drama-drama-trailer,01-drama,01,drama-trailer,드라마 예고편 시청,드라마 예고편 모음,info,issue,드라마 예고편 시청하기,meta-llama/llama-4-scout-17b-16e-instruct,2026-06-01T12:30:09.427089+00:00
01-drama-free-drama-replay-sites,01-drama,01,free-drama-replay-sites,드라마 무료 다시보기 사이트,드라마 무료 다시보기 가능한 사이트,info,tip,드라마를 무료로 다시보기 가능한 사이트 목록,meta-llama/llama-4-scout-17b-16e-instruct,2026-06-01T12:30:09.427089+00:00
01-drama-kdrama-ott-comparison,01-drama,01,kdrama-ott-comparison,한국 드라마 OTT 플랫폼 비교,한국 드라마 볼 수 있는 OTT 플랫폼 비교,compare,compare,한국 드라마를 볼 수 있는 다양한 OTT 플랫폼 비교,meta-llama/llama-4-scout-17b-16e-instruct,2026-06-01T12:37:04.035570+00:00
01-drama-kdrama-ott-platform,01-drama,01,kdrama-ott-platform,한국 드라마 OTT 플랫폼 추천,한국 드라마 볼 수 있는 OTT 플랫폼 추천,compare,tip,한국 드라마를 볼 수 있는 다양한 OTT 플랫폼 비교,meta-llama/llama-4-scout-17b-16e-instruct,2026-06-01T12:30:09.427089+00:00
01-drama-kdrama-ratings,01-drama,01,kdrama-ratings,한국 드라마 시청률 순위,한국 드라마 시청률 순위 확인 방법,info,howto,현재 방영 중인 한국 드라마 시청률 순위 확인 방법,meta-llama/llama-4-scout-17b-16e-instruct,2026-06-01T12:30:09.427089+00:00
01-drama-kdrama-recommend-2026,01-drama,01,kdrama-recommend-2026,한국 드라마 추천 2026,2026 한국 드라마 추천,info,review,2026년 시청하기 좋은 한국 드라마 추천,meta-llama/llama-4-scout-17b-16e-instruct,2026-06-01T12:30:09.427089+00:00
01-drama-netflix-drama-free,01-drama,01,netflix-drama-free,넷플릭스 드라마 무료보기 사이트,넷플릭스 드라마 무료로 보는 사이트 모음,info,tip,넷플릭스 드라마를 무료로 볼 수 있는 사이트 모음,meta-llama/llama-4-scout-17b-16e-instruct,2026-06-01T12:30:09.427089+00:00
01-drama-netflix-drama-free-2,01-drama,01,netflix-drama-free-2,넷플릭스 드라마 무료 보기 사이트,넷플릭스 드라마 무료로 보기,howto,tip,넷플릭스 드라마를 무료로 보는 방법,meta-llama/llama-4-scout-17b-16e-instruct,2026-06-01T12:31:11.146046+00:00
01-drama-netflix-drama-list,01-drama,01,netflix-drama-list,넷플릭스 드라마 추천,넷플릭스 드라마 추천 리스트,info,review,넷플릭스에서 시청할 수 있는 드라마 추천,meta-llama/llama-4-scout-17b-16e-instruct,2026-06-01T12:30:09.427089+00:00
01-drama-netflix-drama-new-release,01-drama,01,netflix-drama-new-release,넷플릭스 드라마 신작 일정,넷플릭스 드라마 신작 공개 일정,info,issue,넷플릭스 드라마 신작 공개 일정과 라인업,meta-llama/llama-4-scout-17b-16e-instruct,2026-06-01T12:30:09.427089+00:00
01-drama-netflix-drama-ratings,01-drama,01,netflix-drama-ratings,드라마 시청률 순위 넷플릭스,넷플릭스 드라마 시청률 순위 확인 방법,info,howto,넷플릭스 드라마 시청률 순위를 확인하는 방법,meta-llama/llama-4-scout-17b-16e-instruct,2026-06-01T12:30:09.427089+00:00
01-drama-netflix-drama-ratings-2,01-drama,01,netflix-drama-ratings-2,넷플릭스 드라마 시청률 순위,넷플릭스 드라마 시청률 순위 확인하기,info,tip,넷플릭스 드라마 실시간 시청률 순위,meta-llama/llama-4-scout-17b-16e-instruct,2026-06-01T12:37:04.035570+00:00
01-drama-netflix-kdrama-2026,01-drama,01,netflix-kdrama-2026,2026 넷플릭스 한국 드라마,2026 넷플릭스 한국 드라마 라인업,info,issue,2026년 넷플릭스 한국 드라마 공개 예정작,meta-llama/llama-4-scout-17b-16e-instruct,2026-06-01T12:30:09.427089+00:00
01-drama-netflix-kdrama-lineup,01-drama,01,netflix-kdrama-lineup,넷플릭스 한국 드라마 라인업,넷플릭스 한국 드라마 라인업 2026,info,issue,넷플릭스 한국 드라마 라인업,meta-llama/llama-4-scout-17b-16e-instruct,2026-06-01T12:30:09.427089+00:00
01-drama-netflix-kdrama-lineup-2026,01-drama,01,netflix-kdrama-lineup-2026,넷플릭스 한국 드라마 2026 라인업,넷플릭스 한국 드라마 2026 라인업 공개,info,issue,넷플릭스 한국 드라마 2026 라인업과 공개 일정 정보,meta-llama/llama-4-scout-17b-16e-instruct,2026-06-01T12:30:09.427089+00:00
01-drama-netflix-kdrama-recommend,01-drama,01,netflix-kdrama-recommend,넷플릭스 한국 드라마 추천,넷플릭스 한국 드라마 추천 리스트,info,tip,넷플릭스에서 볼 수 있는 인기 한국 드라마 추천,meta-llama/llama-4-scout-17b-16e-instruct,2026-06-01T12:37:04.035570+00:00
01-drama-netflix-original-drama,01-drama,01,netflix-original-drama,넷플릭스 오리지널 드라마 추천,넷플릭스 오리지널 드라마 추천 리스트,info,review,넷플릭스 오리지널 드라마 추천 리스트와 리뷰,meta-llama/llama-4-scout-17b-16e-instruct,2026-06-01T12:30:09.427089+00:00
01-drama-netflix-original-drama-list,01-drama,01,netflix-original-drama-list,넷플릭스 오리지널 드라마 목록,넷플릭스 오리지널 드라마 추천 목록,info,review,넷플릭스 오리지널 드라마 목록과 추천작,meta-llama/llama-4-scout-17b-16e-instruct,2026-06-01T12:30:09.427089+00:00
01-drama-ott-drama-free,01-drama,01,ott-drama-free,OTT 드라마 무료보기,OTT 드라마 무료 시청 방법,howto,tip,OTT 플랫폼에서 드라마 무료로 시청하는 법,meta-llama/llama-4-scout-17b-16e-instruct,2026-06-01T12:30:09.427089+00:00
01-drama-ott-drama-free-2,01-drama,01,ott-drama-free-2,OTT 드라마 무료 보기 사이트,OTT 드라마 무료로 보는 사이트 모음,info,tip,OTT 드라마를 무료로 볼 수 있는 사이트와 방법,meta-llama/llama-4-scout-17b-16e-instruct,2026-06-01T12:30:09.427089+00:00
01-drama-ott-drama-rankings,01-drama,01,ott-drama-rankings,OTT 드라마 순위,OTT 드라마 인기 순위,info,issue,OTT 드라마 인기 순위 정보,meta-llama/llama-4-scout-17b-16e-instruct,2026-06-01T12:30:09.427089+00:00
01-drama-tving-drama-2026,01-drama,01,tving-drama-2026,2026 티빙 드라마 신작,2026 티빙 드라마 신작 일정과 기대작,info,issue,2026년 티빙 한국 드라마 신작 라인업,meta-llama/llama-4-scout-17b-16e-instruct,2026-06-01T12:37:04.035570+00:00
01-drama-tving-drama-2026-2,01-drama,01,tving-drama-2026-2,2026 티빙 드라마 라인업,2026 티빙 드라마 신작 일정과 라인업,info,issue,2026년 티빙 드라마 신작 라인업과 공개 일정,meta-llama/llama-4-scout-17b-16e-instruct,2026-06-01T12:37:04.035570+00:00
01-drama-tving-drama-free,01-drama,01,tving-drama-free,티빙 드라마 무료보기,티빙 드라마 무료로 보는 방법,howto,tip,티빙 드라마를 무료로 보는 방법,meta-llama/llama-4-scout-17b-16e-instruct,2026-06-01T12:30:09.427089+00:00
01-drama-tving-drama-free-2,01-drama,01,tving-drama-free-2,티빙 드라마 무료 다시보기,티빙 드라마 무료 다시보기 사이트 모음,howto,tip,티빙 드라마를 무료로 다시 볼 수 있는 사이트,meta-llama/llama-4-scout-17b-16e-instruct,2026-06-01T12:37:04.035570+00:00
01-drama-tving-drama-list,01-drama,01,tving-drama-list,티빙 드라마 추천,티빙에서 시청할 수 있는 드라마,info,review,티빙에서 시청할 수 있는 드라마 추천,meta-llama/llama-4-scout-17b-16e-instruct,2026-06-01T12:30:09.427089+00:00
01-drama-tving-drama-ratings,01-drama,01,tving-drama-ratings,티빙 드라마 시청률 순위,티빙 드라마 시청률 순위 실시간 확인,info,issue,티빙 드라마 실시간 시청률 순위 확인,meta-llama/llama-4-scout-17b-16e-instruct,2026-06-01T12:37:04.035570+00:00
01-drama-wavedrama-free,01-drama,01,wavedrama-free,웨이브 드라마 무료 시청,웨이브 드라마 무료로 시청하는 방법,howto,howto,웨이브 드라마를 무료로 시청하는 방법,meta-llama/llama-4-scout-17b-16e-instruct,2026-06-01T12:37:04.035570+00:00
01-drama-wavedrama-list,01-drama,01,wavedrama-list,웨이브 드라마 추천,웨이브에서 시청할 수 있는 드라마,info,review,웨이브에서 시청할 수 있는 드라마 추천,meta-llama/llama-4-scout-17b-16e-instruct,2026-06-01T12:30:09.427089+00:00
01-drama-wavedrama-ratings,01-drama,01,wavedrama-ratings,웨이브 드라마 시청률 순위,웨이브 드라마 최신 시청률 순위,info,issue,웨이브 드라마 최신 시청률 순위 정보,meta-llama/llama-4-scout-17b-16e-instruct,2026-06-01T12:30:09.427089+00:00
01-event-2023-celeb-award,01-event,01,2023-celeb-award,연예인 수상 2023,2023 연예계 수상식 결과,info,issue,2023년 연예계 수상식 결과,meta-llama/llama-4-scout-17b-16e-instruct,2026-06-01T12:37:04.035570+00:00
01-event-2023-drama-cancel,01-event,01,2023-drama-cancel,드라마 결방 일정 2023,2023 드라마 결방 일정과 사유,info,issue,2023년 드라마 결방 일정과 사유,meta-llama/llama-4-scout-17b-16e-instruct,2026-06-01T12:37:04.035570+00:00
01-event-2023-drama-ost,01-event,01,2023-drama-ost,드라마 OST 2023,2023 드라마 OST 모음,info,issue,2023년 드라마 OST 모음,meta-llama/llama-4-scout-17b-16e-instruct,2026-06-01T12:37:04.035570+00:00
01-event-2023-drama-ratings,01-event,01,2023-drama-ratings,드라마 시청률 순위 2023,2023 드라마 시청률 순위 Top 10,info,issue,2023년 드라마 시청률 순위 Top 10,meta-llama/llama-4-scout-17b-16e-instruct,2026-06-01T12:37:04.035570+00:00
01-event-2023-ott-variety-recommend,01-event,01,2023-ott-variety-recommend,OTT 예능 추천 2023,2023 OTT 예능 프로그램 추천,info,review,2023년 OTT에서 볼 수 있는 예능 프로그램 추천,meta-llama/llama-4-scout-17b-16e-instruct,2026-06-01T12:37:04.035570+00:00
01-event-2023-variety-ratings,01-event,01,2023-variety-ratings,예능 프로그램 시청률 2023,2023 예능 프로그램 시청률 순위,info,issue,2023년 예능 프로그램 시청률 순위,meta-llama/llama-4-scout-17b-16e-instruct,2026-06-01T12:37:04.035570+00:00
01-event-2024-celeb-comeback,01-event,01,2024-celeb-comeback,연예계 복귀 2024,2024 연예계 복귀 예정 스타,info,issue,2024년 연예계에 복귀 예정인 스타들,meta-llama/llama-4-scout-17b-16e-instruct,2026-06-01T12:37:04.035570+00:00
01-event-2024-celeb-wedding,01-event,01,2024-celeb-wedding,연예인 결혼식 일정 2024,2024 연예인 결혼식 일정,info,issue,2024년 연예인 결혼식 일정과 장소,meta-llama/llama-4-scout-17b-16e-instruct,2026-06-01T12:37:04.035570+00:00
01-event-2024-drama-airdate,01-event,01,2024-drama-airdate,드라마 방영일정 2024,2024 드라마 방영일정표,info,issue,2024년 드라마 방영일정표,meta-llama/llama-4-scout-17b-16e-instruct,2026-06-01T12:37:04.035570+00:00
01-event-2024-kbs-drama,01-event,01,2024-kbs-drama,2024 드라마 라인업 KBS,2024 KBS 드라마 라인업,info,issue,2024년 KBS 방송 예정 드라마 라인업,meta-llama/llama-4-scout-17b-16e-instruct,2026-06-01T12:37:04.035570+00:00
01-event-2024-new-variety-show,01-event,01,2024-new-variety-show,예능 프로그램 신규 2024,2024년 신규 예능 프로그램,info,issue,2024년 신규로 방송되는 예능 프로그램,meta-llama/llama-4-scout-17b-16e-instruct,2026-06-01T12:37:04.035570+00:00
01-event-2024-variety-show-lineup,01-event,01,2024-variety-show-lineup,예능 프로그램 2024 라인업,2024년 방송 예정 예능 프로그램,info,issue,2024년 방송 예정인 예능 프로그램 라인업,meta-llama/llama-4-scout-17b-16e-instruct,2026-06-01T12:37:04.035570+00:00
01-event-award-shows-2024,01-event,01,award-shows-2024,2024 연예계 시상식 일정,2024 연예계 시상식 일정과 주요 수상자,info,issue,2024년 연예계 주요 시상식 일정과 수상자 정보,meta-llama/llama-4-scout-17b-16e-instruct,2026-06-01T12:37:04.035570+00:00
01-event-celebrity-come-back-2024,01-event,01,celebrity-come-back-2024,2024 연예계 복귀 소식,2024 연예계 복귀 소식과 근황,info,issue,2024년 연예계 복귀 소식과 근황 정보,meta-llama/llama-4-scout-17b-16e-instruct,2026-06-01T12:37:04.035570+00:00
01-event-celebrity-comeback-2024,01-event,01,celebrity-comeback-2024,연예계 복귀 소식 2024,2024 연예계 복귀 소식과 근황,info,issue,2024년 연예계 복귀 소식과 근황 정보,meta-llama/llama-4-scout-17b-16e-instruct,2026-06-01T12:37:04.035570+00:00
01-event-celebrity-donation-news,01-event,01,celebrity-donation-news,연예인 기부 활동 소식,연예인 기부 활동 소식과 금액,info,issue,연예인의 기부 활동 소식과 기부 금액,meta-llama/llama-4-scout-17b-16e-instruct,2026-06-01T12:37:04.035570+00:00
01-event-celebrity-event-2024,01-event,01,celebrity-event-2024,2024 연예계 행사 일정,2024 연예계 주요 행사 일정과 소식,info,issue,2024년 연예계 주요 행사 일정과 관련 소식,meta-llama/llama-4-scout-17b-16e-instruct,2026-06-01T12:37:04.035570+00:00
01-event-celebrity-fanmeeting-2024,01-event,01,celebrity-fanmeeting-2024,2024 연예인 팬미팅 일정,2024 연예인 팬미팅 일정과 장소,info,issue,2024년 연예인 팬미팅 일정과 개최 장소,meta-llama/llama-4-scout-17b-16e-instruct,2026-06-01T12:37:04.035570+00:00
01-event-celebrity-fanmeeting-2024-2,01-event,01,celebrity-fanmeeting-2024-2,연예인 팬미팅 일정 2024,2024 연예인 팬미팅 일정과 장소,info,issue,2024년 연예인 팬미팅 일정과 장소 정보,meta-llama/llama-4-scout-17b-16e-instruct,2026-06-01T12:37:04.035570+00:00
01-event-drama-broadcast-delay-2024,01-event,01,drama-broadcast-delay-2024,2024 드라마 결방 일정,2024 드라마 결방 일정과 사유,info,issue,2024년 드라마 결방 일정과 관련 정보,meta-llama/llama-4-scout-17b-16e-instruct,2026-06-01T12:37:04.035570+00:00
01-event-drama-filming-schedule-2024,01-event,01,drama-filming-schedule-2024,2024 드라마 촬영 일정,2024 드라마 촬영 시작일과 종료일,info,issue,2024년 드라마 촬영 일정과 제작 계획,meta-llama/llama-4-scout-17b-16e-instruct,2026-06-01T12:37:04.035570+00:00
01-event-drama-ost-release-date,01-event,01,drama-ost-release-date,드라마 OST 출시 일정,드라마 OST 출시 일정과 트랙리스트,info,issue,드라마 OST 출시 일정과 수록곡 정보,meta-llama/llama-4-scout-17b-16e-instruct,2026-06-01T12:37:04.035570+00:00
01-event-drama-press-conference,01-event,01,drama-press-conference,드라마 제작발표회 일정,드라마 제작발표회 일정과 참석자,info,issue,드라마 제작발표회 일정과 참석자 정보,meta-llama/llama-4-scout-17b-16e-instruct,2026-06-01T12:37:04.035570+00:00
01-event-kdrama-filming-locations-2024,01-event,01,kdrama-filming-locations-2024,2024 드라마 촬영지 관광,2024 드라마 촬영지 관광 코스 추천,howto,tip,2024년 드라마 촬영지를 활용한 관광 코스 추천,meta-llama/llama-4-scout-17b-16e-instruct,2026-06-01T12:37:04.035570+00:00
01-event-kdrama-ost-release-2024,01-event,01,kdrama-ost-release-2024,드라마 OST 출시 2024,2024 드라마 OST 출시 일정,info,issue,2024년 드라마 OST 출시 일정과 라인업,meta-llama/llama-4-scout-17b-16e-instruct,2026-06-01T12:37:04.035570+00:00
01-event-kpop-awards-2024,01-event,01,kpop-awards-2024,K-POP 시상식 일정 2024,2024 K-POP 시상식 일정과 수상자,info,issue,2024년 K-POP 시상식 일정과 주요 수상자,meta-llama/llama-4-scout-17b-16e-instruct,2026-06-01T12:37:04.035570+00:00
01-event-kpop-boy-groups-2024,01-event,01,kpop-boy-groups-2024,K-POP 보이그룹 데뷔 2024,2024 K-POP 보이그룹 데뷔 리스트와 프로필,info,issue,2024년 데뷔하는 K-POP 보이그룹 리스트와 프로필,meta-llama/llama-4-scout-17b-16e-instruct,2026-06-01T12:37:04.035570+00:00
01-event-kpop-comeback-2024,01-event,01,kpop-comeback-2024,2024 K-POP 컴백 일정,2024 K-POP 아티스트 컴백 일정,info,issue,2024년 K-POP 아티스트 컴백 일정과 계획,meta-llama/llama-4-scout-17b-16e-instruct,2026-06-01T12:37:04.035570+00:00
01-event-kpop-concert-2024,01-event,01,kpop-concert-2024,K-POP 콘서트 일정 2024,2024 K-POP 콘서트 일정과 티켓 정보,info,issue,2024년 개최 예정인 K-POP 콘서트 일정과 티켓 정보,meta-llama/llama-4-scout-17b-16e-instruct,2026-06-01T12:37:04.035570+00:00
01-event-kpop-concert-tour-2024,01-event,01,kpop-concert-tour-2024,2024 K-POP 콘서트 투어,2024 K-POP 콘서트 투어 일정과 장소,info,issue,2024년 K-POP 콘서트 투어 일정과 개최 장소,meta-llama/llama-4-scout-17b-16e-instruct,2026-06-01T12:37:04.035570+00:00
01-event-kpop-concert-tour-2024-2,01-event,01,kpop-concert-tour-2024-2,K-POP 콘서트 투어 일정 2024,2024 K-POP 콘서트 투어 일정과 라인업,info,issue,2024년 주요 K-POP 콘서트 투어 일정과 출연진,meta-llama/llama-4-scout-17b-16e-instruct,2026-06-01T12:37:04.035570+00:00
01-event-kpop-fanmeeting-2024,01-event,01,kpop-fanmeeting-2024,K-POP 팬미팅 일정 2024,2024 K-POP 팬미팅 일정과 장소,info,issue,2024년 개최 예정인 K-POP 팬미팅 일정과 장소,meta-llama/llama-4-scout-17b-16e-instruct,2026-06-01T12:37:04.035570+00:00
01-event-kpop-festival-2024,01-event,01,kpop-festival-2024,K-POP 페스티벌 2024,2024 K-POP 페스티벌 일정과 라인업,info,issue,2024년 국내외 K-POP 페스티벌 일정과 출연진,meta-llama/llama-4-scout-17b-16e-instruct,2026-06-01T12:37:04.035570+00:00
01-event-kpop-festival-2024-2,01-event,01,kpop-festival-2024-2,K-POP 페스티벌 일정 2024,2024 K-POP 페스티벌 일정과 라인업,info,issue,2024년 K-POP 페스티벌 일정과 출연진 라인업,meta-llama/llama-4-scout-17b-16e-instruct,2026-06-01T12:37:04.035570+00:00
01-event-kpop-festival-2024-3,01-event,01,kpop-festival-2024-3,2024 K-POP 페스티벌 일정,2024 K-POP 페스티벌 일정과 라인업,info,issue,2024년 K-POP 페스티벌 일정과 라인업 정보,meta-llama/llama-4-scout-17b-16e-instruct,2026-06-01T12:37:04.035570+00:00
01-event-kpop-girl-groups-2024,01-event,01,kpop-girl-groups-2024,K-POP 걸그룹 컴백 2024,2024 K-POP 걸그룹 컴백 리스트와 일정,info,issue,2024년 컴백하는 K-POP 걸그룹 리스트와 일정,meta-llama/llama-4-scout-17b-16e-instruct,2026-06-01T12:37:04.035570+00:00
01-event-kpop-group-comeback-2024-summer,01-event,01,kpop-group-comeback-2024-summer,K-POP 그룹 컴백 2024 여름,2024 여름 K-POP 그룹 컴백 리스트,info,issue,2024년 여름 K-POP 그룹 컴백 일정과 라인업,meta-llama/llama-4-scout-17b-16e-instruct,2026-06-01T12:37:04.035570+00:00
01-event-kpop-group-debut-2024,01-event,01,kpop-group-debut-2024,K-POP 그룹 데뷔 2024,2024년 데뷔 K-POP 그룹 리스트,info,issue,2024년 데뷔 예정인 K-POP 그룹 리스트와 프로필,meta-llama/llama-4-scout-17b-16e-instruct,2026-06-01T12:37:04.035570+00:00
01-event-kpop-music-show-2024,01-event,01,kpop-music-show-2024,K-POP 음악 방송 2024,2024 K-POP 음악 방송 일정,info,issue,2024년 K-POP 음악 방송 일정,meta-llama/llama-4-scout-17b-16e-instruct,2026-06-01T12:37:04.035570+00:00
01-event-kpop-music-show-schedule-2024,01-event,01,kpop-music-show-schedule-2024,2024 K-POP 음악 방송일정,2024 K-POP 음악 방송일정표,info,issue,2024년 K-POP 음악 방송일정표와 라인업,meta-llama/llama-4-scout-17b-16e-instruct,2026-06-01T12:37:04.035570+00:00
01-event-kpop-music-shows-2024,01-event,01,kpop-music-shows-2024,K-POP 음악 방송 일정 2024,2024 K-POP 음악 방송 일정과 출연진,info,issue,2024년 K-POP 음악 방송 일정과 출연진 정보,meta-llama/llama-4-scout-17b-16e-instruct,2026-06-01T12:37:04.035570+00:00
01-event-new-kpop-group-debut,01-event,01,new-kpop-group-debut,K-POP 그룹 신인 데뷔,K-POP 그룹 신인 데뷔 일정과 프로필,info,issue,K-POP 그룹 신인 데뷔 일정과 멤버 프로필,meta-llama/llama-4-scout-17b-16e-instruct,2026-06-01T12:37:04.035570+00:00
01-event-new-variety-show-2024,01-event,01,new-variety-show-2024,2024 예능 프로그램 신규,2024 예능 프로그램 신규 라인업,info,issue,2024년 예능 프로그램 신규 라인업과 방영일정,meta-llama/llama-4-scout-17b-16e-instruct,2026-06-01T12:37:04.035570+00:00
01-event-new-variety-show-launch,01-event,01,new-variety-show-launch,예능 프로그램 신규 런칭,예능 프로그램 신규 런칭 일정과 정보,info,issue,예능 프로그램 신규 런칭 일정과 관련 정보,meta-llama/llama-4-scout-17b-16e-instruct,2026-06-01T12:37:04.035570+00:00
01-event-sbs-drama-schedule-2024,01-event,01,sbs-drama-schedule-2024,2024 드라마 방영일정 SBS,2024 SBS 드라마 방영일정과 라인업,info,issue,2024년 SBS 드라마 방영일정과 라인업 정보,meta-llama/llama-4-scout-17b-16e-instruct,2026-06-01T12:37:04.035570+00:00
01-event-variety-show-end-date-2024,01-event,01,variety-show-end-date-2024,2024 예능 프로그램 종영,2024 예능 프로그램 종영 일정과 리뷰,info,issue,2024년 예능 프로그램 종영 일정과 리뷰,meta-llama/llama-4-scout-17b-16e-instruct,2026-06-01T12:37:04.035570+00:00
01-event-variety-show-exit-2024,01-event,01,variety-show-exit-2024,2024 예능 프로그램 하차,2024 예능 프로그램 하차 일정,info,issue,2024년 예능 프로그램 하차 일정과 이유,meta-llama/llama-4-scout-17b-16e-instruct,2026-06-01T12:37:04.035570+00:00
01-event-variety-show-exit-date,01-event,01,variety-show-exit-date,예능 프로그램 하차 일정,예능 프로그램 MC 하차 일정과 이유,info,issue,예능 프로그램 MC 하차 일정과 관련 소식,meta-llama/llama-4-scout-17b-16e-instruct,2026-06-01T12:37:04.035570+00:00
01-event-variety-show-ratings-2024,01-event,01,variety-show-ratings-2024,2024 예능 프로그램 시청률,2024 예능 프로그램 시청률 순위,info,issue,2024년 예능 프로그램 시청률 순위와 분석,meta-llama/llama-4-scout-17b-16e-instruct,2026-06-01T12:37:04.035570+00:00
01-event-variety-shows-2024,01-event,01,variety-shows-2024,2024 예능 프로그램 라인업,2024 예능 프로그램 라인업과 방영일정,info,issue,2024년 예능 프로그램 라인업과 방영일정 정보,meta-llama/llama-4-scout-17b-16e-instruct,2026-06-01T12:37:04.035570+00:00
01-fandom-aespa-fandom-communication-channel,01-fandom,01,aespa-fandom-communication-channel,에스파 팬덤 소통 채널,에스파 팬덤 소통 채널 가이드,howto,howto,에스파 팬덤 소통 채널과 가이드,meta-llama/llama-4-scout-17b-16e-instruct,2026-06-01T12:37:04.035570+00:00
01-fandom-blackpink-fandom-chat,01-fandom,01,blackpink-fandom-chat,블랙핑크 팬덤 소통 채널,블랙핑크 팬덤 소통 채널 이용하기,howto,tip,블랙핑크 팬덤과 소통하는 채널 만드는 방법,meta-llama/llama-4-scout-17b-16e-instruct,2026-06-01T12:37:04.035570+00:00
01-fandom-blackpink-fandom-communication,01-fandom,01,blackpink-fandom-communication,블랙핑크 팬덤과 소통하는 법,블랙핑크 팬덤과 소통하는 방법,howto,tip,블랙핑크 팬덤과 소통하는 법과 팁,meta-llama/llama-4-scout-17b-16e-instruct,2026-06-01T12:37:04.035570+00:00
01-fandom-blackpink-fandom-community,01-fandom,01,blackpink-fandom-community,블랙핑크 팬덤 커뮤니티 참여 방법,블랙핑크 팬덤 커뮤니티 참여 방법과 팁,howto,howto,블랙핑크 팬덤 커뮤니티에 참여하는 방법과 팁,meta-llama/llama-4-scout-17b-16e-instruct,2026-06-01T12:37:04.035570+00:00
01-fandom-blackpink-fandom-community-2,01-fandom,01,blackpink-fandom-community-2,블랙핑크 팬덤 커뮤니티 가입 방법,블랙핑크 팬덤 커뮤니티 가입하고 소통하기,howto,howto,블랙핑크 팬덤 커뮤니티에 가입하여 다른 팬들과 소통하는 방법,meta-llama/llama-4-scout-17b-16e-instruct,2026-06-01T12:37:04.035570+00:00
01-fandom-blackpink-fandom-donation,01-fandom,01,blackpink-fandom-donation,블랙핑크 팬덤 기부,블랙핑크 팬덤 기부 활동과 소식,info,issue,블랙핑크 팬덤 기부 활동과 소식,meta-llama/llama-4-scout-17b-16e-instruct,2026-06-01T12:37:04.035570+00:00
01-fandom-bts-fandom-community,01-fandom,01,bts-fandom-community,BTS 팬덤 아미 커뮤니티,BTS 팬덤 아미 커뮤니티 가이드,howto,howto,BTS 팬덤 아미 커뮤니티 참여 방법과 팁,meta-llama/llama-4-scout-17b-16e-instruct,2026-06-01T12:37:04.035570+00:00
01-fandom-bts-fandom-history,01-fandom,01,bts-fandom-history,방탄소년단 팬덤 역사,방탄소년단 팬덤 역사와 발전,info,issue,방탄소년단 팬덤 역사와 발전 과정,meta-llama/llama-4-scout-17b-16e-instruct,2026-06-01T12:37:04.035570+00:00
01-fandom-celebrity-fandom-chat,01-fandom,01,celebrity-fandom-chat,연예인 팬덤 소통 채널,연예인 팬덤 소통 채널 만들기와 활용법,howto,howto,연예인 팬덤 소통 채널을 만들고 활용하는 방법,meta-llama/llama-4-scout-17b-16e-instruct,2026-06-01T12:37:04.035570+00:00
01-fandom-celebrity-fandom-community-activity,01-fandom,01,celebrity-fandom-community-activity,연예인 팬덤 커뮤니티 활동,연예인 팬덤 커뮤니티 활동 사례와 팁,info,review,연예인 팬덤 커뮤니티 활동 사례와 팁,meta-llama/llama-4-scout-17b-16e-instruct,2026-06-01T12:37:04.035570+00:00
01-fandom-celebrity-fandom-community-join,01-fandom,01,celebrity-fandom-community-join,연예인 팬덤 커뮤니티 가입,연예인 팬덤 커뮤니티 가입 가이드와 팁,howto,tip,연예인 팬덤 커뮤니티 가입 가이드와 팁,meta-llama/llama-4-scout-17b-16e-instruct,2026-06-01T12:37:04.035570+00:00
01-fandom-celebrity-fandom-donation,01-fandom,01,celebrity-fandom-donation,연예인 팬덤 기부 활동,연예인 팬덤 기부 활동 사례와 방법,info,review,연예인 팬덤 기부 활동 사례와 참여 방법,meta-llama/llama-4-scout-17b-16e-instruct,2026-06-01T12:37:04.035570+00:00
01-fandom-celebrity-fandom-volunteer,01-fandom,01,celebrity-fandom-volunteer,연예인 팬덤 봉사 활동,연예인 팬덤 봉사 활동 사례와 방법,info,review,연예인 팬덤 봉사 활동 사례와 참여 방법,meta-llama/llama-4-scout-17b-16e-instruct,2026-06-01T12:37:04.035570+00:00
01-fandom-exo-fandom-event-guide,01-fandom,01,exo-fandom-event-guide,엑소 팬덤 이벤트 참여 가이드,엑소 팬덤 이벤트 참여 가이드와 꿀팁,howto,howto,엑소 팬덤 이벤트 참여를 위한 가이드와 꿀팁,meta-llama/llama-4-scout-17b-16e-instruct,2026-06-01T12:37:04.035570+00:00
01-fandom-exo-fandom-events,01-fandom,01,exo-fandom-events,엑소 팬덤과 함께하는 이벤트,엑소 팬덤과 함께하는 이벤트 모음,info,issue,엑소 팬덤과 함께하는 이벤트와 소식,meta-llama/llama-4-scout-17b-16e-instruct,2026-06-01T12:37:04.035570+00:00
01-fandom-exo-fandom-join,01-fandom,01,exo-fandom-join,엑소 팬덤 커뮤니티 가입,엑소 팬덤 커뮤니티 가입 방법,howto,howto,엑소 팬덤 커뮤니티 가입 방법과 가이드,meta-llama/llama-4-scout-17b-16e-instruct,2026-06-01T12:37:04.035570+00:00
01-fandom-fandom-community-event,01-fandom,01,fandom-community-event,팬덤 커뮤니티 이벤트,팬덤 커뮤니티 이벤트 참여 가이드,howto,tip,팬덤 커뮤니티 이벤트 참여 가이드,meta-llama/llama-4-scout-17b-16e-instruct,2026-06-01T12:37:04.035570+00:00
01-fandom-fandom-community-management,01-fandom,01,fandom-community-management,팬덤 커뮤니티 관리 팁,팬덤 커뮤니티 관리 팁과 방법,howto,tip,팬덤 커뮤니티를 관리하는 팁과 방법,meta-llama/llama-4-scout-17b-16e-instruct,2026-06-01T12:37:04.035570+00:00
01-fandom-fandom-community-review,01-fandom,01,fandom-community-review,팬덤 커뮤니티 리뷰,팬덤 커뮤니티 리뷰와 평가,review,review,팬덤 커뮤니티 리뷰와 평가,meta-llama/llama-4-scout-17b-16e-instruct,2026-06-01T12:37:04.035570+00:00
01-fandom-gidle-fandom-guide,01-fandom,01,gidle-fandom-guide,(G)I-DLE 팬덤 가이드,(G)I-DLE 팬덤 가이드와 정보,info,issue,(G)I-DLE 팬덤 가이드와 정보,meta-llama/llama-4-scout-17b-16e-instruct,2026-06-01T12:37:04.035570+00:00
01-fandom-idol-fandom-communication,01-fandom,01,idol-fandom-communication,아이돌 팬덤 소통 방법,아이돌 팬덤 소통 방법과 팁,howto,tip,아이돌 팬덤 소통 방법과 팁,meta-llama/llama-4-scout-17b-16e-instruct,2026-06-01T12:37:04.035570+00:00
01-fandom-idol-fandom-community,01-fandom,01,idol-fandom-community,아이돌 팬덤 커뮤니티 참여,아이돌 팬덤 커뮤니티 참여 방법과 팁,howto,tip,아이돌 팬덤 커뮤니티에 참여하는 방법과 활동 팁,meta-llama/llama-4-scout-17b-16e-instruct,2026-06-01T12:37:04.035570+00:00
01-fandom-idol-fandom-donation-method,01-fandom,01,idol-fandom-donation-method,아이돌 팬덤 기부 방법,아이돌 팬덤 기부 방법과 사례,howto,howto,아이돌 팬덤 기부 방법과 사례,meta-llama/llama-4-scout-17b-16e-instruct,2026-06-01T12:37:04.035570+00:00
01-fandom-idol-fandom-event-guide,01-fandom,01,idol-fandom-event-guide,아이돌 팬덤 이벤트 참여 가이드,아이돌 팬덤 이벤트 참여 가이드와 팁,howto,tip,아이돌 팬덤 이벤트에 참여하는 가이드와 팁,meta-llama/llama-4-scout-17b-16e-instruct,2026-06-01T12:37:04.035570+00:00
01-fandom-idol-fandom-guide,01-fandom,01,idol-fandom-guide,아이돌 팬덤 가이드,아이돌 팬덤 가이드와 팁,howto,tip,아이돌 팬덤 가이드와 팁,meta-llama/llama-4-scout-17b-16e-instruct,2026-06-01T12:37:04.035570+00:00
01-fandom-itzy-fandom-community-activity,01-fandom,01,itzy-fandom-community-activity,ITZY 팬덤 커뮤니티 활동,ITZY 팬덤 커뮤니티 활동 가이드,howto,howto,ITZY 팬덤 커뮤니티 활동 가이드와 팁,meta-llama/llama-4-scout-17b-16e-instruct,2026-06-01T12:37:04.035570+00:00
01-fandom-iu-fandom-community,01-fandom,01,iu-fandom-community,아이유 팬덤 커뮤니티 가입하기,아이유 팬덤 커뮤니티 가입하고 소식받기,howto,howto,아이유 팬덤 커뮤니티에 가입하여 최신 소식과 정보를 받는 방법,meta-llama/llama-4-scout-17b-16e-instruct,2026-06-01T12:37:04.035570+00:00
01-fandom-iu-fandom-community-create,01-fandom,01,iu-fandom-community-create,아이유 팬덤 커뮤니티 만들기,아이유 팬덤 커뮤니티 만들기 가이드,howto,howto,아이유 팬덤 커뮤니티 만들기 가이드와 팁,meta-llama/llama-4-scout-17b-16e-instruct,2026-06-01T12:37:04.035570+00:00
01-fandom-iu-fandom-community-guide,01-fandom,01,iu-fandom-community-guide,아이유 팬덤 커뮤니티 가입 가이드,아이유 팬덤 커뮤니티 가입 가이드와 팁,howto,howto,아이유 팬덤 커뮤니티 가입 가이드와 팁,meta-llama/llama-4-scout-17b-16e-instruct,2026-06-01T12:37:04.035570+00:00
01-fandom-iu-fandom-community-tip,01-fandom,01,iu-fandom-community-tip,아이유 팬덤 커뮤니티 활동 팁,아이유 팬덤 커뮤니티 활동 팁과 소통 방법,howto,tip,아이유 팬덤 커뮤니티에서 활동하고 소통하는 팁,meta-llama/llama-4-scout-17b-16e-instruct,2026-06-01T12:37:04.035570+00:00
01-fandom-kpop-fandom-chat,01-fandom,01,kpop-fandom-chat,K-POP 팬덤 소통 채널,K-POP 팬덤 소통 채널 만들기와 활용법,howto,howto,K-POP 팬덤 소통 채널을 만들고 활용하는 방법,meta-llama/llama-4-scout-17b-16e-instruct,2026-06-01T12:37:04.035570+00:00
01-fandom-kpop-fandom-history,01-fandom,01,kpop-fandom-history,K-POP 팬덤 역사,K-POP 팬덤 역사와 발전 과정,info,issue,K-POP 팬덤의 역사와 발전 과정,meta-llama/llama-4-scout-17b-16e-instruct,2026-06-01T12:37:04.035570+00:00
01-fandom-kpop-fandom-issue,01-fandom,01,kpop-fandom-issue,K-POP 팬덤 이슈,K-POP 팬덤 이슈와 논란,info,issue,K-POP 팬덤 이슈와 논란,meta-llama/llama-4-scout-17b-16e-instruct,2026-06-01T12:37:04.035570+00:00
01-fandom-kpop-fandom-volunteer,01-fandom,01,kpop-fandom-volunteer,K-POP 팬덤 봉사,K-POP 팬덤 봉사 활동 사례와 방법,info,review,K-POP 팬덤 봉사 활동 사례와 방법,meta-llama/llama-4-scout-17b-16e-instruct,2026-06-01T12:37:04.035570+00:00
01-fandom-monsta-x-fandom-communication,01-fandom,01,monsta-x-fandom-communication,몬스타엑스 팬덤 소통 방법,몬스타엑스 팬덤 소통 방법과 채널,howto,howto,몬스타엑스 팬덤 소통 방법과 채널,meta-llama/llama-4-scout-17b-16e-instruct,2026-06-01T12:37:04.035570+00:00
01-fandom-monstax-fandom-communication,01-fandom,01,monstax-fandom-communication,몬스타엑스 팬덤과 소통,몬스타엑스 팬덤과 소통하는 법,howto,tip,몬스타엑스 팬덤과 소통하는 법과 팁,meta-llama/llama-4-scout-17b-16e-instruct,2026-06-01T12:37:04.035570+00:00
01-fandom-nct-fandom-donation,01-fandom,01,nct-fandom-donation,NCT 팬덤과 함께하는 기부,NCT 팬덤과 함께하는 기부 활동,info,issue,NCT 팬덤과 함께하는 기부 활동과 소식,meta-llama/llama-4-scout-17b-16e-instruct,2026-06-01T12:37:04.035570+00:00
01-fandom-nct-fandom-donation-2,01-fandom,01,nct-fandom-donation-2,NCT 팬덤 기부 참여 방법,NCT 팬덤 기부 참여 방법과 효과,howto,howto,NCT 팬덤 기부 참여 방법과 효과,meta-llama/llama-4-scout-17b-16e-instruct,2026-06-01T12:37:04.035570+00:00
01-fandom-nct-fandom-guide,01-fandom,01,nct-fandom-guide,NCT 팬덤 가이드,NCT 팬덤 가이드와 정보,info,issue,NCT 팬덤 가이드와 정보,meta-llama/llama-4-scout-17b-16e-instruct,2026-06-01T12:37:04.035570+00:00
01-fandom-redvelvet-fandom-communication,01-fandom,01,redvelvet-fandom-communication,레드벨벳 팬덤 소통 채널 만들기,레드벨벳 팬덤 소통 채널 만들기와 관리 팁,howto,howto,레드벨벳 팬덤 소통 채널을 만들고 관리하는 팁,meta-llama/llama-4-scout-17b-16e-instruct,2026-06-01T12:37:04.035570+00:00
01-fandom-redvelvet-fandom-events,01-fandom,01,redvelvet-fandom-events,레드벨벳 팬덤 이벤트,레드벨벳 팬덤 이벤트 모음,info,issue,레드벨벳 팬덤 이벤트 모음과 소식,meta-llama/llama-4-scout-17b-16e-instruct,2026-06-01T12:37:04.035570+00:00
01-fandom-redvelvet-fandom-join,01-fandom,01,redvelvet-fandom-join,레드벨벳 팬덤 커뮤니티 가입,레드벨벳 팬덤 커뮤니티 가입 방법,howto,howto,레드벨벳 팬덤 커뮤니티 가입 방법과 가이드,meta-llama/llama-4-scout-17b-16e-instruct,2026-06-01T12:37:04.035570+00:00
01-fandom-seventeen-fandom-events-participate,01-fandom,01,seventeen-fandom-events-participate,세븐틴 팬덤 이벤트 참여,세븐틴 팬덤 이벤트 참여 방법,howto,tip,세븐틴 팬덤 이벤트 참여 방법과 팁,meta-llama/llama-4-scout-17b-16e-instruct,2026-06-01T12:37:04.035570+00:00
01-fandom-shinee-fandom-volunteer,01-fandom,01,shinee-fandom-volunteer,샤이니 팬덤과 함께하는 봉사,샤이니 팬덤과 함께하는 봉사 활동,info,issue,샤이니 팬덤과 함께하는 봉사 활동과 소식,meta-llama/llama-4-scout-17b-16e-instruct,2026-06-01T12:37:04.035570+00:00
01-fandom-shinee-fandom-volunteer-2,01-fandom,01,shinee-fandom-volunteer-2,샤이니 팬덤 봉사 활동 사례,샤이니 팬덤 봉사 활동 사례와 효과,review,review,샤이니 팬덤 봉사 활동 사례와 효과,meta-llama/llama-4-scout-17b-16e-instruct,2026-06-01T12:37:04.035570+00:00
01-fandom-twice-fandom-communication-channel,01-fandom,01,twice-fandom-communication-channel,트와이스 팬덤 소통 채널,트와이스 팬덤 소통 채널 가이드,howto,howto,트와이스 팬덤 소통 채널과 가이드,meta-llama/llama-4-scout-17b-16e-instruct,2026-06-01T12:37:04.035570+00:00
01-fandom-twice-fandom-community-guide,01-fandom,01,twice-fandom-community-guide,트와이스 팬덤 커뮤니티 가이드,트와이스 팬덤 커뮤니티 가이드로 알아보기,info,tip,트와이스 팬덤 커뮤니티 가이드로 활동과 소통 방법 알아보기,meta-llama/llama-4-scout-17b-16e-instruct,2026-06-01T12:37:04.035570+00:00
01-fandom-twice-fandom-donation,01-fandom,01,twice-fandom-donation,트와이스 팬덤 기부 활동,트와이스 팬덤 기부 활동 사례,review,issue,트와이스 팬덤의 기부 활동 사례와 후기,meta-llama/llama-4-scout-17b-16e-instruct,2026-06-01T12:37:04.035570+00:00
01-fandom-twice-fandom-volunteer,01-fandom,01,twice-fandom-volunteer,트와이스 팬덤 봉사,트와이스 팬덤 봉사 활동과 소식,info,issue,트와이스 팬덤 봉사 활동과 소식,meta-llama/llama-4-scout-17b-16e-instruct,2026-06-01T12:37:04.035570+00:00
01-fandom-twicetagram-fandom-community,01-fandom,01,twicetagram-fandom-community,트와이스 팬덤 커뮤니티 활동,트와이스 팬덤 커뮤니티 활동 가이드,howto,howto,트와이스 팬덤 커뮤니티 활동 가이드,meta-llama/llama-4-scout-17b-16e-instruct,2026-06-01T12:37:04.035570+00:00
01-interview-2024-kpop-festival-lineup,01-interview,01,2024-kpop-festival-lineup,2024 K-POP 축제 라인업,2024 K-POP 축제 라인업과 일정,info,issue,2024년 K-POP 축제 라인업과 일정,meta-llama/llama-4-scout-17b-16e-instruct,2026-06-01T12:31:11.146046+00:00
01-interview-2024-kpop-festival-review,01-interview,01,2024-kpop-festival-review,2024 K-POP 축제 현장 후기,2024 K-POP 축제 현장 후기와 리뷰,review,review,2024 K-POP 축제 현장 후기와 리뷰,meta-llama/llama-4-scout-17b-16e-instruct,2026-06-01T12:37:04.035570+00:00
01-interview-2024-variety-show-episodes,01-interview,01,2024-variety-show-episodes,2024 예능 프로그램 회차 정보,2024 예능 프로그램 회차 정보와 방송 일정,info,issue,2024년 예능 프로그램 회차 정보와 방송 일정,meta-llama/llama-4-scout-17b-16e-instruct,2026-06-01T12:31:11.146046+00:00
01-interview-2026-drama-ending-review,01-interview,01,2026-drama-ending-review,2026 드라마 결말 리뷰,2026 드라마 결말 리뷰와 분석,review,review,2026년 드라마 결말 리뷰와 분석,meta-llama/llama-4-scout-17b-16e-instruct,2026-06-01T12:31:11.146046+00:00
01-interview-bts-interview,01-interview,01,bts-interview,BTS 인터뷰,BTS 멤버별 인터뷰 모음,info,review,방탄소년단 멤버별 인터뷰 기사 모음,meta-llama/llama-4-scout-17b-16e-instruct,2026-06-01T12:31:11.146046+00:00
01-interview-celebrity-fashion-brand,01-interview,01,celebrity-fashion-brand,연예인 패션 브랜드 선호도,연예인 패션 브랜드 선호도와 스타일링 팁,compare,tip,연예인들이 선호하는 패션 브랜드와 스타일링 팁,meta-llama/llama-4-scout-17b-16e-instruct,2026-06-01T12:31:11.146046+00:00
01-interview-celebrity-fashion-trend-2023,01-interview,01,celebrity-fashion-trend-2023,2023 연예인 패션 트렌드,2023 연예인 패션 트렌드 분석,info,issue,2023년 연예인 패션 트렌드 분석,meta-llama/llama-4-scout-17b-16e-instruct,2026-06-01T12:31:11.146046+00:00
01-interview-celebrity-social-media,01-interview,01,celebrity-social-media,연예인 소셜 미디어,연예인 소셜 미디어 계정,info,issue,연예인 소셜 미디어 계정 모음,meta-llama/llama-4-scout-17b-16e-instruct,2026-06-01T12:31:11.146046+00:00
01-interview-celebrity-social-media-management,01-interview,01,celebrity-social-media-management,연예인 소셜미디어 관리법,연예인 소셜미디어 관리법과 팁,howto,tip,연예인들이 소셜미디어를 관리하는 법과 팁,meta-llama/llama-4-scout-17b-16e-instruct,2026-06-01T12:37:04.035570+00:00
01-interview-drama-cast-interview-prep,01-interview,01,drama-cast-interview-prep,드라마 출연진 인터뷰 준비,드라마 출연진 인터뷰 준비 과정과 팁,howto,howto,드라마 출연진 인터뷰를 준비하는 방법과 주의사항,meta-llama/llama-4-scout-17b-16e-instruct,2026-06-01T12:37:04.035570+00:00
01-interview-drama-cast-interview-questions,01-interview,01,drama-cast-interview-questions,드라마 출연진 인터뷰 질문 준비,드라마 출연진 인터뷰 질문 준비와 노하우,howto,howto,드라마 출연진 인터뷰 질문을 준비하는 노하우,meta-llama/llama-4-scout-17b-16e-instruct,2026-06-01T12:37:04.035570+00:00
01-interview-drama-ending-2022,01-interview,01,drama-ending-2022,2022 드라마 결말,2022 인기 드라마 결말 모음,info,review,2022년 인기 드라마 결말 모음,meta-llama/llama-4-scout-17b-16e-instruct,2026-06-01T12:31:11.146046+00:00
01-interview-drama-ost-singer-interview,01-interview,01,drama-ost-singer-interview,드라마 OST 가창자 인터뷰,드라마 OST 가창자 인터뷰와 음악 이야기,info,review,드라마 OST 가창자 인터뷰와 음악 이야기,meta-llama/llama-4-scout-17b-16e-instruct,2026-06-01T12:31:11.146046+00:00
01-interview-drama-ost-singer-selection,01-interview,01,drama-ost-singer-selection,드라마 OST 가창자 선정 과정,드라마 OST 가창자 선정 과정과 기준,info,issue,드라마 OST 가창자 선정 과정과 기준,meta-llama/llama-4-scout-17b-16e-instruct,2026-06-01T12:31:11.146046+00:00
01-interview-drama-production-company-interview,01-interview,01,drama-production-company-interview,드라마 제작사 인터뷰,드라마 제작사 인터뷰와 제작 과정,info,review,드라마 제작사 인터뷰와 제작 과정,meta-llama/llama-4-scout-17b-16e-instruct,2026-06-01T12:31:11.146046+00:00
01-interview-drama-review-site,01-interview,01,drama-review-site,드라마 리뷰 사이트,드라마 리뷰 사이트 모음,info,review,드라마 리뷰 사이트 모음,meta-llama/llama-4-scout-17b-16e-instruct,2026-06-01T12:31:11.146046+00:00
01-interview-drama-set-interview,01-interview,01,drama-set-interview,드라마 촬영 현장 인터뷰,드라마 촬영 현장 인터뷰 가이드,howto,howto,드라마 촬영 현장에서 인터뷰하는 방법과 팁,meta-llama/llama-4-scout-17b-16e-instruct,2026-06-01T12:31:11.146046+00:00
01-interview-drama-set-interview-2023,01-interview,01,drama-set-interview-2023,2023 드라마 촬영장 인터뷰,2023 드라마 촬영장 인터뷰와 비하인드 스토리,info,issue,2023년 드라마 촬영장 인터뷰와 비하인드 스토리,meta-llama/llama-4-scout-17b-16e-instruct,2026-06-01T12:31:11.146046+00:00
01-interview-drama-set-interview-prep,01-interview,01,drama-set-interview-prep,드라마 촬영장 인터뷰 준비,드라마 촬영장 인터뷰 준비하는 법,howto,howto,드라마 촬영장 인터뷰를 준비하는 방법,meta-llama/llama-4-scout-17b-16e-instruct,2026-06-01T12:31:11.146046+00:00
01-interview-drama-set-interview-questions,01-interview,01,drama-set-interview-questions,드라마 촬영장 인터뷰 질문,드라마 촬영장 인터뷰 질문과 답변 가이드,howto,howto,드라마 촬영장 인터뷰에서 자주 묻는 질문과 답변 팁,meta-llama/llama-4-scout-17b-16e-instruct,2026-06-01T12:37:04.035570+00:00
01-interview-drama-set-interview-tips,01-interview,01,drama-set-interview-tips,드라마 촬영장 인터뷰 노하우,드라마 촬영장 인터뷰 준비와 노하우,howto,howto,드라마 촬영장 인터뷰를 준비하는 방법과 노하우,meta-llama/llama-4-scout-17b-16e-instruct,2026-06-01T12:37:04.035570+00:00
01-interview-drama-set-safety-management,01-interview,01,drama-set-safety-management,드라마 촬영장 안전 관리,드라마 촬영장 안전 관리와 주의 사항,howto,tip,드라마 촬영장 안전 관리와 주의 사항,meta-llama/llama-4-scout-17b-16e-instruct,2026-06-01T12:31:11.146046+00:00
01-interview-drama-set-safety-management-2,01-interview,01,drama-set-safety-management-2,드라마 촬영 현장 안전 관리,드라마 촬영 현장 안전 관리와 주의사항,howto,tip,드라마 촬영 현장에서 안전을 관리하는 법과 주의사항,meta-llama/llama-4-scout-17b-16e-instruct,2026-06-01T12:37:04.035570+00:00
01-interview-drama-set-safety-rules,01-interview,01,drama-set-safety-rules,드라마 촬영장 안전 수칙,드라마 촬영장 안전 수칙과 주의 사항,howto,howto,드라마 촬영장 안전 수칙과 주의 사항,meta-llama/llama-4-scout-17b-16e-instruct,2026-06-01T12:31:11.146046+00:00
01-interview-drama-set-visit,01-interview,01,drama-set-visit,드라마 촬영 현장 방문,드라마 촬영 현장 방문과 체험 프로그램,info,local,드라마 촬영 현장 방문과 체험 프로그램,meta-llama/llama-4-scout-17b-16e-instruct,2026-06-01T12:37:04.035570+00:00
01-interview-drama-shooting-site-2024,01-interview,01,drama-shooting-site-2024,2024 드라마 촬영 현장,2024 인기 드라마 촬영 현장 스토리,info,howto,2024년 인기 드라마 촬영 현장 방문기,meta-llama/llama-4-scout-17b-16e-instruct,2026-06-01T12:31:11.146046+00:00
01-interview-drama-shooting-site-visit,01-interview,01,drama-shooting-site-visit,드라마 촬영장 방문,드라마 촬영장 방문기,info,howto,드라마 촬영장 방문기,meta-llama/llama-4-scout-17b-16e-instruct,2026-06-01T12:31:11.146046+00:00
01-interview-drama-trend-2023-interview,01-interview,01,drama-trend-2023-interview,2023 드라마 트렌드 인터뷰,2023 드라마 트렌드와 감독 인터뷰,info,review,2023 드라마 트렌드와 감독들의 인터뷰,meta-llama/llama-4-scout-17b-16e-instruct,2026-06-01T12:37:04.035570+00:00
01-interview-drama-trend-analysis-2023,01-interview,01,drama-trend-analysis-2023,2023 드라마 트렌드 분석 인터뷰,2023 드라마 트렌드 분석 인터뷰와 전망,info,issue,2023년 드라마 트렌드 분석 인터뷰와 전망,meta-llama/llama-4-scout-17b-16e-instruct,2026-06-01T12:37:04.035570+00:00
01-interview-drama-writer-interview,01-interview,01,drama-writer-interview,드라마 작가 인터뷰,드라마 작가 인터뷰 모음,info,review,드라마 작가 인터뷰 모음,meta-llama/llama-4-scout-17b-16e-instruct,2026-06-01T12:31:11.146046+00:00
01-interview-drama-writer-interview-2,01-interview,01,drama-writer-interview-2,드라마 작가 직업 인터뷰,드라마 작가 직업 인터뷰와 그들의 이야기,info,review,드라마 작가들의 직업 인터뷰와 그들의 이야기,meta-llama/llama-4-scout-17b-16e-instruct,2026-06-01T12:37:04.035570+00:00
01-interview-entertainment-set-safety-management,01-interview,01,entertainment-set-safety-management,예능 프로그램 촬영 현장 안전 관리,예능 프로그램 촬영 현장 안전 관리와 주의사항,info,issue,예능 프로그램 촬영 현장 안전 관리와 주의사항,meta-llama/llama-4-scout-17b-16e-instruct,2026-06-01T12:37:04.035570+00:00
01-interview-entertainment-show-mc-interview,01-interview,01,entertainment-show-mc-interview,예능 프로그램 MC 인터뷰,예능 프로그램 MC 인터뷰와 진행 비결,info,review,예능 프로그램 MC 인터뷰와 진행 비결,meta-llama/llama-4-scout-17b-16e-instruct,2026-06-01T12:31:11.146046+00:00
01-interview-entertainment-show-set-2024,01-interview,01,entertainment-show-set-2024,2024 예능 프로그램 촬영 현장,2024 예능 프로그램 촬영 현장과 비하인드,info,issue,2024년 예능 프로그램 촬영 현장과 비하인드 스토리,meta-llama/llama-4-scout-17b-16e-instruct,2026-06-01T12:31:11.146046+00:00
01-interview-kpop-festival-2024,01-interview,01,kpop-festival-2024,2024 K-POP 축제 일정,2024 K-POP 축제 일정과 라인업,info,issue,2024년 K-POP 축제 일정과 라인업,meta-llama/llama-4-scout-17b-16e-instruct,2026-06-01T12:31:11.146046+00:00
01-interview-kpop-festival-2024-interview,01-interview,01,kpop-festival-2024-interview,2024 K-POP 페스티벌 인터뷰,2024 K-POP 페스티벌 아티스트 인터뷰와 현장,info,issue,2024 K-POP 페스티벌에 참가한 아티스트들의 인터뷰와 현장,meta-llama/llama-4-scout-17b-16e-instruct,2026-06-01T12:37:04.035570+00:00
01-interview-kpop-festival-2024-review,01-interview,01,kpop-festival-2024-review,2024 K-POP 축제 현장과 후기,2024 K-POP 축제 현장과 후기,review,review,2024년 K-POP 축제 현장과 후기,meta-llama/llama-4-scout-17b-16e-instruct,2026-06-01T12:37:04.035570+00:00
01-interview-kpop-festival-lineup-interview,01-interview,01,kpop-festival-lineup-interview,K-POP 축제 라인업 인터뷰,K-POP 축제 라인업과 아티스트 인터뷰,info,issue,K-POP 축제 라인업과 아티스트들의 인터뷰,meta-llama/llama-4-scout-17b-16e-instruct,2026-06-01T12:37:04.035570+00:00
01-interview-kpop-group-communication,01-interview,01,kpop-group-communication,K-POP 그룹 소통법,K-POP 그룹 리더 소통법과 팁,howto,tip,K-POP 그룹 리더의 소통법과 팁,meta-llama/llama-4-scout-17b-16e-instruct,2026-06-01T12:31:11.146046+00:00
01-interview-kpop-group-debut-preparation,01-interview,01,kpop-group-debut-preparation,K-POP 그룹 데뷔 준비 과정,K-POP 그룹 데뷔 준비 과정과 훈련,howto,howto,K-POP 그룹 데뷔 준비 과정과 훈련 방법,meta-llama/llama-4-scout-17b-16e-instruct,2026-06-01T12:31:11.146046+00:00
01-interview-kpop-group-leader-communication,01-interview,01,kpop-group-leader-communication,K-POP 그룹 리더 소통법,K-POP 그룹 리더가 말하는 소통의 기술,howto,tip,K-POP 그룹 리더의 효과적인 소통 방법,meta-llama/llama-4-scout-17b-16e-instruct,2026-06-01T12:31:11.146046+00:00
01-interview-kpop-group-leader-interview,01-interview,01,kpop-group-leader-interview,K-POP 그룹 리더 인터뷰,K-POP 그룹 리더 인터뷰와 리더십 비결,info,review,K-POP 그룹 리더들의 인터뷰와 리더십 비결,meta-llama/llama-4-scout-17b-16e-instruct,2026-06-01T12:31:11.146046+00:00
01-interview-kpop-idol-debut-interview,01-interview,01,kpop-idol-debut-interview,K-POP 아이돌 데뷔 인터뷰,K-POP 아이돌 데뷔 인터뷰 모음,info,review,K-POP 아이돌 데뷔 인터뷰와 그들의 이야기,meta-llama/llama-4-scout-17b-16e-instruct,2026-06-01T12:31:11.146046+00:00
01-interview-kpop-idol-debut-process,01-interview,01,kpop-idol-debut-process,K-POP 아이돌 데뷔 과정,K-POP 아이돌 데뷔 과정 인터뷰,howto,start,K-POP 아이돌 데뷔를 준비하는 과정,meta-llama/llama-4-scout-17b-16e-instruct,2026-06-01T12:31:11.146046+00:00
01-interview-kpop-idol-interview-prep,01-interview,01,kpop-idol-interview-prep,K-POP 아이돌 인터뷰 준비,K-POP 아이돌 인터뷰 준비하는 법,howto,howto,K-POP 아이돌 인터뷰를 준비하는 방법과 팁,meta-llama/llama-4-scout-17b-16e-instruct,2026-06-01T12:31:11.146046+00:00
01-interview-kpop-music-production,01-interview,01,kpop-music-production,K-POP 음악 프로듀싱,K-POP 음악 프로듀싱 과정,howto,start,K-POP 음악 프로듀싱 과정,meta-llama/llama-4-scout-17b-16e-instruct,2026-06-01T12:31:11.146046+00:00
01-interview-kpop-songwriting,01-interview,01,kpop-songwriting,K-POP 음악 작사 방법,K-POP 음악 작사 방법과 인기 가사,howto,howto,K-POP 음악 작사 방법과 인기 가사 쓰기,meta-llama/llama-4-scout-17b-16e-instruct,2026-06-01T12:31:11.146046+00:00
01-interview-variety-show-episode-info-interview,01-interview,01,variety-show-episode-info-interview,예능 프로그램 회차 정보 인터뷰,예능 프로그램 회차 정보와 출연자 인터뷰,info,issue,예능 프로그램 회차 정보와 출연자들의 인터뷰,meta-llama/llama-4-scout-17b-16e-instruct,2026-06-01T12:37:04.035570+00:00
01-interview-variety-show-mc-interview,01-interview,01,variety-show-mc-interview,예능 프로그램 MC 현장 인터뷰,예능 프로그램 MC 현장 인터뷰와 비하인드,info,issue,예능 프로그램 MC들의 현장 인터뷰와 비하인드 스토리,meta-llama/llama-4-scout-17b-16e-instruct,2026-06-01T12:37:04.035570+00:00
01-interview-variety-show-set-review,01-interview,01,variety-show-set-review,예능 프로그램 촬영 현장 리뷰,예능 프로그램 촬영 현장 리뷰와 후기,review,review,예능 프로그램 촬영 현장 리뷰와 후기,meta-llama/llama-4-scout-17b-16e-instruct,2026-06-01T12:31:11.146046+00:00
01-interview-variety-show-youtube-channel-info,01-interview,01,variety-show-youtube-channel-info,예능 프로그램 유튜브 채널 정보,예능 프로그램 유튜브 채널 정보와 인터뷰,info,issue,예능 프로그램 유튜브 채널 정보와 출연자 인터뷰,meta-llama/llama-4-scout-17b-16e-instruct,2026-06-01T12:37:04.035570+00:00
01-interview-youtube-entertainment-program,01-interview,01,youtube-entertainment-program,유튜브 예능 프로그램,유튜브 예능 프로그램 리뷰,review,review,유튜브에서 인기 있는 예능 프로그램 리뷰,meta-llama/llama-4-scout-17b-16e-instruct,2026-06-01T12:31:11.146046+00:00
01-movie-korean-movie-2023-review,01-movie,01,korean-movie-2023-review,2023 한국 영화 결산,2023 한국 영화 결산 리뷰,review,issue,2023년 한국 영화 산업 결산 리뷰,meta-llama/llama-4-scout-17b-16e-instruct,2026-06-01T12:31:11.146046+00:00
01-movie-korean-movie-2024,01-movie,01,korean-movie-2024,2024 한국 영화 개봉작,2024년 한국 영화 개봉작 라인업과 리뷰,info,issue,2024년 한국 영화 개봉작 라인업과 간단 리뷰,meta-llama/llama-4-scout-17b-16e-instruct,2026-06-01T12:31:11.146046+00:00
01-movie-korean-movie-2024-review,01-movie,01,korean-movie-2024-review,2024 한국 영화 결산,2024 한국 영화 결산 리뷰,info,review,2024년 한국 영화 결산 리뷰,meta-llama/llama-4-scout-17b-16e-instruct,2026-06-01T12:37:04.035570+00:00
01-movie-korean-movie-actor,01-movie,01,korean-movie-actor,한국 영화 배우 프로필,한국 영화 배우 프로필과 필모그래피,info,review,한국 영화 배우의 프로필과 필모그래피,meta-llama/llama-4-scout-17b-16e-instruct,2026-06-01T12:31:11.146046+00:00
01-movie-korean-movie-actor-filmography,01-movie,01,korean-movie-actor-filmography,한국 영화 배우 출연 작품 모음,한국 영화 배우 출연 작품 모음,info,review,한국 영화 배우 출연 작품 모음,meta-llama/llama-4-scout-17b-16e-instruct,2026-06-01T12:37:04.035570+00:00
01-movie-korean-movie-actress-interviews,01-movie,01,korean-movie-actress-interviews,한국 영화 배우 인터뷰,한국 영화 배우 인터뷰 모음,info,review,한국 영화 배우들의 인터뷰 모음,meta-llama/llama-4-scout-17b-16e-instruct,2026-06-01T12:31:11.146046+00:00
01-movie-korean-movie-actress-salary,01-movie,01,korean-movie-actress-salary,한국 영화 배우 출연료,한국 영화 배우 출연료 순위,info,issue,한국 영화 배우 출연료 순위,meta-llama/llama-4-scout-17b-16e-instruct,2026-06-01T12:37:04.035570+00:00
01-movie-korean-movie-awards,01-movie,01,korean-movie-awards,한국 영화 시상식,한국 영화 시상식 일정,info,issue,한국 영화 시상식 일정과 수상자,meta-llama/llama-4-scout-17b-16e-instruct,2026-06-01T12:31:11.146046+00:00
01-movie-korean-movie-blogs,01-movie,01,korean-movie-blogs,한국 영화 블로그,한국 영화 블로그 - 리뷰와 정보,info,review,한국 영화를 리뷰하고 정보를 제공하는 블로그,meta-llama/llama-4-scout-17b-16e-instruct,2026-06-01T12:31:11.146046+00:00
01-movie-korean-movie-booking-tips,01-movie,01,korean-movie-booking-tips,한국 영화 예매 팁,한국 영화 예매 할인 팁과 주의사항,howto,tip,한국 영화 예매 시 할인을 받을 수 있는 팁과 주의사항,meta-llama/llama-4-scout-17b-16e-instruct,2026-06-01T12:31:11.146046+00:00
01-movie-korean-movie-director,01-movie,01,korean-movie-director,한국 영화 감독 작품 분석,한국 영화 감독 작품 분석과 특징,review,review,한국 영화 감독의 작품 분석과 특징,meta-llama/llama-4-scout-17b-16e-instruct,2026-06-01T12:31:11.146046+00:00
01-movie-korean-movie-director-interviews,01-movie,01,korean-movie-director-interviews,한국 영화 감독 인터뷰,한국 영화 감독 인터뷰 모음,info,review,한국 영화 감독들의 인터뷰 모음,meta-llama/llama-4-scout-17b-16e-instruct,2026-06-01T12:31:11.146046+00:00
01-movie-korean-movie-discount,01-movie,01,korean-movie-discount,한국 영화 예매 할인 팁,한국 영화 예매 할인 받는 법과 팁,howto,tip,한국 영화 예매 시 할인을 받을 수 있는 방법과 팁,meta-llama/llama-4-scout-17b-16e-instruct,2026-06-01T12:31:11.146046+00:00
01-movie-korean-movie-expectations-2024,01-movie,01,korean-movie-expectations-2024,2024 한국 영화 기대작,2024 한국 영화 기대작 Top 10,info,issue,2024년에 개봉할 한국 영화 기대작 Top 10,meta-llama/llama-4-scout-17b-16e-instruct,2026-06-01T12:31:11.146046+00:00
01-movie-korean-movie-expectations-2026,01-movie,01,korean-movie-expectations-2026,2026 한국 영화 기대작,2026 한국 영화 기대작 라인업,info,issue,2026년 한국 영화 기대작 라인업,meta-llama/llama-4-scout-17b-16e-instruct,2026-06-01T12:31:11.146046+00:00
01-movie-korean-movie-filming-techniques,01-movie,01,korean-movie-filming-techniques,한국 영화 촬영 기술,한국 영화 촬영 기술 소개,info,howto,한국 영화 촬영 기술 소개,meta-llama/llama-4-scout-17b-16e-instruct,2026-06-01T12:31:11.146046+00:00
01-movie-korean-movie-high-rating,01-movie,01,korean-movie-high-rating,한국 영화 평점 높은 영화,한국 영화 평점 높은 영화 추천,review,review,한국 영화 중 평점이 높은 영화 추천,meta-llama/llama-4-scout-17b-16e-instruct,2026-06-01T12:31:11.146046+00:00
01-movie-korean-movie-industry-analysis,01-movie,01,korean-movie-industry-analysis,한국 영화 산업 분석,한국 영화 산업 분석 보고서,info,review,한국 영화 산업 분석 보고서,meta-llama/llama-4-scout-17b-16e-instruct,2026-06-01T12:31:11.146046+00:00
01-movie-korean-movie-lineup-2024,01-movie,01,korean-movie-lineup-2024,2024 한국 영화 라인업,2024 한국 영화 라인업 공개,info,issue,2024년 한국 영화 라인업 공개,meta-llama/llama-4-scout-17b-16e-instruct,2026-06-01T12:31:11.146046+00:00
01-movie-korean-movie-lineup-2026,01-movie,01,korean-movie-lineup-2026,2026 한국 영화 라인업 전망,2026 한국 영화 라인업과 전망,info,issue,2026년 한국 영화 라인업과 전망,meta-llama/llama-4-scout-17b-16e-instruct,2026-06-01T12:37:04.035570+00:00
01-movie-korean-movie-marketing-strategies,01-movie,01,korean-movie-marketing-strategies,한국 영화 마케팅 전략,한국 영화 마케팅 전략 사례,info,howto,한국 영화 마케팅 전략 사례 모음,meta-llama/llama-4-scout-17b-16e-instruct,2026-06-01T12:31:11.146046+00:00
01-movie-korean-movie-music,01-movie,01,korean-movie-music,한국 영화 음악,한국 영화 음악 추천,info,review,한국 영화에 나오는 음악 추천,meta-llama/llama-4-scout-17b-16e-instruct,2026-06-01T12:31:11.146046+00:00
01-movie-korean-movie-newsletter,01-movie,01,korean-movie-newsletter,한국 영화 뉴스레터,한국 영화 뉴스레터 구독,info,tip,한국 영화 관련 뉴스레터 구독 추천,meta-llama/llama-4-scout-17b-16e-instruct,2026-06-01T12:31:11.146046+00:00
01-movie-korean-movie-ott-comparison,01-movie,01,korean-movie-ott-comparison,한국 영화 OTT 서비스 비교,한국 영화 볼 수 있는 OTT 서비스 비교,compare,compare,한국 영화를 볼 수 있는 다양한 OTT 서비스 비교 분석,meta-llama/llama-4-scout-17b-16e-instruct,2026-06-01T12:31:11.146046+00:00
01-movie-korean-movie-ott-platforms,01-movie,01,korean-movie-ott-platforms,한국 영화 OTT 플랫폼,한국 영화 볼 수 있는 OTT 플랫폼,info,compare,한국 영화를 볼 수 있는 다양한 OTT 플랫폼 비교,meta-llama/llama-4-scout-17b-16e-instruct,2026-06-01T12:31:11.146046+00:00
01-movie-korean-movie-ott-usage,01-movie,01,korean-movie-ott-usage,한국 영화 OTT 서비스 이용률,한국 영화 OTT 서비스 이용률 분석,info,issue,한국 영화 OTT 서비스 이용률 분석,meta-llama/llama-4-scout-17b-16e-instruct,2026-06-01T12:37:04.035570+00:00
01-movie-korean-movie-poster,01-movie,01,korean-movie-poster,한국 영화 포스터 디자인,한국 영화 포스터 디자인 분석,review,review,한국 영화 포스터 디자인 분석,meta-llama/llama-4-scout-17b-16e-instruct,2026-06-01T12:31:11.146046+00:00
01-movie-korean-movie-posters,01-movie,01,korean-movie-posters,한국 영화 포스터 모음,한국 영화 포스터 모음집,info,review,한국 영화 포스터 모음집,meta-llama/llama-4-scout-17b-16e-instruct,2026-06-01T12:31:11.146046+00:00
01-movie-korean-movie-rating,01-movie,01,korean-movie-rating,한국 영화 평점 순위,한국 영화 평점 순위 TOP 10,info,review,한국 영화의 평점 순위와 높은 평점을 받은 영화들,meta-llama/llama-4-scout-17b-16e-instruct,2026-06-01T12:37:04.035570+00:00
01-movie-korean-movie-rating-2024,01-movie,01,korean-movie-rating-2024,2024 한국 영화 평점,2024 한국 영화 평점 높은 영화,info,review,2024년 한국 영화 평점 높은 영화 목록,meta-llama/llama-4-scout-17b-16e-instruct,2026-06-01T12:31:11.146046+00:00
01-movie-korean-movie-rating-sites,01-movie,01,korean-movie-rating-sites,한국 영화 평점 사이트,한국 영화 평점 사이트 순위,info,compare,한국 영화 평점을 매기는 웹사이트 순위,meta-llama/llama-4-scout-17b-16e-instruct,2026-06-01T12:31:11.146046+00:00
01-movie-korean-movie-recommendation,01-movie,01,korean-movie-recommendation,한국 영화 추천,한국 영화 추천 리스트 - 최신 흥행작,info,tip,최신 흥행작을 중심으로 한 한국 영화 추천 리스트,meta-llama/llama-4-scout-17b-16e-instruct,2026-06-01T12:31:11.146046+00:00
01-movie-korean-movie-review-blogs,01-movie,01,korean-movie-review-blogs,한국 영화 리뷰 블로그,한국 영화 리뷰 블로그 추천,info,tip,한국 영화를 리뷰하는 블로그 추천,meta-llama/llama-4-scout-17b-16e-instruct,2026-06-01T12:31:11.146046+00:00
01-movie-korean-movie-review-sites,01-movie,01,korean-movie-review-sites,한국 영화 리뷰 사이트,한국 영화 리뷰 사이트 추천,info,tip,한국 영화를 리뷰하는 웹사이트 추천,meta-llama/llama-4-scout-17b-16e-instruct,2026-06-01T12:31:11.146046+00:00
01-movie-korean-movie-streaming,01-movie,01,korean-movie-streaming,한국 영화 스트리밍 플랫폼 비교,한국 영화 스트리밍 플랫폼 비교 분석,compare,compare,한국 영화를 볼 수 있는 스트리밍 플랫폼 비교 분석,meta-llama/llama-4-scout-17b-16e-instruct,2026-06-01T12:31:11.146046+00:00
01-movie-korean-movie-streaming-platform-prices,01-movie,01,korean-movie-streaming-platform-prices,한국 영화 스트리밍 플랫폼 가격 비교,한국 영화 스트리밍 플랫폼 가격 비교,compare,compare,한국 영화를 스트리밍하는 플랫폼의 가격을 비교합니다.,meta-llama/llama-4-scout-17b-16e-instruct,2026-06-01T12:31:11.146046+00:00
01-movie-korean-movie-streaming-services,01-movie,01,korean-movie-streaming-services,한국 영화 스트리밍 서비스,한국 영화 스트리밍 서비스 추천,info,compare,한국 영화를 스트리밍할 수 있는 서비스 추천,meta-llama/llama-4-scout-17b-16e-instruct,2026-06-01T12:31:11.146046+00:00
01-movie-korean-movie-ticket-discount,01-movie,01,korean-movie-ticket-discount,한국 영화 예매권 할인,한국 영화 예매권 할인 받는 방법,howto,tip,한국 영화 예매권을 할인 받기 위한 다양한 방법,meta-llama/llama-4-scout-17b-16e-instruct,2026-06-01T12:37:04.035570+00:00
01-movie-korean-movie-ticketing,01-movie,01,korean-movie-ticketing,한국 영화 예매 사이트,한국 영화 예매 사이트 추천,info,tip,한국 영화 예매를 위한 웹사이트 추천,meta-llama/llama-4-scout-17b-16e-instruct,2026-06-01T12:31:11.146046+00:00
01-movie-korean-movie-tourism,01-movie,01,korean-movie-tourism,한국 영화 촬영지 관광,한국 영화 촬영지 관광 코스,info,local,한국 영화 촬영지를 활용한 관광 코스 추천,meta-llama/llama-4-scout-17b-16e-instruct,2026-06-01T12:31:11.146046+00:00
01-movie-korean-movie-upcoming-2024,01-movie,01,korean-movie-upcoming-2024,2024 한국 영화 개봉 예정작,2024 한국 영화 개봉 예정작 정보,info,issue,2024년 한국 영화 개봉 예정작 정보,meta-llama/llama-4-scout-17b-16e-instruct,2026-06-01T12:31:11.146046+00:00
01-movie-korean-movie-vod-services,01-movie,01,korean-movie-vod-services,한국 영화 VOD 서비스,한국 영화 VOD 서비스 추천,info,compare,한국 영화를 볼 수 있는 VOD 서비스 추천,meta-llama/llama-4-scout-17b-16e-instruct,2026-06-01T12:31:11.146046+00:00
01-music-2026-music-trend,01-music,01,2026-music-trend,2026 음악 트렌드 전망,2026 음악 트렌드 전망과 예측,info,issue,2026년 음악 트렌드 전망과 예측,meta-llama/llama-4-scout-17b-16e-instruct,2026-06-01T12:31:11.146046+00:00
01-music-ai-music-composition,01-music,01,ai-music-composition,인공지능 음악 작곡,인공지능 음악 작곡 도구와 활용법,howto,howto,인공지능을 활용한 음악 작곡 방법과 도구 소개,meta-llama/llama-4-scout-17b-16e-instruct,2026-06-01T12:31:11.146046+00:00
01-music-ai-music-creation,01-music,01,ai-music-creation,인공지능 음악 생성 도구,인공지능으로 음악 만드는 법,howto,howto,인공지능을 활용해 음악을 생성하는 방법과 도구들,meta-llama/llama-4-scout-17b-16e-instruct,2026-06-01T12:31:11.146046+00:00
01-music-albums-released-2023,01-music,01,albums-released-2023,2023 발매 앨범,2023년에 발매된 인기 앨범 리스트,info,issue,2023년에 발매된 인기 앨범 정보,meta-llama/llama-4-scout-17b-16e-instruct,2026-06-01T12:31:11.146046+00:00
01-music-create-music-playlist,01-music,01,create-music-playlist,음악 플레이리스트 만들기,나만의 음악 플레이리스트 만들기,howto,howto,나만의 음악 플레이리스트를 만드는 방법,meta-llama/llama-4-scout-17b-16e-instruct,2026-06-01T12:31:11.146046+00:00
01-music-korean-music-chart,01-music,01,korean-music-chart,인기 가요 차트,최신 인기 가요 차트와 순위,info,issue,현재 인기 가요 차트와 순위 정보,meta-llama/llama-4-scout-17b-16e-instruct,2026-06-01T12:31:11.146046+00:00
01-music-korean-singer-concert,01-music,01,korean-singer-concert,인기 가수 콘서트,인기 가수 콘서트 일정과 티켓팅 팁,info,tip,인기 가수 콘서트 일정과 티켓팅 가이드,meta-llama/llama-4-scout-17b-16e-instruct,2026-06-01T12:31:11.146046+00:00
01-music-kpop-chart-ranking,01-music,01,kpop-chart-ranking,K-POP 가요 차트 순위,최신 K-POP 가요 차트 순위 확인하기,info,issue,현재 인기 있는 K-POP 가요 차트 순위 정보,meta-llama/llama-4-scout-17b-16e-instruct,2026-06-01T12:37:04.035570+00:00
01-music-kpop-dance-challenge,01-music,01,kpop-dance-challenge,K-POP 댄스 챌린지,인기 K-POP 댄스 챌린지와 따라하기,howto,tip,K-POP 댄스 챌린지 따라하기 가이드,meta-llama/llama-4-scout-17b-16e-instruct,2026-06-01T12:31:11.146046+00:00
01-music-kpop-dance-class,01-music,01,kpop-dance-class,K-POP 댄스 클래스 추천,K-POP 댄스 클래스 추천과 후기,review,review,K-POP 댄스 클래스 추천과 후기 정보,meta-llama/llama-4-scout-17b-16e-instruct,2026-06-01T12:31:11.146046+00:00
01-music-kpop-dance-learn,01-music,01,kpop-dance-learn,K-POP 댄스 배우기,K-POP 댄스 기초 배우기,howto,howto,K-POP 댄스의 기초 동작을 배우는 방법,meta-llama/llama-4-scout-17b-16e-instruct,2026-06-01T12:37:04.035570+00:00
01-music-kpop-dance-practice,01-music,01,kpop-dance-practice,K-POP 댄스 연습,K-POP 댄스 연습을 위한 초보자 가이드,howto,howto,K-POP 댄스를 연습하는 방법과 팁,meta-llama/llama-4-scout-17b-16e-instruct,2026-06-01T12:31:11.146046+00:00
01-music-kpop-fandom-culture,01-music,01,kpop-fandom-culture,K-POP 팬덤 문화,K-POP 팬덤 문화와 커뮤니티,info,issue,K-POP 팬덤 문화와 커뮤니티 분석,meta-llama/llama-4-scout-17b-16e-instruct,2026-06-01T12:31:11.146046+00:00
01-music-kpop-group-ranking,01-music,01,kpop-group-ranking,K-POP 그룹 순위,최신 K-POP 그룹 순위와 인기 분석,info,issue,현재 K-POP 그룹 순위와 인기 분석,meta-llama/llama-4-scout-17b-16e-instruct,2026-06-01T12:31:11.146046+00:00
01-music-kpop-idol-trainee,01-music,01,kpop-idol-trainee,K-POP 아이돌 연습생,K-POP 아이돌 연습생이 되는 방법,howto,tip,K-POP 아이돌 연습생이 되는 가이드,meta-llama/llama-4-scout-17b-16e-instruct,2026-06-01T12:31:11.146046+00:00
01-music-kpop-music-chart,01-music,01,kpop-music-chart,K-POP 음악 차트 순위,K-POP 음악 차트 순위 및 분석,info,issue,K-POP 음악 차트 순위와 분석,meta-llama/llama-4-scout-17b-16e-instruct,2026-06-01T12:31:11.146046+00:00
01-music-kpop-music-festival,01-music,01,kpop-music-festival,K-POP 음악 축제 정보,K-POP 음악 축제 정보와 라인업,info,issue,K-POP 음악 축제 정보와 라인업,meta-llama/llama-4-scout-17b-16e-instruct,2026-06-01T12:31:11.146046+00:00
01-music-kpop-music-video,01-music,01,kpop-music-video,K-POP 뮤직비디오,인기 K-POP 뮤직비디오와 순위,info,issue,인기 K-POP 뮤직비디오 순위 정보,meta-llama/llama-4-scout-17b-16e-instruct,2026-06-01T12:31:11.146046+00:00
01-music-kpop-mv-analysis,01-music,01,kpop-mv-analysis,K-POP 뮤직 비디오 분석,K-POP 뮤직 비디오 분석과 해석,review,review,K-POP 뮤직 비디오의 분석과 해석,meta-llama/llama-4-scout-17b-16e-instruct,2026-06-01T12:31:11.146046+00:00
01-music-kpop-mv-rank,01-music,01,kpop-mv-rank,K-POP 뮤직 비디오 순위,K-POP 뮤직 비디오 조회수 순위,info,review,K-POP 뮤직 비디오 조회수 순위와 인기 뮤비,meta-llama/llama-4-scout-17b-16e-instruct,2026-06-01T12:31:11.146046+00:00
01-music-kpop-new-group-2023,01-music,01,kpop-new-group-2023,K-POP 신인 그룹,2023 K-POP 신인 그룹 데뷔와 활동,info,issue,2023년 데뷔한 K-POP 신인 그룹 정보,meta-llama/llama-4-scout-17b-16e-instruct,2026-06-01T12:31:11.146046+00:00
01-music-kpop-new-group-2023-2,01-music,01,kpop-new-group-2023-2,K-POP 그룹 데뷔 정보,2023 K-POP 신인 그룹 데뷔 정보와 활동,info,issue,2023년 데뷔한 K-POP 신인 그룹 정보와 활동 내역,meta-llama/llama-4-scout-17b-16e-instruct,2026-06-01T12:31:11.146046+00:00
01-music-kpop-new-singer,01-music,01,kpop-new-singer,K-POP 신인 가수 정보,K-POP 신인 가수 정보 및 데뷔,info,tip,K-POP 신인 가수의 정보와 데뷔 소식,meta-llama/llama-4-scout-17b-16e-instruct,2026-06-01T12:31:11.146046+00:00
01-music-kpop-new-song-info,01-music,01,kpop-new-song-info,K-POP 신곡 정보 제공,K-POP 신곡 정보 제공과 리뷰,info,issue,K-POP 신곡 정보 제공과 리뷰,meta-llama/llama-4-scout-17b-16e-instruct,2026-06-01T12:31:11.146046+00:00
01-music-kpop-new-songs,01-music,01,kpop-new-songs,K-POP 신곡 플레이리스트,최신 K-POP 신곡 플레이리스트 모음,info,howto,최신 K-POP 신곡으로 만든 플레이리스트 모음,meta-llama/llama-4-scout-17b-16e-instruct,2026-06-01T12:31:11.146046+00:00
01-music-kpop-trend-2023,01-music,01,kpop-trend-2023,2023 K-POP 트렌드,2023 K-POP 트렌드와 전망,info,issue,2023년 K-POP 트렌드와 전망 정보,meta-llama/llama-4-scout-17b-16e-instruct,2026-06-01T12:31:11.146046+00:00
01-music-kpop-trend-2024,01-music,01,kpop-trend-2024,2024 K-POP 트렌드 전망,2024 K-POP 트렌드 전망과 분석,info,issue,2024년 K-POP 트렌드 전망과 분석,meta-llama/llama-4-scout-17b-16e-instruct,2026-06-01T12:31:11.146046+00:00
01-music-music-awards-2023,01-music,01,music-awards-2023,2023 음악 어워즈,2023 음악 어워즈 수상자 리스트,info,issue,2023년 음악 어워즈 수상자 정보,meta-llama/llama-4-scout-17b-16e-instruct,2026-06-01T12:31:11.146046+00:00
01-music-music-composition-software,01-music,01,music-composition-software,음악 작곡 프로그램 추천,음악 작곡 프로그램 추천 및 사용법,howto,howto,음악 작곡을 위한 프로그램 추천 및 사용 방법,meta-llama/llama-4-scout-17b-16e-instruct,2026-06-01T12:31:11.146046+00:00
01-music-music-composition-tip,01-music,01,music-composition-tip,음악 작곡 팁,음악 작곡을 위한 초보자 팁,howto,tip,음악 작곡을 위한 초보자 가이드,meta-llama/llama-4-scout-17b-16e-instruct,2026-06-01T12:31:11.146046+00:00
01-music-music-event-ticket-tips,01-music,01,music-event-ticket-tips,음악 이벤트 티켓 구매 팁,음악 이벤트 티켓 구매 팁 및 주의사항,howto,tip,음악 이벤트 티켓 구매를 위한 팁과 주의사항,meta-llama/llama-4-scout-17b-16e-instruct,2026-06-01T12:31:11.146046+00:00
01-music-music-event-ticketing,01-music,01,music-event-ticketing,음악 이벤트 티켓팅,음악 이벤트 티켓팅 성공 팁,howto,tip,음악 이벤트 티켓팅 성공 가이드,meta-llama/llama-4-scout-17b-16e-instruct,2026-06-01T12:31:11.146046+00:00
01-music-music-festival-2023,01-music,01,music-festival-2023,음악 축제 일정,2023 음악 축제 일정과 라인업,info,issue,2023년 음악 축제 일정과 라인업 정보,meta-llama/llama-4-scout-17b-16e-instruct,2026-06-01T12:31:11.146046+00:00
01-music-music-festival-2023-2,01-music,01,music-festival-2023-2,2023 음악 축제 라인업,2023 국내 음악 축제 라인업과 일정,info,issue,2023년 국내 음악 축제 라인업과 일정 정보,meta-llama/llama-4-scout-17b-16e-instruct,2026-06-01T12:31:11.146046+00:00
01-music-music-festival-lineup,01-music,01,music-festival-lineup,인기 음악 축제 라인업,인기 음악 축제 라인업 및 일정,info,tip,인기 음악 축제의 라인업과 일정 정보,meta-llama/llama-4-scout-17b-16e-instruct,2026-06-01T12:31:11.146046+00:00
01-music-music-festival-lineup-2023,01-music,01,music-festival-lineup-2023,음악 축제 라인업 정보,2023 음악 축제 라인업 정보와 일정,info,issue,2023년 국내외 음악 축제 라인업 정보와 일정,meta-llama/llama-4-scout-17b-16e-instruct,2026-06-01T12:31:11.146046+00:00
01-music-music-festival-lineup-2024,01-music,01,music-festival-lineup-2024,2024 음악 축제 라인업,2024 음악 축제 라인업과 일정,info,issue,2024년 음악 축제 라인업과 공연 일정,meta-llama/llama-4-scout-17b-16e-instruct,2026-06-01T12:31:11.146046+00:00
01-music-music-industry-job-prep,01-music,01,music-industry-job-prep,음악 산업 취업 준비,음악 산업 취업 준비와 팁,howto,howto,음악 산업 취업을 위한 준비와 팁,meta-llama/llama-4-scout-17b-16e-instruct,2026-06-01T12:31:11.146046+00:00
01-music-music-industry-trend-2023,01-music,01,music-industry-trend-2023,2023 음악 산업 트렌드,2023 음악 산업 트렌드와 전망,info,issue,2023년 음악 산업 트렌드와 전망 분석,meta-llama/llama-4-scout-17b-16e-instruct,2026-06-01T12:31:11.146046+00:00
01-music-music-lyrics-tips,01-music,01,music-lyrics-tips,음악 작사 팁,음악 작사 팁과 기본 원칙,howto,tip,음악 작사를 위한 팁과 기본 원칙,meta-llama/llama-4-scout-17b-16e-instruct,2026-06-01T12:31:11.146046+00:00
01-music-music-playlist-creation-tips,01-music,01,music-playlist-creation-tips,음악 플레이리스트 만드는 법,음악 플레이리스트 만드는 법과 팁,howto,howto,음악 플레이리스트를 위한 실용적인 팁과 노하우,meta-llama/llama-4-scout-17b-16e-instruct,2026-06-01T12:31:11.146046+00:00
01-music-music-production-basic,01-music,01,music-production-basic,음악 프로듀싱 입문,음악 프로듀싱 입문자를 위한 기본 지식,howto,howto,음악 프로듀싱을 위한 기본 지식과 입문 팁,meta-llama/llama-4-scout-17b-16e-instruct,2026-06-01T12:31:11.146046+00:00
01-music-music-production-software,01-music,01,music-production-software,음악 프로듀싱 소프트웨어,음악 프로듀싱 소프트웨어 추천,compare,tip,음악 프로듀싱 소프트웨어 비교 분석,meta-llama/llama-4-scout-17b-16e-instruct,2026-06-01T12:31:11.146046+00:00
01-music-music-streaming-service,01-music,01,music-streaming-service,음악 스트리밍 서비스,음악 스트리밍 서비스 비교와 추천,compare,tip,다양한 음악 스트리밍 서비스 비교 분석,meta-llama/llama-4-scout-17b-16e-instruct,2026-06-01T12:31:11.146046+00:00
01-music-music-trend-2023,01-music,01,music-trend-2023,2023 음악 트렌드,2023 음악 트렌드와 인기 장르,info,issue,2023년 음악 트렌드와 인기 장르 분석,meta-llama/llama-4-scout-17b-16e-instruct,2026-06-01T12:31:11.146046+00:00
01-music-music-trend-2024,01-music,01,music-trend-2024,2024 음악 트렌드 전망,2024 음악 산업 트렌드 전망,info,issue,2024년 음악 산업의 트렌드 전망과 예측,meta-llama/llama-4-scout-17b-16e-instruct,2026-06-01T12:31:11.146046+00:00
01-music-music-trend-analysis-service,01-music,01,music-trend-analysis-service,음악 트렌드 분석 서비스,음악 트렌드 분석 서비스 추천,info,tip,음악 트렌드 분석 서비스 추천 및 사용법,meta-llama/llama-4-scout-17b-16e-instruct,2026-06-01T12:31:11.146046+00:00
01-music-new-kpop-songs,01-music,01,new-kpop-songs,K-POP 신곡 추천,최신 K-POP 신곡 추천과 인기 노래,info,tip,최근 발매된 인기 K-POP 신곡 추천,meta-llama/llama-4-scout-17b-16e-instruct,2026-06-01T12:31:11.146046+00:00
01-music-new-song-playlist,01-music,01,new-song-playlist,신곡 플레이리스트 만드는 법,신곡 플레이리스트 쉽게 만드는 방법,howto,howto,신곡으로 플레이리스트를 만드는 간단한 방법,meta-llama/llama-4-scout-17b-16e-instruct,2026-06-01T12:37:04.035570+00:00
01-music-popular-music-playlist,01-music,01,popular-music-playlist,인기 음악 플레이리스트,인기 음악 플레이리스트와 추천,info,tip,인기 음악 플레이리스트 추천,meta-llama/llama-4-scout-17b-16e-instruct,2026-06-01T12:31:11.146046+00:00
01-photo-essay-aespa-2024-photos,01-photo-essay,01,aespa-2024-photos,aespa 2024 화보,aespa 2024 화보 사진들,info,review,aespa 2024년 화보 사진들을 확인하세요.,meta-llama/llama-4-scout-17b-16e-instruct,2026-06-01T12:37:04.035570+00:00
01-photo-essay-aespa-photobook-2024,01-photo-essay,01,aespa-photobook-2024,2024 aespa 화보,2024 aespa 화보 사진 모음,info,issue,2024년 aespa 화보 사진 모음,meta-llama/llama-4-scout-17b-16e-instruct,2026-06-01T12:37:04.035570+00:00
01-photo-essay-aespa-photoshoot-2024,01-photo-essay,01,aespa-photoshoot-2024,aespa 화보 사진집 2024,aespa 2024년 화보 사진집 모음,info,review,aespa의 2024년 화보 사진집을 최신 업데이트로 확인하세요.,meta-llama/llama-4-scout-17b-16e-instruct,2026-06-01T12:37:04.035570+00:00
01-photo-essay-blackpink-2024-photos,01-photo-essay,01,blackpink-2024-photos,블랙핑크 2024 화보 사진,블랙핑크 2024 화보 사진 모음,info,review,블랙핑크 2024년 화보 사진들을 한곳에서 확인하세요.,meta-llama/llama-4-scout-17b-16e-instruct,2026-06-01T12:37:04.035570+00:00
01-photo-essay-blackpink-photobook-2024,01-photo-essay,01,blackpink-photobook-2024,2024 블랙핑크 화보,2024 블랙핑크 화보 사진 모음,info,issue,2024년 블랙핑크 화보 사진 모음,meta-llama/llama-4-scout-17b-16e-instruct,2026-06-01T12:37:04.035570+00:00
01-photo-essay-blackpink-photoshoot-2024,01-photo-essay,01,blackpink-photoshoot-2024,블랙핑크 화보 사진집 2024,블랙핑크 2024년 화보 사진집 모음,info,review,블랙핑크의 2024년 화보 사진집을 한곳에서 확인하세요.,meta-llama/llama-4-scout-17b-16e-instruct,2026-06-01T12:37:04.035570+00:00
01-photo-essay-bts-photobook,01-photo-essay,01,bts-photobook,BTS 화보 사진집,BTS 화보 사진집 모음,info,review,방탄소년단 화보 사진집 모음,meta-llama/llama-4-scout-17b-16e-instruct,2026-06-01T12:37:04.035570+00:00
01-photo-essay-dr1ppin-2024-music,01-photo-essay,01,dr1ppin-2024-music,드리핀 2024 화보,드리핀 2024 화보 사진 및 음악적 성과,info,review,드리핀 2024년 화보 사진 및 음악적 성과 소개,meta-llama/llama-4-scout-17b-16e-instruct,2026-06-01T12:37:04.035570+00:00
01-photo-essay-drippin-photobook,01-photo-essay,01,drippin-photobook,드리핀 화보 사진집,드리핀 화보 사진집 모음,info,review,드리핀 화보 사진집 모음,meta-llama/llama-4-scout-17b-16e-instruct,2026-06-01T12:37:04.035570+00:00
01-photo-essay-exo-2024-photos,01-photo-essay,01,exo-2024-photos,엑소 2024 화보 사진,엑소 2024 화보 사진들 모음,info,review,엑소 2024년 화보 사진들을 확인하세요.,meta-llama/llama-4-scout-17b-16e-instruct,2026-06-01T12:37:04.035570+00:00
01-photo-essay-exo-photobook-2024,01-photo-essay,01,exo-photobook-2024,2024 엑소 화보,2024 엑소 화보 사진 모음,info,issue,2024년 엑소 화보 사진 모음,meta-llama/llama-4-scout-17b-16e-instruct,2026-06-01T12:37:04.035570+00:00
01-photo-essay-exo-photoshoot-2024,01-photo-essay,01,exo-photoshoot-2024,엑소 화보 사진집 2024,엑소 2024년 화보 사진집 총정리,info,review,엑소의 2024년 화보 사진집을 한눈에 확인하세요.,meta-llama/llama-4-scout-17b-16e-instruct,2026-06-01T12:37:04.035570+00:00
01-photo-essay-gidle-2024-photos,01-photo-essay,01,gidle-2024-photos,(G)I-DLE 2024 화보,(G)I-DLE 2024 화보 사진,info,review,(G)I-DLE 2024년 화보 사진입니다.,meta-llama/llama-4-scout-17b-16e-instruct,2026-06-01T12:37:04.035570+00:00
01-photo-essay-gidle-photobook-2024,01-photo-essay,01,gidle-photobook-2024,2024 (G)I-DLE 화보,2024 (G)I-DLE 화보 사진 모음,info,issue,2024년 (G)I-DLE 화보 사진 모음,meta-llama/llama-4-scout-17b-16e-instruct,2026-06-01T12:37:04.035570+00:00
01-photo-essay-gidle-photoshoot-2024,01-photo-essay,01,gidle-photoshoot-2024,(G)I-DLE 화보 사진집 2024,(G)I-DLE 2024년 화보 사진집 모음집,info,review,(G)I-DLE의 2024년 화보 사진집을 최신 업데이트로 확인하세요.,meta-llama/llama-4-scout-17b-16e-instruct,2026-06-01T12:37:04.035570+00:00
01-photo-essay-itzy-2024-photos,01-photo-essay,01,itzy-2024-photos,ITZY 2024 화보 사진,ITZY 2024 화보 사진 모음,info,review,ITZY 2024년 화보 사진들을 확인하세요.,meta-llama/llama-4-scout-17b-16e-instruct,2026-06-01T12:37:04.035570+00:00
01-photo-essay-itzy-photobook-2024,01-photo-essay,01,itzy-photobook-2024,2024 ITZY 화보,2024 ITZY 화보 사진 모음,info,issue,2024년 ITZY 화보 사진 모음,meta-llama/llama-4-scout-17b-16e-instruct,2026-06-01T12:37:04.035570+00:00
01-photo-essay-itzy-photoshoot-2024,01-photo-essay,01,itzy-photoshoot-2024,ITZY 화보 사진집 2024,ITZY 2024년 화보 사진집 총집합,info,review,ITZY의 2024년 화보 사진집을 한곳에서 확인하세요.,meta-llama/llama-4-scout-17b-16e-instruct,2026-06-01T12:37:04.035570+00:00
01-photo-essay-iu-2024-style,01-photo-essay,01,iu-2024-style,아이유 2024 화보,아이유 2024 화보 사진 및 스타일링 팁,howto,tip,아이유 2024년 화보를 통해 보는 스타일링 팁,meta-llama/llama-4-scout-17b-16e-instruct,2026-06-01T12:37:04.035570+00:00
01-photo-essay-iu-photobook,01-photo-essay,01,iu-photobook,아이유 화보 사진집,아이유 화보 사진집 모음,info,review,아이유 화보 사진집 모음,meta-llama/llama-4-scout-17b-16e-instruct,2026-06-01T12:37:04.035570+00:00
01-photo-essay-key-of-photo,01-photo-essay,01,key-of-photo,키오프 화보 사진,키오프 화보 사진 모음집,info,review,키오프 화보 사진들을 확인하세요.,meta-llama/llama-4-scout-17b-16e-instruct,2026-06-01T12:37:04.035570+00:00
01-photo-essay-kiof-2024-photobook,01-photo-essay,01,kiof-2024-photobook,키오프 2024 화보,키오프 2024 화보 사진집,info,review,키오프 2024년 화보 사진집입니다.,meta-llama/llama-4-scout-17b-16e-instruct,2026-06-01T12:37:04.035570+00:00
01-photo-essay-kiof-photobook-2024,01-photo-essay,01,kiof-photobook-2024,2024 키오프 화보,2024 키오프 화보 사진 모음,info,issue,2024년 키오프 화보 사진 모음,meta-llama/llama-4-scout-17b-16e-instruct,2026-06-01T12:37:04.035570+00:00
01-photo-essay-monsta-x-2024-workout,01-photo-essay,01,monsta-x-2024-workout,몬스타엑스 2024 화보,몬스타엑스 2024 화보 사진집 및 운동 팁,howto,tip,몬스타엑스 2024년 화보를 통해 보는 운동 팁,meta-llama/llama-4-scout-17b-16e-instruct,2026-06-01T12:37:04.035570+00:00
01-photo-essay-monsta-x-photobook,01-photo-essay,01,monsta-x-photobook,몬스타엑스 화보 사진집,몬스타엑스 화보 사진집 모음,info,review,몬스타엑스 화보 사진집 모음,meta-llama/llama-4-scout-17b-16e-instruct,2026-06-01T12:37:04.035570+00:00
01-photo-essay-nct-2024-photos,01-photo-essay,01,nct-2024-photos,NCT 2024 화보 사진,NCT 2024 화보 사진 모음집,info,review,NCT 2024년 화보 사진들을 확인하세요.,meta-llama/llama-4-scout-17b-16e-instruct,2026-06-01T12:37:04.035570+00:00
01-photo-essay-nct-photobook-2024,01-photo-essay,01,nct-photobook-2024,2024 NCT 화보,2024 NCT 화보 사진 모음,info,issue,2024년 NCT 화보 사진 모음,meta-llama/llama-4-scout-17b-16e-instruct,2026-06-01T12:37:04.035570+00:00
01-photo-essay-nct-photoshoot-2024,01-photo-essay,01,nct-photoshoot-2024,NCT 화보 사진집 2024,NCT 2024년 화보 사진집 총집합,info,review,NCT의 2024년 화보 사진집을 한곳에서 확인하세요.,meta-llama/llama-4-scout-17b-16e-instruct,2026-06-01T12:37:04.035570+00:00
01-photo-essay-newjeans-2024-kpop,01-photo-essay,01,newjeans-2024-kpop,뉴진스 2024 화보 사진,뉴진스 2024 화보 사진 및 K-POP 트렌드,info,review,뉴진스 2024년 화보 사진 및 K-POP 트렌드 소개,meta-llama/llama-4-scout-17b-16e-instruct,2026-06-01T12:37:04.035570+00:00
01-photo-essay-newjeans-photobook,01-photo-essay,01,newjeans-photobook,뉴진스 화보 사진집,뉴진스 화보 사진집 모음,info,review,뉴진스 화보 사진집 모음,meta-llama/llama-4-scout-17b-16e-instruct,2026-06-01T12:37:04.035570+00:00
01-photo-essay-nmix-photobook,01-photo-essay,01,nmix-photobook,엔믹스 화보 사진집,엔믹스 화보 사진집 모음,info,review,엔믹스 화보 사진집 모음,meta-llama/llama-4-scout-17b-16e-instruct,2026-06-01T12:37:04.035570+00:00
01-photo-essay-nmixx-2024-music,01-photo-essay,01,nmixx-2024-music,엔믹스 2024 화보 사진,엔믹스 2024 화보 사진 및 음악 스타일,info,review,엔믹스 2024년 화보 사진 및 음악 스타일 소개,meta-llama/llama-4-scout-17b-16e-instruct,2026-06-01T12:37:04.035570+00:00
01-photo-essay-redvelvet-2024-makeup,01-photo-essay,01,redvelvet-2024-makeup,레드벨벳 2024 화보,레드벨벳 2024 화보 사진집 및 메이크업 팁,howto,tip,레드벨벳 2024년 화보를 통해 보는 메이크업 팁,meta-llama/llama-4-scout-17b-16e-instruct,2026-06-01T12:37:04.035570+00:00
01-photo-essay-redvelvet-photobook,01-photo-essay,01,redvelvet-photobook,레드벨벳 화보 사진집,레드벨벳 화보 사진집 모음,info,review,레드벨벳 화보 사진집 모음,meta-llama/llama-4-scout-17b-16e-instruct,2026-06-01T12:37:04.035570+00:00
01-photo-essay-riize-2024-photos,01-photo-essay,01,riize-2024-photos,라이즈 2024 화보,라이즈 2024 화보 사진,info,review,라이즈 2024년 화보 사진입니다.,meta-llama/llama-4-scout-17b-16e-instruct,2026-06-01T12:37:04.035570+00:00
01-photo-essay-riize-photobook-2024,01-photo-essay,01,riize-photobook-2024,2024 라이즈 화보,2024 라이즈 화보 사진 모음,info,issue,2024년 라이즈 화보 사진 모음,meta-llama/llama-4-scout-17b-16e-instruct,2026-06-01T12:37:04.035570+00:00
01-photo-essay-riize-photoshoot-2024,01-photo-essay,01,riize-photoshoot-2024,라이즈 화보 사진집 2024,라이즈 2024년 화보 사진집 모음,info,review,라이즈의 2024년 화보 사진집을 최신 업데이트로 확인하세요.,meta-llama/llama-4-scout-17b-16e-instruct,2026-06-01T12:37:04.035570+00:00
01-photo-essay-seventeen-2024-photos,01-photo-essay,01,seventeen-2024-photos,세븐틴 2024 화보 사진,세븐틴 2024 화보 사진들 모음,info,review,세븐틴 2024년 화보 사진들을 확인하세요.,meta-llama/llama-4-scout-17b-16e-instruct,2026-06-01T12:37:04.035570+00:00
01-photo-essay-seventeen-photobook-2024,01-photo-essay,01,seventeen-photobook-2024,2024 세븐틴 화보,2024 세븐틴 화보 사진 모음,info,issue,2024년 세븐틴 화보 사진 모음,meta-llama/llama-4-scout-17b-16e-instruct,2026-06-01T12:37:04.035570+00:00
01-photo-essay-seventeen-photoshoot-2024,01-photo-essay,01,seventeen-photoshoot-2024,세븐틴 화보 사진집 2024,세븐틴 2024년 화보 사진집 총정리,info,review,세븐틴의 2024년 화보 사진집을 한눈에 확인하세요.,meta-llama/llama-4-scout-17b-16e-instruct,2026-06-01T12:37:04.035570+00:00
01-photo-essay-shinee-2024-photobook,01-photo-essay,01,shinee-2024-photobook,샤이니 2024 화보,샤이니 2024 화보 사진집,info,review,샤이니 2024년 화보 사진집입니다.,meta-llama/llama-4-scout-17b-16e-instruct,2026-06-01T12:37:04.035570+00:00
01-photo-essay-shiny-photobook,01-photo-essay,01,shiny-photobook,샤이니 화보 사진집,샤이니 화보 사진집 모음,info,review,샤이니 화보 사진집 모음,meta-llama/llama-4-scout-17b-16e-instruct,2026-06-01T12:37:04.035570+00:00
01-photo-essay-tempest-2024-news,01-photo-essay,01,tempest-2024-news,템페스트 2024 화보 사진,템페스트 2024 화보 사진 및 엔터테인먼트 뉴스,info,issue,템페스트 2024년 화보 사진 및 엔터테인먼트 뉴스,meta-llama/llama-4-scout-17b-16e-instruct,2026-06-01T12:37:04.035570+00:00
01-photo-essay-tempest-photobook,01-photo-essay,01,tempest-photobook,템페스트 화보 사진집,템페스트 화보 사진집 모음,info,review,템페스트 화보 사진집 모음,meta-llama/llama-4-scout-17b-16e-instruct,2026-06-01T12:37:04.035570+00:00
01-photo-essay-twice-2024-trend,01-photo-essay,01,twice-2024-trend,트와이스 2024 화보,트와이스 2024 화보 사진집 및 패션 트렌드,info,review,트와이스 2024년 화보 사진집 및 패션 트렌드 소개,meta-llama/llama-4-scout-17b-16e-instruct,2026-06-01T12:37:04.035570+00:00
01-photo-essay-twice-photobook,01-photo-essay,01,twice-photobook,트와이스 화보 사진집,트와이스 화보 사진집 모음,info,review,트와이스 화보 사진집 모음,meta-llama/llama-4-scout-17b-16e-instruct,2026-06-01T12:37:04.035570+00:00
01-style-2024-celeb-beauty-trend,01-style,01,2024-celeb-beauty-trend,2024 셀럽 뷰티 트렌드 분석,2024 셀럽 뷰티 트렌드 분석,info,issue,2024년 셀럽들의 뷰티 트렌드와 이슈,meta-llama/llama-4-scout-17b-16e-instruct,2026-06-01T12:31:11.146046+00:00
01-style-2024-celebrity-beauty-brands,01-style,01,2024-celebrity-beauty-brands,2024 셀럽 뷰티 브랜드,2024 셀럽들이 선택한 뷰티 브랜드와 제품,info,review,2024년 셀럽들이 선택한 뷰티 브랜드와 인기 제품,meta-llama/llama-4-scout-17b-16e-instruct,2026-06-01T12:31:11.146046+00:00
01-style-2024-celebrity-beauty-trend,01-style,01,2024-celebrity-beauty-trend,2024 연예인 뷰티 트렌드,2024 연예인 뷰티 트렌드와 메이크업 방법,info,review,2024년 연예인들이 선보이는 뷰티 트렌드와 메이크업 방법,meta-llama/llama-4-scout-17b-16e-instruct,2026-06-01T12:31:11.146046+00:00
01-style-2024-celebrity-fashion-trend-2,01-style,01,2024-celebrity-fashion-trend-2,2024 셀럽 패션 트렌드,2024 셀럽 패션 트렌드와 스타일링 아이디어,info,review,2024년 셀럽들이 선보이는 패션 트렌드와 스타일링 아이디어,meta-llama/llama-4-scout-17b-16e-instruct,2026-06-01T12:31:11.146046+00:00
01-style-2024-kpop-beauty-trend,01-style,01,2024-kpop-beauty-trend,2024 K-POP 뷰티 트렌드,2024 K-POP 뷰티 트렌드와 메이크업 방법,info,review,2024년 K-POP 아이돌들이 선보이는 뷰티 트렌드와 메이크업 방법,meta-llama/llama-4-scout-17b-16e-instruct,2026-06-01T12:31:11.146046+00:00
01-style-2024-kpop-fashion-trend,01-style,01,2024-kpop-fashion-trend,2024 K-POP 패션 트렌드,2024 K-POP 패션 트렌드와 스타일링 아이디어,info,review,2024년 K-POP 아이돌들이 선보이는 패션 트렌드와 스타일링 아이디어,meta-llama/llama-4-scout-17b-16e-instruct,2026-06-01T12:31:11.146046+00:00
01-style-2024-kpop-hair-trend,01-style,01,2024-kpop-hair-trend,2024 K-POP 헤어 트렌드,2024 K-POP 헤어 트렌드 분석,info,issue,2024년 K-POP 헤어 트렌드와 이슈,meta-llama/llama-4-scout-17b-16e-instruct,2026-06-01T12:31:11.146046+00:00
01-style-blackpink-beauty-routine,01-style,01,blackpink-beauty-routine,블랙핑크 뷰티 루틴,블랙핑크 뷰티 루틴 공개,info,review,블랙핑크의 뷰티 루틴과 피부 관리 팁,meta-llama/llama-4-scout-17b-16e-instruct,2026-06-01T12:31:11.146046+00:00
01-style-blackpink-beauty-trend-2024,01-style,01,blackpink-beauty-trend-2024,2024 블랙핑크 뷰티 트렌드,2024 블랙핑크 뷰티 트렌드와 메이크업 방법,howto,howto,블랙핑크가 선보이는 2024 뷰티 트렌드와 메이크업 팁,meta-llama/llama-4-scout-17b-16e-instruct,2026-06-01T12:31:11.146046+00:00
01-style-blackpink-eye-makeup,01-style,01,blackpink-eye-makeup,블랙핑크 눈 화장법,블랙핑크 따라하는 눈 화장법,howto,howto,블랙핑크의 눈 화장법을 따라하기,meta-llama/llama-4-scout-17b-16e-instruct,2026-06-01T12:31:11.146046+00:00
01-style-blackpink-eyewear-fashion,01-style,01,blackpink-eyewear-fashion,블랙핑크 아이웨어 패션,블랙핑크 아이웨어 패션 따라하기,howto,tip,블랙핑크의 아이웨어 패션 노하우와 제품 추천,meta-llama/llama-4-scout-17b-16e-instruct,2026-06-01T12:31:11.146046+00:00
01-style-blackpink-fashion-items,01-style,01,blackpink-fashion-items,블랙핑크 패션 아이템,블랙핑크 패션 아이템과 스타일링 방법,info,review,블랙핑크의 패션 아이템과 스타일링 팁,meta-llama/llama-4-scout-17b-16e-instruct,2026-06-01T12:31:11.146046+00:00
01-style-blackpink-fashion-styling,01-style,01,blackpink-fashion-styling,블랙핑크 패션 스타일링,블랙핑크 패션 스타일링 따라하기,howto,tip,블랙핑크의 패션 스타일링 노하우와 제품 추천,meta-llama/llama-4-scout-17b-16e-instruct,2026-06-01T12:31:11.146046+00:00
01-style-blackpink-makeup-tutorial,01-style,01,blackpink-makeup-tutorial,블랙핑크 메이크업 방법,블랙핑크 메이크업 방법과 뷰티 팁,howto,howto,블랙핑크의 메이크업 방법과 뷰티 팁,meta-llama/llama-4-scout-17b-16e-instruct,2026-06-01T12:31:11.146046+00:00
01-style-blackpink-skin-care,01-style,01,blackpink-skin-care,블랙핑크 피부 관리 비법,블랙핑크 피부 관리 비법과 뷰티 루틴,howto,tip,블랙핑크의 깨끗한 피부를 위한 관리 비법과 일상 루틴,meta-llama/llama-4-scout-17b-16e-instruct,2026-06-01T12:31:11.146046+00:00
01-style-blackpink-summer-fashion,01-style,01,blackpink-summer-fashion,블랙핑크 여름 패션,블랙핑크의 여름 패션 스타일링,info,review,블랙핑크의 여름 패션 스타일링 리뷰,meta-llama/llama-4-scout-17b-16e-instruct,2026-06-01T12:31:11.146046+00:00
01-style-blackpink-summer-makeup,01-style,01,blackpink-summer-makeup,블랙핑크 여름 메이크업,블랙핑크 여름 메이크업 트렌드와 따라하기,howto,howto,블랙핑크의 여름 메이크업 노하우와 제품 추천,meta-llama/llama-4-scout-17b-16e-instruct,2026-06-01T12:31:11.146046+00:00
01-style-blackpink-winter-makeup,01-style,01,blackpink-winter-makeup,블랙핑크 겨울 메이크업,블랙핑크 겨울 메이크업 따라하기,howto,tip,블랙핑크의 겨울 메이크업 노하우와 제품 추천,meta-llama/llama-4-scout-17b-16e-instruct,2026-06-01T12:31:11.146046+00:00
01-style-bts-beauty-brand,01-style,01,bts-beauty-brand,BTS 뷰티 브랜드 추천,BTS 멤버들이 추천하는 뷰티 브랜드,review,review,BTS 멤버들이 추천하는 뷰티 브랜드 리뷰,meta-llama/llama-4-scout-17b-16e-instruct,2026-06-01T12:31:11.146046+00:00
01-style-bts-beauty-tips,01-style,01,bts-beauty-tips,BTS 뷰티 팁,BTS 멤버별 뷰티 팁과 스킨케어 방법,howto,tip,BTS 멤버들의 뷰티 팁과 스킨케어 방법,meta-llama/llama-4-scout-17b-16e-instruct,2026-06-01T12:31:11.146046+00:00
01-style-bts-fashion-brands,01-style,01,bts-fashion-brands,BTS 패션 브랜드,BTS 멤버별 패션 브랜드와 스타일링 팁,info,review,방탄소년단 멤버들이 선호하는 패션 브랜드와 스타일링 방법,meta-llama/llama-4-scout-17b-16e-instruct,2026-06-01T12:31:11.146046+00:00
01-style-bts-sportswear,01-style,01,bts-sportswear,BTS가 선택한 운동 브랜드,BTS 멤버들이 선택한 운동 브랜드,compare,compare,BTS 멤버들이 선택한 운동 브랜드 비교,meta-llama/llama-4-scout-17b-16e-instruct,2026-06-01T12:31:11.146046+00:00
01-style-bts-styling-tips,01-style,01,bts-styling-tips,BTS 스타일링 팁,BTS 멤버별 스타일링 팁과 패션 아이템,howto,tip,BTS 멤버들의 개성 넘치는 스타일링 팁과 패션 아이템,meta-llama/llama-4-scout-17b-16e-instruct,2026-06-01T12:31:11.146046+00:00
01-style-celebrity-hair-color-2024,01-style,01,celebrity-hair-color-2024,2024 셀럽 헤어 컬러 트렌드,2024 셀럽들이 선택한 헤어 컬러 트렌드,info,tip,2024년 셀럽들이 선택한 인기 헤어 컬러 트렌드,meta-llama/llama-4-scout-17b-16e-instruct,2026-06-01T12:31:11.146046+00:00
01-style-celebrity-hair-trend-2024,01-style,01,celebrity-hair-trend-2024,2024 셀럽 헤어 트렌드,2024 셀럽들이 선택한 헤어 트렌드,info,issue,2024년 셀럽들이 선택한 헤어 트렌드와 스타일,meta-llama/llama-4-scout-17b-16e-instruct,2026-06-01T12:31:11.146046+00:00
01-style-celebrity-skin-care-2024,01-style,01,celebrity-skin-care-2024,2024 셀럽 스킨케어 트렌드,2024 셀럽들이 선택한 스킨케어 트렌드,info,issue,2024년 셀럽들이 선택한 스킨케어 트렌드와 제품,meta-llama/llama-4-scout-17b-16e-instruct,2026-06-01T12:31:11.146046+00:00
01-style-celebrity-skin-care-2024-2,01-style,01,celebrity-skin-care-2024-2,2024 연예인 피부 관리,2024 연예인들이 선택한 피부 관리법,info,issue,2024년 연예인들이 선택한 피부 관리법과 제품,meta-llama/llama-4-scout-17b-16e-instruct,2026-06-01T12:31:11.146046+00:00
01-style-idol-makeup-artist,01-style,01,idol-makeup-artist,아이돌 메이크업 아티스트,아이돌 메이크업 아티스트가 추천하는 제품,review,review,아이돌 메이크업 아티스트가 추천하는 뷰티 제품,meta-llama/llama-4-scout-17b-16e-instruct,2026-06-01T12:31:11.146046+00:00
01-style-idol-makeup-products,01-style,01,idol-makeup-products,아이돌 메이크업 제품 추천,아이돌 메이크업 위해 선택한 제품 추천,review,tip,아이돌이 선택한 메이크업 제품과 브랜드,meta-llama/llama-4-scout-17b-16e-instruct,2026-06-01T12:31:11.146046+00:00
01-style-idol-skin-care-tips,01-style,01,idol-skin-care-tips,아이돌 피부 관리,아이돌 피부 관리 비법과 홈케어 팁,howto,tip,아이돌들의 건강한 피부를 위한 관리 비법과 홈케어 팁,meta-llama/llama-4-scout-17b-16e-instruct,2026-06-01T12:31:11.146046+00:00
01-style-iu-beauty-products,01-style,01,iu-beauty-products,아이유 뷰티 제품 추천,아이유 피부 관리 위한 뷰티 제품 추천,review,tip,아이유가 사용하는 뷰티 제품과 피부 관리 팁,meta-llama/llama-4-scout-17b-16e-instruct,2026-06-01T12:31:11.146046+00:00
01-style-iu-beauty-routine,01-style,01,iu-beauty-routine,아이유 뷰티 루틴,아이유 아침 저녁 뷰티 루틴 공개,info,review,아이유의 뷰티 루틴과 꿀팁 공유,meta-llama/llama-4-scout-17b-16e-instruct,2026-06-01T12:31:11.146046+00:00
01-style-iu-fashion-styling,01-style,01,iu-fashion-styling,아이유 패션 스타일링,아이유의 일상 패션 스타일링 팁,howto,tip,아이유의 패션 스타일링 노하우와 팁,meta-llama/llama-4-scout-17b-16e-instruct,2026-06-01T12:31:11.146046+00:00
01-style-iu-makeup-tutorial,01-style,01,iu-makeup-tutorial,아이유 메이크업,아이유 메이크업 방법과 뷰티 팁,howto,howto,아이유의 메이크업 방법과 뷰티 팁,meta-llama/llama-4-scout-17b-16e-instruct,2026-06-01T12:31:11.146046+00:00
01-style-iu-skin-care,01-style,01,iu-skin-care,아이유 피부 관리,아이유 피부 관리 비법과 홈케어 팁,howto,tip,아이유의 건강한 피부를 위한 관리 비법과 홈케어 방법,meta-llama/llama-4-scout-17b-16e-instruct,2026-06-01T12:31:11.146046+00:00
01-style-kpop-idol-fashion-item,01-style,01,kpop-idol-fashion-item,K-POP 아이돌 패션 아이템,K-POP 아이돌이 선택한 패션 아이템,info,review,K-POP 아이돌이 착용한 패션 아이템 리뷰,meta-llama/llama-4-scout-17b-16e-instruct,2026-06-01T12:31:11.146046+00:00
01-style-kpop-makeup-trend-2024,01-style,01,kpop-makeup-trend-2024,2024 K-POP 메이크업 트렌드,2024 K-POP 스타들이 선택한 메이크업 트렌드,info,issue,2024년 K-POP 스타들이 선택한 메이크업 트렌드,meta-llama/llama-4-scout-17b-16e-instruct,2026-06-01T12:31:11.146046+00:00
01-style-kpop-styling-tips,01-style,01,kpop-styling-tips,K-POP 스타일링 팁,K-POP 아이돌 스타일링 팁,howto,tip,K-POP 아이돌의 스타일링 노하우와 패션 아이템 추천,meta-llama/llama-4-scout-17b-16e-instruct,2026-06-01T12:31:11.146046+00:00
01-style-kpop-styling-tips-2,01-style,01,kpop-styling-tips-2,K-POP 스타일링 노하우,K-POP 아이돌 스타일링 노하우와 팁,howto,tip,K-POP 아이돌의 스타일링 노하우와 팁,meta-llama/llama-4-scout-17b-16e-instruct,2026-06-01T12:31:11.146046+00:00
01-style-nct-beauty-brands,01-style,01,nct-beauty-brands,NCT 뷰티 브랜드,NCT 멤버들이 선택한 뷰티 브랜드와 제품,info,review,NCT 멤버들이 선택한 뷰티 브랜드와 인기 제품,meta-llama/llama-4-scout-17b-16e-instruct,2026-06-01T12:31:11.146046+00:00
01-style-nct-beauty-product,01-style,01,nct-beauty-product,NCT 뷰티 제품 추천,NCT 멤버들이 추천하는 뷰티 제품,review,review,NCT 멤버들이 추천하는 뷰티 제품 리뷰,meta-llama/llama-4-scout-17b-16e-instruct,2026-06-01T12:31:11.146046+00:00
01-style-nct-beauty-tips,01-style,01,nct-beauty-tips,NCT 뷰티 팁,NCT 멤버들의 뷰티 팁 공개,howto,tip,NCT 멤버들의 뷰티 팁과 제품 추천,meta-llama/llama-4-scout-17b-16e-instruct,2026-06-01T12:31:11.146046+00:00
01-style-nct-fashion-items-2024,01-style,01,nct-fashion-items-2024,2024 NCT 패션 아이템,2024 NCT 멤버들의 패션 아이템 모음,info,review,2024년 NCT 멤버들이 착용한 패션 아이템과 브랜드,meta-llama/llama-4-scout-17b-16e-instruct,2026-06-01T12:31:11.146046+00:00
01-style-nct-hair-style-2024,01-style,01,nct-hair-style-2024,2024 NCT 헤어스타일,2024 NCT 멤버별 헤어스타일 트렌드,info,tip,NCT 멤버들의 2024년 헤어스타일 트렌드와 분석,meta-llama/llama-4-scout-17b-16e-instruct,2026-06-01T12:31:11.146046+00:00
01-style-nct-styling-tips,01-style,01,nct-styling-tips,NCT 스타일링 팁,NCT 멤버별 스타일링 팁과 패션 아이템,howto,tip,NCT 멤버들의 개성 넘치는 스타일링 팁과 패션 아이템,meta-llama/llama-4-scout-17b-16e-instruct,2026-06-01T12:31:11.146046+00:00
01-style-nct-summer-fashion-items,01-style,01,nct-summer-fashion-items,NCT 여름 패션 아이템 추천,NCT 멤버들이 선택한 여름 패션 아이템,howto,tip,NCT 멤버들의 여름 패션 아이템 추천,meta-llama/llama-4-scout-17b-16e-instruct,2026-06-01T12:31:11.146046+00:00
01-style-nct-summer-hairstyle,01-style,01,nct-summer-hairstyle,NCT 여름 헤어스타일,NCT 여름 헤어스타일 따라하기,howto,tip,NCT 멤버들의 여름 헤어스타일 노하우와 제품 추천,meta-llama/llama-4-scout-17b-16e-instruct,2026-06-01T12:31:11.146046+00:00
01-style-nct-summer-styling,01-style,01,nct-summer-styling,NCT 여름 스타일링,NCT 멤버들의 여름 스타일링 팁,howto,tip,NCT 멤버들의 여름 스타일링 노하우와 팁,meta-llama/llama-4-scout-17b-16e-instruct,2026-06-01T12:31:11.146046+00:00
01-style-song-hye-kyo-beauty-brands,01-style,01,song-hye-kyo-beauty-brands,송혜교 뷰티 브랜드 선호도,송혜교가 선호하는 뷰티 브랜드 Top 5,compare,review,송혜교가 선호하는 뷰티 브랜드 순위,meta-llama/llama-4-scout-17b-16e-instruct,2026-06-01T12:31:11.146046+00:00
01-style-song-hye-kyo-fashion-items,01-style,01,song-hye-kyo-fashion-items,송혜교 패션 아이템,송혜교 패션 아이템과 스타일링 방법,info,review,송혜교의 패션 아이템과 스타일링 팁,meta-llama/llama-4-scout-17b-16e-instruct,2026-06-01T12:31:11.146046+00:00
01-style-song-hye-kyo-hair-care,01-style,01,song-hye-kyo-hair-care,송혜교 헤어 케어,송혜교의 헤어 케어 루틴과 팁,howto,howto,송혜교의 헤어 케어 노하우와 팁,meta-llama/llama-4-scout-17b-16e-instruct,2026-06-01T12:31:11.146046+00:00
01-style-song-hye-kyo-hairstyle,01-style,01,song-hye-kyo-hairstyle,송혜교 헤어스타일 따라하기,송혜교 헤어스타일 따라하기,howto,tip,송혜교의 헤어스타일 노하우와 제품 추천,meta-llama/llama-4-scout-17b-16e-instruct,2026-06-01T12:31:11.146046+00:00
01-style-song-hye-kyo-skin-care,01-style,01,song-hye-kyo-skin-care,송혜교 스킨케어,송혜교 스킨케어 비법과 홈케어 팁,howto,tip,송혜교의 건강한 피부를 위한 스킨케어 비법과 홈케어 팁,meta-llama/llama-4-scout-17b-16e-instruct,2026-06-01T12:31:11.146046+00:00
01-style-song-hye-kyo-skin-care-2,01-style,01,song-hye-kyo-skin-care-2,송혜교 기초 화장품,송혜교가 선택한 기초 화장품 브랜드,compare,compare,송혜교가 사용하는 기초 화장품 브랜드 비교,meta-llama/llama-4-scout-17b-16e-instruct,2026-06-01T12:31:11.146046+00:00
01-variety-show-2023-chuseok-variety-shows,01-variety-show,01,2023-chuseok-variety-shows,2023 추석 예능 프로그램 편성,2023 추석 예능 프로그램 편성표,info,issue,2023년 추석 예능 프로그램 편성표,meta-llama/llama-4-scout-17b-16e-instruct,2026-06-01T12:31:11.146046+00:00
01-variety-show-2023-variety-shows-cancelled,01-variety-show,01,2023-variety-shows-cancelled,2023 예능 프로그램 결방,2023년 상반기 예능 프로그램 결방 일정,info,issue,2023년 상반기 예능 프로그램 결방 일정과 사유,meta-llama/llama-4-scout-17b-16e-instruct,2026-06-01T12:31:11.146046+00:00
01-variety-show-2024-new-variety-shows,01-variety-show,01,2024-new-variety-shows,2024 예능 프로그램 신작,2024년 예능 프로그램 신작 라인업,info,issue,2024년 신규 예능 프로그램 라인업,meta-llama/llama-4-scout-17b-16e-instruct,2026-06-01T12:31:11.146046+00:00
01-variety-show-2024-new-variety-shows-2,01-variety-show,01,2024-new-variety-shows-2,2024년 신규 예능 프로그램,2024년 신규 예능 프로그램 라인업,info,issue,2024년에 새로 시작하는 예능 프로그램 소개,meta-llama/llama-4-scout-17b-16e-instruct,2026-06-01T12:31:11.146046+00:00
01-variety-show-2024-variety-show-cancelled,01-variety-show,01,2024-variety-show-cancelled,2024 예능 프로그램 결방 일정,2024년 예능 프로그램 결방 일정과 사유,info,issue,2024년 예능 프로그램 결방 일정과 사유,meta-llama/llama-4-scout-17b-16e-instruct,2026-06-01T12:31:11.146046+00:00
01-variety-show-coupang-play-variety-show-recommend,01-variety-show,01,coupang-play-variety-show-recommend,쿠팡플레이 예능 프로그램 추천,쿠팡플레이 예능 프로그램 추천 리스트,review,tip,쿠팡플레이에서 볼 수 있는 예능 프로그램 추천,meta-llama/llama-4-scout-17b-16e-instruct,2026-06-01T12:31:11.146046+00:00
01-variety-show-coupang-play-variety-show-schedule-2024,01-variety-show,01,coupang-play-variety-show-schedule-2024,쿠팡플레이 예능 프로그램 편성표 2024,2024 쿠팡플레이 예능 프로그램 편성표,info,issue,2024년 쿠팡플레이 예능 프로그램 편성표,meta-llama/llama-4-scout-17b-16e-instruct,2026-06-01T12:31:11.146046+00:00
01-variety-show-coupang-play-variety-shows,01-variety-show,01,coupang-play-variety-shows,쿠팡플레이 예능 프로그램 라인업,쿠팡플레이 예능 프로그램 라인업,info,issue,쿠팡플레이 예능 프로그램 라인업과 기대작,meta-llama/llama-4-scout-17b-16e-instruct,2026-06-01T12:31:11.146046+00:00
01-variety-show-jtbc-new-variety-shows,01-variety-show,01,jtbc-new-variety-shows,JTBC 예능 프로그램 신작 정보,JTBC 예능 프로그램 신작 정보 2024,info,issue,2024년 JTBC 예능 프로그램 신작 정보 소개,meta-llama/llama-4-scout-17b-16e-instruct,2026-06-01T12:37:04.035570+00:00
01-variety-show-jtbc-variety-recommend,01-variety-show,01,jtbc-variety-recommend,JTBC 예능 프로그램 추천,JTBC 예능 프로그램 베스트 리스트,review,tip,JTBC 예능 프로그램 추천 리스트,meta-llama/llama-4-scout-17b-16e-instruct,2026-06-01T12:37:04.035570+00:00
01-variety-show-jtbc-variety-show-lineup,01-variety-show,01,jtbc-variety-show-lineup,JTBC 예능 프로그램 라인업,JTBC 예능 프로그램 라인업,info,issue,JTBC 예능 프로그램 라인업 제공,meta-llama/llama-4-scout-17b-16e-instruct,2026-06-01T12:31:11.146046+00:00
01-variety-show-jtbc-variety-shows-rating,01-variety-show,01,jtbc-variety-shows-rating,JTBC 예능 프로그램 시청률,JTBC 예능 프로그램 시청률 순위,info,review,JTBC 예능 프로그램 시청률 순위와 분석,meta-llama/llama-4-scout-17b-16e-instruct,2026-06-01T12:31:11.146046+00:00
01-variety-show-kbs2-new-variety-2024,01-variety-show,01,kbs2-new-variety-2024,KBS2 예능 프로그램 신작,2024 KBS2 예능 프로그램 신작 라인업,info,issue,2024년 KBS2에서 새로 시작하는 예능 프로그램,meta-llama/llama-4-scout-17b-16e-instruct,2026-06-01T12:31:11.146046+00:00
01-variety-show-kbs2-variety-schedule,01-variety-show,01,kbs2-variety-schedule,KBS2 예능 프로그램 편성표,KBS2 예능 프로그램 편성표 확인,info,howto,KBS2 예능 프로그램 편성표 확인하기,meta-llama/llama-4-scout-17b-16e-instruct,2026-06-01T12:31:11.146046+00:00
01-variety-show-kbs2-variety-show-lineup,01-variety-show,01,kbs2-variety-show-lineup,KBS2 예능 프로그램 라인업,KBS2 예능 프로그램 라인업과 편성표,info,issue,KBS2 예능 프로그램 라인업과 편성표,meta-llama/llama-4-scout-17b-16e-instruct,2026-06-01T12:31:11.146046+00:00
01-variety-show-kbs2-variety-show-recommend,01-variety-show,01,kbs2-variety-show-recommend,KBS2 예능 프로그램 추천,KBS2 예능 프로그램 추천 및 리뷰,review,tip,KBS2 예능 프로그램 중 인기 있는 프로그램을 추천하는 리뷰,meta-llama/llama-4-scout-17b-16e-instruct,2026-06-01T12:31:11.146046+00:00
01-variety-show-kbs2-variety-shows-schedule,01-variety-show,01,kbs2-variety-shows-schedule,KBS2 예능 편성표,KBS2 예능 프로그램 편성표,info,howto,KBS2 예능 프로그램 편성표와 시청 가이드,meta-llama/llama-4-scout-17b-16e-instruct,2026-06-01T12:31:11.146046+00:00
01-variety-show-mbc-new-variety-shows,01-variety-show,01,mbc-new-variety-shows,MBC 예능 프로그램 신작 정보,MBC 예능 프로그램 신작 라인업,info,issue,MBC 예능 프로그램의 새로운 작품 정보와 라인업,meta-llama/llama-4-scout-17b-16e-instruct,2026-06-01T12:37:04.035570+00:00
01-variety-show-mbc-variety-show-lineup,01-variety-show,01,mbc-variety-show-lineup,MBC 예능 프로그램 라인업,MBC 예능 프로그램 라인업,info,issue,MBC 예능 프로그램 라인업 제공,meta-llama/llama-4-scout-17b-16e-instruct,2026-06-01T12:31:11.146046+00:00
01-variety-show-mbc-variety-show-ratings,01-variety-show,01,mbc-variety-show-ratings,MBC 예능 프로그램 시청률,MBC 예능 프로그램 시청률 순위,info,issue,MBC 예능 프로그램 최신 시청률 순위 제공,meta-llama/llama-4-scout-17b-16e-instruct,2026-06-01T12:31:11.146046+00:00
01-variety-show-mbc-variety-show-schedule,01-variety-show,01,mbc-variety-show-schedule,MBC 예능 프로그램 편성표,MBC 예능 프로그램 편성표와 시간표,info,howto,MBC 예능 프로그램 편성표와 시간표 확인하기,meta-llama/llama-4-scout-17b-16e-instruct,2026-06-01T12:31:11.146046+00:00
01-variety-show-mbc-variety-show-schedule-2,01-variety-show,01,mbc-variety-show-schedule-2,MBC 예능 프로그램 방영 시간표,MBC 예능 프로그램 방영 시간표 최신 업데이트,info,howto,MBC 예능 프로그램의 최신 방영 시간표와 일정 정보,meta-llama/llama-4-scout-17b-16e-instruct,2026-06-01T12:37:04.035570+00:00
01-variety-show-mbc-variety-shows-schedule,01-variety-show,01,mbc-variety-shows-schedule,MBC 예능 프로그램 시간표,MBC 예능 프로그램 시간표,info,howto,MBC 예능 프로그램 시간표와 시청 가이드,meta-llama/llama-4-scout-17b-16e-instruct,2026-06-01T12:31:11.146046+00:00
01-variety-show-new-variety-shows-2024,01-variety-show,01,new-variety-shows-2024,2024 신규 예능 프로그램 목록,2024년 신규 예능 프로그램 라인업,info,issue,2024년에 새로 시작하는 예능 프로그램 목록,meta-llama/llama-4-scout-17b-16e-instruct,2026-06-01T12:31:11.146046+00:00
01-variety-show-sbs-new-variety-show,01-variety-show,01,sbs-new-variety-show,SBS 예능 프로그램 신작 정보,SBS 예능 프로그램 신작 및 라인업 정보,info,issue,SBS 예능 프로그램의 신작 정보와 라인업 제공,meta-llama/llama-4-scout-17b-16e-instruct,2026-06-01T12:37:04.035570+00:00
01-variety-show-sbs-variety-show-ratings,01-variety-show,01,sbs-variety-show-ratings,SBS 예능 프로그램 시청률,SBS 예능 프로그램 시청률 순위,info,issue,SBS 예능 프로그램 최신 시청률 순위 제공,meta-llama/llama-4-scout-17b-16e-instruct,2026-06-01T12:31:11.146046+00:00
01-variety-show-sbs-variety-show-schedule,01-variety-show,01,sbs-variety-show-schedule,SBS 예능 프로그램 편성표,SBS 예능 프로그램 편성표 확인하기,info,howto,SBS 예능 프로그램 편성표와 방송 시간 확인,meta-llama/llama-4-scout-17b-16e-instruct,2026-06-01T12:31:11.146046+00:00
01-variety-show-sbs-variety-shows-lineup,01-variety-show,01,sbs-variety-shows-lineup,SBS 예능 프로그램 라인업,SBS 예능 프로그램 라인업 2023,info,issue,SBS 예능 프로그램 라인업과 기대작,meta-llama/llama-4-scout-17b-16e-instruct,2026-06-01T12:31:11.146046+00:00
01-variety-show-tving-variety-show-lineup-2024,01-variety-show,01,tving-variety-show-lineup-2024,티빙 예능 프로그램 라인업 2024,2024 티빙 예능 프로그램 라인업과 추천,info,issue,2024년 티빙 예능 프로그램 라인업과 추천,meta-llama/llama-4-scout-17b-16e-instruct,2026-06-01T12:31:11.146046+00:00
01-variety-show-tving-variety-show-ratings,01-variety-show,01,tving-variety-show-ratings,티빙 예능 프로그램 시청률,티빙 예능 프로그램 시청률 순위,info,issue,티빙 예능 프로그램 최신 시청률 순위 제공,meta-llama/llama-4-scout-17b-16e-instruct,2026-06-01T12:31:11.146046+00:00
01-variety-show-tving-variety-shows-schedule,01-variety-show,01,tving-variety-shows-schedule,티빙 예능 프로그램 편성표,티빙 예능 프로그램 편성표,info,howto,티빙 예능 프로그램 편성표와 시청 가이드,meta-llama/llama-4-scout-17b-16e-instruct,2026-06-01T12:31:11.146046+00:00
01-variety-show-tvn-new-variety-shows,01-variety-show,01,tvn-new-variety-shows,tvN 예능 프로그램 신작,tvN 예능 프로그램 신작 라인업,info,issue,tvN 예능 프로그램의 신작 라인업,meta-llama/llama-4-scout-17b-16e-instruct,2026-06-01T12:31:11.146046+00:00
01-variety-show-tvn-variety-ratings,01-variety-show,01,tvn-variety-ratings,tvN 예능 프로그램 시청률,tvN 예능 프로그램 실시간 시청률,info,issue,tvN 예능 프로그램 시청률 확인하기,meta-llama/llama-4-scout-17b-16e-instruct,2026-06-01T12:31:11.146046+00:00
01-variety-show-tvn-variety-recommend,01-variety-show,01,tvn-variety-recommend,tvN 예능 프로그램 추천,tvN 예능 프로그램 추천 리스트,review,tip,tvN에서 방영 중인 예능 프로그램 추천,meta-llama/llama-4-scout-17b-16e-instruct,2026-06-01T12:31:11.146046+00:00
01-variety-show-tvn-variety-show-lineup,01-variety-show,01,tvn-variety-show-lineup,tvN 예능 프로그램 라인업,tvN 예능 프로그램 라인업,info,issue,tvN 예능 프로그램 라인업 제공,meta-llama/llama-4-scout-17b-16e-instruct,2026-06-01T12:31:11.146046+00:00
01-variety-show-tvn-variety-shows-schedule,01-variety-show,01,tvn-variety-shows-schedule,tvN 예능 프로그램 편성표,tvN 예능 프로그램 편성표,info,howto,tvN 예능 프로그램 편성표와 시청 가이드,meta-llama/llama-4-scout-17b-16e-instruct,2026-06-01T12:31:11.146046+00:00
01-variety-show-variety-show-popularity,01-variety-show,01,variety-show-popularity,예능 프로그램 화제성 분석,예능 프로그램 화제성 분석 및 순위,info,review,예능 프로그램의 화제성과 인기도를 분석하는 방법,meta-llama/llama-4-scout-17b-16e-instruct,2026-06-01T12:31:11.146046+00:00
01-variety-show-variety-show-ratings-analysis,01-variety-show,01,variety-show-ratings-analysis,예능 프로그램 시청률 분석,최신 예능 프로그램 시청률 순위와 분석,info,review,현재 방영 중인 예능 프로그램들의 시청률 순위와 분석,meta-llama/llama-4-scout-17b-16e-instruct,2026-06-01T12:31:11.146046+00:00
01-variety-show-variety-shows-awards,01-variety-show,01,variety-shows-awards,예능 프로그램 수상 내역,예능 프로그램 수상 내역 모음,info,review,예능 프로그램 수상 내역 모음,meta-llama/llama-4-scout-17b-16e-instruct,2026-06-01T12:31:11.146046+00:00
01-variety-show-variety-shows-broadcast-schedule,01-variety-show,01,variety-shows-broadcast-schedule,예능 프로그램 방영일정,예능 프로그램 방영일정표,info,howto,예능 프로그램 방영일정표와 시청 가이드,meta-llama/llama-4-scout-17b-16e-instruct,2026-06-01T12:31:11.146046+00:00
01-variety-show-variety-shows-buzz-rank,01-variety-show,01,variety-shows-buzz-rank,예능 프로그램 화제성 순위,예능 프로그램 화제성 순위,info,review,예능 프로그램 화제성 순위와 분석,meta-llama/llama-4-scout-17b-16e-instruct,2026-06-01T12:31:11.146046+00:00
01-variety-show-variety-shows-cast-info,01-variety-show,01,variety-shows-cast-info,예능 프로그램 출연진 정보,예능 프로그램 출연진 정보 모음,info,review,예능 프로그램 출연진 정보 모음,meta-llama/llama-4-scout-17b-16e-instruct,2026-06-01T12:31:11.146046+00:00
01-variety-show-variety-shows-ost,01-variety-show,01,variety-shows-ost,예능 프로그램 OST 모음,예능 프로그램 OST 모음,info,review,예능 프로그램 OST 모음,meta-llama/llama-4-scout-17b-16e-instruct,2026-06-01T12:31:11.146046+00:00
01-variety-show-variety-shows-rating-rank,01-variety-show,01,variety-shows-rating-rank,예능 프로그램 시청률 순위,주말 예능 프로그램 시청률 순위,info,review,주말 예능 프로그램 시청률 순위와 분석,meta-llama/llama-4-scout-17b-16e-instruct,2026-06-01T12:31:11.146046+00:00
01-variety-show-variety-shows-trailer,01-variety-show,01,variety-shows-trailer,예능 프로그램 예고편 모음,예능 프로그램 예고편 모음,info,tip,예능 프로그램 예고편 모음,meta-llama/llama-4-scout-17b-16e-instruct,2026-06-01T12:31:11.146046+00:00
01-variety-show-variety-shows-watch-again,01-variety-show,01,variety-shows-watch-again,예능 프로그램 다시보기,예능 프로그램 다시보기 사이트 모음,howto,tip,예능 프로그램 다시보기 가능한 사이트 모음,meta-llama/llama-4-scout-17b-16e-instruct,2026-06-01T12:31:11.146046+00:00
01-variety-show-wave-variety-show-ratings-2024,01-variety-show,01,wave-variety-show-ratings-2024,웨이브 예능 프로그램 시청률 2024,2024 웨이브 예능 프로그램 시청률 순위,info,issue,2024년 웨이브 예능 프로그램 시청률 순위,meta-llama/llama-4-scout-17b-16e-instruct,2026-06-01T12:31:11.146046+00:00
01-variety-show-wavve-variety-show-lineup,01-variety-show,01,wavve-variety-show-lineup,웨이브 예능 프로그램 라인업,웨이브 예능 프로그램 라인업 보기,info,issue,웨이브 예능 프로그램 라인업과 방영 일정,meta-llama/llama-4-scout-17b-16e-instruct,2026-06-01T12:31:11.146046+00:00
01-variety-show-wavve-variety-show-schedule,01-variety-show,01,wavve-variety-show-schedule,웨이브 예능 프로그램 편성표,웨이브 예능 프로그램 편성표,info,issue,웨이브 예능 프로그램 편성표 제공,meta-llama/llama-4-scout-17b-16e-instruct,2026-06-01T12:31:11.146046+00:00
01-variety-show-wavve-variety-shows-recommend,01-variety-show,01,wavve-variety-shows-recommend,웨이브 예능 프로그램 추천,웨이브 예능 프로그램 추천,howto,tip,웨이브 예능 프로그램 추천 리스트,meta-llama/llama-4-scout-17b-16e-instruct,2026-06-01T12:31:11.146046+00:00
01-variety-show-weekend-variety-shows,01-variety-show,01,weekend-variety-shows,예능 프로그램 방영 일정,주말 예능 프로그램 방영 일정,info,howto,주말에 방영하는 예능 프로그램 일정 확인하기,meta-llama/llama-4-scout-17b-16e-instruct,2026-06-01T12:31:11.146046+00:00
