l3_id,l2_id,l1_code,l3_slug,focus_keyword,title_ko,search_intent,topic_angle,description,model,generated_at,tier,quality_score,drop_reason
01-ent-news-2024-celebrity-personal-brand-analysis,01-ent-news,01,2024-celebrity-personal-brand-analysis,2024 연예인 persoonal 브랜드 분석,2024 연예인 personal 브랜드 분석과 전략,howto,tip,2024년 연예인의 personal 브랜드 분석과 전략,mistralai/mistral-nemotron,2026-06-02T02:14:18.684529+00:00,drop,0,korean_english_mix
01-variety-show-jtbc-new-variety-shows,01-variety-show,01,jtbc-new-variety-shows,JTBC 예능 프로그램 신작 정보,JTBC 예능 프로그램 신작 정보 2024,info,issue,2024년 JTBC 예능 프로그램 신작 정보 소개,meta-llama/llama-4-scout-17b-16e-instruct,2026-06-01T12:37:04.035570+00:00,drop,0,korean_english_mix
01-variety-show-jtbc-variety-recommend,01-variety-show,01,jtbc-variety-recommend,JTBC 예능 프로그램 추천,JTBC 예능 프로그램 베스트 리스트,review,tip,JTBC 예능 프로그램 추천 리스트,meta-llama/llama-4-scout-17b-16e-instruct,2026-06-01T12:37:04.035570+00:00,drop,0,korean_english_mix
01-variety-show-jtbc-variety-show-lineup,01-variety-show,01,jtbc-variety-show-lineup,JTBC 예능 프로그램 라인업,JTBC 예능 프로그램 라인업,info,issue,JTBC 예능 프로그램 라인업 제공,meta-llama/llama-4-scout-17b-16e-instruct,2026-06-01T12:31:11.146046+00:00,drop,0,korean_english_mix
01-variety-show-jtbc-variety-shows-rating,01-variety-show,01,jtbc-variety-shows-rating,JTBC 예능 프로그램 시청률,JTBC 예능 프로그램 시청률 순위,info,review,JTBC 예능 프로그램 시청률 순위와 분석,meta-llama/llama-4-scout-17b-16e-instruct,2026-06-01T12:31:11.146046+00:00,drop,0,korean_english_mix
02-asset-management-nisa-asset-management,02-asset-management,02,nisa-asset-management,NISA 자산관리 전략,NISA를 활용한 자산 관리 전략과 팁,howto,tip,NISA로 자산을 관리하는 전략과 팁,mistralai/mistral-nemotron,2026-06-02T02:14:18.684529+00:00,drop,0,korean_english_mix
02-financial-planning-methods-long-term-vs-short-term-stock-investment,02-financial-planning-methods,02,long-term-vs-short-term-stock-investment,주식 투자 장기 vs.short-term,"주식 투자 장기 vs. 단기, 어떤 것이 나을까?",compare,compare,주식 투자에서 장기와 단기의 장단점 비교,mistralai/mistral-nemotron,2026-06-02T02:14:18.684529+00:00,drop,0,korean_english_mix
02-global-economy-us-fed-policy-impact-korea,02-global-economy,02,us-fed-policy-impact-korea,미국 Fed 금리 policies,미국 Fed 금리 정책 변화와 한국 경제에 미치는 영향,info,issue,미국 연준의 최신 금리 정책이 한국 경제에 미치는 영향 분석,mistralai/mistral-nemotron,2026-06-02T02:14:18.684529+00:00,drop,0,korean_english_mix
02-inflation-free-child-club-inflation,02-inflation,02,free-child-club-inflation,물가 상승 무료 자녀동아리 추천,물가 상승 시 무료 자녀동아리와 교육법,review,review,물가 상승 시 무료 자녀동아리를 통한 교육 방법,mistralai/mistral-nemotron,2026-06-02T02:14:18.684529+00:00,drop,0,mixed_topic
03-health-tips-office-exercise-tips,03-health-tips,03,office-exercise-tips,직장에서 Pohza 할 수 있는 운동,직장에서 Pohza 할 수 있는 간단한 운동 5가지,howto,howto,직장에서 간단하게 할 수 있는 Pohza 운동을 소개합니다.,mistralai/mistral-nemotron,2026-06-02T02:14:18.684529+00:00,drop,0,korean_english_mix
03-post-workout-recovery-bcaa-post-workout,03-post-workout-recovery,03,bcaa-post-workout,운동 후 BCAA 복용 방법,운동 후 BCAA 복용 시간과 양에 대한 가이드,howto,howto,운동 후 BCAA를 제대로 복용하는 방법,mistralai/mistral-nemotron,2026-06-02T02:14:18.684529+00:00,drop,0,korean_english_mix
03-post-workout-recovery-bcaa-timing-dosage,03-post-workout-recovery,03,bcaa-timing-dosage,운동 후 근육 회복 BCAA 복용 시기,운동 후 근육 회복에 BCAA 복용 시기와 양,howto,tip,"운동 후 BCAA를 언제, 얼마나 복용해야 효과적인지",mistralai/mistral-nemotron,2026-06-02T02:14:18.684529+00:00,drop,0,korean_english_mix
03-post-workout-recovery-ice-bath-recovery,03-post-workout-recovery,03,ice-bath-recovery,운동 후ice bath 효과,얼음 목욕이 운동 후 회복에 주는 3가지 효과,info,issue,얼음 목욕이 운동 후 회복에 미치는 영향,mistralai/mistral-nemotron,2026-06-02T02:14:18.684529+00:00,drop,0,korean_english_mix
03-post-workout-recovery-post-workout-bcaa-effect-duration,03-post-workout-recovery,03,post-workout-bcaa-effect-duration,운동 후 BCAA 효과 기간,운동 후 BCAA 복용 효과 기간 알아보기,info,start,운동 후 BCAA를 복용하면 효과가 언제까지 지속되는지 확인,mistralai/mistral-nemotron,2026-06-02T02:14:18.684529+00:00,drop,0,korean_english_mix
03-sleep-health-exercises-for-nighttime-leg-cramps,03-sleep-health,03,exercises-for-nighttime-leg-cramps,수면 중 간부장 완화 운동,수면 중 간부장을 완화하는 3가지 운동,howto,tip,수면 중 간부장을 완화하는 운동 방법들을 소개합니다.,mistralai/mistral-nemotron,2026-06-02T02:14:18.684529+00:00,drop,0,awkward_keyword
03-sleep-health-fix-sleep-time-leg-movement,03-sleep-health,03,fix-sleep-time-leg-movement,수면 중 간부장 현상,수면 중 간부장이 일한 5가지 이유와 해결법,howto,tip,수면 중 간부장이 일어나는 원인과 해결법을 알려드립니다.,mistralai/mistral-nemotron,2026-06-02T02:14:18.684529+00:00,drop,0,awkward_keyword
03-sleep-health-foods-to-prevent-nighttime-leg-cramps,03-sleep-health,03,foods-to-prevent-nighttime-leg-cramps,수면 중 간부장 음식,수면 중 간부장을 예방하는 5가지 음식,info,start,수면 중 간부장을 예방하는 음식을 소개합니다.,mistralai/mistral-nemotron,2026-06-02T02:14:18.684529+00:00,drop,0,awkward_keyword
03-sleep-health-medications-for-nighttime-leg-cramps,03-sleep-health,03,medications-for-nighttime-leg-cramps,수면 중 간부장 치료제,수면 중 간부장을 치료하는 4가지 약물 비교,compare,compare,수면 중 간부장을 치료하는 약물을 비교합니다.,mistralai/mistral-nemotron,2026-06-02T02:14:18.684529+00:00,drop,0,awkward_keyword
03-sleep-health-prevent-nighttime-leg-cramps,03-sleep-health,03,prevent-nighttime-leg-cramps,수면 중 간부장 예방법,수면 중 간부장을 예방하는 5가지 방법,howto,tip,수면 중 간부장을 예방하는 실용적인 방법을 안내합니다.,mistralai/mistral-nemotron,2026-06-02T02:14:18.684529+00:00,drop,0,awkward_keyword
03-sleep-health-relieve-sleep-cramps,03-sleep-health,03,relieve-sleep-cramps,수면 중 간부장 완화 방법,수면 중 간부장 완화하는 방법,howto,tip,수면 중 간부장을 줄이는 실용적인 팁,mistralai/mistral-nemotron,2026-06-02T02:14:18.684529+00:00,drop,0,awkward_keyword
03-sleep-health-symptoms-of-nighttime-leg-cramps,03-sleep-health,03,symptoms-of-nighttime-leg-cramps,수면 중 간부장 증상,수면 중 간부장이 발생하는 4가지 주요 증상,info,start,수면 중 간부장이 발생하는 주요 증상을 설명합니다.,mistralai/mistral-nemotron,2026-06-02T02:14:18.684529+00:00,drop,0,awkward_keyword
04-handbags-recommended-bags-2024,04-handbags,04,recommended-bags-2024,가방 추천 2024년 인기 모자,2024년 인기 가방 추천 트렌디한 디자인,review,review,2024년 인기 가방 추천 리스트,mistralai/mistral-nemotron,2026-06-02T02:14:18.684529+00:00,drop,0,mixed_topic
04-mens-fashion-men-fashion-trend-tips,04-mens-fashion,04,men-fashion-trend-tips,남성 패션 트렌드 Tips,남성 패션 트렌드 Tips와 실용적인 조합 방법,howto,howto,남성 패션 트렌드 Tips와 실용적인 조합 방법,mistralai/mistral-nemotron,2026-06-02T02:14:18.684529+00:00,drop,0,korean_english_mix
04-styling-2024-fall-polyesther-styling,04-styling,04,2024-fall-polyesther-styling,2024 가을 폴리싱 스타일링 grafting,2024 가을 폴리싱 스타일링 grafting 방법과 팁,howto,howto,2024년 가을 폴리싱 스타일링 grafting 방법과 팁을 공유합니다.,mistralai/mistral-nemotron,2026-06-02T02:14:18.684529+00:00,drop,0,korean_english_mix
05-baseball-analysis-baseball-player-mental-analysis,05-baseball-analysis,05,baseball-player-mental-analysis,야구 선수의 mental 분석,야구 선수의 mental 분석하는 방법와 중요성,howto,tip,야구 선수의 mental을 분석하는 방법와 중요성,mistralai/mistral-nemotron,2026-06-02T02:14:18.684529+00:00,drop,0,korean_english_mix
05-baseball-game-kbo-foreign-players,05-baseball-game,05,kbo-foreign-players,KBO 리그Foreign Player 분석,KBO 리그 Foreign Player 분석 및 성적,info,issue,KBO 리그 Foreign Player 분석 및 성적,mistralai/mistral-nemotron,2026-06-02T02:14:18.684529+00:00,drop,0,korean_english_mix
05-game-highlight-uefa-champions-league-weekly-highlight,05-game-highlight,05,uefa-champions-league-weekly-highlight,UEFA 챔피언스리그 하이라이트 이번주,UEFA 챔피언스리그 이번주 주요 경기 하이라이트 및 분석,info,issue,UEFA 챔피언스리그 이번주 주요 경기 하이라이트와 분석,mistralai/mistral-nemotron,2026-06-02T02:14:18.684529+00:00,drop,0,korean_english_mix
05-game-highlight-uefa-el-2023-highlights,05-game-highlight,05,uefa-el-2023-highlights,UEFA 유로파리그 하이라이트 2023,UEFA 유로파리그 2023 경기 하이라이트 총정리,info,review,2023년 UEFA 유로파리그 경기 하이라이트,mistralai/mistral-nemotron,2026-06-02T02:14:18.684529+00:00,drop,0,korean_english_mix
05-game-highlight-uefa-el-2024-highlights,05-game-highlight,05,uefa-el-2024-highlights,UEFA EL 하이라이트 2024,UEFA 유로파리그 2024 경기 하이라이트 총정리,info,review,2024년 UEFA 유로파리그 경기 하이라이트,mistralai/mistral-nemotron,2026-06-02T02:14:18.684529+00:00,drop,0,korean_english_mix
05-game-highlight-uefa-el-8-highlights,05-game-highlight,05,uefa-el-8-highlights,UEFA 유로파리그 8강 하이라이트,UEFA 유로파리그 8강 경기 하이라이트 총정리,info,start,UEFA 유로파리그 8강 경기 하이라이트와 결과,mistralai/mistral-nemotron,2026-06-02T02:14:18.684529+00:00,drop,0,korean_english_mix
05-game-highlight-uefa-europa-league-weekly-highlight,05-game-highlight,05,uefa-europa-league-weekly-highlight,UEFA 유로파리그 하이라이트 이번주,UEFA 유로파리그 이번주 주요 경기 하이라이트 및 분석,info,issue,UEFA 유로파리그 이번주 주요 경기 하이라이트와 분석,mistralai/mistral-nemotron,2026-06-02T02:14:18.684529+00:00,drop,0,korean_english_mix
05-game-schedule-premier-league-2024-round10,05-game-schedule,05,premier-league-2024-round10,2024 프리미어리그 Round 10 일정,2024 프리미어리그 10라운드 경기 일정 및 예약,checklist,local,2024년 10월 프리미어리그 경기 일정 안내,mistralai/mistral-nemotron,2026-06-02T02:14:18.684529+00:00,drop,0,korean_english_mix
05-soccer-league-epl-match-odds-2023,05-soccer-league,05,epl-match-odds-2023,2023년 EPL 경기 예상 승부율,2023년 EPL 경기 예상 승부율과 베팅 팁,howto,tip,2023년 EPL 경기 예상 승부율과 베팅 팁,mistralai/mistral-nemotron,2026-06-02T02:14:18.684529+00:00,drop,0,betting_gambling
05-soccer-league-uefa-champions-league-2023,05-soccer-league,05,uefa-champions-league-2023,2023년 UEFA 챔피언스리그 일정,2023년 UEFA 챔피언스리그 일정표와 진출 팀,info,issue,2023년 UEFA 챔피언스리그 일정표와 진출 팀 안내,mistralai/mistral-nemotron,2026-06-02T02:14:18.684529+00:00,drop,0,korean_english_mix
05-soccer-league-uefa-champions-league-teams-2023,05-soccer-league,05,uefa-champions-league-teams-2023,2023년 UEFA 챔피언스리그 진출 팀,2023년 UEFA 챔피언스리그 진출 팀 및 경기 결과,info,tip,2023년 UEFA 챔피언스리그 진출 팀 및 경기 결과 안내,mistralai/mistral-nemotron,2026-06-02T02:14:18.684529+00:00,drop,0,korean_english_mix
05-soccer-league-uefa-europa-league-2023,05-soccer-league,05,uefa-europa-league-2023,2023년 UEFA 유로파리그 일정,2023년 UEFA 유로파리그 일정표와 진출 팀,info,issue,2023년 UEFA 유로파리그 일정표와 진출 팀 안내,mistralai/mistral-nemotron,2026-06-02T02:14:18.684529+00:00,drop,0,korean_english_mix
05-soccer-league-uefa-europa-league-2023-rank,05-soccer-league,05,uefa-europa-league-2023-rank,2023년 UEFA 유로파리그 승점 순위,2023 UEFA 유로파리그 승점 순위,info,review,2023년 UEFA 유로파리그 최신 승점 순위표,mistralai/mistral-nemotron,2026-06-02T02:14:18.684529+00:00,drop,0,korean_english_mix
05-soccer-league-world-cup-qualifier-2023-schedule,05-soccer-league,05,world-cup-qualifier-2023-schedule,2023년 FIFA 월드컵 예선 한국 국가대표 일정,2023 FIFA 월드컵 예선 한국 국가대표 일정,info,issue,2023년 FIFA 월드컵 예선 한국 국가대표 일정 정리,mistralai/mistral-nemotron,2026-06-02T02:14:18.684529+00:00,drop,0,korean_english_mix
05-soccer-player-lee-kang-in-fifa-24,05-soccer-player,05,lee-kang-in-fifa-24,이강인 FIFA 24 능력치,이강인 FIFA 24 능력치 분석과 전망,info,compare,이강인의 FIFA 24 게임 내 능력치 분석,mistralai/mistral-nemotron,2026-06-02T02:14:18.684529+00:00,drop,0,korean_english_mix
05-soccer-player-lee-kang-in-worldcup-qualifier,05-soccer-player,05,lee-kang-in-worldcup-qualifier,이강인 2024년 FIFA 월드컵 예선,이강인 2024년 FIFA 월드컵 예선 경기 분석,info,review,이강인의 2024년 FIFA 월드컵 예선 경기 분석을 알아보세요.,mistralai/mistral-nemotron,2026-06-02T02:14:18.684529+00:00,drop,0,korean_english_mix
05-sports-news-2024-baseball-rookie-transfer,05-sports-news,05,2024-baseball-rookie-transfer,2024 year 야구 신인 선수 이적,2024년 야구 신인 선수 이적 소식과 전망,news,issue,2024년 야구 신인 선수들의 이적 이슈와 전망,mistralai/mistral-nemotron,2026-06-02T02:14:18.684529+00:00,drop,0,english_year_token
05-sports-news-2024-fifa-world-cup-asia-qualifier,05-sports-news,05,2024-fifa-world-cup-asia-qualifier,2024 year 축구 월드컵 아시아 예선 전망,2024년 축구 월드컵 아시아 예선 전망과 주요 경기,info,start,2024년 축구 월드컵 아시아 예선 전망과 주요 경기,mistralai/mistral-nemotron,2026-06-02T02:14:18.684529+00:00,drop,0,english_year_token
05-sports-news-2024-fifa-world-cup-europe-qualifier,05-sports-news,05,2024-fifa-world-cup-europe-qualifier,2024 year 축구 월드컵 유럽 예선 전망,2024년 축구 월드컵 유럽 예선 전망과 주요 경기,info,start,2024년 축구 월드컵 유럽 예선 전망과 주요 경기,mistralai/mistral-nemotron,2026-06-02T02:14:18.684529+00:00,drop,0,english_year_token
05-sports-news-2024-kbo-foreign-player-analysis,05-sports-news,05,2024-kbo-foreign-player-analysis,2024 year KBO 리그 외신 선수 분석,2024년 KBO 리그 외신 선수 분석과 전망,howto,tip,2024년 KBO 리그 외신 선수들의 전력 분석과 전망,mistralai/mistral-nemotron,2026-06-02T02:14:18.684529+00:00,drop,0,english_year_token
05-sports-news-2024-kbo-postseason-schedule-2,05-sports-news,05,2024-kbo-postseason-schedule-2,2024 year KBO리그 포스트시즌 일정,2024년 KBO리그 포스트시즌 일정과 주요 경기,info,start,2024년 KBO리그 포스트시즌 일정과 주요 경기,mistralai/mistral-nemotron,2026-06-02T02:14:18.684529+00:00,drop,0,english_year_token
05-sports-news-2024-kbo-rookie-of-the-year,05-sports-news,05,2024-kbo-rookie-of-the-year,2024 year 프로 야구 신인왕 후보 분석,2024년 프로 야구 신인왕 후보 분석과 전망,howto,review,2024년 프로 야구 신인왕 후보 분석과 전망,mistralai/mistral-nemotron,2026-06-02T02:14:18.684529+00:00,drop,0,english_year_token
05-sports-news-2024-kligue-winner-prediction,05-sports-news,05,2024-kligue-winner-prediction,2024 year K리그 우승 후보 상품권,2024 K리그 우승 후보 분석과 추천 상품권,howto,compare,2024 K리그 우승 후보 팀별 전력 분석과 추천 상품권 정보,mistralai/mistral-nemotron,2026-06-02T02:14:18.684529+00:00,drop,0,english_year_token
05-sports-news-2024-kligue1-golden-boot-prediction,05-sports-news,05,2024-kligue1-golden-boot-prediction,2024 year K리그1 골든부츠 경쟁 전망,2024년 K리그1 골든부츠 경쟁 전망과 추천 선수,howto,review,2024년 K리그1 골든부츠 경쟁 전망과 추천 선수 분석,mistralai/mistral-nemotron,2026-06-02T02:14:18.684529+00:00,drop,0,english_year_token
05-sports-news-2024-kligue1-rookie-of-the-year,05-sports-news,05,2024-kligue1-rookie-of-the-year,2024 year K리그1 신인왕 후보 분석,2024년 K리그1 신인왕 후보 분석과 전망,howto,review,2024년 K리그1 신인왕 후보 분석과 전망,mistralai/mistral-nemotron,2026-06-02T02:14:18.684529+00:00,drop,0,english_year_token
05-sports-news-2024-kligue2-promotion-prediction,05-sports-news,05,2024-kligue2-promotion-prediction,2024 year K리그2 승격 경쟁 전망,2024년 K리그2 승격 경쟁 전망과 추천 팀,howto,review,2024년 K리그2 승격 경쟁 전망과 추천 팀 분석,mistralai/mistral-nemotron,2026-06-02T02:14:18.684529+00:00,drop,0,english_year_token
05-sports-news-2024-mlb-all-star-game-prediction-2,05-sports-news,05,2024-mlb-all-star-game-prediction-2,2024 year 메이저리그 올스타전 예측 및 분석,2024년 메이저리그 올스타전 예측과 분석,howto,tip,2024년 메이저리그 올스타전 예측과 분석,mistralai/mistral-nemotron,2026-06-02T02:14:18.684529+00:00,drop,0,english_year_token
05-sports-news-2024-mlb-korean-player-performance,05-sports-news,05,2024-mlb-korean-player-performance,2024 year 메이저리그 한국인 선수 활약 전망,2024년 메이저리그 한국인 선수 활약 전망과 주목 선수,info,tip,2024년 메이저리그 한국인 선수들의 활약 전망과 주목 선수,mistralai/mistral-nemotron,2026-06-02T02:14:18.684529+00:00,drop,0,english_year_token
05-sports-news-2024-mlb-korean-player-transfer-2,05-sports-news,05,2024-mlb-korean-player-transfer-2,2024 year 메이저리그 한국인 선수 이적 소식,2024년 메이저리그 한국인 선수 이적 소식과 전망,news,issue,2024년 메이저리그 한국인 선수들의 이적 소식과 전망,mistralai/mistral-nemotron,2026-06-02T02:14:18.684529+00:00,drop,0,english_year_token
05-sports-news-2024-uefa-champions-league-final-2,05-sports-news,05,2024-uefa-champions-league-final-2,2024 year 유럽 챔피언스리그 결승전 일정,2024년 유럽 챔피언스리그 결승전 일정과 경기 분석,info,start,2024년 유럽 챔피언스리그 결승전 일정과 경기 분석,mistralai/mistral-nemotron,2026-06-02T02:14:18.684529+00:00,drop,0,english_year_token
05-sports-news-2024-uefa-champions-league-schedule,05-sports-news,05,2024-uefa-champions-league-schedule,2024 year 유럽 챔피언스리그 예상 일정표,2024년 유럽 챔피언스리그 예상 일정표와 주요 경기,info,start,2024년 유럽 챔피언스리그 예상 일정과 주요 경기 일정표,mistralai/mistral-nemotron,2026-06-02T02:14:18.684529+00:00,drop,0,english_year_token
06-car-news-new-car-release-jan-2024,06-car-news,06,new-car-release-jan-2024,2024년 1월 신차 출시 modello,2024년 1월 신차 출시 모델 및 주요 특징,info,start,2024년 1월 출시되는 신차 모델들을 정리했습니다.,mistralai/mistral-nemotron,2026-06-02T02:14:18.684529+00:00,drop,0,korean_english_mix
07-blockchain-ciudad-del-este-crypto,07-blockchain,07,ciudad-del-este-crypto,가상화폐 Ciudad del Este,Ciudad del Este 가상화폐 부상: 파라과이 전자금융 허브로의 꿈,info,issue,Ciudad del Este의 가상화폐 부상과 파라과이 전자금융 허브로의 꿈,mistralai/mistral-nemotron,2026-06-02T02:14:18.684529+00:00,drop,0,korean_english_mix
07-security-issue-smartphone-app-permissions,07-security-issue,07,smartphone-app-permissions,스마트폰 앱 권한 permissions,스마트폰 앱 권한 설정 확인하고 보안 강화하기,howto,tip,스마트폰 앱 권한설정을 안전하게 조절하는 방법을 알려드립니다.,mistralai/mistral-nemotron,2026-06-02T02:14:18.684529+00:00,drop,0,korean_english_mix
07-smartphone-review-galaxy-z-flip5-review,07-smartphone-review,07,galaxy-z-flip5-review,갤럭시 Z Flip5 접이식 스마트폰 리뷰,갤럭시 Z Flip5 접이식 스마트폰 사용기와 리뷰,review,review,갤럭시 Z Flip5 접이식 스마트폰의 사용기와 상세 리뷰,mistralai/mistral-nemotron,2026-06-02T02:14:18.684529+00:00,drop,0,korean_english_mix
07-software-review-backup-software-windows-11,07-software-review,07,backup-software-windows-11,Windows 11 백업 소프트웨어 추천,Windows 11용 백업 소프트웨어 추천 및 비교,compare,compare,Windows 11에서 사용할 수 있는 백업 소프트웨어를 비교합니다.,mistralai/mistral-nemotron,2026-06-02T02:14:18.684529+00:00,drop,0,korean_english_mix
07-software-review-file-compression-software-windows-11,07-software-review,07,file-compression-software-windows-11,Windows 11 파일 압축 프로그램,Windows 11용 파일 압축 프로그램 추천,review,howto,Windows 11에서 사용할 수 있는 파일 압축 프로그램을 비교합니다.,mistralai/mistral-nemotron,2026-06-02T02:14:18.684529+00:00,drop,0,korean_english_mix
07-software-review-file-sync-software-windows-10,07-software-review,07,file-sync-software-windows-10,파일 동기화 프로그램 Windows 10,Windows 10용 파일 동기화 프로그램 추천,review,howto,Windows 10에서 사용할 수 있는 파일 동기화 프로그램을 비교합니다.,mistralai/mistral-nemotron,2026-06-02T02:14:18.684529+00:00,drop,0,korean_english_mix
07-software-review-windows-11-optimization,07-software-review,07,windows-11-optimization,Windows 11 최적화 프로그램,Windows 11 최적화 프로그램 사용법과 효과,howto,howto,Windows 11 실행 속도 향상을 위한 최적화 프로그램 안내,mistralai/mistral-nemotron,2026-06-02T02:14:18.684529+00:00,drop,0,korean_english_mix
07-software-review-windows-11-optimization-tools,07-software-review,07,windows-11-optimization-tools,Windows 11 최적화 유틸리티,Windows 11 최적화 유틸리티 비교 및 설정 방법,compare,howto,Windows 11 성능을 향상시키는 유틸리티 비교 및 활용 가이드,mistralai/mistral-nemotron,2026-06-02T02:14:18.684529+00:00,drop,0,korean_english_mix
07-software-review-windows-11-optimization-utility,07-software-review,07,windows-11-optimization-utility,Windows 11 시스템 최적화 유틸리티,Windows 11 시스템 최적화 유틸리티 추천,review,howto,Windows 11 시스템을 최적화하는 유틸리티를 비교합니다.,mistralai/mistral-nemotron,2026-06-02T02:14:18.684529+00:00,drop,0,korean_english_mix
07-software-review-windows-11-system-management-tools,07-software-review,07,windows-11-system-management-tools,Windows 11 시스템 관리 프로그램,Windows 11 시스템 관리 프로그램 추천 및 사용법,compare,howto,Windows 11 시스템을 최적화하는 프로그램 비교 및 설정 방법,mistralai/mistral-nemotron,2026-06-02T02:14:18.684529+00:00,drop,0,korean_english_mix
07-software-review-windows-11-virtual-desktop,07-software-review,07,windows-11-virtual-desktop,Windows 11 가상 데스크탑 사용법,Windows 11 가상 데스크탑 생성 및 사용법,howto,howto,Windows 11에서 가상 데스크탑을 만들고 사용하는 방법을 쉽게 설명합니다.,mistralai/mistral-nemotron,2026-06-02T02:14:18.684529+00:00,drop,0,korean_english_mix
08-beauty-trend-celebrity-skin-care,08-beauty-trend,08,celebrity-skin-care,세레브들이하는 스킨케어,세레브들이 하는 최신 스킨케어 루틴,info,issue,유명인들의 스킨케어 루틴과 트렌드,mistralai/mistral-nemotron,2026-06-02T02:14:18.684529+00:00,drop,0,awkward_keyword
08-makeup-art-1-1-color-makeup-recommend,08-makeup-art,08,1-1-color-makeup-recommend,Dataset_name: 1:1 컬러 메이크업 강추,1:1 컬러 메이크업 강추와 프로페셔널 팁,howto,tip,1:1 컬러 메이크업에 대한 전문가 팁과 추천 방법.,mistralai/mistral-nemotron,2026-06-02T02:14:18.684529+00:00,drop,0,korean_english_mix
08-makeup-art-hanbok-makeup-ideas,08-makeup-art,08,hanbok-makeup-ideas,Festival_name: 한복 메이크업 아이디어,한복 메이크업 아이디어와 전통 스타일링 방법,howto,howto,한복과 어울리는 메이크업 스타일과 스티킹 팁 제공.,mistralai/mistral-nemotron,2026-06-02T02:14:18.684529+00:00,drop,0,korean_english_mix
09-busan-food-busan-yeongdo-cafe-mention,09-busan-food,09,busan-yeongdo-cafe-mention,부산 영도구 mencion 카페,"부산 영도구 mention 카페 추천, 감성 있는 공간",info,local,"영도구 mention 카페, 감성 있는 공간 추천",mistralai/mistral-nemotron,2026-06-02T02:14:18.684529+00:00,drop,0,korean_english_mix
09-gyeonggi-food-siheung-barataria-cafe,09-gyeonggi-food,09,siheung-barataria-cafe,시흥 Barataria 카페,시흥 Barataria 카페에서 추천하는 메뉴와 분위기,info,local,시흥 Barataria 카페 리뷰와 추천 메뉴,mistralai/mistral-nemotron,2026-06-02T02:14:18.684529+00:00,drop,0,korean_english_mix
11-travel-english-english-podcast-travel,11-travel-english,11,english-podcast-travel,해외 여행 영어 podcast 추천,해외 여행 영어 podcast 추천 5선,compare,compare,해외 여행 영어 능력을 키워줄 podcast를 비교합니다.,mistralai/mistral-nemotron,2026-06-02T02:14:18.684529+00:00,drop,0,korean_english_mix
11-travel-english-travel-english-vocab,11-travel-english,11,travel-english-vocab,해외 여행 영어 단어 50 sele,해외 여행 영어로 자주 사용하는 단어 50개,info,start,해외 여행에서 자주 쓰는 영어 단어를 모아 놓았습니다.,mistralai/mistral-nemotron,2026-06-02T02:14:18.684529+00:00,drop,0,korean_english_mix
11-travel-photography-travel-photo-contests-2024,11-travel-photography,11,travel-photo-contests-2024,여행 사진 contests 2024,2024년 여행 사진 공모전 정보 및 참여 방법,info,issue,2024년 여행 사진 공모전 정보 및 참여 방법,mistralai/mistral-nemotron,2026-06-02T02:14:18.684529+00:00,drop,0,korean_english_mix
11-travel-safety-lost-passport-overseas,11-travel-safety,11,lost-passport-overseas,해외 여행 중 passeport 분실 대응 방법,해외 여행 중 패스포트 분실 대응 방법과 예방 팁,howto,howto,해외 여행 시 패스포트 분실 시 대응 방법과 예방 조치,mistralai/mistral-nemotron,2026-06-02T02:14:18.684529+00:00,drop,0,korean_english_mix
12-cultural-exploration-webtoon-impact-korean-culture,12-cultural-exploration,12,webtoon-impact-korean-culture,한국 현대문화의 Webtoon 영향력,한국 현대문화에 Webtoon이 미친 영향 분석,info,issue,Webtoon이 한국 현대문화에 미친 영향력을 분석합니다.,mistralai/mistral-nemotron,2026-06-04T01:15:00.927640+00:00,drop,0,korean_english_mix
12-culture-criticism-cinematography-trends-2025,12-culture-criticism,12,cinematography-trends-2025,영화 촬영 기술 Trends 2025,영화 촬영 기술 Trends 2025: 어떤 변화가 오나?,info,issue,2025년 영화 촬영 기술의 주요 변화와 트렌드,mistralai/mistral-nemotron,2026-06-02T02:14:18.684529+00:00,drop,0,korean_english_mix
12-education-information-elementary-stem-education,12-education-information,12,elementary-stem-education,초등학생 STEM 교육 추천,초등학생을 위한 STEM 교육 프로그램 추천,compare,compare,초등학생 STEM 교육 프로그램 비교 및 추천,mistralai/mistral-nemotron,2026-06-04T01:15:00.927640+00:00,drop,0,korean_english_mix
12-education-information-steam-education-compare,12-education-information,12,steam-education-compare,STEAM 교육 프로그램 비교,학생에게 맞는 STEAM 교육 프로그램 비교,compare,compare,다양한 STEAM 교육 프로그램의 장단점 분석,mistralai/mistral-nemotron,2026-06-04T01:15:00.927640+00:00,drop,0,korean_english_mix
12-science-knowledge-geoscience-earthquake-resistant-structure,12-science-knowledge,12,geoscience-earthquake-resistant-structure,지구과학 지진-resistant 구조물 설계,지구과학 지진-resistant 구조물 설계 방법,howto,howto,진-resistant 구조물 설계를 위한 지구과학 방법 안내,mistralai/mistral-nemotron,2026-06-02T02:14:18.684529+00:00,drop,0,korean_english_mix
13-cat-behavior-cat-fur-balling,13-cat-behavior,13,cat-fur-balling,고양이 털실 핀다 해결방법,고양이 털실 핀다 해결하는 방법,howto,tip,고양이 털실 핀다 문제를 해결하는 방법,mistralai/mistral-nemotron,2026-06-04T01:15:00.927640+00:00,drop,0,awkward_keyword
13-cat-behavior-cat-licking-wool-cause,13-cat-behavior,13,cat-licking-wool-cause,고양이 털실 핀다 원인과 치료법,고양이 털실 핀다 원인과 해결 방법 모음,howto,howto,털실 핀 고양이의 원인과 해결책을 알려드립니다.,mistralai/mistral-nemotron,2026-06-04T01:15:00.927640+00:00,drop,0,awkward_keyword
13-cat-behavior-cat-wool-spinning,13-cat-behavior,13,cat-wool-spinning,고양이 털실 핀다 해결법,고양이 털실 핀다 어떻게 해결할까?,howto,tip,고양이가 털실이나 실밥을 핀다는 습관의 원인과 해결책,mistralai/mistral-nemotron,2026-06-04T01:15:00.927640+00:00,drop,0,awkward_keyword
13-pet-etiquette-epitopet-dog-manners,13-pet-etiquette,13,epitopet-dog-manners,반려견 episcopet 예절 교육법,epitopet으로 반려견 예절 훈련하는 방법,howto,howto,epitopet을 활용한 반려견 예절 교육 가이드,mistralai/mistral-nemotron,2026-06-04T01:15:00.927640+00:00,drop,0,korean_english_mix
13-pet-grooming-best-dog-grooming-salons,13-pet-grooming,13,best-dog-grooming-salons,강아지 미용 salon 추천,강아지 미용 salon 추천과 예약 팁,compare,review,강아지 미용 salon 추천과 예약 시 유의할 점,mistralai/mistral-nemotron,2026-06-04T01:15:00.927640+00:00,drop,0,english_in_keyword
13-pet-grooming-cat-grooming-salon-booking-tips,13-pet-grooming,13,cat-grooming-salon-booking-tips,고양이 미용 salon 예약 필수 사항,고양이 미용 salon 예약 필수 사항과 팁,checklist,tip,고양이 미용 salon 예약을 위한 필수 사항과 팁 제공,mistralai/mistral-nemotron,2026-06-04T01:15:00.927640+00:00,drop,0,english_in_keyword
13-pet-grooming-cat-grooming-salon-compare-2024,13-pet-grooming,13,cat-grooming-salon-compare-2024,고양이 미용 salon 비교 2024,2024 고양이 미용 salon 비교와 추천,compare,compare,2024년 고양이 미용 salon 비교와 최적의 선택 방법,mistralai/mistral-nemotron,2026-06-04T01:15:00.927640+00:00,drop,0,english_in_keyword
13-pet-grooming-cat-grooming-salon-preparation,13-pet-grooming,13,cat-grooming-salon-preparation,고양이 미용 salon 준비물,고양이 미용 salon 준비물과 미용 전 준비사항,howto,howto,고양이 미용 salon 가기 전에 준비할 것과 준비 방법,mistralai/mistral-nemotron,2026-06-04T01:15:00.927640+00:00,drop,0,english_in_keyword
13-pet-grooming-cat-grooming-salon-prices,13-pet-grooming,13,cat-grooming-salon-prices,고양이 미용 salon 가격,고양이 미용 salon 가격과 서비스 비교,compare,compare,고양이 미용 salon별 가격과 서비스 내용 비교,mistralai/mistral-nemotron,2026-06-04T01:15:00.927640+00:00,drop,0,english_in_keyword
13-pet-grooming-cat-grooming-salon-reservation-cancel,13-pet-grooming,13,cat-grooming-salon-reservation-cancel,고양이 미용 salon 예약 취소 방법,고양이 미용 salon 예약 취소하는 방법,howto,howto,고양이 미용 salon 예약 취소 방법,mistralai/mistral-nemotron,2026-06-04T01:15:00.927640+00:00,drop,0,english_in_keyword
13-pet-grooming-cat-grooming-salon-reservation-checklist,13-pet-grooming,13,cat-grooming-salon-reservation-checklist,고양이 미용 salon 예약 필수 체크리스트,고양이 미용 salon 예약 필수 체크리스트,checklist,howto,고양이 미용 salon 예약 필수 확인 사항,mistralai/mistral-nemotron,2026-06-04T01:15:00.927640+00:00,drop,0,english_in_keyword
13-pet-grooming-cat-grooming-salon-reservation-tips,13-pet-grooming,13,cat-grooming-salon-reservation-tips,고양이 미용 salon 예약 전 주의사항,고양이 미용 salon 예약 전에 꼭 확인할 사항,checklist,howto,고양이 미용 salon 예약 시 필수 체크리스트,mistralai/mistral-nemotron,2026-06-04T01:15:00.927640+00:00,drop,0,english_in_keyword
13-pet-grooming-cat-grooming-salon-reviews-2024,13-pet-grooming,13,cat-grooming-salon-reviews-2024,고양이 미용 salon 후기 2024,2024 고양이 미용 salon 후기와 추천 샵,review,review,2024년 고양이 미용 salon 후기와 인기 추천 샵 정리,mistralai/mistral-nemotron,2026-06-04T01:15:00.927640+00:00,drop,0,english_in_keyword
13-pet-grooming-cat-grooming-salon-service-tips,13-pet-grooming,13,cat-grooming-salon-service-tips,고양이 미용 salon 서비스 추천,고양이 미용 salon 서비스 추천과 선택 팁,info,tip,고양이 미용 salon 서비스 추천과 합리적인 선택 방법,mistralai/mistral-nemotron,2026-06-04T01:15:00.927640+00:00,drop,0,english_in_keyword
13-pet-grooming-compare-cat-grooming-services,13-pet-grooming,13,compare-cat-grooming-services,고양이 미용 salon 서비스 비교,고양이 미용 salon 서비스 비교와 최고의 선택,compare,compare,고양이 미용 salon 서비스 비교와 최고의 미용Shop 선택,mistralai/mistral-nemotron,2026-06-04T01:15:00.927640+00:00,drop,0,english_in_keyword
13-pet-grooming-dog-grooming-salon-free-trial,13-pet-grooming,13,dog-grooming-salon-free-trial,강아지 미용 salon 무료 체험 방법,강아지 미용 salon에서 무료 체험하는 방법,howto,tip,강아지 미용 salon 무료 체험 받는 법,mistralai/mistral-nemotron,2026-06-04T01:15:00.927640+00:00,drop,0,english_in_keyword
13-pet-grooming-dog-grooming-salon-prep,13-pet-grooming,13,dog-grooming-salon-prep,강아지 미용 salon 준비물 체크리스트,강아지 미용 salon 준비물 체크리스트와 팁,checklist,tip,강아지 미용 salon 준비를 위한 체크리스트와 팁,mistralai/mistral-nemotron,2026-06-04T01:15:00.927640+00:00,drop,0,english_in_keyword
13-pet-grooming-dog-grooming-salon-price,13-pet-grooming,13,dog-grooming-salon-price,강아지 미용 salon 가격 비교,강아지 미용 salon 가격 비교와 선택 기준,compare,compare,강아지 미용 salon 가격 비교와 합리적인 선택 방법,mistralai/mistral-nemotron,2026-06-04T01:15:00.927640+00:00,drop,0,english_in_keyword
13-pet-grooming-dog-grooming-salon-reservation,13-pet-grooming,13,dog-grooming-salon-reservation,강아지 미용 salon 예약 방법,강아지 미용 샐론 예약 방법과 팁,howto,howto,강아지 미용 샐론 예약 방법을 단계별로 안내합니다.,mistralai/mistral-nemotron,2026-06-04T01:15:00.927640+00:00,drop,0,english_in_keyword
13-pet-grooming-dog-grooming-salon-reservation-checklist,13-pet-grooming,13,dog-grooming-salon-reservation-checklist,강아지 미용 salon 예약 필수 체크리스트,강아지 미용 샐론 예약 필수 체크리스트,checklist,tip,강아지 미용 샐론 예약을 위한 필수 체크리스트를 제공합니다.,mistralai/mistral-nemotron,2026-06-04T01:15:00.927640+00:00,drop,0,english_in_keyword
13-pet-grooming-dog-grooming-salon-reviews,13-pet-grooming,13,dog-grooming-salon-reviews,강아지 미용 salon 후기,강아지 미용 salon 후기와 만족도 평가,review,review,강아지 미용 salon 이용 후기와 만족도 분석,mistralai/mistral-nemotron,2026-06-04T01:15:00.927640+00:00,drop,0,english_in_keyword
13-pet-grooming-dog-grooming-salon-service,13-pet-grooming,13,dog-grooming-salon-service,강아지 미용 salon 서비스 비교,강아지 미용 salon 서비스 비교와 선택 방법,compare,compare,강아지 미용 salon 서비스를 비교하고 선택하는 방법,mistralai/mistral-nemotron,2026-06-04T01:15:00.927640+00:00,drop,0,english_in_keyword
13-pet-grooming-dog-grooming-salon-services,13-pet-grooming,13,dog-grooming-salon-services,강아지 미용 salon 서비스로,강아지 미용 salon 서비스로와 선택 기준,info,review,강아지 미용 salon 서비스로와 선택 시 고려할 사항,mistralai/mistral-nemotron,2026-06-04T01:15:00.927640+00:00,drop,0,english_in_keyword
13-pet-grooming-how-to-book-cat-grooming,13-pet-grooming,13,how-to-book-cat-grooming,고양이 미용 salon 예약 방법,고양이 미용 salon 예약 방법과 준비사항,howto,howto,고양이 미용 salon 예약 방법과 준비할 사항,mistralai/mistral-nemotron,2026-06-04T01:15:00.927640+00:00,drop,0,english_in_keyword
13-pet-grooming-must-know-dog-grooming-booking,13-pet-grooming,13,must-know-dog-grooming-booking,강아지 미용 salon 예약 필수 사항,강아지 미용 salon 예약 필수 사항과 주의할 점,howto,howto,강아지 미용 salon 예약 시 꼭 알아야 할 필수 사항과 주의점,mistralai/mistral-nemotron,2026-06-04T01:15:00.927640+00:00,drop,0,english_in_keyword
13-pet-grooming-recommended-cat-grooming-salons,13-pet-grooming,13,recommended-cat-grooming-salons,고양이 미용 salon 추천,고양이 미용 salon 추천과 서비스 비교,compare,review,고양이 미용 salon 추천과 서비스의 차이점 비교,mistralai/mistral-nemotron,2026-06-04T01:15:00.927640+00:00,drop,0,english_in_keyword
13-pet-grooming-recommended-dog-grooming-services,13-pet-grooming,13,recommended-dog-grooming-services,강아지 미용 salon 서비스 추천,강아지 미용 salon 서비스 추천과 전문가 선택 기준,compare,review,강아지 미용 salon 서비스 추천과 전문가 선택 기준,mistralai/mistral-nemotron,2026-06-04T01:15:00.927640+00:00,drop,0,english_in_keyword
13-pet-grooming-tips-for-dog-grooming-booking,13-pet-grooming,13,tips-for-dog-grooming-booking,강아지 미용 salon 예약 팁,강아지 미용 salon 예약 팁과 주의 사항,howto,tip,강아지 미용 salon 예약 시 유용한 팁과 주의할 점,mistralai/mistral-nemotron,2026-06-04T01:15:00.927640+00:00,drop,0,english_in_keyword
14-fishing-tips-fishing-raft-dias,14-fishing-tips,14,fishing-raft-dias,낚시가운데 뗏목 Dias,낚시가운데 뗏목 Dias 구매와 사용법 입문 가이드,info,review,낚시가운데 뗏목 Dias의 특징과 구매 및 사용 방법을 안내,mistralai/mistral-nemotron,2026-06-04T01:15:00.927640+00:00,drop,0,korean_english_mix
01-celebrity-celebrity-fashion-brand,01-celebrity,01,celebrity-fashion-brand,연예인 패션 브랜드 추천,연예인 패션 브랜드 추천과 가격대,review,tip,연예인들이 자주 입는 패션 브랜드와 가격대를 소개하는 글,meta-llama/llama-4-scout-17b-16e-instruct,2026-06-01T12:31:11.146046+00:00,drop,58,duplicate_slug
01-interview-kpop-music-production,01-interview,01,kpop-music-production,K-POP 음악 프로듀싱,K-POP 음악 프로듀싱 과정,howto,start,K-POP 음악 프로듀싱 과정,meta-llama/llama-4-scout-17b-16e-instruct,2026-06-01T12:31:11.146046+00:00,drop,68,duplicate_slug
01-interview-kpop-festival-2024,01-interview,01,kpop-festival-2024,2024 K-POP 축제 일정,2024 K-POP 축제 일정과 라인업,info,issue,2024년 K-POP 축제 일정과 라인업,meta-llama/llama-4-scout-17b-16e-instruct,2026-06-01T12:31:11.146046+00:00,drop,46,duplicate_slug
02-financial-planning-beginner-stock-investment,02-financial-planning,02,beginner-stock-investment,주식 투자 재테크 초기 단계,주식 투자 재테크 초기 단계 정리,howto,start,주식 투자 재테크 초기 단계 정리,mistralai/mistral-nemotron,2026-06-02T02:14:18.684529+00:00,drop,71,duplicate_slug
02-financial-planning-methods-beginner-stock-investment,02-financial-planning-methods,02,beginner-stock-investment,초보자 주식 투자 방법,초보자도 쉽게 따라하는 주식 투자 시작 방법,howto,start,주식 투자 초보자를 위한 기본적인 시작 방법,mistralai/mistral-nemotron,2026-06-02T02:14:18.684529+00:00,drop,79,duplicate_slug
02-retech-strategy-beginner-stock-investment,02-retech-strategy,02,beginner-stock-investment,초보자 주식 투자법,초보자도 쉽게 따라할 수 있는 주식 투자법,howto,howto,주식 투자를 처음 시작하는 초보자들을 위한 실용적인 투자법,mistralai/mistral-nemotron,2026-06-02T02:14:18.684529+00:00,drop,71,duplicate_slug
02-stock-investment-beginner-stock-investment,02-stock-investment,02,beginner-stock-investment,주식 초보 투자 방법,주식 초보자도 따라하는 간단한 투자 방법,howto,start,주식 투자 초보자 위한 기본적인 투자 방법 안내,mistralai/mistral-nemotron,2026-06-02T02:14:18.684529+00:00,drop,79,duplicate_slug
02-investment-products-real-estate-investment-checklist,02-investment-products,02,real-estate-investment-checklist,부동산 투자 체크리스트,부동산 투자 체크리스트: 안전하게 투자하는 방법,checklist,tip,부동산 투자 체크리스트와 안전하게 투자하는 방법,mistralai/mistral-nemotron,2026-06-02T02:14:18.684529+00:00,drop,83,duplicate_slug
02-real-estate-market-real-estate-investment-checklist,02-real-estate-market,02,real-estate-investment-checklist,부동산 투자 심사 체크리스트,부동산 투자 심사 체크리스트와 실사 방법,checklist,tip,부동산 투자 전 확인할 항목과 방법,mistralai/mistral-nemotron,2026-06-02T02:14:18.684529+00:00,drop,83,duplicate_slug
02-financial-news-real-estate-policy-2024,02-financial-news,02,real-estate-policy-2024,2024년 부동산 정책 전망,2024년 부동산 정책 전망 - 어떤 변화가 예상되는가?,info,issue,2024년 부동산 정책 전망과 예상되는 변화를 분석합니다.,mistralai/mistral-nemotron,2026-06-02T02:14:18.684529+00:00,drop,49,duplicate_slug
02-economic-knowledge-real-estate-tax-saving,02-economic-knowledge,02,real-estate-tax-saving,부동산 세금 절세 방법,부동산 세금 절세 방법과 주의할 점,howto,tip,부동산 거래 시 세금 절세 전략,mistralai/mistral-nemotron,2026-06-02T02:14:18.684529+00:00,drop,79,duplicate_slug
02-financial-planning-methods-real-estate-tax-saving,02-financial-planning-methods,02,real-estate-tax-saving,부동산 투자 세금 절약 방법,부동산 투자 시 세금 절약 방법,howto,tip,부동산 투자 시 세금을 절약하는 방법,mistralai/mistral-nemotron,2026-06-02T02:14:18.684529+00:00,drop,74,duplicate_slug
02-stock-investment-stock-market-analysis,02-stock-investment,02,stock-market-analysis,주식 시장 분석 방법,주식 시장 분석 방법과 핵심 요소,howto,howto,주식 시장 분석을 위한 방법과 핵심 요소,mistralai/mistral-nemotron,2026-06-02T02:14:18.684529+00:00,drop,79,duplicate_slug
02-financial-planning-methods-stock-selection-method,02-financial-planning-methods,02,stock-selection-method,주식 투자 종목 고르는 방법,주식 투자 종목 고르는 방법과 팁,howto,tip,주식 투자 시 종목을 고르는 방법 설명,mistralai/mistral-nemotron,2026-06-02T02:14:18.684529+00:00,drop,79,duplicate_slug
02-stock-investment-stock-selection-method,02-stock-investment,02,stock-selection-method,주식 종목 선정 방법,주식 종목 선정 방법과 주의 사항,howto,tip,주식 종목 선정 방법을 위한 실용적인 팁,mistralai/mistral-nemotron,2026-06-02T02:14:18.684529+00:00,drop,79,duplicate_slug
02-economic-policy-inflation-investment-strategy,02-economic-policy,02,inflation-investment-strategy,물가 상승 시 재테크 전략,물가 상승 시 재테크 전략과 투자 포트폴리오 조정,howto,howto,고물가 시대에 맞는 투자 전략 가이드,mistralai/mistral-nemotron,2026-06-02T02:14:18.684529+00:00,drop,71,duplicate_slug
02-financial-news-etf-investment-guide,02-financial-news,02,etf-investment-guide,ETF 투자 전략 초보자 가이드,ETF 투자 전략을 위한 초보자 가이드,info,howto,ETF 투자 방법과 전략 안내,mistralai/mistral-nemotron,2026-06-02T02:14:18.684529+00:00,drop,60,duplicate_slug
02-financial-news-stock-trading-strategy,02-financial-news,02,stock-trading-strategy,주식 매매 전략,주식 매매 전략 - 초보자도 적용 가능한 기본 전술,howto,howto,주식 매매 전략을 초보자도 쉽게 적용할 수 있도록 알려드립니다.,mistralai/mistral-nemotron,2026-06-02T02:14:18.684529+00:00,drop,71,duplicate_slug
02-retech-strategy-stock-trading-strategy,02-retech-strategy,02,stock-trading-strategy,주식 트레이딩 전략,주식 트레이딩 전략과 성공적인 거래 방법,howto,howto,주식 트레이딩을 위한 효과적인 전략과 성공적인 거래 방법,mistralai/mistral-nemotron,2026-06-02T02:14:18.684529+00:00,drop,83,duplicate_slug
02-retech-strategy-monthly-500k-investment,02-retech-strategy,02,monthly-500k-investment,월급으로 월 50만원 투자 방법,월급으로 월 50만원 투자하는 실전 전략,howto,howto,월 50만원으로 시작하는 재테크 방법,mistralai/mistral-nemotron,2026-06-02T02:14:18.684529+00:00,drop,79,duplicate_slug
02-financial-planning-methods-stock-chart-analysis,02-financial-planning-methods,02,stock-chart-analysis,주식 차트 분석 기본 방법,주식 차트 분석 기본 방법과 기술적 지표,howto,howto,주식 차트 분석을 위한 기본적인 방법과 기술적 지표,mistralai/mistral-nemotron,2026-06-02T02:14:18.684529+00:00,drop,79,duplicate_slug
02-stock-investment-stock-chart-analysis,02-stock-investment,02,stock-chart-analysis,주식 차트 분석 기술,주식 차트 분석 기술과 핵심 지표 설명,howto,howto,주식 차트 분석을 위한 기술과 핵심 지표 설명,mistralai/mistral-nemotron,2026-06-02T02:14:18.684529+00:00,drop,71,duplicate_slug
02-stock-investment-stock-investment-terms,02-stock-investment,02,stock-investment-terms,주식 투자 기초 용어,주식 투자 기초 용어와 중요한 개념 설명,info,start,주식 투자 기초 용어와 중요한 개념 설명,mistralai/mistral-nemotron,2026-06-02T02:14:18.684529+00:00,drop,65,duplicate_slug
03-diet-experience-easy-diet-meal-plan,03-diet-experience,03,easy-diet-meal-plan,간편한 다이어트 식단 추천,바쁜 직장인을 위한 간편한 다이어트 식단 추천,howto,start,직장인에게 적합한 간편하고 건강한 다이어트 식단 추천,mistralai/mistral-nemotron,2026-06-02T02:14:18.684529+00:00,drop,61,duplicate_slug
03-healthy-diet-high-fat-low-carb-diet,03-healthy-diet,03,high-fat-low-carb-diet,고지방 저탄수화물 식단,고지방 저탄수화물 식단과 그 효과,info,howto,체중 감량을 위한 고지방 저탄수화물 식단,mistralai/mistral-nemotron,2026-06-02T02:14:18.684529+00:00,drop,65,duplicate_slug
03-fitness-muscle-gain-diet,03-fitness,03,muscle-gain-diet,근육증가 식단과 운동법,근육증가 식단과 운동법 종합 가이드,info,start,근육증가에 효과적인 식단과 운동법,mistralai/mistral-nemotron,2026-06-02T02:14:18.684529+00:00,drop,65,duplicate_slug
03-disease-prevention-anti-aging-tips,03-disease-prevention,03,anti-aging-tips,노화 방지를 위한 안티 에이징 팁,노화 방지를 위한 과학적 안티 에이징 팁 6가지,howto,howto,노화를 늦추는 데 도움이 되는 생활 방식과 제품,mistralai/mistral-nemotron,2026-06-02T02:14:18.684529+00:00,drop,79,duplicate_slug
03-health-information-heart-disease-prevention-diet,03-health-information,03,heart-disease-prevention-diet,심장병 예방을 위한 식습관,심장병 예방을 위한 건강한 식습관,howto,howto,심장병 예방에 도움이 되는 식습관과 음식,mistralai/mistral-nemotron,2026-06-02T02:14:18.684529+00:00,drop,71,duplicate_slug
03-health-information-immune-boosting-diet,03-health-information,03,immune-boosting-diet,면역력 강화 식단표,면역력 강화를 위한 일주일 식단표,howto,howto,면역력을 높이는 일주일 식단표와 조리법,mistralai/mistral-nemotron,2026-06-02T02:14:18.684529+00:00,drop,71,duplicate_slug
03-post-workout-recovery-post-workout-stretching,03-post-workout-recovery,03,post-workout-stretching,운동 후 스트레칭 가이드,운동 후 효과적인 스트레칭 방법과 팁,howto,howto,운동 후 스트레칭으로 회복을 돕는 방법,mistralai/mistral-nemotron,2026-06-02T02:14:18.684529+00:00,drop,83,duplicate_slug
03-healthy-diet-healthy-breakfast-recipes,03-healthy-diet,03,healthy-breakfast-recipes,건강한 아침 식단 레시피,건강한 아침 식단 레시피 10가지와 준비 방법,info,howto,간편하면서도 영양 가득한 아침 식단 레시피 모음,mistralai/mistral-nemotron,2026-06-02T02:14:18.684529+00:00,drop,77,duplicate_slug
03-lifestyle-habits-healthy-breakfast-recipes,03-lifestyle-habits,03,healthy-breakfast-recipes,건강한 아침 식사 레시피,건강한 아침 식사 레시피와 영양 균형 잡기,info,tip,건강한 아침 식사를 위한 다양한 레시피와 영양 팁,mistralai/mistral-nemotron,2026-06-02T02:14:18.684529+00:00,drop,77,duplicate_slug
03-lifestyle-habits-healthy-dinner-recipes,03-lifestyle-habits,03,healthy-dinner-recipes,건강한 저녁 식사 레시피,건강한 저녁 식사 레시피 10가지 추천,info,start,영양 균형 잡힌 저녁 식사 메뉴 모음,mistralai/mistral-nemotron,2026-06-02T02:14:18.684529+00:00,drop,71,duplicate_slug
03-obesity-management-healthy-snack-alternatives,03-obesity-management,03,healthy-snack-alternatives,비만 간식 대체 음식,비만에 좋은 간식 대체 음식 10가지,info,tip,비만에 도움이 되는 건강한 간식 대체 음식 추천,mistralai/mistral-nemotron,2026-06-02T02:14:18.684529+00:00,drop,65,duplicate_slug
04-womens-fashion-winter-fashion-trend-2024,04-womens-fashion,04,winter-fashion-trend-2024,겨울 패션 트렌드 2024,2024년 겨울 패션 트렌드와 아이템 분석,info,issue,2024년 겨울 패션 트렌드와 인기 아이템을 분석합니다,mistralai/mistral-nemotron,2026-06-02T02:14:18.684529+00:00,drop,62,duplicate_slug
04-fashion-trends-fall-fashion-2024,04-fashion-trends,04,fall-fashion-2024,2024 가을 패션 트렌드 아이템,2024 가을 패션 트렌드 필수 아이템 10가지,info,start,2024 가을 패션 트렌드에서 주목할 필수 아이템을 소개합니다.,mistralai/mistral-nemotron,2026-06-02T02:14:18.684529+00:00,drop,70,duplicate_slug
11-travel-tips-travel-bag-packing,11-travel-tips,11,travel-bag-packing,여행 가방 팩킹 방법,여행 가방 팩킹 방법: 공간 효율적으로 활용하기,howto,howto,여행 가방을 효율적으로 팩킹하는 방법,mistralai/mistral-nemotron,2026-06-02T02:14:18.684529+00:00,drop,92,duplicate_slug
04-womens-fashion-summer-shoes-trend-2024,04-womens-fashion,04,summer-shoes-trend-2024,2024 여름 트렌드 신발,2024 여름 트렌드 신발: 인기 5종,info,issue,2024년 여름 트렌드 신발과 스타일링 아이디어,mistralai/mistral-nemotron,2026-06-02T02:14:18.684529+00:00,drop,62,duplicate_slug
05-baseball-info-2024-kbo-schedule,05-baseball-info,05,2024-kbo-schedule,2024년 프로야구 시즌 일정,2024년 KBO 리그 프로야구 시즌 일정 및 주요 경기,info,start,2024년 프로야구 시즌의 전체 일정과 주요 경기 날짜를 확인해보세요.,mistralai/mistral-nemotron,2026-06-02T02:14:18.684529+00:00,drop,54,duplicate_slug
05-international-sports-europa-league-highlights,05-international-sports,05,europa-league-highlights,유로파리그 명장면 모음,유로파리그 최고의 명장면 모음과 분석,info,review,유로파리그 명장면 모음과 주요 경기 분석,mistralai/mistral-nemotron,2026-06-02T02:14:18.684529+00:00,drop,62,duplicate_slug
05-sports-news-2024-kbo-postseason-schedule,05-sports-news,05,2024-kbo-postseason-schedule,2024년 KBO리그 포스트시즌 일정,2024년 KBO리그 포스트시즌 일정 및 주요 경기 분석,info,issue,2024년 KBO리그 포스트시즌 일정과 주요 경기 분석,mistralai/mistral-nemotron,2026-06-02T02:14:18.684529+00:00,drop,46,duplicate_slug
05-sports-issue-kleague-transfer-news-2023,05-sports-issue,05,kleague-transfer-news-2023,K리그 이적 정보 2023,2023 K리그 이적 시장 정보와 주요 이적소식,info,issue,2023 K리그 이적 시장 정보와 주요 이적소식,mistralai/mistral-nemotron,2026-06-02T02:14:18.684529+00:00,drop,19,duplicate_slug
05-sports-issue-baseball-live-broadcast,05-sports-issue,05,baseball-live-broadcast,야구 경기 실시간 중계,오늘 야구 경기 실시간 중계 및 라이브 정보,info,issue,오늘 야구 경기 실시간 중계 및 라이브 정보,mistralai/mistral-nemotron,2026-06-02T02:14:18.684529+00:00,drop,54,duplicate_slug
06-used-car-buying-used-car-checklist,06-used-car-buying,06,used-car-checklist,중고차 사기 전 체크리스트,중고차 구매 전 꼼꼼한 체크리스트 20가지,checklist,howto,중고차 구매 전 꼭 확인해야 할 사항 20가지를 정리했습니다.,mistralai/mistral-nemotron,2026-06-02T02:14:18.684529+00:00,drop,96,duplicate_slug
06-used-car-buying-used-car-purchase-caution,06-used-car-buying,06,used-car-purchase-caution,중고차 구매 시 주의할 사항,중고차 구매 시 반드시 주의할 사항 10가지,info,howto,중고차 구매 시 주의할 점과 실용적인 팁,mistralai/mistral-nemotron,2026-06-02T02:14:18.684529+00:00,drop,78,duplicate_slug
06-car-news-used-car-purchase-checklist,06-car-news,06,used-car-purchase-checklist,중고차 구매 시 주의사항,중고차 구매 전 확인해야 할 필수 체크리스트,checklist,howto,중고차 구매 시 유의할 점,mistralai/mistral-nemotron,2026-06-02T02:14:18.684529+00:00,drop,96,duplicate_slug
06-vehicle-management-car-battery-replacement,06-vehicle-management,06,car-battery-replacement,차량 배터리 교체 방법,차량 배터리 교체 방법과 주의사항,info,howto,차량 배터리 교체 방법과 주의사항,mistralai/mistral-nemotron,2026-06-02T02:14:18.684529+00:00,drop,86,duplicate_slug
06-car-maintenance-car-maintenance-checklist,06-car-maintenance,06,car-maintenance-checklist,자동차 정비 점검 항목,주기적 자동차 정비 점검 항목,info,tip,정기적으로 점검해야 하는 자동차 부품과 항목,mistralai/mistral-nemotron,2026-06-02T02:14:18.684529+00:00,drop,90,duplicate_slug
06-vehicle-management-car-maintenance-checklist,06-vehicle-management,06,car-maintenance-checklist,차량 정비 체크리스트,차량 정비를 위한 체크리스트,info,tip,차량 정비를 위한 체크리스트,mistralai/mistral-nemotron,2026-06-02T02:14:18.684529+00:00,drop,90,duplicate_slug
06-vehicle-safety-car-maintenance-safety,06-vehicle-safety,06,car-maintenance-safety,자동차 장비 정비 안전 수칙,자동차 장비 정비 시 지켜야 할 안전 수칙,howto,tip,정비 시 발생할 수 있는 사고를 예방하는 방법,mistralai/mistral-nemotron,2026-06-02T02:14:18.684529+00:00,drop,84,duplicate_slug
06-driving-tips-car-noise-diagnosis,06-driving-tips,06,car-noise-diagnosis,차량 소음 진단 방법,차량 소음 진단 및 해결하는 방법,howto,howto,차량에서 발생하는 소음의 원인과 해결 방법,mistralai/mistral-nemotron,2026-06-02T02:14:18.684529+00:00,drop,92,duplicate_slug
06-vehicle-management-car-tire-replacement,06-vehicle-management,06,car-tire-replacement,차량 타이어 교체,차량 타이어 교체 시기와 방법,info,howto,차량 타이어 교체 시기와 방법,mistralai/mistral-nemotron,2026-06-02T02:14:18.684529+00:00,drop,90,duplicate_slug
06-ev-guide-ev-subsidy-2024,06-ev-guide,06,ev-subsidy-2024,전기차 신규 보조금 2024,2024년 전기차 신규 보조금 지원 조건과 금액,info,start,2024년 전기차 신규 보조금 지원 조건과 금액,mistralai/mistral-nemotron,2026-06-02T02:14:18.684529+00:00,drop,70,duplicate_slug
06-new-car-review-new-car-release-2024,06-new-car-review,06,new-car-release-2024,2024년 신차 출시 예정 목록,2024년 출시 예정 신차 목록과 주요 특징,info,review,2024년에 출시될 신차 모델과 주요 특징 소개,mistralai/mistral-nemotron,2026-06-02T02:14:18.684529+00:00,drop,70,duplicate_slug
06-driving-tips-accident-handling-guide,06-driving-tips,06,accident-handling-guide,교통사고 대처 방법,교통사고 발생 시 대처 방법과 절차,howto,tip,교통사고가 발생했을 때 올바른 대응 방법,mistralai/mistral-nemotron,2026-06-02T02:14:18.684529+00:00,drop,92,duplicate_slug
06-driving-tips-car-interior-cleaning,06-driving-tips,06,car-interior-cleaning,자동차 실내 청소 팁,차량 실내 청소 및 유지 관리 방법,howto,howto,차량 실내를 깨끗이 청소하고 유지 관리하는 방법,mistralai/mistral-nemotron,2026-06-02T02:14:18.684529+00:00,drop,92,duplicate_slug
06-new-car-review-car-interior-cleaning,06-new-car-review,06,car-interior-cleaning,자동차 실내 청소 방법,자동차 실내 청소 방법 및 팁,howto,tip,자동차 실내 청소 방법 및 팁,mistralai/mistral-nemotron,2026-06-02T02:14:18.684529+00:00,drop,92,duplicate_slug
06-vehicle-management-improve-fuel-efficiency,06-vehicle-management,06,improve-fuel-efficiency,차량 연비 향상 방법,연비 향상 방법을 알려드립니다,info,tip,차량 연비를 향상시키는 방법과 팁,mistralai/mistral-nemotron,2026-06-02T02:14:18.684529+00:00,drop,86,duplicate_slug
06-vehicle-management-car-maintenance-tips,06-vehicle-management,06,car-maintenance-tips,차량 정비 팁,차량 정비를 위한 팁과 방법,info,tip,차량 정비를 위한 팁과 방법,mistralai/mistral-nemotron,2026-06-02T02:14:18.684529+00:00,drop,86,duplicate_slug
06-vehicle-safety-car-maintenance-tips,06-vehicle-safety,06,car-maintenance-tips,자동차 사고 예방을 위한 정비 팁,자동차 사고 예방을 위한 정비 팁과 주의사항,howto,tip,정비 시 발생할 수 있는 사고를 예방하는 방법,mistralai/mistral-nemotron,2026-06-02T02:14:18.684529+00:00,drop,92,duplicate_slug
07-digital-security-crypto-security-tips,07-digital-security,07,crypto-security-tips,가상화폐 보안 강화를 위한 팁,가상화폐 보안 강화를 위한 실용적인 팁,howto,tip,가상화폐 보안 강화를 위한 실용적인 팁을 제공합니다.,mistralai/mistral-nemotron,2026-06-02T02:14:18.684529+00:00,drop,92,duplicate_slug
07-security-issue-online-shopping-scams,07-security-issue,07,online-shopping-scams,온라인 쇼핑 사이트 사기,온라인 쇼핑 사이트 사기 피하는 법,howto,tip,온라인 쇼핑 사기를 예방하는 방법,mistralai/mistral-nemotron,2026-06-02T02:14:18.684529+00:00,drop,84,duplicate_slug
07-it-news-smartphone-battery-optimization,07-it-news,07,smartphone-battery-optimization,2024년 스마트폰 배터리 최적화 방법,2024년 스마트폰 배터리 최적화 방법:장시간 사용을 위한 팁,howto,tip,스마트폰 배터리 사용 시간을 늘리는 최적화 방법,mistralai/mistral-nemotron,2026-06-02T02:14:18.684529+00:00,drop,84,duplicate_slug
08-beauty-product-review-sunscreen-sensitive-skin,08-beauty-product-review,08,sunscreen-sensitive-skin,자외선 차단제 민감성 피부,민감성 피부를 위한 자외선 차단제 추천,compare,compare,민감성 피부용 자외선 차단제 비교와 추천,mistralai/mistral-nemotron,2026-06-02T02:14:18.684529+00:00,drop,78,duplicate_slug
08-makeup-product-recommendation-luxury-lipgloss,08-makeup-product-recommendation,08,luxury-lipgloss,고급스러운 립글로스 추천,고급스러운 립글로스 7종 비교 및 사용법,compare,review,고급스러운 립글로스 비교 및 사용법,mistralai/mistral-nemotron,2026-06-02T02:14:18.684529+00:00,drop,74,duplicate_slug
08-skin-type-care-sensitive-skin-cosmetics,08-skin-type-care,08,sensitive-skin-cosmetics,민감한 피부 화장품 추천,민감한 피부용 화장품 추천 10가지,info,review,민감한 피부용 화장품 추천 및 사용 팁 제공,mistralai/mistral-nemotron,2026-06-02T02:14:18.684529+00:00,drop,74,duplicate_slug
08-hair-styling-tips-summer-hair-styling,08-hair-styling-tips,08,summer-hair-styling,여름에 적합한 헤어 스타일링,더위에도 시원한 여름철 헤어 스타일링 아이디어,info,tip,여름에 어울리는 시원하고 간편한 헤어 스타일링 아이디어를 제공합니다.,mistralai/mistral-nemotron,2026-06-02T02:14:18.684529+00:00,drop,78,duplicate_slug
08-makeup-art-summer-makeup-tips,08-makeup-art,08,summer-makeup-tips,여름 메이크업 팁,여름 메이크업 팁과 더위 극복 방법,howto,tip,더위 속에서도 유지되는 여름 메이크업 팁.,mistralai/mistral-nemotron,2026-06-02T02:14:18.684529+00:00,drop,92,duplicate_slug
08-makeup-tutorial-winter-makeup-products,08-makeup-tutorial,08,winter-makeup-products,겨울 건조한 피부에 좋은 메이크업 제품,겨울 건조한 피부에 좋은 메이크업 제품 추천,review,review,겨울 건조한 피부에 적합한 메이크업 제품 리스트,mistralai/mistral-nemotron,2026-06-02T02:14:18.684529+00:00,drop,78,duplicate_slug
08-treatment-review-nose-botox-review,08-treatment-review,08,nose-botox-review,코 봇츠 시술 후기,코 봇츠 시술 후기와 부작용,review,review,코 봇츠 시술 후 부작용과 실제 후기,mistralai/mistral-nemotron,2026-06-02T02:14:18.684529+00:00,drop,78,duplicate_slug
09-cafe-recommend-brunch-cafe-menu,09-cafe-recommend,09,brunch-cafe-menu,카페에서 브런치로 즐길 수 있는 메뉴 추천,카페에서 브런치로 즐길 수 있는 메뉴 추천,info,howto,카페에서 브런치로 즐길 수 있는 메뉴 추천,mistralai/mistral-nemotron,2026-06-02T02:14:18.684529+00:00,drop,74,duplicate_slug
10-meat-cooking-butter-chicken-recipe,10-meat-cooking,10,butter-chicken-recipe,닭고기 버터치킨 레시피,닭고기 버터치킨 레시피와 조리법,howto,howto,인도식 닭고기 버터치킨 레시피와 조리법,mistralai/mistral-nemotron,2026-06-02T02:14:18.684529+00:00,drop,96,duplicate_slug
12-world-culture-turkish-kebab-recipe,12-world-culture,12,turkish-kebab-recipe,터키 전통 음식 케밥 레시피,터키 전통 음식 케밥 조리법과 재료 정보,howto,howto,케밥 조리법과 필요한 재료 정보,mistralai/mistral-nemotron,2026-06-02T02:14:18.684529+00:00,drop,78,duplicate_slug
11-travel-information-overseas-transport-card,11-travel-information,11,overseas-transport-card,해외 여행 현지 교통 카드 사용법,해외 여행 현지 교통 카드 사용법과 팁,howto,howto,해외 여행 시 현지 교통 카드 사용 방법과 팁,mistralai/mistral-nemotron,2026-06-02T02:14:18.684529+00:00,drop,96,duplicate_slug
11-travel-diaries-jeju-3day-itinerary,11-travel-diaries,11,jeju-3day-itinerary,제주도 3일 여행 일정 추천,제주도 3일 여행 일정 추천: 효율적인 관광 코스,howto,howto,제주도 3일 여행에 최적화된 일정 추천,mistralai/mistral-nemotron,2026-06-02T02:14:18.684529+00:00,drop,92,duplicate_slug
11-travel-tips-travel-photography-tips,11-travel-tips,11,travel-photography-tips,여행 중 사진 촬영 팁,여행 중 사진 촬영 팁: 좋은 사진 찍는 법,howto,tip,여행 중 좋은 사진을 찍는 방법,mistralai/mistral-nemotron,2026-06-02T02:14:18.684529+00:00,drop,92,duplicate_slug
11-travel-tips-winter-travel-domestic,11-travel-tips,11,winter-travel-domestic,겨울 여행지 추천 국내,겨울 여행지 추천 국내 10선과 추천activity,info,local,한국에서 겨울에 가볼 만한 여행지 추천과 활동,mistralai/mistral-nemotron,2026-06-02T02:14:18.684529+00:00,drop,78,duplicate_slug
11-travel-tips-overseas-travel-insurance-guide,11-travel-tips,11,overseas-travel-insurance-guide,해외 여행 보험 비교 가이드,해외 여행 보험 비교 가이드와 추천 상품,compare,compare,해외 여행 보험 종류와 비교 및 추천 상품,mistralai/mistral-nemotron,2026-06-02T02:14:18.684529+00:00,drop,78,duplicate_slug
12-literature-review-historical-event-analysis,12-literature-review,12,historical-event-analysis,소설 속 역사적 사건,소설 속 역사적 사건과 실제 비교 분석,compare,compare,,mistralai/mistral-nemotron,2026-06-02T02:14:18.684529+00:00,drop,60,duplicate_slug
12-common-knowledge-dictionary-historical-events-timeline,12-common-knowledge-dictionary,12,historical-events-timeline,역사적 사건 연대기,인류 역사상 중요한 사건의 연대기,info,start,역사적 사건들을 시간 순서로 정리한 연대기,mistralai/mistral-nemotron,2026-06-04T01:15:00.927640+00:00,drop,60,duplicate_slug
12-knowledge-column-korean-traditional-culture,12-knowledge-column,12,korean-traditional-culture,한국 전통문화 이해하기,한국 전통문화 이해하기: 전통의식과 예절,howto,tip,한국 전통문화의 이해와 전통의식 및 예절에 대한 가이드,mistralai/mistral-nemotron,2026-06-04T01:15:00.927640+00:00,drop,66,duplicate_slug
13-cat-behavior-cat-food-selection,13-cat-behavior,13,cat-food-selection,고양이 먹이 고르기 팁,고양이 먹이 고르기 팁과 기준,info,tip,고양이 먹이를 고르는 팁과 기준,mistralai/mistral-nemotron,2026-06-04T01:15:00.927640+00:00,drop,86,duplicate_slug
13-pet-living-tips-cat-nail-care,13-pet-living-tips,13,cat-nail-care,고양이 발톱 관리 방법,고양이 발톱 관리 방법과 주의사항,howto,howto,고양이 발톱 관리 방법과 주의사항을 안내합니다.,mistralai/mistral-nemotron,2026-06-04T01:15:00.927640+00:00,drop,92,duplicate_slug
13-pet-care-tips-dog-heartworm-prevention,13-pet-care-tips,13,dog-heartworm-prevention,강아지 심장사상충 예방법,강아지 심장사상충 예방법과 주기,howto,howto,강아지의 심장사상충을 예방하는 방법과 주기를 알려드립니다.,mistralai/mistral-nemotron,2026-06-04T01:15:00.927640+00:00,drop,96,duplicate_slug
13-pet-hospital-dog-skin-disease-prevention,13-pet-hospital,13,dog-skin-disease-prevention,강아지 피부병 예방 방법,강아지 피부병 예방 방법: 계절별 관리 팁,howto,tip,강아지 피부병 예방과 계절별 관리 팁,mistralai/mistral-nemotron,2026-06-04T01:15:00.927640+00:00,drop,92,duplicate_slug
13-pet-living-tips-dog-potty-training-failure,13-pet-living-tips,13,dog-potty-training-failure,강아지 화장실 훈련 실패 원인,강아지 화장실 훈련이 실패하는 원인과 해결법,howto,issue,강아지 화장실 훈련이 실패하는 원인과 해결 방법,mistralai/mistral-nemotron,2026-06-04T01:15:00.927640+00:00,drop,70,duplicate_slug
13-pet-hospital-cat-dental-care,13-pet-hospital,13,cat-dental-care,고양이 치과질환 예방법,고양이 치과질환 예방법과 관리 팁,howto,howto,고양이 치과질환 예방법과 관리 팁,mistralai/mistral-nemotron,2026-06-04T01:15:00.927640+00:00,drop,96,duplicate_slug
13-pet-communication-cat-stress-relief,13-pet-communication,13,cat-stress-relief,고양이 스트레스 해소 방법,고양이 스트레스 해소하는 방법과 팁,howto,howto,고양이의 스트레스를 해소하는 방법을 안내합니다,mistralai/mistral-nemotron,2026-06-04T01:15:00.927640+00:00,drop,92,duplicate_slug
13-pet-product-review-cat-toy-recommendation,13-pet-product-review,13,cat-toy-recommendation,고양이용 장난감 추천,고양이용 장난감 추천 | 흥미 유발 제품 비교,compare,review,고양이를 위한 장난감 추천과 비교 분석,mistralai/mistral-nemotron,2026-06-04T01:15:00.927640+00:00,drop,74,duplicate_slug
13-pet-care-tips-dog-vaccination-schedule,13-pet-care-tips,13,dog-vaccination-schedule,강아지 질병 예방접종,강아지 질병 예방접종 일정과 중요성,info,issue,강아지 예방접종 일정과 유용한 정보,mistralai/mistral-nemotron,2026-06-04T01:15:00.927640+00:00,drop,82,duplicate_slug
14-outdoor-safety-camping-fire-prevention,14-outdoor-safety,14,camping-fire-prevention,캠핑용 화재 예방법,캠핑용 화재를 예방하는 실용적인 방법,howto,tip,캠핑 시 화재를 예방하기 위한 방법,mistralai/mistral-nemotron,2026-06-04T01:15:00.927640+00:00,drop,96,duplicate_slug
14-camping-tips-camping-mosquito-prevention,14-camping-tips,14,camping-mosquito-prevention,캠핑용 간단한 모기 대책,캠핑에서 모기를 피하는 간단한 방법 총정리,howto,tip,캠핑 시 모기 대책과 자연스러운 모기 퇴치법,mistralai/mistral-nemotron,2026-06-04T01:15:00.927640+00:00,drop,96,duplicate_slug
14-camping-tips-camping-toilet-tips,14-camping-tips,14,camping-toilet-tips,캠핑용 간단한 화장실 팁,캠핑용 간단한 화장실 팁과 준비물,howto,tip,캠핑용 간단한 화장실 팁과 준비물,mistralai/mistral-nemotron,2026-06-04T01:15:00.927640+00:00,drop,92,duplicate_slug
14-camping-sites-restaurant-near-camping,14-camping-sites,14,restaurant-near-camping,캠핑장 주변 식당 추천,캠핑장 주변 맛집과 식당 추천,info,local,캠핑장 근처에서 맛있는 음식 즐기기,mistralai/mistral-nemotron,2026-06-04T01:15:00.927640+00:00,drop,74,duplicate_slug
14-outdoor-safety-camping-food-storage,14-outdoor-safety,14,camping-food-storage,캠핑용 식품 보관 팁,캠핑용 식품을 안전하게 보관하는 방법,howto,tip,캠핑용 식품을 신선하게 보관하는 방법을 설명합니다.,mistralai/mistral-nemotron,2026-06-04T01:15:00.927640+00:00,drop,92,duplicate_slug
14-car-camping-essentials-car-camping-essentials,14-car-camping-essentials,14,car-camping-essentials,차박 필수품 체크리스트,"차박 필수품 완벽 체크리스트, 하나도 빠지지 않게",checklist,start,차박 여행 전 꼭 확인해야 할 필수 준비물,mistralai/mistral-nemotron,2026-06-04T01:15:00.927640+00:00,drop,96,duplicate_slug
14-hiking-gear-winter-hiking-gear,14-hiking-gear,14,winter-hiking-gear,겨울 등산 장비 추천,겨울 등산 장비 추천과 안전 팁,compare,review,추운 계절에 필요한 등산 장비와 안전 팁.,mistralai/mistral-nemotron,2026-06-04T01:15:00.927640+00:00,drop,86,duplicate_slug
14-hiking-health-hiking-weather-check,14-hiking-health,14,hiking-weather-check,등산 날씨 확인하는 최적 방법,등산 전 날씨 확인하는 정확한 방법과 앱 추천,howto,howto,등산 날씨 확인에 최적화된 방법과 도구,mistralai/mistral-nemotron,2026-06-04T01:15:00.927640+00:00,drop,92,duplicate_slug
14-outdoor-safety-hiking-weather-check,14-outdoor-safety,14,hiking-weather-check,등산 중 날씨 확인 방법,등산 중 실시간 날씨 확인하는 방법,howto,howto,등산 중 날씨를 확인하는 다양한 방법,mistralai/mistral-nemotron,2026-06-04T01:15:00.927640+00:00,drop,92,duplicate_slug
14-hiking-guide-night-hiking-safety,14-hiking-guide,14,night-hiking-safety,등산로에서 야간 안전 팁,야간 등산로에서 안전하게 걷는 방법,howto,tip,야간 등산로를 안전하게 이용하는 방법을 알려드립니다.,mistralai/mistral-nemotron,2026-06-04T01:15:00.927640+00:00,drop,92,duplicate_slug
01-drama-netflix-kdrama-lineup,01-drama,01,netflix-kdrama-lineup,넷플릭스 한국 드라마 라인업,넷플릭스 한국 드라마 라인업 2026,info,issue,넷플릭스 한국 드라마 라인업,meta-llama/llama-4-scout-17b-16e-instruct,2026-06-01T12:30:09.427089+00:00,drop,54,duplicate_title
01-event-2023-drama-cancel,01-event,01,2023-drama-cancel,드라마 결방 일정 2023,2023 드라마 결방 일정과 사유,info,issue,2023년 드라마 결방 일정과 사유,meta-llama/llama-4-scout-17b-16e-instruct,2026-06-01T12:37:04.035570+00:00,drop,31,duplicate_title
01-event-2023-variety-ratings,01-event,01,2023-variety-ratings,예능 프로그램 시청률 2023,2023 예능 프로그램 시청률 순위,info,issue,2023년 예능 프로그램 시청률 순위,meta-llama/llama-4-scout-17b-16e-instruct,2026-06-01T12:37:04.035570+00:00,drop,19,duplicate_title
01-event-celebrity-comeback-2024,01-event,01,celebrity-comeback-2024,연예계 복귀 소식 2024,2024 연예계 복귀 소식과 근황,info,issue,2024년 연예계 복귀 소식과 근황 정보,meta-llama/llama-4-scout-17b-16e-instruct,2026-06-01T12:37:04.035570+00:00,drop,34,duplicate_title
01-event-celebrity-fanmeeting-2024-2,01-event,01,celebrity-fanmeeting-2024-2,연예인 팬미팅 일정 2024,2024 연예인 팬미팅 일정과 장소,info,issue,2024년 연예인 팬미팅 일정과 장소 정보,meta-llama/llama-4-scout-17b-16e-instruct,2026-06-01T12:37:04.035570+00:00,drop,46,duplicate_title
01-event-kpop-festival-2024-2,01-event,01,kpop-festival-2024-2,K-POP 페스티벌 일정 2024,2024 K-POP 페스티벌 일정과 라인업,info,issue,2024년 K-POP 페스티벌 일정과 출연진 라인업,meta-llama/llama-4-scout-17b-16e-instruct,2026-06-01T12:37:04.035570+00:00,drop,46,duplicate_title
01-event-kpop-festival-2024-3,01-event,01,kpop-festival-2024-3,2024 K-POP 페스티벌 일정,2024 K-POP 페스티벌 일정과 라인업,info,issue,2024년 K-POP 페스티벌 일정과 라인업 정보,meta-llama/llama-4-scout-17b-16e-instruct,2026-06-01T12:37:04.035570+00:00,drop,46,duplicate_title
01-movie-korean-movie-2023-review,01-movie,01,korean-movie-2023-review,2023 한국 영화 결산,2023 한국 영화 결산 리뷰,review,issue,2023년 한국 영화 산업 결산 리뷰,meta-llama/llama-4-scout-17b-16e-instruct,2026-06-01T12:31:11.146046+00:00,drop,19,duplicate_title
01-photo-essay-blackpink-photobook-2024,01-photo-essay,01,blackpink-photobook-2024,2024 블랙핑크 화보,2024 블랙핑크 화보 사진 모음,info,issue,2024년 블랙핑크 화보 사진 모음,meta-llama/llama-4-scout-17b-16e-instruct,2026-06-01T12:37:04.035570+00:00,drop,34,duplicate_title
01-photo-essay-itzy-photobook-2024,01-photo-essay,01,itzy-photobook-2024,2024 ITZY 화보,2024 ITZY 화보 사진 모음,info,issue,2024년 ITZY 화보 사진 모음,meta-llama/llama-4-scout-17b-16e-instruct,2026-06-01T12:37:04.035570+00:00,drop,34,duplicate_title
01-variety-show-new-variety-shows-2024,01-variety-show,01,new-variety-shows-2024,2024 신규 예능 프로그램 목록,2024년 신규 예능 프로그램 라인업,info,issue,2024년에 새로 시작하는 예능 프로그램 목록,meta-llama/llama-4-scout-17b-16e-instruct,2026-06-01T12:31:11.146046+00:00,drop,34,duplicate_title
03-health-information-snacks-for-diabetes,03-health-information,03,snacks-for-diabetes,당뇨병 환자 간식 추천,당뇨병 환자를 위한 건강한 간식 추천,info,tip,당뇨병 환자가 먹을 수 있는 건강한 간식과 조리법,mistralai/mistral-nemotron,2026-06-02T02:14:18.684529+00:00,drop,55,duplicate_title
04-coordination-tips-winter-fashion-trend-2025,04-coordination-tips,04,winter-fashion-trend-2025,2025 겨울 패션 트렌드 코디,2025 겨울 패션 트렌드 코디: 최신 스타일 추천,howto,howto,2025 겨울에 유행할 패션 트렌드 코디 추천,mistralai/mistral-nemotron,2026-06-02T02:14:18.684529+00:00,drop,76,duplicate_title
04-minimal-fashion-minimal-fashion-accessories-trend-2025,04-minimal-fashion,04,minimal-fashion-accessories-trend-2025,미니멀 패션 액세서리 2025 트렌드,2025년 미니멀 패션 액세서리 트렌드와 추천,info,issue,2025년 미니멀 패션의 인기 액세서리 트렌드와 추천,mistralai/mistral-nemotron,2026-06-02T02:14:18.684529+00:00,drop,62,duplicate_title
05-international-sports-mlb-2024-broadcast-method,05-international-sports,05,mlb-2024-broadcast-method,메이저리그 2024 중계 방법,메이저리그 2024 중계 방법과 시청 가이드,howto,howto,메이저리그 2024 중계 방법과 시청 가이드,mistralai/mistral-nemotron,2026-06-02T02:14:18.684529+00:00,drop,56,duplicate_title
05-international-sports-nba-draft-2024-analysis,05-international-sports,05,nba-draft-2024-analysis,NBA 신인 드래프트 2024,NBA 2024 신인 드래프트 분석과 유망주 전망,info,review,2024년 NBA 신인 드래프트 분석과 유망주 전망,mistralai/mistral-nemotron,2026-06-02T02:14:18.684529+00:00,drop,42,duplicate_title
06-car-financing-loan-early-payment-credit-score,06-car-financing,06,loan-early-payment-credit-score,자동차 할부 조기 상환 시 신용점수 영향,자동차 할부 조기 상환 시 신용점수 영향 분석,info,issue,자동차 할부 조기 상환이 신용점수에 어떤 영향을 미치는지 분석합니다.,mistralai/mistral-nemotron,2026-06-02T02:14:18.684529+00:00,drop,70,duplicate_title
06-car-financing-used-car-loan-limit-calculation,06-car-financing,06,used-car-loan-limit-calculation,중고차 대출 한도 계산 방법,중고차 대출 한도 계산 방법과 승인 기준,howto,howto,중고차 대출 한도를 계산하는 방법과 승인 기준을 안내합니다.,mistralai/mistral-nemotron,2026-06-02T02:14:18.684529+00:00,drop,92,duplicate_title
06-car-inspection-free-car-inspection-checklist,06-car-inspection,06,free-car-inspection-checklist,자동차 점검 체크리스트 다운로드,자동차 점검 체크리스트 무료 다운로드,checklist,tip,자동차 점검 체크리스트 제공,mistralai/mistral-nemotron,2026-06-02T02:14:18.684529+00:00,drop,96,duplicate_title
07-it-news-smartphone-troubleshooting,07-it-news,07,smartphone-troubleshooting,스마트폰 고장 진단 및 수리 방법,스마트폰 고장 진단 방법과 간단한 수리 팁,howto,tip,스마트폰의 일반적인 고장을 진단하고 간단한 수리를 하는 방법,mistralai/mistral-nemotron,2026-06-02T02:14:18.684529+00:00,drop,92,duplicate_title
07-software-review-free-web-design-software-2025,07-software-review,07,free-web-design-software-2025,2025년 무료 웹 디자인 소프트웨어,2025년 무료 웹 디자인 소프트웨어 추천,compare,review,2025년에 주목할 무료 웹 디자인 소프트웨어 비교 및 선택 팁,mistralai/mistral-nemotron,2026-06-02T02:14:18.684529+00:00,drop,70,duplicate_title
08-skincare-product-recommendation-eczema-body-cream,08-skincare-product-recommendation,08,eczema-body-cream,아토피 피부용 바디크림,아토피 피부용 바디크림 추천 2024,review,review,2024년 아토피 피부용 바디크림 추천 제품 리뷰,mistralai/mistral-nemotron,2026-06-02T02:14:18.684529+00:00,drop,70,duplicate_title
08-treatment-review-laser-wrinkle-review-2,08-treatment-review,08,laser-wrinkle-review-2,레이저 주름 개선 시술 후기,레이저 주름 개선 시술 후기와 주의사항,review,review,레이저 주름 개선 시술 후 주의사항과 효과,mistralai/mistral-nemotron,2026-06-02T02:14:18.684529+00:00,drop,90,duplicate_title
12-cultural-exploration-modern-korean-culture-global-impact,12-cultural-exploration,12,modern-korean-culture-global-impact,한국 현대문화와 글로벌 영향력,한국 현대문화의 글로벌 영향력 분석,info,issue,한국 현대문화가 글로벌에 미치는 영향과 분석,mistralai/mistral-nemotron,2026-06-04T01:15:00.927640+00:00,drop,52,duplicate_title
01-broadcast-mbc-weekend-drama,01-broadcast,01,mbc-weekend-drama,MBC 주말 드라마 추천,MBC 주말 드라마 추천 순위 2024,review,tip,MBC 주말 드라마 추천 순위와 시청률,meta-llama/llama-4-scout-17b-16e-instruct,2026-06-01T12:37:04.035570+00:00,drop,38,duplicate_stem
01-broadcast-tv-program-guide-2,01-broadcast,01,tv-program-guide-2,방송 프로그램 가이드,TV 방송 프로그램 가이드 2024,info,issue,2024년 TV 방송 프로그램 가이드,meta-llama/llama-4-scout-17b-16e-instruct,2026-06-01T12:37:04.035570+00:00,drop,34,duplicate_stem
01-broadcast-tvn-drama-recommend,01-broadcast,01,tvn-drama-recommend,tvN 드라마 추천,tvN 드라마 추천 Top 5,info,tip,tvN 드라마 추천과 인기 작품 목록,meta-llama/llama-4-scout-17b-16e-instruct,2026-06-01T12:31:11.146046+00:00,drop,58,duplicate_stem
01-celebrity-celebrity-health-tips-2,01-celebrity,01,celebrity-health-tips-2,연예인 건강 팁,연예인 건강 팁과 관리법,howto,tip,연예인들이 사용하는 건강 팁과 관리법을 공유합니다.,meta-llama/llama-4-scout-17b-16e-instruct,2026-06-01T12:31:11.146046+00:00,drop,76,duplicate_stem
01-comeback-2024-comeback-stage,01-comeback,01,2024-comeback-stage,2024년 컴백 아이돌 무대 분석,2024년 컴백 아이돌 무대 분석과 기대도,info,tip,2024년 컴백 예정 아이돌들의 무대 분석과 기대도,mistralai/mistral-nemotron,2026-06-02T02:14:18.684529+00:00,drop,42,duplicate_stem
01-drama-kdrama-ott-comparison,01-drama,01,kdrama-ott-comparison,한국 드라마 OTT 플랫폼 비교,한국 드라마 볼 수 있는 OTT 플랫폼 비교,compare,compare,한국 드라마를 볼 수 있는 다양한 OTT 플랫폼 비교,meta-llama/llama-4-scout-17b-16e-instruct,2026-06-01T12:37:04.035570+00:00,drop,62,duplicate_stem
01-fandom-fandom-community-review,01-fandom,01,fandom-community-review,팬덤 커뮤니티 리뷰,팬덤 커뮤니티 리뷰와 평가,review,review,팬덤 커뮤니티 리뷰와 평가,meta-llama/llama-4-scout-17b-16e-instruct,2026-06-01T12:37:04.035570+00:00,drop,62,duplicate_stem
01-movie-korean-movie-recommendation,01-movie,01,korean-movie-recommendation,한국 영화 추천,한국 영화 추천 리스트 - 최신 흥행작,info,tip,최신 흥행작을 중심으로 한 한국 영화 추천 리스트,meta-llama/llama-4-scout-17b-16e-instruct,2026-06-01T12:31:11.146046+00:00,drop,58,duplicate_stem
01-movie-korean-movie-streaming-platform-prices,01-movie,01,korean-movie-streaming-platform-prices,한국 영화 스트리밍 플랫폼 가격 비교,한국 영화 스트리밍 플랫폼 가격 비교,compare,compare,한국 영화를 스트리밍하는 플랫폼의 가격을 비교합니다.,meta-llama/llama-4-scout-17b-16e-instruct,2026-06-01T12:31:11.146046+00:00,drop,62,duplicate_stem
01-music-kpop-mv-rank,01-music,01,kpop-mv-rank,K-POP 뮤직 비디오 순위,K-POP 뮤직 비디오 조회수 순위,info,review,K-POP 뮤직 비디오 조회수 순위와 인기 뮤비,meta-llama/llama-4-scout-17b-16e-instruct,2026-06-01T12:31:11.146046+00:00,drop,62,duplicate_stem
01-music-music-trend-2023,01-music,01,music-trend-2023,2023 음악 트렌드,2023 음악 트렌드와 인기 장르,info,issue,2023년 음악 트렌드와 인기 장르 분석,meta-llama/llama-4-scout-17b-16e-instruct,2026-06-01T12:31:11.146046+00:00,drop,19,duplicate_stem
01-variety-show-coupang-play-variety-shows,01-variety-show,01,coupang-play-variety-shows,쿠팡플레이 예능 프로그램 라인업,쿠팡플레이 예능 프로그램 라인업,info,issue,쿠팡플레이 예능 프로그램 라인업과 기대작,meta-llama/llama-4-scout-17b-16e-instruct,2026-06-01T12:31:11.146046+00:00,drop,54,duplicate_stem
01-variety-show-kbs2-variety-show-lineup,01-variety-show,01,kbs2-variety-show-lineup,KBS2 예능 프로그램 라인업,KBS2 예능 프로그램 라인업과 편성표,info,issue,KBS2 예능 프로그램 라인업과 편성표,meta-llama/llama-4-scout-17b-16e-instruct,2026-06-01T12:31:11.146046+00:00,drop,54,duplicate_stem
01-variety-show-tvn-variety-show-lineup,01-variety-show,01,tvn-variety-show-lineup,tvN 예능 프로그램 라인업,tvN 예능 프로그램 라인업,info,issue,tvN 예능 프로그램 라인업 제공,meta-llama/llama-4-scout-17b-16e-instruct,2026-06-01T12:31:11.146046+00:00,drop,54,duplicate_stem
01-variety-show-variety-shows-buzz-rank,01-variety-show,01,variety-shows-buzz-rank,예능 프로그램 화제성 순위,예능 프로그램 화제성 순위,info,review,예능 프로그램 화제성 순위와 분석,meta-llama/llama-4-scout-17b-16e-instruct,2026-06-01T12:31:11.146046+00:00,drop,62,duplicate_stem
01-variety-show-variety-shows-rating-rank,01-variety-show,01,variety-shows-rating-rank,예능 프로그램 시청률 순위,주말 예능 프로그램 시청률 순위,info,review,주말 예능 프로그램 시청률 순위와 분석,meta-llama/llama-4-scout-17b-16e-instruct,2026-06-01T12:31:11.146046+00:00,drop,62,duplicate_stem
01-variety-show-wavve-variety-show-lineup,01-variety-show,01,wavve-variety-show-lineup,웨이브 예능 프로그램 라인업,웨이브 예능 프로그램 라인업 보기,info,issue,웨이브 예능 프로그램 라인업과 방영 일정,meta-llama/llama-4-scout-17b-16e-instruct,2026-06-01T12:31:11.146046+00:00,drop,54,duplicate_stem
02-economic-indicators-economic-indicator-comparison,02-economic-indicators,02,economic-indicator-comparison,경제 지표 비교 분석,국가별 경제 지표 비교 분석,compare,compare,국가별 경제 지표를 비교하고 분석합니다.,mistralai/mistral-nemotron,2026-06-02T02:14:18.684529+00:00,drop,65,duplicate_stem
02-financial-planning-overseas-investment-strategies,02-financial-planning,02,overseas-investment-strategies,해외 투자 재테크 전략,해외 투자 재테크 전략,howto,howto,해외 투자에 필요한 재테크 전략,mistralai/mistral-nemotron,2026-06-02T02:14:18.684529+00:00,drop,71,duplicate_stem
02-investment-products-stock-investment-trends-2024,02-investment-products,02,stock-investment-trends-2024,2024년 주식 투자 트렌드,2024년 주식 투자 트렌드: 주요 이슈와 전망,info,issue,2024년 주식 투자 트렌드와 주요 이슈 분석,mistralai/mistral-nemotron,2026-06-02T02:14:18.684529+00:00,drop,49,duplicate_stem
02-retech-strategy-recommended-savings-low-interest,02-retech-strategy,02,recommended-savings-low-interest,저금리 시대 적금 추천,저금리 시대 적합한 적금 추천과 비교,compare,compare,저금리 환경에서의 적금 선택 팁,mistralai/mistral-nemotron,2026-06-02T02:14:18.684529+00:00,drop,55,duplicate_stem
02-tax-info-stock-trading-tax-savings,02-tax-info,02,stock-trading-tax-savings,주식 매매 세금 절세 팁,주식 매매 세금 절세 팁과 실전 전략,info,tip,주식 매매 세금 절세 팁과 실전 적용 방법,mistralai/mistral-nemotron,2026-06-02T02:14:18.684529+00:00,drop,73,duplicate_stem
03-diet-experience-easy-diet-recipes,03-diet-experience,03,easy-diet-recipes,간편한 다이어트 레시피,간편한 다이어트 레시피와 조리법,info,howto,간편하게 만들 수 있는 다이어트 레시피,mistralai/mistral-nemotron,2026-06-02T02:14:18.684529+00:00,drop,77,duplicate_stem
03-diet-experience-easy-diet-snacks,03-diet-experience,03,easy-diet-snacks,간편한 다이어트 간식 추천,간편한 다이어트 간식 추천과 레시피,info,howto,간편하게 먹을 수 있는 다이어트 간식 추천,mistralai/mistral-nemotron,2026-06-02T02:14:18.684529+00:00,drop,67,duplicate_stem
03-diet-experience-maintain-weight-after-diet,03-diet-experience,03,maintain-weight-after-diet,다이어트 후 체중 유지 방법,다이어트 후 체중 유지 방법과 팁,info,tip,다이어트 후 체중을 유지하는 방법과 팁,mistralai/mistral-nemotron,2026-06-02T02:14:18.684529+00:00,drop,73,duplicate_stem
08-skin-type-care-anti-aging-skin-tips,08-skin-type-care,08,anti-aging-skin-tips,피부 노화 방지 팁,피부 노화를 방지하는 실용적인 팁과 방법,howto,howto,피부 노화를 방지하는 방법,mistralai/mistral-nemotron,2026-06-02T02:14:18.684529+00:00,drop,92,duplicate_stem
03-exercise-routine-running-diet-for-endurance,03-exercise-routine,03,running-diet-for-endurance,달리기 체력 향상 식단,달리기 체력 향상을 위한 식단과 영양소,info,howto,달리기 체력 향상을 위한 식단과 영양소에 대한 가이드,mistralai/mistral-nemotron,2026-06-02T02:14:18.684529+00:00,drop,65,duplicate_stem
03-health-information-liver-health-vegetables,03-health-information,03,liver-health-vegetables,간 건강을 위한 야채 추천,간 건강을 위한 야채 추천과 조리법,howto,howto,간 건강을 유지하는 야채와 조리법,mistralai/mistral-nemotron,2026-06-02T02:14:18.684529+00:00,drop,61,duplicate_stem
03-lifestyle-habits-comparison-review-restaurant-reservation-system,03-lifestyle-habits,03,comparison-review-restaurant-reservation-system,맛집 예약 시스템 비교 리뷰,맛집 예약 시스템 비교 리뷰와 평가,compare,compare,맛집 예약 시스템 비교 리뷰와 평가,mistralai/mistral-nemotron,2026-06-02T02:14:18.684529+00:00,drop,72,duplicate_stem
03-mental-wellness-stress-relief-cafe,03-mental-wellness,03,stress-relief-cafe,스트레스 해소 카페 추천,마음 편안함을 주는 스트레스 해소 카페 5선,compare,review,스트레스를 풀기 좋은 카페 추천,mistralai/mistral-nemotron,2026-06-02T02:14:18.684529+00:00,drop,55,duplicate_stem
03-mental-wellness-stress-relief-music,03-mental-wellness,03,stress-relief-music,스트레스 해소 음악 추천,스트레스 해소에 좋은 음악 10곡 추천,howto,howto,음악을 통한 스트레스 해소 방법,mistralai/mistral-nemotron,2026-06-02T02:14:18.684529+00:00,drop,61,duplicate_stem
03-obesity-management-obesity-exercise-guide,03-obesity-management,03,obesity-exercise-guide,비만 운동 초보자 가이드,비만 운동 초보자 가이드와 효과적인 운동법,howto,tip,비만 운동 초보자 가이드와 효과적인 운동법 안내,mistralai/mistral-nemotron,2026-06-02T02:14:18.684529+00:00,drop,71,duplicate_stem
03-obesity-management-obesity-easy-diet-tips,03-obesity-management,03,obesity-easy-diet-tips,비만 간편 다이어트 팁,비만 간편 다이어트 팁과 실천 방법,howto,tip,비만 간편 다이어트 팁과 실천 방법 제공,mistralai/mistral-nemotron,2026-06-02T02:14:18.684529+00:00,drop,79,duplicate_stem
03-obesity-management-obesity-easy-exercise-method,03-obesity-management,03,obesity-easy-exercise-method,비만 간편 운동 방법,비만 간편 운동 방법과 효과,howto,howto,비만 간편 운동 방법과 효과 설명,mistralai/mistral-nemotron,2026-06-02T02:14:18.684529+00:00,drop,79,duplicate_stem
03-obesity-management-obesity-home-exercise-recommendation,03-obesity-management,03,obesity-home-exercise-recommendation,비만 간편 운동 추천,비만 간편 운동 추천 - 집에서 할 수 있는 방법,howto,tip,비만 관리에 도움이 되는 집에서 할 수 있는 운동 추천,mistralai/mistral-nemotron,2026-06-02T02:14:18.684529+00:00,drop,73,duplicate_stem
03-post-workout-recovery-post-workout-muscle-pain-relief-tip,03-post-workout-recovery,03,post-workout-muscle-pain-relief-tip,운동 후 근육통 완화 팁,운동 후 근육통 완화하는 7가지 실용적인 팁,howto,howto,운동 후 근육통을 빠르게 완화하는 방법을 알려드립니다.,mistralai/mistral-nemotron,2026-06-02T02:14:18.684529+00:00,drop,79,duplicate_stem
03-sleep-health-stretch-toe-pulling-sleep,03-sleep-health,03,stretch-toe-pulling-sleep,수면 중 발가락 당기는 운동,수면 중 발가락 당기는 운동으로 해결하기,howto,howto,수면 중 발가락 당기는 운동 방법,mistralai/mistral-nemotron,2026-06-02T02:14:18.684529+00:00,drop,71,duplicate_stem
03-weight-management-weight-loss-supplement-recommendation,03-weight-management,03,weight-loss-supplement-recommendation,체중 감소 보조제 추천,체중 감소 보조제 추천 및 효과 비교,compare,compare,체중 감소 보조제의 종류와 효과 비교,mistralai/mistral-nemotron,2026-06-02T02:14:18.684529+00:00,drop,50,duplicate_stem
03-weight-management-exercise-management-after-weight-loss,03-weight-management,03,exercise-management-after-weight-loss,체중 감소 후 운동 관리,체중 감소 후 운동 관리 방법,howto,howto,체중 감량 후 운동을 지속하는 방법,mistralai/mistral-nemotron,2026-06-02T02:14:18.684529+00:00,drop,83,duplicate_stem
03-weight-management-post-weight-loss-exercise-management,03-weight-management,03,post-weight-loss-exercise-management,체중감량 후 운동 관리,체중감량 후 운동 관리 방법과 팁,howto,tip,체중감량 후 운동을 효과적으로 관리하는 방법과 팁,mistralai/mistral-nemotron,2026-06-02T02:14:18.684529+00:00,drop,83,duplicate_stem
03-weight-management-recommended-exercise-for-weight-loss,03-weight-management,03,recommended-exercise-for-weight-loss,체중 감소 운동 추천,초보자를 위한 체중 감소 운동 추천,howto,tip,초보자도 쉽게 따라할 수 있는 체중 감소 운동을 소개합니다.,mistralai/mistral-nemotron,2026-06-02T02:14:18.684529+00:00,drop,61,duplicate_stem
03-weight-management-weight-loss-beginner-guide,03-weight-management,03,weight-loss-beginner-guide,체중 감소 운동 초보자 가이드,체중 감소 운동 초보자 가이드: 첫걸음부터,howto,start,체중 감량을 위한 운동 초보자 안내,mistralai/mistral-nemotron,2026-06-02T02:14:18.684529+00:00,drop,71,duplicate_stem
03-weight-management-weight-loss-diet-recipe,03-weight-management,03,weight-loss-diet-recipe,체중 감소 식단 레시피,체중 감소 식단 레시피: 저칼로리 간편 요리,howto,howto,체중 감량을 위한 저칼로리 레시피,mistralai/mistral-nemotron,2026-06-02T02:14:18.684529+00:00,drop,83,duplicate_stem
04-coordination-tips-fashion-item-review,04-coordination-tips,04,fashion-item-review,패션 아이템 리뷰,패션 아이템 리뷰: 실제 착용 후기,review,review,패션 아이템 리뷰,mistralai/mistral-nemotron,2026-06-02T02:14:18.684529+00:00,drop,78,duplicate_stem
04-fashion-items-fall-handbag-practicality-review,04-fashion-items,04,fall-handbag-practicality-review,가을 신상 핸드백 실용성 리뷰,가을 신상 핸드백 실용성 비교 리뷰,review,review,가을 신상 핸드백 중 실용적인 모델 분석,mistralai/mistral-nemotron,2026-06-02T02:14:18.684529+00:00,drop,78,duplicate_stem
04-fashion-items-winter-fashion-items-recommend,04-fashion-items,04,winter-fashion-items-recommend,겨울 패션 아이템 추천,겨울 패션 아이템 추천 10가지,info,review,겨울에 어울리는 패션 아이템을 추천합니다.,mistralai/mistral-nemotron,2026-06-02T02:14:18.684529+00:00,drop,74,duplicate_stem
04-fashion-news-fashion-brand-sale-recommend-2024,04-fashion-news,04,fashion-brand-sale-recommend-2024,2024 패션 브랜드 할인 추천,2024년 패션 브랜드 할인 추천 아이템,info,tip,2024년 패션 브랜드 할인 기간에 추천하는 아이템,mistralai/mistral-nemotron,2026-06-02T02:14:18.684529+00:00,drop,66,duplicate_stem
04-kids-fashion-kids-clothes-brand-compare,04-kids-fashion,04,kids-clothes-brand-compare,아동복 인기 브랜드 비교,2024년 아동복 인기 브랜드 10개 비교,compare,review,2024년 아동복 인기 브랜드 비교 분석,mistralai/mistral-nemotron,2026-06-02T02:14:18.684529+00:00,drop,70,duplicate_stem
04-kids-fashion-kids-clothing-material-comparison,04-kids-fashion,04,kids-clothing-material-comparison,아동복 소재 추천 순위,아동복 소재별 특징과 건강 추천 순위,compare,compare,아동복 소재별 특징과 건강 추천 순위를 비교합니다,mistralai/mistral-nemotron,2026-06-02T02:14:18.684529+00:00,drop,78,duplicate_stem
04-kids-fashion-child-clothes-online-shopping-tip,04-kids-fashion,04,child-clothes-online-shopping-tip,아동복 온라인 쇼핑 팁,아동복 온라인 쇼핑 팁과 주의사항,howto,tip,아동복 온라인 쇼핑 팁,mistralai/mistral-nemotron,2026-06-02T02:14:18.684529+00:00,drop,92,duplicate_stem
04-kids-fashion-safe-kids-clothing-disinfection,04-kids-fashion,04,safe-kids-clothing-disinfection,아동복 소독 팁,아동복 소독과 세탁에 대한 안전한 방법 안내,howto,tip,아동복 소독과 세탁에 대한 안전한 방법 안내,mistralai/mistral-nemotron,2026-06-02T02:14:18.684529+00:00,drop,92,duplicate_stem
04-kids-fashion-winter-kids-fashion-styling,04-kids-fashion,04,winter-kids-fashion-styling,겨울 아동복 코디 방법,겨울 아동복 코디 방법과 추천 아이템,howto,howto,추운 날씨에 어울리는 아동복 코디 팁,mistralai/mistral-nemotron,2026-06-02T02:14:18.684529+00:00,drop,92,duplicate_stem
04-mens-fashion-mens-fall-fashion-trends-2024,04-mens-fashion,04,mens-fall-fashion-trends-2024,남성 가을 패션 트렌드,2024년 남성 가을 패션 트렌드 분석,info,issue,2024년 남성 가을 패션의 주요 트렌드와 스타일링 방법,mistralai/mistral-nemotron,2026-06-02T02:14:18.684529+00:00,drop,62,duplicate_stem
04-mens-fashion-men-suit-coordination-guide,04-mens-fashion,04,men-suit-coordination-guide,남성 정장 코디 가이드,남성 정장 코디 가이드: 비즈니스·식사회·결혼식,howto,start,남성 정장 코디에 대한 종합 가이드,mistralai/mistral-nemotron,2026-06-02T02:14:18.684529+00:00,drop,84,duplicate_stem
04-mens-fashion-mens-suit-coordination-strategies,04-mens-fashion,04,mens-suit-coordination-strategies,남성 정장 코디 전략,남성 정장 코디 전략: 비즈니스와 캐주얼 스타일링,howto,howto,비즈니스와 캐주얼 스타일에 맞는 남성 정장 코디 전략,mistralai/mistral-nemotron,2026-06-02T02:14:18.684529+00:00,drop,84,duplicate_stem
04-mens-fashion-mens-suit-brand-recommend,04-mens-fashion,04,mens-suit-brand-recommend,남성 신사복 브랜드 추천,남성 신사복 브랜드 추천과 비교,info,start,남성의 신사복 브랜드 추천과 비교,mistralai/mistral-nemotron,2026-06-02T02:14:18.684529+00:00,drop,74,duplicate_stem
04-mens-fashion-t-shirt-brand-recommendation,04-mens-fashion,04,t-shirt-brand-recommendation,남성 티셔츠 브랜드 추천,남성의 티셔츠 브랜드 추천과 특징 비교,compare,compare,남성의 티셔츠 브랜드 추천과 특징 비교,mistralai/mistral-nemotron,2026-06-02T02:14:18.684529+00:00,drop,74,duplicate_stem
04-mens-fashion-winter-coat-trend,04-mens-fashion,04,winter-coat-trend,남성 겨울 코트 트렌드,2024년 겨울 남성의 코트 트렌드와 코디,info,start,2024년 남성 겨울 코트 트렌드와 코디 팁,mistralai/mistral-nemotron,2026-06-02T02:14:18.684529+00:00,drop,70,duplicate_stem
04-shoes-recommend-shoe-material,04-shoes,04,recommend-shoe-material,신발 소재별 추천,신발 소재별로 추천하는 제품,compare,compare,신발 소재별 추천 제품,mistralai/mistral-nemotron,2026-06-02T02:14:18.684529+00:00,drop,74,duplicate_stem
04-shoes-shoe-material-maintenance,04-shoes,04,shoe-material-maintenance,신발 소재별 관리 방법,신발 소재별 관리 방법과 팁,howto,tip,신발 소재별 관리 방법,mistralai/mistral-nemotron,2026-06-02T02:14:18.684529+00:00,drop,92,duplicate_stem
04-shoes-shoe-design-trend,04-shoes,04,shoe-design-trend,신발 디자인 트렌드,"신발 디자인 트렌드, 올해 인기 있는 신발 디자인",info,issue,신발 디자인 트렌드와 인기 신발 디자인,mistralai/mistral-nemotron,2026-06-02T02:14:18.684529+00:00,drop,70,duplicate_stem
04-shoes-shoe-material-trend,04-shoes,04,shoe-material-trend,신발 소재 트렌드,"신발 소재 트렌드, 올해 인기 있는 신발 소재",info,issue,신발 소재 트렌드와 인기 신발 소재,mistralai/mistral-nemotron,2026-06-02T02:14:18.684529+00:00,drop,70,duplicate_stem
04-shoes-shoe-price-comparison,04-shoes,04,shoe-price-comparison,신발 구매 시 가격 비교,신발 구매 시 가격 비교 방법,compare,compare,신발 구매 시 가격 비교 방법,mistralai/mistral-nemotron,2026-06-02T02:14:18.684529+00:00,drop,90,duplicate_stem
04-shoes-shoe-purchase-reviews,04-shoes,04,shoe-purchase-reviews,신발 구매 후기,"신발 구매 후기, 실제 사용자 리뷰",review,review,신발 구매 후기와 실제 사용자 리뷰,mistralai/mistral-nemotron,2026-06-02T02:14:18.684529+00:00,drop,78,duplicate_stem
04-shoes-shoe-purchasing-guide,04-shoes,04,shoe-purchasing-guide,신발 구매 가이드,신발 구매 가이드: 자신의 발형에 맞는 신발 고르는 법,howto,howto,자신의 발형에 맞는 신발을 고르는 방법을 상세히 설명합니다.,mistralai/mistral-nemotron,2026-06-02T02:14:18.684529+00:00,drop,84,duplicate_stem
04-shoes-summer-shoes-styling,04-shoes,04,summer-shoes-styling,여름 신발 코디 팁,여름 신발로 완성하는 스타일링 팁,howto,howto,여름 신발로 완성하는 패션 스타일링 팁을 알려드립니다.,mistralai/mistral-nemotron,2026-06-02T02:14:18.684529+00:00,drop,92,duplicate_stem
04-shoes-winter-shoe-recommendation,04-shoes,04,winter-shoe-recommendation,겨울 신발 추천,2024 겨울 신발 추천: 따뜻하고 스타일리한 부츠와 신발,info,tip,2024년 겨울에 추천하는 따뜻하고 스타일리한 신발을 소개합니다.,mistralai/mistral-nemotron,2026-06-02T02:14:18.684529+00:00,drop,66,duplicate_stem
04-shopping-guide-winter-fashion-shopping-compare,04-shopping-guide,04,winter-fashion-shopping-compare,겨울 패션 쇼핑 비교,겨울 패션 쇼핑 비교와 추천 플랫폼 분석,compare,compare,겨울 패션 쇼핑 비교와 추천 플랫폼 분석,mistralai/mistral-nemotron,2026-06-02T02:14:18.684529+00:00,drop,78,duplicate_stem
04-shopping-guide-winter-fashion-shopping-review,04-shopping-guide,04,winter-fashion-shopping-review,겨울 패션 쇼핑 리뷰,겨울 패션 쇼핑 리뷰와 추천 아이템,review,review,겨울 패션 쇼핑 리뷰와 추천 아이템,mistralai/mistral-nemotron,2026-06-02T02:14:18.684529+00:00,drop,78,duplicate_stem
04-shopping-guide-winter-fashion-shopping-review-2,04-shopping-guide,04,winter-fashion-shopping-review-2,겨울 패션 쇼핑 후기 리뷰,겨울 패션 쇼핑 후기 리뷰와 추천 아이템,review,review,겨울 패션 쇼핑 후기 리뷰와 추천 아이템을 소개합니다.,mistralai/mistral-nemotron,2026-06-02T02:14:18.684529+00:00,drop,78,duplicate_stem
04-styling-2024-autumn-fashion-style-trend,04-styling,04,2024-autumn-fashion-style-trend,2024 가을 패션 스타일링 트렌드,2024 가을 패션 스타일링 트렌드와 아이템 추천,info,review,2024 가을 패션 스타일링 트렌드와 함께하는 아이템 추천,mistralai/mistral-nemotron,2026-06-02T02:14:18.684529+00:00,drop,70,duplicate_stem
04-sustainable-fashion-2024-sustainable-fashion-trends,04-sustainable-fashion,04,2024-sustainable-fashion-trends,지속가능 패션 트렌드,2024년 지속가능 패션 트렌드 분석,info,issue,2024년 지속가능 패션 시장의 주요 트렌드,mistralai/mistral-nemotron,2026-06-02T02:14:18.684529+00:00,drop,62,duplicate_stem
04-sustainable-fashion-sustainable-fashion-festival-2023,04-sustainable-fashion,04,sustainable-fashion-festival-2023,지속가능 패션 축제,2023년 지속가능 패션 축제 일정과 참가 방법,info,issue,2023년 지속가능 패션 축제를 소개한다.,mistralai/mistral-nemotron,2026-06-02T02:14:18.684529+00:00,drop,47,duplicate_stem
04-sustainable-fashion-eco-fashion-beginner,04-sustainable-fashion,04,eco-fashion-beginner,에코 패션 초보자 가이드,에코 패션 초보자 가이드와 시작법,howto,start,에코 패션 생활 시작하기 위한 가이드,mistralai/mistral-nemotron,2026-06-02T02:14:18.684529+00:00,drop,84,duplicate_stem
04-sustainable-fashion-eco-fashion-brand-recommendations,04-sustainable-fashion,04,eco-fashion-brand-recommendations,에코 패션 브랜드 추천,가격대별로 본 에코 패션 브랜드 추천,info,start,예산에 맞는 에코 패션 브랜드 소개,mistralai/mistral-nemotron,2026-06-02T02:14:18.684529+00:00,drop,74,duplicate_stem
04-sustainable-fashion-fashion-sharing-platform,04-sustainable-fashion,04,fashion-sharing-platform,패션 공유 플랫폼 비교,패션 공유 플랫폼 비교와 추천,compare,compare,인기 패션 공유 플랫폼의 장점 비교,mistralai/mistral-nemotron,2026-06-02T02:14:18.684529+00:00,drop,78,duplicate_stem
04-sustainable-fashion-fashion-sharing-service,04-sustainable-fashion,04,fashion-sharing-service,패션 공유 서비스 추천,패션 공유 서비스 추천과 사용법,compare,review,패션 공유 서비스의 장점과 추천 방법,mistralai/mistral-nemotron,2026-06-02T02:14:18.684529+00:00,drop,74,duplicate_stem
04-sustainable-fashion-fashion-sharing-service-price-comparison,04-sustainable-fashion,04,fashion-sharing-service-price-comparison,패션 공유 서비스 가격 비교,패션 공유 서비스 이용료 계산 및 비교,compare,compare,패션 공유 서비스 이용 시 발생하는 비용 비교,mistralai/mistral-nemotron,2026-06-02T02:14:18.684529+00:00,drop,78,duplicate_stem
04-sustainable-fashion-fashion-sharing-service-reviews,04-sustainable-fashion,04,fashion-sharing-service-reviews,패션 공유 서비스 후기,패션 공유 서비스 실제 사용자 후기 모음,review,review,패션 공유 서비스 이용 경험과 솔직한 평가,mistralai/mistral-nemotron,2026-06-02T02:14:18.684529+00:00,drop,78,duplicate_stem
04-sustainable-fashion-sustainable-fashion-brands-2023,04-sustainable-fashion,04,sustainable-fashion-brands-2023,지속가능 패션 브랜드 추천,2023년 지속가능 패션 브랜드 추천 10선,howto,start,2023년 지속가능 패션 브랜드를 추천한다.,mistralai/mistral-nemotron,2026-06-02T02:14:18.684529+00:00,drop,45,duplicate_stem
04-womens-fashion-fashion-shop-recommend,04-womens-fashion,04,fashion-shop-recommend,패션 쇼핑몰 추천,인기 있는 패션 쇼핑몰 5곳 추천 및 비교,compare,compare,인기 있는 패션 쇼핑몰을 비교하여 추천합니다,mistralai/mistral-nemotron,2026-06-02T02:14:18.684529+00:00,drop,74,duplicate_stem
04-womens-fashion-fashion-shop-site-recommend,04-womens-fashion,04,fashion-shop-site-recommend,패션 쇼핑 사이트 추천,인기 패션 쇼핑 사이트 5곳 추천 및 비교,compare,compare,인기 패션 쇼핑 사이트를 비교하여 추천합니다,mistralai/mistral-nemotron,2026-06-02T02:14:18.684529+00:00,drop,74,duplicate_stem
04-womens-fashion-fashion-shopping-guide,04-womens-fashion,04,fashion-shopping-guide,패션 쇼핑 가이드,패션 쇼핑 가이드: 기본부터 고급까지,info,howto,패션 쇼핑 가이드를 단계별로 소개합니다,mistralai/mistral-nemotron,2026-06-02T02:14:18.684529+00:00,drop,78,duplicate_stem
04-womens-fashion-fashion-shopping-trend-2024,04-womens-fashion,04,fashion-shopping-trend-2024,패션 쇼핑 트렌드,2024년 패션 쇼핑 트렌드와 인기 아이템,info,issue,2024년 패션 쇼핑 트렌드와 인기 아이템을 분석합니다,mistralai/mistral-nemotron,2026-06-02T02:14:18.684529+00:00,drop,62,duplicate_stem
04-womens-fashion-fashion-styling-tip,04-womens-fashion,04,fashion-styling-tip,패션 스타일링 팁,패션 스타일링 팁: 기본부터 고급까지,info,tip,패션 스타일링 팁을 단계별로 소개합니다,mistralai/mistral-nemotron,2026-06-02T02:14:18.684529+00:00,drop,86,duplicate_stem
04-womens-fashion-fashion-trend-analysis,04-womens-fashion,04,fashion-trend-analysis,패션 트렌드 분석,2024년 패션 트렌드 분석과 미래 전망,info,issue,2024년 패션 트렌드를 분석하고 미래를 전망합니다,mistralai/mistral-nemotron,2026-06-02T02:14:18.684529+00:00,drop,62,duplicate_stem
05-baseball-analysis-baseball-scouting-method,05-baseball-analysis,05,baseball-scouting-method,야구 선수 스카우팅 방법,야구 선수 스카우팅 방법과 평가 기준,howto,howto,야구 선수 스카우팅 방법과 평가 기준을 소개합니다.,mistralai/mistral-nemotron,2026-06-02T02:14:18.684529+00:00,drop,76,duplicate_stem
05-baseball-game-best-baseball-watching-app,05-baseball-game,05,best-baseball-watching-app,야구 경기 관전용 앱 추천,야구 경기를 관전하기 좋은 앱 추천과 사용 방법,review,review,야구 경기를 관전하기 좋은 모바일 앱 추천과 사용 방법,mistralai/mistral-nemotron,2026-06-02T02:14:18.684529+00:00,drop,70,duplicate_stem
05-baseball-game-kbo-game-app-recommendation,05-baseball-game,05,kbo-game-app-recommendation,KBO 리그 경기 관전용 앱 추천,KBO 리그 경기를 관전하기 좋은 앱 추천과 사용 방법,review,review,KBO 리그 경기를 관전하기 좋은 앱 추천과 사용 방법,mistralai/mistral-nemotron,2026-06-02T02:14:18.684529+00:00,drop,70,duplicate_stem
05-baseball-info-2024-baseball-team-strength-analysis,05-baseball-info,05,2024-baseball-team-strength-analysis,2024년 프로야구 팀별 전력 분석,2024년 프로야구 팀별 전력 분석과 예측,info,issue,2024년 프로야구 팀별 전력을 분석하고 시즌을 예측합니다.,mistralai/mistral-nemotron,2026-06-02T02:14:18.684529+00:00,drop,34,duplicate_stem
05-baseball-info-baseball-game-broadcast-app-recommendation,05-baseball-info,05,baseball-game-broadcast-app-recommendation,야구 경기 중계 앱 추천,실시간 야구 경기 중계 가능한 무료 앱 비교,compare,compare,야구 경기를 실시간으로 시청할 수 있는 무료 중계 앱 비교,mistralai/mistral-nemotron,2026-06-02T02:14:18.684529+00:00,drop,58,duplicate_stem
05-baseball-info-free-baseball-broadcast-app,05-baseball-info,05,free-baseball-broadcast-app,야구 경기 중계 앱 무료 추천,야구 경기 중계 무료 앱 추천과 사용법,compare,compare,무료로 야구 경기를 중계하는 앱과 각각의 특징을 비교합니다.,mistralai/mistral-nemotron,2026-06-02T02:14:18.684529+00:00,drop,58,duplicate_stem
05-sports-health-post-injury-sports-diet-management,05-sports-health,05,post-injury-sports-diet-management,스포츠 부상 후 식단 관리 방법,스포츠 부상 후 식단 관리 하는 방법,howto,howto,스포츠 부상 후 식단을 관리하는 방법,mistralai/mistral-nemotron,2026-06-02T02:14:18.684529+00:00,drop,76,duplicate_stem
05-sports-health-sports-injury-rehab-guide,05-sports-health,05,sports-injury-rehab-guide,스포츠 부상 후 재활 운동,스포츠 부상 후 단계별 재활 운동 가이드,howto,howto,부상 후 재활을 위한 단계별 운동 방법,mistralai/mistral-nemotron,2026-06-02T02:14:18.684529+00:00,drop,68,duplicate_stem
05-sports-news-baseball-game-prediction,05-sports-news,05,baseball-game-prediction,야구 경기 예측 방법,야구 경기 예측하는 방법과 팁,howto,howto,야구 경기에서 승리를 예측하는 방법과 팁,mistralai/mistral-nemotron,2026-06-02T02:14:18.684529+00:00,drop,76,duplicate_stem
06-car-accessories-car-portable-vacuum-review,06-car-accessories,06,car-portable-vacuum-review,차량용 휴대용 진공청소기 리뷰,차량용 휴대용 진공청소기 성능 리뷰와 비교,review,compare,차량용 휴대용 진공청소기 성능 비교와 리뷰,mistralai/mistral-nemotron,2026-06-02T02:14:18.684529+00:00,drop,90,duplicate_stem
06-car-accessories-car-vacuum-recommend,06-car-accessories,06,car-vacuum-recommend,차량용 휴대용 진공청소기 추천,차량용 휴대용 진공청소기 추천 7가지와 선택 팁,compare,review,차안 청소를 위한 휴대용 진공청소기 비교 및 추천,mistralai/mistral-nemotron,2026-06-02T02:14:18.684529+00:00,drop,86,duplicate_stem
06-car-accessories-portable-vacuum-comparison,06-car-accessories,06,portable-vacuum-comparison,차량용 휴대용 진공청소기 비교,차량용 휴대용 진공청소기 비교 리뷰,compare,compare,차량용 휴대용 진공청소기 모델별 비교와 추천,mistralai/mistral-nemotron,2026-06-02T02:14:18.684529+00:00,drop,90,duplicate_stem
06-car-financing-car-loan-credit-card-optimization-2,06-car-financing,06,car-loan-credit-card-optimization-2,자동차 할부 신용카드 최적화 팁,자동차 할부 신용카드 최적화 팁과 혜택 비교,howto,tip,자동차 할부를 신용카드로 최적화하는 팁과 혜택을 비교합니다.,mistralai/mistral-nemotron,2026-06-02T02:14:18.684529+00:00,drop,92,duplicate_stem
06-car-financing-used-car-loan-agent-recommend,06-car-financing,06,used-car-loan-agent-recommend,중고차 대출 대행 업체 추천,중고차 대출 대행 업체 추천와 조건 비교,compare,compare,중고차 대출 대행 업체를 추천하고 조건을 비교합니다.,mistralai/mistral-nemotron,2026-06-02T02:14:18.684529+00:00,drop,74,duplicate_stem
06-car-inspection-recommended-car-inspection-apps,06-car-inspection,06,recommended-car-inspection-apps,자동차 점검 앱 추천,차량 점검을 쉽게 하는 추천 앱과 도구,review,review,자동차 점검을 위한 추천 앱 소개,mistralai/mistral-nemotron,2026-06-02T02:14:18.684529+00:00,drop,86,duplicate_stem
06-car-inspection-car-inspection-experience-review,06-car-inspection,06,car-inspection-experience-review,자동차 점검 후기,실제 자동차 점검 경험과 후기,review,review,차량 점검 경험과 후기 공유,mistralai/mistral-nemotron,2026-06-02T02:14:18.684529+00:00,drop,90,duplicate_stem
06-car-inspection-car-check-shop-recommend,06-car-inspection,06,car-check-shop-recommend,자동차 점검 정비소 추천,자동차 점검 정비소 추천과 선택 팁,compare,compare,자동차 점검 정비소를 추천하고 선택하는 방법을 확인하세요.,mistralai/mistral-nemotron,2026-06-02T02:14:18.684529+00:00,drop,86,duplicate_stem
06-car-maintenance-car-service-center-review,06-car-maintenance,06,car-service-center-review,자동차 정비소 후기,자동차 정비소 후기 비교와 신뢰할 만한 곳 추천,review,review,국내 자동차 정비소 후기와 평판 비교,mistralai/mistral-nemotron,2026-06-02T02:14:18.684529+00:00,drop,78,duplicate_stem
06-car-maintenance-recommend-car-repair-shop,06-car-maintenance,06,recommend-car-repair-shop,자동차 정비소 추천,내 차와 맞는 자동차 정비소 추천 방법,info,howto,차종과 정비 내용에 맞는 정비소 고르는 방법,mistralai/mistral-nemotron,2026-06-02T02:14:18.684529+00:00,drop,86,duplicate_stem
06-car-taxes-car-insurance-tax-deduction-2,06-car-taxes,06,car-insurance-tax-deduction-2,자동차 보험료 세금 공제 신청 방법,자동차 보험료 세금 공제 신청 방법과 필요한 서류,howto,howto,자동차 보험료 세금 공제 신청 방법과 필요한 서류 안내,mistralai/mistral-nemotron,2026-06-02T02:14:18.684529+00:00,drop,92,duplicate_stem
06-driving-tips-improve-fuel-efficiency,06-driving-tips,06,improve-fuel-efficiency,차량 연비 개선 팁,차량 연비 개선하는 6가지 실전 팁,howto,tip,차량 연비를 향상시키는 실용적인 방법,mistralai/mistral-nemotron,2026-06-02T02:14:18.684529+00:00,drop,92,duplicate_stem
06-new-car-review-new-car-purchase-review-2024,06-new-car-review,06,new-car-purchase-review-2024,2024년 신차 구매 후기,2024년 신차 구매 후기와 실제 사용기,review,review,2024년 신차 구매 후기와 실제 사용기,mistralai/mistral-nemotron,2026-06-02T02:14:18.684529+00:00,drop,70,duplicate_stem
06-used-car-buying-used-car-buying-agent-compare,06-used-car-buying,06,used-car-buying-agent-compare,중고차 구매 대행 서비스 비교,"중고차 구매 대행 서비스 3선, 비교 및 선택 가이드",compare,review,중고차 구매 대행 서비스 비교 및 추천,mistralai/mistral-nemotron,2026-06-02T02:14:18.684529+00:00,drop,78,duplicate_stem
06-used-car-buying-used-car-broker-fee-tips,06-used-car-buying,06,used-car-broker-fee-tips,중고차 구매 시 중개 수수료 절감 팁,중고차 구매 시 중개 수수료 절감하는 방법 3가지,info,tip,중고차 구매 시 중개 수수료를 절감하는 방법,mistralai/mistral-nemotron,2026-06-02T02:14:18.684529+00:00,drop,86,duplicate_stem
06-used-car-buying-used-car-discount-negotiation-2,06-used-car-buying,06,used-car-discount-negotiation-2,중고차 구매 시 할인 협상 방법,중고차 구매할 때 할인 협상하는 방법과 팁,howto,howto,중고차 구매 시 할인 협상을 성공적으로 하는 실전 팁,mistralai/mistral-nemotron,2026-06-02T02:14:18.684529+00:00,drop,92,duplicate_stem
06-vehicle-management-recommended-car-cleaning-supplies,06-vehicle-management,06,recommended-car-cleaning-supplies,차량 실내 청소용품 추천,차량 실내 청소용품 추천과 사용법,info,review,차량 실내 청소용품 추천과 사용법,mistralai/mistral-nemotron,2026-06-02T02:14:18.684529+00:00,drop,86,duplicate_stem
06-vehicle-management-maintain-car-interior-cleanliness,06-vehicle-management,06,maintain-car-interior-cleanliness,차량 실내 청결 유지 방법,차량 실내 청결을 유지하는 방법,info,howto,차량 실내 청결을 유지하는 방법,mistralai/mistral-nemotron,2026-06-02T02:14:18.684529+00:00,drop,86,duplicate_stem
06-vehicle-management-remove-car-interior-humidity,06-vehicle-management,06,remove-car-interior-humidity,차량 실내 습기 제거 팁,차량 실내 습기 제거 팁 5가지,howto,tip,차량 실내 습기를 효과적으로 제거하는 방법,mistralai/mistral-nemotron,2026-06-02T02:14:18.684529+00:00,drop,92,duplicate_stem
06-vehicle-management-car-maintenance-cost-comparison,06-vehicle-management,06,car-maintenance-cost-comparison,차량 정비 비용 비교,차량 정비 비용 비교와 절감 방법,compare,compare,차량 정비 비용 비교와 절감 방법,mistralai/mistral-nemotron,2026-06-02T02:14:18.684529+00:00,drop,90,duplicate_stem
06-vehicle-management-recommended-car-maintenance-tools,06-vehicle-management,06,recommended-car-maintenance-tools,차량 정비용품 추천,차량 정비용품 추천과 사용법,info,review,차량 정비용품 추천과 사용법,mistralai/mistral-nemotron,2026-06-02T02:14:18.684529+00:00,drop,74,duplicate_stem
06-vehicle-management-review-car-interior-cleaning-expert,06-vehicle-management,06,review-car-interior-cleaning-expert,차량 실내 청소 전문가 리뷰,차량 실내 청소 전문가 리뷰와 추천품,review,review,차량 실내 청소 전문가의 리뷰와 추천 제품,mistralai/mistral-nemotron,2026-06-02T02:14:18.684529+00:00,drop,90,duplicate_stem
06-vehicle-management-save-car-maintenance-cost,06-vehicle-management,06,save-car-maintenance-cost,차량 정비 비용 절감 방법,차량 정비 비용을 줄이는 실용적인 방법,howto,tip,차량 정비 비용을 절감하는 실용적인 팁,mistralai/mistral-nemotron,2026-06-02T02:14:18.684529+00:00,drop,92,duplicate_stem
06-vehicle-safety-car-safety-light-usage-guide,06-vehicle-safety,06,car-safety-light-usage-guide,차량 안전 라이트 사용법,차량 안전 라이트 사용법: 올바른 사용 방법,info,howto,차량 안전 라이트를 올바르게 사용하는 방법을 알려드립니다.,mistralai/mistral-nemotron,2026-06-02T02:14:18.684529+00:00,drop,90,duplicate_stem
06-vehicle-safety-seatbelt-fixing-tips,06-vehicle-safety,06,seatbelt-fixing-tips,차량 안전벨트 고정 팁,차량 안전벨트 고정 팁과 사용 방법,howto,tip,차량 안전벨트를상의 고정 팁과 사용 방법을 알려드립니다.,mistralai/mistral-nemotron,2026-06-02T02:14:18.684529+00:00,drop,92,duplicate_stem
07-ai-trend-ai-image-generator-recommend,07-ai-trend,07,ai-image-generator-recommend,AI 그림 생성기 추천,AI 그림 생성기 추천 | 무료·유료 서비스 비교,compare,compare,무료와 유료를 비교한 최신 AI 그림 생성기 서비스 추천.,mistralai/mistral-nemotron,2026-06-02T02:14:18.684529+00:00,drop,74,duplicate_stem
07-ai-trend-free-ai-education-platforms,07-ai-trend,07,free-ai-education-platforms,AI 교육 플랫폼 무료 체험,무료로 체험할 수 있는 AI 교육 플랫폼 7가지,compare,compare,무료 체험이 가능한 AI 교육 플랫폼 비교,mistralai/mistral-nemotron,2026-06-02T02:14:18.684529+00:00,drop,78,duplicate_stem
07-blockchain-bitcoin-mining-equipment-2024,07-blockchain,07,bitcoin-mining-equipment-2024,비트코인 채굴 장비 추천,2024년 비트코인 채굴 장비 추천 및 비교,compare,compare,2024년 최적의 비트코인 채굴 장비 비교 및 추천합니다.,mistralai/mistral-nemotron,2026-06-02T02:14:18.684529+00:00,drop,66,duplicate_stem
07-blockchain-blockchain-startup-investment-strategy,07-blockchain,07,blockchain-startup-investment-strategy,블록체인 스타트업 투자 전략,블록체인 스타트업 투자 전략과 성공 사례,info,tip,블록체인 스타트업에 투자하는 전략을 공유합니다.,mistralai/mistral-nemotron,2026-06-02T02:14:18.684529+00:00,drop,78,duplicate_stem
07-digital-security-smartphone-app-permissions,07-digital-security,07,smartphone-app-permissions,스마트폰 앱 권한 관리 방법,스마트폰 앱 권한을 관리하는 방법과 팁,howto,tip,스마트폰 앱 권한을 관리하는 방법을 알려드리겠습니다.,mistralai/mistral-nemotron,2026-06-02T02:14:18.684529+00:00,drop,92,duplicate_stem
07-digital-trend-digital-education-platform-recommend,07-digital-trend,07,digital-education-platform-recommend,디지털 교육 플랫폼 추천,디지털 교육 플랫폼 추천과 비교,compare,review,디지털 교육 플랫폼을 비교하고 추천하는 가이드,mistralai/mistral-nemotron,2026-06-02T02:14:18.684529+00:00,drop,74,duplicate_stem
07-game-review-console-game-recommend,07-game-review,07,console-game-recommend,콘솔 게임 추천,초보자용 콘솔 게임 추천: 쉬운 게임 10선,info,start,콘솔 게임 초보자를 위한 게임 추천,mistralai/mistral-nemotron,2026-06-02T02:14:18.684529+00:00,drop,74,duplicate_stem
07-game-review-free-console-games,07-game-review,07,free-console-games,콘솔 게임 무료 다운로드,콘솔 게임 무료 다운로드: 무료 게임 추천,info,start,콘솔에서 무료로 다운받을 수 있는 게임 추천,mistralai/mistral-nemotron,2026-06-02T02:14:18.684529+00:00,drop,78,duplicate_stem
07-game-review-pc-game-review,07-game-review,07,pc-game-review,PC 게임 리뷰,PC 게임 리뷰: 최신 인기 게임 평가,review,review,최신 인기 PC 게임에 대한 리뷰와 평가,mistralai/mistral-nemotron,2026-06-02T02:14:18.684529+00:00,drop,78,duplicate_stem
07-game-review-mobile-game-ranking,07-game-review,07,mobile-game-ranking,모바일 게임 인기 순위,2024년 모바일 게임 인기 순위: 실시간 추천,info,issue,2024년 모바일 게임 인기 순위 및 추천,mistralai/mistral-nemotron,2026-06-02T02:14:18.684529+00:00,drop,62,duplicate_stem
07-game-review-mobile-game-tips,07-game-review,07,mobile-game-tips,모바일 게임 팁,모바일 게임 노련도 팁: 초보자 필수 전략,howto,tip,모바일 게임 초보자를 위한 전략과 팁,mistralai/mistral-nemotron,2026-06-02T02:14:18.684529+00:00,drop,92,duplicate_stem
07-iot-iot-appliances-buying-tips,07-iot,07,iot-appliances-buying-tips,IoT 가전 제품 구매 팁,IoT 가전 제품 구매 팁과 주의사항,howto,tip,IoT 가전 제품을 구매할 때 유용한 팁과 주의사항,mistralai/mistral-nemotron,2026-06-02T02:14:18.684529+00:00,drop,92,duplicate_stem
07-iot-iot-sensor-guide,07-iot,07,iot-sensor-guide,IoT 센서 선택 가이드,IoT 센서 선택 가이드와 추천,howto,tip,IoT 센서를 선택하는 가이드와 추천,mistralai/mistral-nemotron,2026-06-02T02:14:18.684529+00:00,drop,84,duplicate_stem
07-it-news-2024-smartphone-release,07-it-news,07,2024-smartphone-release,2024년 스마트폰 출시 순위,2024년 스마트폰 출시 순위와 주요 사양,news,review,2024년 스마트폰 출시 순위,mistralai/mistral-nemotron,2026-06-02T02:14:18.684529+00:00,drop,62,duplicate_stem
07-security-issue-pc-security-software-recommendation,07-security-issue,07,pc-security-software-recommendation,PC 보안 소프트웨어 추천,PC 보안 소프트웨어 추천과 사용법,review,review,PC 보안 소프트웨어 추천과 활용 팁,mistralai/mistral-nemotron,2026-06-02T02:14:18.684529+00:00,drop,74,duplicate_stem
08-beauty-product-review-bibihong-review-2,08-beauty-product-review,08,bibihong-review-2,비비홍 화장품 후기,비비홍 화장품 후기와 효과 분석,review,review,비비홍 제품별 후기와 효과 분석,mistralai/mistral-nemotron,2026-06-02T02:14:18.684529+00:00,drop,78,duplicate_stem
08-beauty-product-review-herbal-beauty-review,08-beauty-product-review,08,herbal-beauty-review,한방 화장품 리뷰,한방 화장품 리뷰: 전통 한방 성분 제품 리뷰,review,review,한방 화장품 제품 리뷰 및 효과 분석,mistralai/mistral-nemotron,2026-06-02T02:14:18.684529+00:00,drop,78,duplicate_stem
08-beauty-product-review-pore-care-pack,08-beauty-product-review,08,pore-care-pack,모공 관리 팩 추천,모공 관리 팩 추천: 모공 좁히기 효과 있는 제품 비교,compare,review,모공 관리에 효과적인 팩 제품 리뷰와 비교,mistralai/mistral-nemotron,2026-06-02T02:14:18.684529+00:00,drop,86,duplicate_stem
08-beauty-tips-tips-for-buying-small-cosmetics,08-beauty-tips,08,tips-for-buying-small-cosmetics,화장품 소분량 구매 팁,화장품 소분량 구매 팁과 추천 사이트,howto,tip,화장품을 소분량으로 구매하는 팁과 추천 사이트,mistralai/mistral-nemotron,2026-06-02T02:14:18.684529+00:00,drop,92,duplicate_stem
08-cosmetic-ingredient-analysis-cosmetic-ingredient-list,08-cosmetic-ingredient-analysis,08,cosmetic-ingredient-list,화장품 성분 리스트,화장품 성분 리스트와 역할 설명,info,start,화장품 성분 리스트와 역할 설명,mistralai/mistral-nemotron,2026-06-02T02:14:18.684529+00:00,drop,78,duplicate_stem
08-cosmetic-ingredient-analysis-cosmetic-ingredient-ranking,08-cosmetic-ingredient-analysis,08,cosmetic-ingredient-ranking,화장품 성분 순위,화장품 성분 순위 분석 및 추천 제품 리스트,info,start,화장품 성분 순위와 추천 제품 분석,mistralai/mistral-nemotron,2026-06-02T02:14:18.684529+00:00,drop,78,duplicate_stem
08-hair-product-review-hair-spray-review,08-hair-product-review,08,hair-spray-review,헤어 스프레이 리뷰,"헤어 스프레이 리뷰, 어떤 제품이 가장 좋을까?",review,review,다양한 헤어 스프레이 리뷰와 실제 사용 후기를 확인해보세요.,mistralai/mistral-nemotron,2026-06-02T02:14:18.684529+00:00,drop,78,duplicate_stem
08-makeup-art-makeup-trend-prediction-2026,08-makeup-art,08,makeup-trend-prediction-2026,2026년 메이크업 트렌드 예측,2026년 메이크업 트렌드 전문가 예측,info,issue,2026년 메이크업 트렌드 전문가 예측,mistralai/mistral-nemotron,2026-06-02T02:14:18.684529+00:00,drop,70,duplicate_stem
08-makeup-tutorial-latest-makeup-product-review,08-makeup-tutorial,08,latest-makeup-product-review,메이크업 제품 리뷰,최신 메이크업 제품 리뷰와 평가,review,review,최신 메이크업 제품 리뷰와 평가,mistralai/mistral-nemotron,2026-06-02T02:14:18.684529+00:00,drop,78,duplicate_stem
08-skin-type-care-keratin-removal-tips,08-skin-type-care,08,keratin-removal-tips,피부 각질 제거 팁,피부 각질을 제거하는 6가지 팁,howto,tip,피부 각질을 제거하기 위한 구체적인 팁과 제품 추천,mistralai/mistral-nemotron,2026-06-02T02:14:18.684529+00:00,drop,92,duplicate_stem
08-skin-type-care-dry-skin-tips,08-skin-type-care,08,dry-skin-tips,건성 피부 보습 방법,건성 피부 보습을 위한 5가지 팁,howto,tip,건성 피부를 위한 효과적인 보습 방법 및 제품 추천,mistralai/mistral-nemotron,2026-06-02T02:14:18.684529+00:00,drop,92,duplicate_stem
08-skin-type-care-wrinkle-reduction-tips,08-skin-type-care,08,wrinkle-reduction-tips,피부 주름 개선 팁,피부 주름을 개선하는 7가지 팁,howto,tip,피부 주름을 개선하기 위한 구체적인 팁과 제품 추천,mistralai/mistral-nemotron,2026-06-02T02:14:18.684529+00:00,drop,92,duplicate_stem
08-skincare-routine-skincare-routine-tips,08-skincare-routine,08,skincare-routine-tips,스킨케어 루틴 팁,스킨케어 루틴을 위한 실용적인 팁과 조언,howto,tip,스킨케어 루틴을 효과적으로 유지하기 위한 팁,mistralai/mistral-nemotron,2026-06-02T02:14:18.684529+00:00,drop,92,duplicate_stem
08-treatment-information-cosmetics-test-method,08-treatment-information,08,cosmetics-test-method,코스메틱 테스트 방법,코스메틱 제품 테스트 방법과 팁,howto,tip,코스메틱 제품을 테스트하는 방법과 유용한 팁을 알려드립니다.,mistralai/mistral-nemotron,2026-06-02T02:14:18.684529+00:00,drop,92,duplicate_stem
08-treatment-review-laser-exfoliation-recommend,08-treatment-review,08,laser-exfoliation-recommend,레이저 각질 제거 추천,레이저 각질 제거 추천과 효과 지속 기간,compare,compare,레이저 각질 제거 추천과 효과 유지 방법,mistralai/mistral-nemotron,2026-06-02T02:14:18.684529+00:00,drop,74,duplicate_stem
08-treatment-review-laser-exfoliation-review-2,08-treatment-review,08,laser-exfoliation-review-2,레이저 각질 제거 시술 후기,레이저 각질 제거 시술 후기와 일상생활,review,review,레이저 각질 제거 시술 후 일상생활과 효과,mistralai/mistral-nemotron,2026-06-02T02:14:18.684529+00:00,drop,78,duplicate_stem
08-treatment-review-laser-pores-recommendation,08-treatment-review,08,laser-pores-recommendation,레이저 모공 개선 추천,레이저 모공 개선 추천: 효과적인 방법 분석,info,compare,레이저 모공 개선 방법을 비교 분석합니다.,mistralai/mistral-nemotron,2026-06-02T02:14:18.684529+00:00,drop,86,duplicate_stem
08-treatment-review-laser-wrinkle-recommend,08-treatment-review,08,laser-wrinkle-recommend,레이저 주름 개선 추천,레이저 주름 개선 추천과 효과 지속 기간,compare,compare,레이저 주름 개선 추천과 효과 유지 방법,mistralai/mistral-nemotron,2026-06-02T02:14:18.684529+00:00,drop,74,duplicate_stem
08-treatment-review-nose-botox-review-2,08-treatment-review,08,nose-botox-review-2,코 보톡스 시술 후기,코 보톡스 시술 후기와 부작용,review,review,코 보톡스 시술 후 부작용과 실제 후기,mistralai/mistral-nemotron,2026-06-02T02:14:18.684529+00:00,drop,78,duplicate_stem
08-treatment-review-nose-makeup-treatment-recommend,08-treatment-review,08,nose-makeup-treatment-recommend,코 메이크업 시술 추천,코 메이크업 시술 추천과 효과 유지 방법,compare,compare,코 메이크업 시술 추천과 효과 유지 방법,mistralai/mistral-nemotron,2026-06-02T02:14:18.684529+00:00,drop,86,duplicate_stem
08-treatment-review-skin-elasticity-review,08-treatment-review,08,skin-elasticity-review,피부 탄력 개선 시술 후기,피부 탄력 개선 시술 후기와 회복 과정,review,review,피부 탄력 개선 시술 후 회복 과정과 실제 효과,mistralai/mistral-nemotron,2026-06-02T02:14:18.684529+00:00,drop,78,duplicate_stem
08-treatment-review-skin-regeneration-treatment-recommend,08-treatment-review,08,skin-regeneration-treatment-recommend,피부 재생 시술 추천,피부 재생 시술 추천과 효과 지속 기간,compare,compare,피부 재생 시술 추천과 효과 유지 방법,mistralai/mistral-nemotron,2026-06-02T02:14:18.684529+00:00,drop,74,duplicate_stem
08-treatment-review-volume-lip-injection-recommend,08-treatment-review,08,volume-lip-injection-recommend,볼륨립 주사 시술 추천,볼륨립 주사 시술 추천 병원과 비용 비교,compare,compare,볼륨립 주사 시술 추천 병원과 비용 비교,mistralai/mistral-nemotron,2026-06-02T02:14:18.684529+00:00,drop,74,duplicate_stem
09-brunch-cafe-brunch-cafe-review,09-brunch-cafe,09,brunch-cafe-review,브런치 카페 후기,실제 방문한 브런치 카페 후기와 평가,review,review,실제 방문한 브런치 카페에 대한 후기와 평가,mistralai/mistral-nemotron,2026-06-02T02:14:18.684529+00:00,drop,78,duplicate_stem
09-brunch-cafe-brunch-cafe-youtube-review,09-brunch-cafe,09,brunch-cafe-youtube-review,브런치 카페 유튜브 리뷰,브런치 카페 유튜브 리뷰 보고 선택하기,review,review,브런치 카페 유튜브 리뷰 보고 선택하기,mistralai/mistral-nemotron,2026-06-02T02:14:18.684529+00:00,drop,78,duplicate_stem
09-daegu-food-dalsegu-recommend,09-daegu-food,09,dalsegu-recommend,대구 달서구 맛집 추천,달서구 추천 맛집 10선 | 현지인 인기 메뉴 포함,info,local,달서구에서 인기 있는 맛집과 현지인 추천 메뉴를 소개합니다.,mistralai/mistral-nemotron,2026-06-02T02:14:18.684529+00:00,drop,74,duplicate_stem
09-daejeon-food-daejeon-yuseong-ambient-cafe,09-daejeon-food,09,daejeon-yuseong-ambient-cafe,대전 유성구 분위기 좋은 카페,대전 유성구 분위기 좋은 카페 추천 및 후기,review,local,대전 유성구에서 분위기 좋은 카페를 탐방해 보세요.,mistralai/mistral-nemotron,2026-06-02T02:14:18.684529+00:00,drop,78,duplicate_stem
09-gangwon-food-gangwon-limited-dessert-restaurant,09-gangwon-food,09,gangwon-limited-dessert-restaurant,강원도 한정판 디저트 맛집,강원도 한정판 디저트 맛집 추천과 메뉴 리뷰,review,local,강원도에서 한정판 디저트를 즐길 수 있는 맛집 정보,mistralai/mistral-nemotron,2026-06-02T02:14:18.684529+00:00,drop,78,duplicate_stem
09-gangwon-food-gangwon-limited-menu-review,09-gangwon-food,09,gangwon-limited-menu-review,강원도 한정판 맛집 메뉴 리뷰,강원도 한정판 맛집 메뉴 리뷰와 추천,review,review,강원도 한정판 맛집 메뉴 리뷰와 추천 정보 제공.,mistralai/mistral-nemotron,2026-06-02T02:14:18.684529+00:00,drop,78,duplicate_stem
09-gangwon-food-gangwon-limited-korean-meal-cafe,09-gangwon-food,09,gangwon-limited-korean-meal-cafe,강원도 한정판 한정식 카페,강원도 한정판 한정식 카페 추천 및 메뉴 리뷰,review,local,강원도에서 한정판 한정식을 즐길 수 있는 카페 정보,mistralai/mistral-nemotron,2026-06-02T02:14:18.684529+00:00,drop,78,duplicate_stem
09-handmade-coffee-beginner-guide-brewing-handmade-coffee,09-handmade-coffee,09,beginner-guide-brewing-handmade-coffee,수제 커피 추출 초보자 가이드,수제 커피 추출 초보자를 위한 단계별 가이드,howto,start,수제 커피 추출에 처음 도전하는 초보자들을 위한 상세한 단계별 가이드,mistralai/mistral-nemotron,2026-06-02T02:14:18.684529+00:00,drop,84,duplicate_stem
09-handmade-coffee-hand-drip-review,09-handmade-coffee,09,hand-drip-review,수제 커피 추출 후기,수제 커피 추출 후기와 체험기 모음,review,review,실제 사용자들의 수제 커피 추출 후기,mistralai/mistral-nemotron,2026-06-02T02:14:18.684529+00:00,drop,78,duplicate_stem
09-handmade-coffee-handmade-coffee-cafe,09-handmade-coffee,09,handmade-coffee-cafe,수제 커피 추천 카페,수제 커피 맛집 카페 추천 10곳 비교,compare,local,국내 수제 커피 맛집 카페 추천 및 비교 리뷰,mistralai/mistral-nemotron,2026-06-02T02:14:18.684529+00:00,drop,84,duplicate_stem
09-handmade-coffee-handmade-coffee-price,09-handmade-coffee,09,handmade-coffee-price,수제 커피 추천 가격,수제 커피 추천 가격 비교와 경제적 선택법,cost,compare,수제 커피 가격 비교와 경제적인 선택 방법,mistralai/mistral-nemotron,2026-06-02T02:14:18.684529+00:00,drop,78,duplicate_stem
09-handmade-coffee-tips-for-grinding-coffee-beans,09-handmade-coffee,09,tips-for-grinding-coffee-beans,수제 커피 추출 시 커피 분말 갈기 팁,수제 커피 추출 시 커피 분말 갈기 실용 팁,howto,tip,수제 커피 추출을 위해 커피 분말을 갈 때 유용한 팁,mistralai/mistral-nemotron,2026-06-02T02:14:18.684529+00:00,drop,92,duplicate_stem
09-incheon-food-incheon-bupeong-matzik,09-incheon-food,09,incheon-bupeong-matzik,인천 부평구 맛집 추천,"인천 부평구 맛집 추천, 로컬 맛집 탐방",info,review,인천 부평구에서만 즐길 수 있는 로컬 맛집을 소개합니다.,mistralai/mistral-nemotron,2026-06-02T02:14:18.684529+00:00,drop,74,duplicate_stem
09-incheon-food-incheon-yeonsu-cafe,09-incheon-food,09,incheon-yeonsu-cafe,인천 연수구 카페 추천,"인천 연수구 카페 추천 8곳, 인스타그램 감성 카페",review,local,인천 연수구에서 인스타그램 감성 카페를 소개합니다.,mistralai/mistral-nemotron,2026-06-02T02:14:18.684529+00:00,drop,74,duplicate_stem
09-seoul-food-seodaemun-japanese-food-2,09-seoul-food,09,seodaemun-japanese-food-2,서대문역 일식 추천,서대문역 일식 추천 6선 | 합리적인 가격의 일본 음식,review,local,서대문역에서 추천하는 일식 맛집,mistralai/mistral-nemotron,2026-06-02T02:14:18.684529+00:00,drop,74,duplicate_stem
09-seoul-food-seongsu-brunch,09-seoul-food,09,seongsu-brunch,성수동 브런치 추천,성수동에서 추천하는 브런치 10곳,review,local,성수동에서 즐기는 아침 브런치 추천,mistralai/mistral-nemotron,2026-06-02T02:14:18.684529+00:00,drop,74,duplicate_stem
09-seoul-food-sseongsu-brunch-reservation,09-seoul-food,09,sseongsu-brunch-reservation,성수동 브런치 예약 방법,성수동 브런치 예약 방법 | 대기 시간 줄이는 팁,howto,start,성수동 브런치 매장에서 예약하는 방법을 안내합니다,mistralai/mistral-nemotron,2026-06-02T02:14:18.684529+00:00,drop,92,duplicate_stem
09-seoul-food-yongsan-couple-cafe,09-seoul-food,09,yongsan-couple-cafe,용산역 커플 카페 추천,용산역 커플 카페 추천 4선 | 데이트하기 좋은 장소,review,local,용산역에서 커플이 함께 갈 수 있는 카페 추천,mistralai/mistral-nemotron,2026-06-02T02:14:18.684529+00:00,drop,74,duplicate_stem
10-ingredient-info-meat-freshness-check,10-ingredient-info,10,meat-freshness-check,고기 신선도 확인하는 방법,고기 신선도 확인하는 방법과 팁,howto,howto,고기의 신선도를 확인하는 방법을 알려드립니다.,mistralai/mistral-nemotron,2026-06-02T02:14:18.684529+00:00,drop,92,duplicate_stem
10-ingredient-info-seafresh-identification-method,10-ingredient-info,10,seafresh-identification-method,해산물 신선도 확인하는 방법,해산물 신선도 확인하는 방법과 구매 팁,howto,tip,해산물을 신선하게 구매하기 위한 방법,mistralai/mistral-nemotron,2026-06-02T02:14:18.684529+00:00,drop,92,duplicate_stem
10-restaurant-review-suwon-hanwoo-restaurant-2024,10-restaurant-review,10,suwon-hanwoo-restaurant-2024,2024 수원 한우 전문점 리뷰,2024 수원 한우 전문점 리뷰와 추천,review,review,2024년 수원 한우 전문점 리뷰와 추천,mistralai/mistral-nemotron,2026-06-02T02:14:18.684529+00:00,drop,70,duplicate_stem
11-domestic-travel-destinations-jeju-winter-tips,11-domestic-travel-destinations,11,jeju-winter-tips,제주도 겨울 여행 추천 팁,제주도 겨울 여행 추천 팁 + 준비물 체크리스트,info,tip,제주도 겨울 여행에 필요한 팁과 준비물 체크리스트를 알려드립니다.,mistralai/mistral-nemotron,2026-06-02T02:14:18.684529+00:00,drop,86,duplicate_stem
11-travel-blogging-travel-blog-views,11-travel-blogging,11,travel-blog-views,여행블로그 글 조회수 높이는 법,여행블로그 글 조회수 높이는 법 6가지,howto,tip,여행블로그 글 조회수를 높이는 전략,mistralai/mistral-nemotron,2026-06-02T02:14:18.684529+00:00,drop,84,duplicate_stem
11-travel-blogging-travel-blog-share,11-travel-blogging,11,travel-blog-share,여행블로그 글 공유 방법,여행블로그 글 공유 방법과 전략,howto,howto,여행블로그 글을 다양한 채널에 공유하는 방법,mistralai/mistral-nemotron,2026-06-02T02:14:18.684529+00:00,drop,92,duplicate_stem
11-travel-diaries-ulsan-best-concert-hall-reservation,11-travel-diaries,11,ulsan-best-concert-hall-reservation,울산 베스티 콘서트홀 예약 방법,울산 베스티 콘서트홀 예약 방법 및 팁,howto,howto,울산 베스티 콘서트홀 예약 방법,mistralai/mistral-nemotron,2026-06-02T02:14:18.684529+00:00,drop,92,duplicate_stem
11-travel-essentials-travel-portable-mirror-guide,11-travel-essentials,11,travel-portable-mirror-guide,여행용 휴대용 거울 사용법,여행용 휴대용 거울 사용법과 추천 제품,howto,tip,여행용 휴대용 거울 사용 팁과 추천,mistralai/mistral-nemotron,2026-06-02T02:14:18.684529+00:00,drop,84,duplicate_stem
11-travel-essentials-travel-table-recommend,11-travel-essentials,11,travel-table-recommend,여행용 휴대용 테이블 추천,여행용 휴대용 테이블 추천과 활용법,review,howto,여행용 휴대용 테이블 추천과 활용법,mistralai/mistral-nemotron,2026-06-02T02:14:18.684529+00:00,drop,74,duplicate_stem
11-travel-information-overseas-festival-schedule,11-travel-information,11,overseas-festival-schedule,해외 여행 현지 축제 일정,해외 여행 현지 축제 일정과 참여 방법,info,issue,해외 여행 시 현지 축제 일정과 참여 방법,mistralai/mistral-nemotron,2026-06-02T02:14:18.684529+00:00,drop,82,duplicate_stem
11-travel-itinerary-travel-schedule-apps,11-travel-itinerary,11,travel-schedule-apps,여행 일정 관리 앱 추천,"여행 일정 관리 앱 추천, 비교와 사용법",compare,compare,여행 일정 관리 앱 비교와 추천,mistralai/mistral-nemotron,2026-06-02T02:14:18.684529+00:00,drop,86,duplicate_stem
11-travel-photography-travel-camera,11-travel-photography,11,travel-camera,여행 사진 카메라 추천,여행 사진 카메라 추천 5가지,compare,compare,여행 사진용 카메라 추천,mistralai/mistral-nemotron,2026-06-02T02:14:18.684529+00:00,drop,74,duplicate_stem
11-travel-photography-travel-photo-app,11-travel-photography,11,travel-photo-app,여행 사진 앱 추천,여행 사진 앱 추천 5가지,compare,compare,여행 사진용 앱 추천,mistralai/mistral-nemotron,2026-06-02T02:14:18.684529+00:00,drop,74,duplicate_stem
11-travel-tips-local-attraction-recommendations,11-travel-tips,11,local-attraction-recommendations,여행 중 현지 관광지 추천,해외 여행 시 현지 관광지 추천,review,review,해외 여행지에서 현지 관광지 추천,mistralai/mistral-nemotron,2026-06-02T02:14:18.684529+00:00,drop,74,duplicate_stem
11-travel-tips-local-food-recommendations-2,11-travel-tips,11,local-food-recommendations-2,여행 중 현지 음식 추천,해외 여행 시 현지 음식 추천,review,review,해외 여행지에서 현지 음식 추천,mistralai/mistral-nemotron,2026-06-02T02:14:18.684529+00:00,drop,74,duplicate_stem
11-travel-tips-local-food-reservation-guide,11-travel-tips,11,local-food-reservation-guide,여행 중 현지 음식 예약 방법,여행 중 현지 음식 예약 방법과 추천 앱,howto,tip,여행 중 현지 음식 예약 방법,mistralai/mistral-nemotron,2026-06-02T02:14:18.684529+00:00,drop,92,duplicate_stem
11-travel-videos-free-travel-video-editing-app,11-travel-videos,11,free-travel-video-editing-app,여행영상 무료 편집 앱 추천,무료로 여행영상 편집할 수 있는 추천 앱,compare,compare,무료 여행영상 편집 앱 비교,mistralai/mistral-nemotron,2026-06-02T02:14:18.684529+00:00,drop,74,duplicate_stem
11-travel-videos-travel-video-production-trends-2024,11-travel-videos,11,travel-video-production-trends-2024,여행영상 제작 트렌드,2024년 여행영상 제작 트렌드,info,issue,2024년 여행영상 제작 트렌드와 전망,mistralai/mistral-nemotron,2026-06-02T02:14:18.684529+00:00,drop,62,duplicate_stem
12-academic-research-history-thesis-topic-selection-2,12-academic-research,12,history-thesis-topic-selection-2,역사 논문 주제 선정 방법,역사 논문 주제 선정하는 방법과 팁,howto,tip,역사 논문 주제 선정을 위한 팁,mistralai/mistral-nemotron,2026-06-04T01:15:00.927640+00:00,drop,74,duplicate_stem
12-academic-research-scientific-experiment-data-analysis,12-academic-research,12,scientific-experiment-data-analysis,과학 실험 자료 분석 방법,과학 실험 자료 분석 방법과 도구 설명,howto,howto,과학 실험 자료를 분석하는 방법과 사용 가능한 도구를 소개합니다.,mistralai/mistral-nemotron,2026-06-04T01:15:00.927640+00:00,drop,74,duplicate_stem
12-academic-research-science-experiment-report-writing,12-academic-research,12,science-experiment-report-writing,과학 실험 레포트 작성 방법,과학 실험 레포트 작성 방법과 핵심 구성 요소,howto,howto,과학 실험 레포트를 체계적으로 작성하는 방법과 핵심 구성 요소,mistralai/mistral-nemotron,2026-06-04T01:15:00.927640+00:00,drop,74,duplicate_stem
12-common-knowledge-dictionary-recreating-school-science-experiments,12-common-knowledge-dictionary,12,recreating-school-science-experiments,과학 실험 재현 방법,교과서 과학 실험을 집에서 재현하는 방법,howto,howto,학교에서 하는 실험을 직접 해보는 단계별 방법,mistralai/mistral-nemotron,2026-06-04T01:15:00.927640+00:00,drop,74,duplicate_stem
12-common-knowledge-dictionary-proper-preservation-historical-artifacts,12-common-knowledge-dictionary,12,proper-preservation-historical-artifacts,역사적 유물 소장 팁,역사적 유물을 제대로 관리하는 방법,howto,howto,가정에서 역사적 유물을 잘 보관하는 실용 팁,mistralai/mistral-nemotron,2026-06-04T01:15:00.927640+00:00,drop,74,duplicate_stem
12-education-information-online-education-platform,12-education-information,12,online-education-platform,온라인 교육 플랫폼 추천,온라인 교육 플랫폼 비교와 추천,compare,compare,다양한 온라인 교육 플랫폼의 장단점 비교,mistralai/mistral-nemotron,2026-06-04T01:15:00.927640+00:00,drop,56,duplicate_stem
12-history-facts-korean-historical-sites,12-history-facts,12,korean-historical-sites,한국 역사 유적지 추천,한국에서 꼭 가봐야 할 역사 유적지 10선,info,local,한국에서 꼭 가봐야 할 역사 유적지를 소개합니다.,mistralai/mistral-nemotron,2026-06-02T02:14:18.684529+00:00,drop,56,duplicate_stem
12-knowledge-game-science-quiz-tips,12-knowledge-game,12,science-quiz-tips,과학 퀴즈 문제 출제 팁,과학 퀴즈 문제 출제 시 알아야 할 필수 팁,howto,tip,과학 퀴즈 문제 출제 시 유용한 팁 제공,mistralai/mistral-nemotron,2026-06-04T01:15:00.927640+00:00,drop,74,duplicate_stem
12-liberal-arts-lecture-art-liberal-arts-lectures,12-liberal-arts-lecture,12,art-liberal-arts-lectures,예술 교양강의 추천,예술 교양강의 추천: 미술과 음악 이해하기,info,review,미술과 음악을 이해하는 교양강의 추천 목록,mistralai/mistral-nemotron,2026-06-02T02:14:18.684529+00:00,drop,56,duplicate_stem
12-liberal-arts-lecture-free-art-lecture-download,12-liberal-arts-lecture,12,free-art-lecture-download,예술 교양강의 무료 다운로드,예술 교양강의 무료 다운로드 가능한 강의 자료 모음,info,start,무료로 다운로드 가능한 예술 교양강의 자료 모음입니다.,mistralai/mistral-nemotron,2026-06-02T02:14:18.684529+00:00,drop,60,duplicate_stem
12-liberal-arts-lecture-free-art-lecture-youtube,12-liberal-arts-lecture,12,free-art-lecture-youtube,예술 교양강의 유튜브 무료,예술 교양강의 유튜브 무료 강의와 채널 모음,info,start,유튜브에서 무료로 볼 수 있는 예술 교양강의 채널과 강의 모음입니다.,mistralai/mistral-nemotron,2026-06-02T02:14:18.684529+00:00,drop,60,duplicate_stem
12-liberal-arts-lecture-culture-lecture-free-recommend,12-liberal-arts-lecture,12,culture-lecture-free-recommend,문화 교양강의 무료 추천,문화 무료 교양강의 추천 2026,info,tip,2026년 문화 무료 교양강의 추천,mistralai/mistral-nemotron,2026-06-02T02:14:18.684529+00:00,drop,56,duplicate_stem
12-liberal-arts-lecture-culture-liberal-arts-lectures-youtube,12-liberal-arts-lecture,12,culture-liberal-arts-lectures-youtube,문화 교양강의 유튜브,문화 교양강의 유튜브: 다양한 문화 이해하기,info,start,유튜브에서 다양한 문화에 대해 배울 수 있는 교양강의,mistralai/mistral-nemotron,2026-06-02T02:14:18.684529+00:00,drop,60,duplicate_stem
12-liberal-arts-lecture-economics-liberal-arts-lectures-free,12-liberal-arts-lecture,12,economics-liberal-arts-lectures-free,경제 교양강의 무료,경제 교양강의 무료: 기초부터 심화까지,howto,tip,경제 이론을 기초부터 심화까지 배울 수 있는 무료 교양강의,mistralai/mistral-nemotron,2026-06-02T02:14:18.684529+00:00,drop,66,duplicate_stem
12-liberal-arts-lecture-economics-liberal-arts-lectures-youtube,12-liberal-arts-lecture,12,economics-liberal-arts-lectures-youtube,경제 교양강의 유튜브,경제 교양강의 유튜브: 쉽게 이해하는 경제 이론,info,start,유튜브에서 쉽게 이해할 수 있는 경제 교양강의,mistralai/mistral-nemotron,2026-06-02T02:14:18.684529+00:00,drop,60,duplicate_stem
12-liberal-arts-lecture-recommended-economics-lectures,12-liberal-arts-lecture,12,recommended-economics-lectures,경제 교양강의 추천,경제 교양강의 추천 10가지,info,start,재테크 입문부터 심화까지 경제 강의 추천,mistralai/mistral-nemotron,2026-06-02T02:14:18.684529+00:00,drop,56,duplicate_stem
12-liberal-arts-lecture-free-general-knowledge-lectures,12-liberal-arts-lecture,12,free-general-knowledge-lectures,상식 교양강의 무료,상식 교양강의 무료 강좌 모음,info,start,일상생활에 도움이 되는 상식 강의,mistralai/mistral-nemotron,2026-06-02T02:14:18.684529+00:00,drop,60,duplicate_stem
12-liberal-arts-lecture-humanities-liberal-arts-lectures-youtube,12-liberal-arts-lecture,12,humanities-liberal-arts-lectures-youtube,인문학 교양강의 유튜브,인문학 교양강의 유튜브: 인간과 사회 이해하기,info,start,유튜브에서 인간과 사회에 대해 배울 수 있는 교양강의,mistralai/mistral-nemotron,2026-06-02T02:14:18.684529+00:00,drop,60,duplicate_stem
12-liberal-arts-lecture-korean-history-liberal-arts-lectures,12-liberal-arts-lecture,12,korean-history-liberal-arts-lectures,한국사 교양강의 추천,한국사 교양강의 추천: 역사 공부에 좋은 강의 모음,info,review,한국사 공부에 좋은 교양강의 추천 목록,mistralai/mistral-nemotron,2026-06-02T02:14:18.684529+00:00,drop,56,duplicate_stem
12-liberal-arts-lecture-free-literature-lecture-recommend,12-liberal-arts-lecture,12,free-literature-lecture-recommend,문학 교양강의 무료 추천,문학 교양강의 무료 추천 강의와 자료 모음,info,start,무료로 추천하는 문학 교양강의 자료 모음입니다.,mistralai/mistral-nemotron,2026-06-02T02:14:18.684529+00:00,drop,56,duplicate_stem
12-liberal-arts-lecture-free-literature-lecture-youtube,12-liberal-arts-lecture,12,free-literature-lecture-youtube,문학 교양강의 유튜브 무료,문학 교양강의 유튜브 무료 강의와 채널 모음,info,start,유튜브에서 무료로 볼 수 있는 문학 교양강의 채널과 강의 모음입니다.,mistralai/mistral-nemotron,2026-06-02T02:14:18.684529+00:00,drop,60,duplicate_stem
12-liberal-arts-lecture-literature-lecture-youtube-recommend,12-liberal-arts-lecture,12,literature-lecture-youtube-recommend,문학 교양강의 유튜브 추천,문학 교양강의 유튜브 추천 2026,info,start,2026년 문학 교양강의 유튜브 추천,mistralai/mistral-nemotron,2026-06-02T02:14:18.684529+00:00,drop,56,duplicate_stem
12-liberal-arts-lecture-literature-liberal-arts-lectures,12-liberal-arts-lecture,12,literature-liberal-arts-lectures,문학 교양강의 추천,문학 교양강의 추천: 고전과 현대 문학 강화,info,review,고전과 현대 문학을 이해하는 교양강의 추천,mistralai/mistral-nemotron,2026-06-02T02:14:18.684529+00:00,drop,56,duplicate_stem
12-liberal-arts-lecture-future-tech-lecture-free-recommend,12-liberal-arts-lecture,12,future-tech-lecture-free-recommend,미래 기술 교양강의 무료 추천,미래 기술 무료 교양강의 추천 2026,info,tip,2026년 미래 기술 무료 교양강의 추천,mistralai/mistral-nemotron,2026-06-02T02:14:18.684529+00:00,drop,56,duplicate_stem
12-liberal-arts-lecture-future-technology-liberal-arts-lectures,12-liberal-arts-lecture,12,future-technology-liberal-arts-lectures,미래 기술 교양강의 추천,미래 기술 교양강의 추천: AI와 로봇공학,info,review,AI와 로봇공학 등 미래 기술을 다루는 교양강의 추천,mistralai/mistral-nemotron,2026-06-02T02:14:18.684529+00:00,drop,56,duplicate_stem
12-liberal-arts-lecture-youtube-future-tech-lectures,12-liberal-arts-lecture,12,youtube-future-tech-lectures,미래 기술 교양강의 유튜브,미래 기술 교양강의 유튜브 추천,info,start,인공지능·바이오 등 미래 기술 강의,mistralai/mistral-nemotron,2026-06-02T02:14:18.684529+00:00,drop,60,duplicate_stem
12-liberal-arts-lecture-history-lecture-youtube-recommend,12-liberal-arts-lecture,12,history-lecture-youtube-recommend,역사 교양강의 유튜브 추천,역사 교양강의 유튜브 추천 채널과 강의 목록,info,start,유튜브에서 추천하는 역사 교양강의 채널과 강의 목록입니다.,mistralai/mistral-nemotron,2026-06-02T02:14:18.684529+00:00,drop,56,duplicate_stem
12-liberal-arts-lecture-history-liberal-arts-lectures-recommend,12-liberal-arts-lecture,12,history-liberal-arts-lectures-recommend,역사 교양강의 추천,역사 교양강의 추천: 세계사와 한국사 이해하기,info,review,세계사와 한국사를 이해하는 데 도움이 되는 교양강의 추천 목록,mistralai/mistral-nemotron,2026-06-02T02:14:18.684529+00:00,drop,56,duplicate_stem
12-liberal-arts-lecture-youtube-life-lecture,12-liberal-arts-lecture,12,youtube-life-lecture,인생 교양강의 유튜브 추천,인생 교양강의 유튜브 추천 5가지: 실생활 적용법,info,howto,인생 교양강의 유튜브 추천과 실생활 적용 방법을 소개합니다.,mistralai/mistral-nemotron,2026-06-04T01:15:00.927640+00:00,drop,56,duplicate_stem
12-liberal-arts-lecture-philosophy-liberal-arts-lectures-youtube,12-liberal-arts-lecture,12,philosophy-liberal-arts-lectures-youtube,철학 교양강의 유튜브,철학 교양강의 유튜브: 생애 첫 철학 강의,info,start,유튜브에서 생애 첫 철학 강의를 즐길 수 있는 교양강의,mistralai/mistral-nemotron,2026-06-02T02:14:18.684529+00:00,drop,60,duplicate_stem
12-liberal-arts-lecture-reading-liberal-arts-lectures,12-liberal-arts-lecture,12,reading-liberal-arts-lectures,독서 교양강의 무료,독서 교양강의 무료: 책 읽기의 기술과 즐거움,howto,tip,책 읽기의 기술을 향상시키는 무료 교양강의,mistralai/mistral-nemotron,2026-06-02T02:14:18.684529+00:00,drop,66,duplicate_stem
12-liberal-arts-lecture-youtube-reading-lectures,12-liberal-arts-lecture,12,youtube-reading-lectures,독서 교양강의 유튜브,독서 교양강의 유튜브 추천 10가지,info,start,책 읽기부터 감상까지 독서 강의 모음,mistralai/mistral-nemotron,2026-06-02T02:14:18.684529+00:00,drop,60,duplicate_stem
12-liberal-arts-lecture-science-lecture-free-recommend,12-liberal-arts-lecture,12,science-lecture-free-recommend,과학 교양강의 무료 추천,과학 무료 교양강의 추천 2026 최신,info,tip,2026년 과학 무료 교양강의 추천,mistralai/mistral-nemotron,2026-06-02T02:14:18.684529+00:00,drop,56,duplicate_stem
12-liberal-arts-lecture-science-lecture-free-youtube,12-liberal-arts-lecture,12,science-lecture-free-youtube,과학 교양강의 무료 유튜브,과학 무료 교양강의 유튜브 2026,info,start,2026년 과학 무료 교양강의 유튜브,mistralai/mistral-nemotron,2026-06-02T02:14:18.684529+00:00,drop,60,duplicate_stem
12-liberal-arts-lecture-science-liberal-arts-lectures,12-liberal-arts-lecture,12,science-liberal-arts-lectures,과학 교양강의 추천,과학 교양강의 추천: 기초부터 심화까지,info,review,과학 기본概念부터 심화 주제까지 추천 교양강의,mistralai/mistral-nemotron,2026-06-02T02:14:18.684529+00:00,drop,56,duplicate_stem
12-liberal-arts-lecture-science-liberal-arts-lectures-youtube,12-liberal-arts-lecture,12,science-liberal-arts-lectures-youtube,과학 교양강의 유튜브,과학 교양강의 유튜브: 재미있는 과학 강의 모음,info,start,유튜브에서 즐길 수 있는 재미있는 과학 교양강의,mistralai/mistral-nemotron,2026-06-02T02:14:18.684529+00:00,drop,60,duplicate_stem
12-liberal-arts-lecture-sociology-lecture-youtube-free,12-liberal-arts-lecture,12,sociology-lecture-youtube-free,사회학 교양강의 유튜브 무료,사회학 교양강의 유튜브 무료 추천,info,review,사회학 교양강의 유튜브 무료 추천,mistralai/mistral-nemotron,2026-06-02T02:14:18.684529+00:00,drop,60,duplicate_stem
12-literature-review-analysis-of-gyeongsang-dialect-novels,12-literature-review,12,analysis-of-gyeongsang-dialect-novels,경상도 방언 소설 분석,경상도 방언 소설 분석과 특징,info,issue,경상도 방언 소설의 분석과 특징,mistralai/mistral-nemotron,2026-06-02T02:14:18.684529+00:00,drop,52,duplicate_stem
12-literature-review-genre-novel-recommend,12-literature-review,12,genre-novel-recommend,장르별 소설 추천,장르별 소설 추천과 특징 분석,info,start,장르별 소설 추천과 특징 분석,mistralai/mistral-nemotron,2026-06-02T02:14:18.684529+00:00,drop,56,duplicate_stem
12-literature-review-mystery-novel-recommend,12-literature-review,12,mystery-novel-recommend,추리 소설 추천,2024년 추리 소설 추천과 독후감,info,start,추리 소설의 독후감과 추천 도서 목록,mistralai/mistral-nemotron,2026-06-02T02:14:18.684529+00:00,drop,48,duplicate_stem
13-cat-food-cat-food-price-comparison,13-cat-food,13,cat-food-price-comparison,고양이 사료 가격 비교,고양이 사료 가격 비교: 가성비 좋은 제품 추천,compare,compare,고양이 사료 가격 비교와 가성비 좋은 제품을 추천합니다.,mistralai/mistral-nemotron,2026-06-04T01:15:00.927640+00:00,drop,78,duplicate_stem
13-cat-food-cat-food-recommend-2024,13-cat-food,13,cat-food-recommend-2024,고양이 사료 추천,고양이 사료 추천 2024년 최신 인기 순위 10가지,compare,start,2024년 현재 고양이 사료 추천 순위를 소개합니다.,mistralai/mistral-nemotron,2026-06-04T01:15:00.927640+00:00,drop,72,duplicate_stem
13-cat-playground-cat-playground-review,13-cat-playground,13,cat-playground-review,고양이 놀이터 리뷰,고양이 놀이터 리뷰: 실제로 사용한 후기,review,review,고양이 놀이터를 사용고양이 장인이 남긴 솔직한 리뷰입니다.,mistralai/mistral-nemotron,2026-06-04T01:15:00.927640+00:00,drop,78,duplicate_stem
13-cat-playground-winter-cat-playground,13-cat-playground,13,winter-cat-playground,고양이 놀이터 겨울 추천,겨울용 고양이 놀이터 추천과 실내 관리법,review,review,추운 날씨에 적합한 고양이 놀이터와 관리 팁,mistralai/mistral-nemotron,2026-06-04T01:15:00.927640+00:00,drop,86,duplicate_stem
13-dog-health-dog-body-temperature-measure,13-dog-health,13,dog-body-temperature-measure,강아지 체온 측정 방법,강아지 체온을 정확하게 측정하는 방법,howto,howto,강아지 체온을 정확하게 측정하는 방법 안내,mistralai/mistral-nemotron,2026-06-04T01:15:00.927640+00:00,drop,92,duplicate_stem
13-dog-play-dog-toy-washing-tips,13-dog-play,13,dog-toy-washing-tips,강아지 장난감 세탁 팁,강아지 장난감을 세탁하는 팁과 방법,howto,tip,강아지 장난감을 효과적으로 세탁하는 팁과 방법,mistralai/mistral-nemotron,2026-06-04T01:15:00.927640+00:00,drop,92,duplicate_stem
13-pet-grooming-dog-grooming-price-comparison,13-pet-grooming,13,dog-grooming-price-comparison,강아지 미용샵 가격 비교,강아지 미용샵 가격 비교 가이드와 추천 업소,compare,compare,강아지 미용샵별 가격 비교와 추천 미용샵 정보,mistralai/mistral-nemotron,2026-06-04T01:15:00.927640+00:00,drop,78,duplicate_stem
13-pet-hospital-cat-obesity-check,13-pet-hospital,13,cat-obesity-check,고양이 비만 체크 방법,고양이 비만 체크 방법과 다이어트 팁,howto,howto,고양이 비만 체크 방법과 다이어트 팁,mistralai/mistral-nemotron,2026-06-04T01:15:00.927640+00:00,drop,92,duplicate_stem
13-pet-insurance-cat-insurance-reimbursement-comparison,13-pet-insurance,13,cat-insurance-reimbursement-comparison,고양이 보험 실손 보상 비교,고양이 보험 실손 보상 비교: 어떤 보험이 유리할까?,compare,compare,고양이 보험 실손 보상 비교와 추천 플랜,mistralai/mistral-nemotron,2026-06-04T01:15:00.927640+00:00,drop,78,duplicate_stem
13-pet-living-tips-pet-cafe-recommendation,13-pet-living-tips,13,pet-cafe-recommendation,펫 카페 추천,반려동물과 함께 갈 수 있는 펫 카페 추천,compare,review,반려동물과 함께 갈 수 있는 펫 카페를 추천합니다.,mistralai/mistral-nemotron,2026-06-04T01:15:00.927640+00:00,drop,74,duplicate_stem
13-pet-photography-props-for-cat-photography,13-pet-photography,13,props-for-cat-photography,고양이 사진 촬영 소품 추천,고양이 사진 촬영을 위한 소품 추천,compare,compare,고양이 사진 촬영에 적합한 소품 비교,mistralai/mistral-nemotron,2026-06-04T01:15:00.927640+00:00,drop,74,duplicate_stem
13-pet-photography-free-pet-photo-app,13-pet-photography,13,free-pet-photo-app,펫 사진 촬영 앱 무료 다운로드,무료로 사용할 수 있는 펫 사진 촬영 앱 추천,compare,compare,무료로 다운받을 수 있는 펫 사진 촬영 앱 비교,mistralai/mistral-nemotron,2026-06-04T01:15:00.927640+00:00,drop,78,duplicate_stem
13-pet-photography-pet-photography-movie-templates,13-pet-photography,13,pet-photography-movie-templates,펫 사진 촬영 무비 템플릿 추천,펫 사진으로 무비를 만들기 위한 템플릿 추천,compare,compare,펫 사진 무비 제작을 위한 템플릿 비교,mistralai/mistral-nemotron,2026-06-04T01:15:00.927640+00:00,drop,74,duplicate_stem
13-pet-product-review-cat-door-opener-recommend,13-pet-product-review,13,cat-door-opener-recommend,고양이용 문열기 추천,"고양이용 문열기 추천, 어떤 제품을 선택해야 할까?",compare,review,고양이용 문열기의 성능과 추천 제품을 비교합니다.,mistralai/mistral-nemotron,2026-06-04T01:15:00.927640+00:00,drop,74,duplicate_stem
13-pet-product-review-dog-bed-recommend,13-pet-product-review,13,dog-bed-recommend,강아지용 침구 추천,강아지용 침구 추천 및 선택 가이드,compare,review,강아지 침구 선택 시 고려할 점과 추천 제품,mistralai/mistral-nemotron,2026-06-04T01:15:00.927640+00:00,drop,74,duplicate_stem
13-pet-product-review-dog-collar-review,13-pet-product-review,13,dog-collar-review,강아지용 목걸이 리뷰,강아지 목걸이 리뷰 | 2023 인기 제품 추천,review,review,강아지를 위한 최적의 목걸이 리뷰와 추천,mistralai/mistral-nemotron,2026-06-04T01:15:00.927640+00:00,drop,43,duplicate_stem
13-pet-product-review-dog-gps-tracker-recommend,13-pet-product-review,13,dog-gps-tracker-recommend,강아지용 GPS 추적기 추천,강아지용 GPS 추적기 추천 TOP 5,compare,review,강아지 GPS 추적기 성능 및 기능 비교,mistralai/mistral-nemotron,2026-06-04T01:15:00.927640+00:00,drop,74,duplicate_stem
13-pet-product-review-dog-gps-tracker-review,13-pet-product-review,13,dog-gps-tracker-review,강아지용 GPS 추적기 리뷰,강아지 GPS 추적기 리뷰 | 실시간 위치 제품 비교,review,review,강아지를 위한 GPS 추적기 리뷰와 비교 분석,mistralai/mistral-nemotron,2026-06-04T01:15:00.927640+00:00,drop,78,duplicate_stem
13-pet-product-review-dog-training-tools-compare,13-pet-product-review,13,dog-training-tools-compare,강아지용 훈련용품 비교,강아지용 훈련용품 종합 비교 리뷰,compare,compare,강아지 훈련용품 다양한 제품 비교,mistralai/mistral-nemotron,2026-06-04T01:15:00.927640+00:00,drop,78,duplicate_stem
13-pet-product-review-dog-travel-bag-review,13-pet-product-review,13,dog-travel-bag-review,강아지용 여행용 가방 리뷰,강아지용 여행용 가방 리뷰 | 편리한 이동 제품 비교,review,review,강아지를 위한 여행용 가방 리뷰와 비교 분석,mistralai/mistral-nemotron,2026-06-04T01:15:00.927640+00:00,drop,78,duplicate_stem
13-pet-product-review-pet-air-purifier-recommendation,13-pet-product-review,13,pet-air-purifier-recommendation,펫용 공기청정기 추천,펫용 공기청정기 추천 | 초미세먼지 저감 제품 비교,compare,review,펫을 위한 공기청정기 추천과 비교 분석,mistralai/mistral-nemotron,2026-06-04T01:15:00.927640+00:00,drop,74,duplicate_stem
13-pet-product-review-pet-disinfectant-recommend,13-pet-product-review,13,pet-disinfectant-recommend,펫용 소독기 추천,펫용 소독기 추천 및 사용법,compare,review,펫용 소독기 추천과 올바른 사용법,mistralai/mistral-nemotron,2026-06-04T01:15:00.927640+00:00,drop,74,duplicate_stem
13-pet-product-review-pet-dryer-review,13-pet-product-review,13,pet-dryer-review,펫용 건조기 후기,펫용 건조기 사용 후기 5가지,review,review,펫용 건조기를 사용한 고객들의 후기를 모아보았습니다.,mistralai/mistral-nemotron,2026-06-04T01:15:00.927640+00:00,drop,78,duplicate_stem
13-pet-product-review-pet-food-container-recommendation,13-pet-product-review,13,pet-food-container-recommendation,펫용 사료 용기 추천,펫 사료 용기 추천 | 누설 방지 추천 제품,compare,review,펫 사료를 보관하기 좋은 용기 추천과 비교,mistralai/mistral-nemotron,2026-06-04T01:15:00.927640+00:00,drop,74,duplicate_stem
13-pet-product-review-pet-massage-brush-compare,13-pet-product-review,13,pet-massage-brush-compare,펫용 마사지 브러시 비교,펫용 마사지 브러시 종합 비교 리뷰,compare,compare,펫용 마사지 브러시 다양한 제품 비교,mistralai/mistral-nemotron,2026-06-04T01:15:00.927640+00:00,drop,78,duplicate_stem
13-pet-product-review-pet-massage-brush-recommend,13-pet-product-review,13,pet-massage-brush-recommend,펫용 마사지 브러시 추천,"펫용 마사지 브러시 추천, 어떤 제품을 선택해야 할까?",compare,review,펫용 마사지 브러시의 장단점과 추천 제품을 비교합니다.,mistralai/mistral-nemotron,2026-06-04T01:15:00.927640+00:00,drop,74,duplicate_stem
13-pet-product-review-pet-massage-tool-recommend,13-pet-product-review,13,pet-massage-tool-recommend,펫용 마사지 기구 추천,펫용 마사지 기구 추천 및 사용법,compare,review,펫용 마사지 기구 추천과 올바른 사용법,mistralai/mistral-nemotron,2026-06-04T01:15:00.927640+00:00,drop,74,duplicate_stem
13-pet-product-review-pet-rinse-free-shampoo-recommendation,13-pet-product-review,13,pet-rinse-free-shampoo-recommendation,펫용 린스 프리 샴푸 추천,펫용 린스 프리 샴푸 추천 | 간편한 사용 제품 비교,compare,review,펫을 위한 린스 프리 샴푸 추천과 비교 분석,mistralai/mistral-nemotron,2026-06-04T01:15:00.927640+00:00,drop,74,duplicate_stem
14-camping-tips-outdoor-exercise-tips,14-camping-tips,14,outdoor-exercise-tips,캠핑용 간단한 야외 운동 방법,캠핑용 간단한 야외 운동 방법과 장비 추천,howto,tip,캠핑에서 간편하게 할 수 있는 운동 방법,mistralai/mistral-nemotron,2026-06-04T01:15:00.927640+00:00,drop,92,duplicate_stem
14-car-camping-essentials-car-camping-gas-range-recommendation,14-car-camping-essentials,14,car-camping-gas-range-recommendation,차박용 가스레인지 추천,"차박용 가스레인지 추천, 야외에서도 간편한 요리",compare,review,차박용 가스레인지의 다양한 제품 비교와 추천,mistralai/mistral-nemotron,2026-06-04T01:15:00.927640+00:00,drop,74,duplicate_stem
14-fishing-gear-fishing-pole-setting-guide,14-fishing-gear,14,fishing-pole-setting-guide,낚시대 세팅 가이드,낚시대 세팅 가이드 초보자용 상세 설명,howto,start,낚시대 세팅 가이드 초보자용 상세 설명,mistralai/mistral-nemotron,2026-06-04T01:15:00.927640+00:00,drop,84,duplicate_stem
14-fishing-gear-pro-rod-setting,14-fishing-gear,14,pro-rod-setting,낚시대 세팅 팁,낚시대 세팅하는 프로의 노하우 10가지,howto,tip,낚시대 세팅 실패 사례와 해결법,mistralai/mistral-nemotron,2026-06-04T01:15:00.927640+00:00,drop,92,duplicate_stem
14-fishing-gear-mounting-fishing-rod,14-fishing-gear,14,mounting-fishing-rod,낚시대 장착 방법,낚시대 장착하는 올바른 방법과 팁,howto,howto,장착 실패 사례와 해결법,mistralai/mistral-nemotron,2026-06-04T01:15:00.927640+00:00,drop,92,duplicate_stem
14-fishing-gear-storing-fishing-rod,14-fishing-gear,14,storing-fishing-rod,낚시대 보관 방법,낚시대 보관하는 올바른 방법과 주의사항,howto,tip,낚시대 변형·깨짐 방지 보관 팁,mistralai/mistral-nemotron,2026-06-04T01:15:00.927640+00:00,drop,92,duplicate_stem
14-fishing-tips-recommended-fishing-net-assistants,14-fishing-tips,14,recommended-fishing-net-assistants,낚시용 보조방아 추천,낚시용 보조방아 추천 모델과 사용법,review,review,낚시용 보조방아의 추천 모델과 효과적인 사용법,mistralai/mistral-nemotron,2026-06-04T01:15:00.927640+00:00,drop,74,duplicate_stem
14-fishing-tips-fishing-auxiliary-stand,14-fishing-tips,14,fishing-auxiliary-stand,낚시용 보조선반 사용법,낚시용 보조선반 사용법과 추천 제품 소개,howto,review,낚시용 보조선반의 사용 방법과 추천 제품을 소개합니다.,mistralai/mistral-nemotron,2026-06-04T01:15:00.927640+00:00,drop,78,duplicate_stem
14-fishing-tips-fishing-stand-guide,14-fishing-tips,14,fishing-stand-guide,낚시용 선반 사용법,낚시용 선반 사용법과 추천 제품 소개,howto,review,낚시용 선반의 사용 방법과 추천 제품을 소개합니다.,mistralai/mistral-nemotron,2026-06-04T01:15:00.927640+00:00,drop,78,duplicate_stem
14-hiking-gear-hiking-sanitizer-recommend,14-hiking-gear,14,hiking-sanitizer-recommend,등산용 소독제 추천,등산용 소독제 추천: 안전하고 편리한 소독 방법,review,review,등산 시 사용할 수 있는 소독제를 추천합니다.,mistralai/mistral-nemotron,2026-06-04T01:15:00.927640+00:00,drop,86,duplicate_stem
14-hiking-guide-hiking-time-management,14-hiking-guide,14,hiking-time-management,등산로에서 제때 도착하는 팁,등산로에서 제때 도착하는 시간 관리 팁,howto,tip,등산 중 제때 도착하는 방법을 안내합니다.,mistralai/mistral-nemotron,2026-06-04T01:15:00.927640+00:00,drop,92,duplicate_stem
14-outdoor-events-2024-camp-event-confirm-reservation,14-outdoor-events,14,2024-camp-event-confirm-reservation,2024년 캠핑 이벤트 예약 확인 방법,2024년 캠핑 이벤트 예약 확인 방법과 유의사항,howto,howto,2024년 캠핑 이벤트 예약 확인 방법과 유의사항 설명,mistralai/mistral-nemotron,2026-06-04T01:15:00.927640+00:00,drop,84,duplicate_stem
14-outdoor-events-2024-camp-event-experience,14-outdoor-events,14,2024-camp-event-experience,2024년 캠핑 이벤트 리뷰,2024년 캠핑 이벤트 리뷰와 실제 체험기,review,review,2024년 캠핑 이벤트 리뷰와 실제 체험기 공유,mistralai/mistral-nemotron,2026-06-04T01:15:00.927640+00:00,drop,70,duplicate_stem
14-outdoor-events-2024-camp-event-recommend,14-outdoor-events,14,2024-camp-event-recommend,2024년 캠핑 이벤트 추천,2024년 캠핑 이벤트 추천과 참석 팁,info,tip,2024년 개최되는 캠핑 이벤트 추천과 참석 팁 제공,mistralai/mistral-nemotron,2026-06-04T01:15:00.927640+00:00,drop,78,duplicate_stem
14-outdoor-events-2024-camp-event-reservation,14-outdoor-events,14,2024-camp-event-reservation,2024년 캠핑 이벤트 예약 방법,2024년 캠핑 이벤트 예약 방법과 유의사항,howto,howto,2024년 캠핑 이벤트 예약 방법과 유의사항 설명,mistralai/mistral-nemotron,2026-06-04T01:15:00.927640+00:00,drop,84,duplicate_stem
14-outdoor-events-2024-camp-event-review,14-outdoor-events,14,2024-camp-event-review,2024년 캠핑 이벤트 후기,2024년 캠핑 이벤트 후기와 체험 리뷰,review,review,2024년 캠핑 이벤트 후기와 체험 리뷰 공유,mistralai/mistral-nemotron,2026-06-04T01:15:00.927640+00:00,drop,70,duplicate_stem
14-outdoor-events-2024-camp-event-schedule,14-outdoor-events,14,2024-camp-event-schedule,2024년 캠핑 이벤트 일정표,2024년 캠핑 이벤트 일정표와 주요 행사,info,issue,2024년 개최되는 캠핑 이벤트 일정표와 주요 행사 안내,mistralai/mistral-nemotron,2026-06-04T01:15:00.927640+00:00,drop,74,duplicate_stem
01-award-director-award-analysis-2024,01-award,01,director-award-analysis-2024,2024 감독상 수상작 분석,2024 감독상 수상작 분석 및 감독 인터뷰,info,review,2024 감독상 수상작 분석 및 감독 인터뷰,mistralai/mistral-nemotron,2026-06-02T02:14:18.684529+00:00,drop,42,intent_angle_cap:info+review
01-award-drama-grand-prize-2024-winner,01-award,01,drama-grand-prize-2024-winner,2024 드라마 부문 대상 수상자,2024 드라마 부문 대상 수상자와 수상작 분석,info,review,2024년 드라마 부문 대상 수상자 정보,mistralai/mistral-nemotron,2026-06-02T02:14:18.684529+00:00,drop,42,intent_angle_cap:info+review
01-award-mbc-drama-award-2024-winners,01-award,01,mbc-drama-award-2024-winners,2024 MBC 드라마상 수상작,2024 MBC 드라마상 수상작 및 예상 후기 분석,info,review,MBC 드라마상 2024 수상자 및 수상작 리뷰,mistralai/mistral-nemotron,2026-06-02T02:14:18.684529+00:00,drop,42,intent_angle_cap:info+review
01-award-mbc-entertainment-awards-2024,01-award,01,mbc-entertainment-awards-2024,2024 MBC 연예대상 수상자,2024 MBC 연예대상 수상자 및 수상 작품,info,review,2024 MBC 연예대상 수상자 및 수상 작품 정리,mistralai/mistral-nemotron,2026-06-02T02:14:18.684529+00:00,drop,42,intent_angle_cap:info+review
01-award-movie-awards-winners-2024,01-award,01,movie-awards-winners-2024,올해 영화상 수상작 순위,2024년 주요 영화상 수상작 순위 및 분석,info,review,2024년 국내 주요 영화상 수상작 순위와 분석,mistralai/mistral-nemotron,2026-06-02T02:14:18.684529+00:00,drop,42,intent_angle_cap:info+review
01-award-music-grand-prize-analysis-2024,01-award,01,music-grand-prize-analysis-2024,2024 음악 부문 대상 수상자 분석,2024 음악 부문 대상 수상자 분석 및 히트 곡,info,review,2024 음악 부문 대상 수상자 분석 및 히트 곡,mistralai/mistral-nemotron,2026-06-02T02:14:18.684529+00:00,drop,42,intent_angle_cap:info+review
01-award-screenwriting-award-analysis-2024,01-award,01,screenwriting-award-analysis-2024,2024 각본상 수상작 분석,2024 각본상 수상작 분석 및 각본 기법,info,review,2024 각본상 수상작 분석 및 각본 기법,mistralai/mistral-nemotron,2026-06-02T02:14:18.684529+00:00,drop,42,intent_angle_cap:info+review
01-award-supporting-actor-analysis-2024,01-award,01,supporting-actor-analysis-2024,2024 조연상 수상자 캐릭터 분석,2024 조연상 수상자 캐릭터 분석 및 영향력,info,review,2024 조연상 수상자 캐릭터 분석 및 영향력,mistralai/mistral-nemotron,2026-06-02T02:14:18.684529+00:00,drop,42,intent_angle_cap:info+review
01-award-tv-awards-2024-winners-list,01-award,01,tv-awards-2024-winners-list,2024 TV아워즈 수상자 목록,2024 TV아워즈 수상자 목록 및 수상소감 분석,info,review,TV아워즈 2024년 수상자 및 수상소감 분석,mistralai/mistral-nemotron,2026-06-02T02:14:18.684529+00:00,drop,42,intent_angle_cap:info+review
01-award-vibe-awards-2024-winners,01-award,01,vibe-awards-2024-winners,바이브 어워즈 2024 최다 수상,2024 바이브 어워즈 최다 수상자 및 수상 작품,info,review,2024 바이브 어워즈 수상자 및 수상 작품 정리,mistralai/mistral-nemotron,2026-06-02T02:14:18.684529+00:00,drop,42,intent_angle_cap:info+review
01-award-soul-music-awards-2024,01-award,01,soul-music-awards-2024,소울뮤직어워즈 2024,2024 소울뮤직어워즈 수상자 및 수상 작품,info,review,2024 소울뮤직어워즈 수상자 및 수상 작품 정리,mistralai/mistral-nemotron,2026-06-02T02:14:18.684529+00:00,drop,37,intent_angle_cap:info+review
01-celebrity-newjeans-music-style,01-celebrity,01,newjeans-music-style,뉴진스 음악 스타일,뉴진스 음악 스타일과 장르,info,review,그룹 뉴진스의 음악 스타일과 장르,meta-llama/llama-4-scout-17b-16e-instruct,2026-06-01T12:31:11.146046+00:00,drop,62,intent_angle_cap:info+review
01-celebrity-son-seok-goo-films,01-celebrity,01,son-seok-goo-films,손석구 영화 출연작,손석구 영화 출연작과 대표작,info,review,배우 손석구 영화 출연작과 대표작,meta-llama/llama-4-scout-17b-16e-instruct,2026-06-01T12:31:11.146046+00:00,drop,62,intent_angle_cap:info+review
01-celebrity-tomorrow-x-together-music-style,01-celebrity,01,tomorrow-x-together-music-style,TXT 음악 스타일,TXT 음악 스타일과 장르,info,review,그룹 TXT 음악 스타일과 장르,meta-llama/llama-4-scout-17b-16e-instruct,2026-06-01T12:31:11.146046+00:00,drop,62,intent_angle_cap:info+review
01-celebrity-drama-ost-recommendation,01-celebrity,01,drama-ost-recommendation,드라마 OST 추천,드라마 OST 추천과 리뷰,info,review,드라마 OST 추천과 리뷰를 제공합니다.,meta-llama/llama-4-scout-17b-16e-instruct,2026-06-01T12:31:11.146046+00:00,drop,58,intent_angle_cap:info+review
01-celebrity-iu-profile,01-celebrity,01,iu-profile,아이유 프로필,아이유 프로필과 인생 이야기,info,review,가수 아이유의 프로필과 인생 이야기,meta-llama/llama-4-scout-17b-16e-instruct,2026-06-01T12:31:11.146046+00:00,drop,57,intent_angle_cap:info+review
01-celebrity-kim-yeon-jung-profile,01-celebrity,01,kim-yeon-jung-profile,김연정 프로필,김연정 프로필과 인생 이야기,info,review,배우 김연정 프로필과 인생 이야기,meta-llama/llama-4-scout-17b-16e-instruct,2026-06-01T12:31:11.146046+00:00,drop,57,intent_angle_cap:info+review
01-celebrity-lee-seo-jin-profile,01-celebrity,01,lee-seo-jin-profile,이서진 프로필,이서진 프로필과 인생 이야기,info,review,배우 이서진 프로필과 인생 이야기,meta-llama/llama-4-scout-17b-16e-instruct,2026-06-01T12:31:11.146046+00:00,drop,57,intent_angle_cap:info+review
01-celebrity-song-hye-kyo-profile,01-celebrity,01,song-hye-kyo-profile,송혜교 프로필,송혜교 프로필과 인생 이야기,info,review,배우 송혜교 프로필과 인생 이야기,meta-llama/llama-4-scout-17b-16e-instruct,2026-06-01T12:31:11.146046+00:00,drop,57,intent_angle_cap:info+review
01-celebrity-kpop-2023-summary,01-celebrity,01,kpop-2023-summary,2023 K-POP 결산,2023 K-POP 결산과 인기 그룹,info,review,2023년 K-POP 결산과 인기 그룹,meta-llama/llama-4-scout-17b-16e-instruct,2026-06-01T12:31:11.146046+00:00,drop,27,intent_angle_cap:info+review
01-comeback-le-sserafim-comeback-2024,01-comeback,01,le-sserafim-comeback-2024,LE SSERAFIM 컴백 2024년,LE SSERAFIM 2024년 컴백 일정과 신곡 정보,info,issue,LE SSERAFIM의 2024년 컴백 소식 및 신곡 정보,mistralai/mistral-nemotron,2026-06-02T02:14:18.684529+00:00,drop,46,intent_angle_cap:info+issue
01-comeback-nct-comeback-2024,01-comeback,01,nct-comeback-2024,NCT 컴백 2024년,NCT 2024년 컴백 일정과 신곡 정보,info,issue,NCT의 2024년 컴백 소식 및 신곡 정보,mistralai/mistral-nemotron,2026-06-02T02:14:18.684529+00:00,drop,46,intent_angle_cap:info+issue
01-comeback-nct-dream-comeback-2024,01-comeback,01,nct-dream-comeback-2024,2024년 NCT DREAM 컴백,2024년 NCT DREAM 컴백 일정과 신곡 정보,info,issue,2024년 NCT DREAM 컴백 예정일과 신곡 관련 소식,mistralai/mistral-nemotron,2026-06-02T02:14:18.684529+00:00,drop,46,intent_angle_cap:info+issue
01-comeback-newjeans-comeback-2024,01-comeback,01,newjeans-comeback-2024,NewJeans 컴백 2024년,NewJeans 2024년 컴백 일정과 신곡 정보,info,issue,NewJeans의 2024년 컴백 소식 및 신곡 정보,mistralai/mistral-nemotron,2026-06-02T02:14:18.684529+00:00,drop,46,intent_angle_cap:info+issue
01-comeback-newjeans-comeback-album-2024,01-comeback,01,newjeans-comeback-album-2024,2024년 NewJeans 컴백 앨범 예약,2024년 NewJeans 컴백 앨범 예약과 판매처 정보,info,issue,NewJeans 2024년 컴백 앨범 예약과 판매처 정보,mistralai/mistral-nemotron,2026-06-02T02:14:18.684529+00:00,drop,46,intent_angle_cap:info+issue
01-comeback-seventeen-comeback-2024,01-comeback,01,seventeen-comeback-2024,세븐틴 컴백 2024년,세븐틴 2024년 컴백 일정과 신곡 정보,info,issue,세븐틴의 2024년 컴백 소식 및 신곡 정보,mistralai/mistral-nemotron,2026-06-02T02:14:18.684529+00:00,drop,46,intent_angle_cap:info+issue
01-comeback-stray-kids-comeback-2024,01-comeback,01,stray-kids-comeback-2024,스테이씨 컴백 2024년,스테이씨 2024년 컴백 일정과 신곡 정보,info,issue,스테이씨의 2024년 컴백 소식 및 신곡 정보,mistralai/mistral-nemotron,2026-06-02T02:14:18.684529+00:00,drop,46,intent_angle_cap:info+issue
01-comeback-treasure-comeback-2024,01-comeback,01,treasure-comeback-2024,TREASURE 컴백 2024년,TREASURE 2024년 컴백 일정과 신곡 정보,info,issue,TREASURE의 2024년 컴백 소식 및 신곡 정보,mistralai/mistral-nemotron,2026-06-02T02:14:18.684529+00:00,drop,46,intent_angle_cap:info+issue
01-comeback-twice-comeback-2024,01-comeback,01,twice-comeback-2024,트와이스 컴백 2024년,트와이스 2024년 컴백 일정과 신곡 정보,info,issue,트와이스의 2024년 컴백 소식 및 신곡 정보,mistralai/mistral-nemotron,2026-06-02T02:14:18.684529+00:00,drop,46,intent_angle_cap:info+issue
01-comeback-twice-comeback-2024-2,01-comeback,01,twice-comeback-2024-2,2024년 TWICE 컴백,2024년 TWICE 컴백 일정과 신곡 정보,info,issue,2024년 TWICE 컴백 예정일과 신곡 관련 소식,mistralai/mistral-nemotron,2026-06-02T02:14:18.684529+00:00,drop,46,intent_angle_cap:info+issue
01-comeback-txt-comeback-2024,01-comeback,01,txt-comeback-2024,TXT 컴백 2024년,TXT 2024년 컴백 일정과 신곡 정보,info,issue,TXT의 2024년 컴백 소식 및 신곡 정보,mistralai/mistral-nemotron,2026-06-02T02:14:18.684529+00:00,drop,46,intent_angle_cap:info+issue
01-comeback-2024-04-comeback-solos,01-comeback,01,2024-04-comeback-solos,2024년 4월 컴백 솔로 가수,4월에 컴백하는 솔로 가수 리스트와 최대 기대작,info,issue,2024년 4월 컴백 예정 솔로 가수 일정과 기대되는 아티스트 정보,mistralai/mistral-nemotron,2026-06-02T02:14:18.684529+00:00,drop,34,intent_angle_cap:info+issue
01-comeback-2024-06-comeback-boy-groups,01-comeback,01,2024-06-comeback-boy-groups,2024년 6월 컴백 보이그룹,6월에 컴백하는 보이그룹 리스트와 기대되는 앨범 추천,info,issue,2024년 6월 컴백 예정 보이그룹 일정과 기대되는 앨범 정보,mistralai/mistral-nemotron,2026-06-02T02:14:18.684529+00:00,drop,34,intent_angle_cap:info+issue
01-comeback-2024-comeback-idol-songs,01-comeback,01,2024-comeback-idol-songs,2024년 컴백 아이돌 신곡,2024년 컴백 아이돌 신곡 리스트와 인기 곡 추천,info,issue,2024년에 컴백하는 아이돌 그룹들의 신곡 리스트와 인기 곡 정보,mistralai/mistral-nemotron,2026-06-02T02:14:18.684529+00:00,drop,34,intent_angle_cap:info+issue
01-comeback-2024-comeback-schedule,01-comeback,01,2024-comeback-schedule,2024년 컴백 시기별 예고,2024년 컴백 아이돌·가수 시기별 예고 현황,info,issue,2024년 컴백 예정 아이돌과 가수들의 시기별 예고 현황,mistralai/mistral-nemotron,2026-06-02T02:14:18.684529+00:00,drop,34,intent_angle_cap:info+issue
01-comeback-aespa-comeback-stage-2024,01-comeback,01,aespa-comeback-stage-2024,2024년 aespa 컴백 무대,2024년 aespa 컴백 무대 분석과 예능 출연 예상,info,issue,aespa 2024년 컴백 무대 분석과 예능 출연 예정 정보,mistralai/mistral-nemotron,2026-06-02T02:14:18.684529+00:00,drop,34,intent_angle_cap:info+issue
01-comeback-august-2024-solo-comeback,01-comeback,01,august-2024-solo-comeback,2024년 8월 컴백 솔로 가수,2024년 8월 컴백 솔로 가수 라인업,info,issue,2024년 8월 컴백 예정인 솔로 가수 목록,mistralai/mistral-nemotron,2026-06-02T02:14:18.684529+00:00,drop,34,intent_angle_cap:info+issue
01-comeback-bts-comeback-july-2024,01-comeback,01,bts-comeback-july-2024,BTS 컴백 2024년 7월,BTS 컴백 2024년 7월 예정과 신곡 정보,info,issue,BTS 2024년 7월 컴백 예정과 신곡 관련 소식,mistralai/mistral-nemotron,2026-06-02T02:14:18.684529+00:00,drop,34,intent_angle_cap:info+issue
01-comeback-celebrity-comeback-2024-feb,01-comeback,01,celebrity-comeback-2024-feb,2024년 2월 컴백 연예인 목록,2024년 2월 컴백 예정된 연예인 및 활동 계획,info,issue,2024년 2월 컴백하는 연예인 및 활동 내용,mistralai/mistral-nemotron,2026-06-02T02:14:18.684529+00:00,drop,34,intent_angle_cap:info+issue
01-comeback-le-sserafim-comeback-goods-2024,01-comeback,01,le-sserafim-comeback-goods-2024,2024년 LE SSERAFIM 컴백 굿즈,2024년 LE SSERAFIM 컴백 굿즈 구매처와 가격 정보,info,issue,LE SSERAFIM 2024년 컴백 굿즈 구매처와 가격 정보,mistralai/mistral-nemotron,2026-06-02T02:14:18.684529+00:00,drop,34,intent_angle_cap:info+issue
01-event-kpop-concert-tour-2024-2,01-event,01,kpop-concert-tour-2024-2,K-POP 콘서트 투어 일정 2024,2024 K-POP 콘서트 투어 일정과 라인업,info,issue,2024년 주요 K-POP 콘서트 투어 일정과 출연진,meta-llama/llama-4-scout-17b-16e-instruct,2026-06-01T12:37:04.035570+00:00,drop,46,intent_angle_cap:info+issue
01-event-kpop-fanmeeting-2024,01-event,01,kpop-fanmeeting-2024,K-POP 팬미팅 일정 2024,2024 K-POP 팬미팅 일정과 장소,info,issue,2024년 개최 예정인 K-POP 팬미팅 일정과 장소,meta-llama/llama-4-scout-17b-16e-instruct,2026-06-01T12:37:04.035570+00:00,drop,46,intent_angle_cap:info+issue
01-event-kpop-festival-2024,01-event,01,kpop-festival-2024,K-POP 페스티벌 2024,2024 K-POP 페스티벌 일정과 라인업,info,issue,2024년 국내외 K-POP 페스티벌 일정과 출연진,meta-llama/llama-4-scout-17b-16e-instruct,2026-06-01T12:37:04.035570+00:00,drop,46,intent_angle_cap:info+issue
01-event-kpop-girl-groups-2024,01-event,01,kpop-girl-groups-2024,K-POP 걸그룹 컴백 2024,2024 K-POP 걸그룹 컴백 리스트와 일정,info,issue,2024년 컴백하는 K-POP 걸그룹 리스트와 일정,meta-llama/llama-4-scout-17b-16e-instruct,2026-06-01T12:37:04.035570+00:00,drop,46,intent_angle_cap:info+issue
01-event-kpop-music-show-2024,01-event,01,kpop-music-show-2024,K-POP 음악 방송 2024,2024 K-POP 음악 방송 일정,info,issue,2024년 K-POP 음악 방송 일정,meta-llama/llama-4-scout-17b-16e-instruct,2026-06-01T12:37:04.035570+00:00,drop,46,intent_angle_cap:info+issue
01-event-kpop-music-show-schedule-2024,01-event,01,kpop-music-show-schedule-2024,2024 K-POP 음악 방송일정,2024 K-POP 음악 방송일정표,info,issue,2024년 K-POP 음악 방송일정표와 라인업,meta-llama/llama-4-scout-17b-16e-instruct,2026-06-01T12:37:04.035570+00:00,drop,46,intent_angle_cap:info+issue
01-event-kpop-music-shows-2024,01-event,01,kpop-music-shows-2024,K-POP 음악 방송 일정 2024,2024 K-POP 음악 방송 일정과 출연진,info,issue,2024년 K-POP 음악 방송 일정과 출연진 정보,meta-llama/llama-4-scout-17b-16e-instruct,2026-06-01T12:37:04.035570+00:00,drop,46,intent_angle_cap:info+issue
01-event-sbs-drama-schedule-2024,01-event,01,sbs-drama-schedule-2024,2024 드라마 방영일정 SBS,2024 SBS 드라마 방영일정과 라인업,info,issue,2024년 SBS 드라마 방영일정과 라인업 정보,meta-llama/llama-4-scout-17b-16e-instruct,2026-06-01T12:37:04.035570+00:00,drop,46,intent_angle_cap:info+issue
01-event-variety-show-end-date-2024,01-event,01,variety-show-end-date-2024,2024 예능 프로그램 종영,2024 예능 프로그램 종영 일정과 리뷰,info,issue,2024년 예능 프로그램 종영 일정과 리뷰,meta-llama/llama-4-scout-17b-16e-instruct,2026-06-01T12:37:04.035570+00:00,drop,46,intent_angle_cap:info+issue
01-event-variety-show-exit-2024,01-event,01,variety-show-exit-2024,2024 예능 프로그램 하차,2024 예능 프로그램 하차 일정,info,issue,2024년 예능 프로그램 하차 일정과 이유,meta-llama/llama-4-scout-17b-16e-instruct,2026-06-01T12:37:04.035570+00:00,drop,46,intent_angle_cap:info+issue
01-event-variety-shows-2024,01-event,01,variety-shows-2024,2024 예능 프로그램 라인업,2024 예능 프로그램 라인업과 방영일정,info,issue,2024년 예능 프로그램 라인업과 방영일정 정보,meta-llama/llama-4-scout-17b-16e-instruct,2026-06-01T12:37:04.035570+00:00,drop,46,intent_angle_cap:info+issue
01-event-variety-show-ratings-2024,01-event,01,variety-show-ratings-2024,2024 예능 프로그램 시청률,2024 예능 프로그램 시청률 순위,info,issue,2024년 예능 프로그램 시청률 순위와 분석,meta-llama/llama-4-scout-17b-16e-instruct,2026-06-01T12:37:04.035570+00:00,drop,34,intent_angle_cap:info+issue
01-event-2024-celeb-comeback,01-event,01,2024-celeb-comeback,연예계 복귀 2024,2024 연예계 복귀 예정 스타,info,issue,2024년 연예계에 복귀 예정인 스타들,meta-llama/llama-4-scout-17b-16e-instruct,2026-06-01T12:37:04.035570+00:00,drop,34,intent_angle_cap:info+issue
01-event-2024-kbs-drama,01-event,01,2024-kbs-drama,2024 드라마 라인업 KBS,2024 KBS 드라마 라인업,info,issue,2024년 KBS 방송 예정 드라마 라인업,meta-llama/llama-4-scout-17b-16e-instruct,2026-06-01T12:37:04.035570+00:00,drop,34,intent_angle_cap:info+issue
01-event-2024-new-variety-show,01-event,01,2024-new-variety-show,예능 프로그램 신규 2024,2024년 신규 예능 프로그램,info,issue,2024년 신규로 방송되는 예능 프로그램,meta-llama/llama-4-scout-17b-16e-instruct,2026-06-01T12:37:04.035570+00:00,drop,34,intent_angle_cap:info+issue
01-event-2024-variety-show-lineup,01-event,01,2024-variety-show-lineup,예능 프로그램 2024 라인업,2024년 방송 예정 예능 프로그램,info,issue,2024년 방송 예정인 예능 프로그램 라인업,meta-llama/llama-4-scout-17b-16e-instruct,2026-06-01T12:37:04.035570+00:00,drop,34,intent_angle_cap:info+issue
01-event-celebrity-come-back-2024,01-event,01,celebrity-come-back-2024,2024 연예계 복귀 소식,2024 연예계 복귀 소식과 근황,info,issue,2024년 연예계 복귀 소식과 근황 정보,meta-llama/llama-4-scout-17b-16e-instruct,2026-06-01T12:37:04.035570+00:00,drop,34,intent_angle_cap:info+issue
01-event-kpop-boy-groups-2024,01-event,01,kpop-boy-groups-2024,K-POP 보이그룹 데뷔 2024,2024 K-POP 보이그룹 데뷔 리스트와 프로필,info,issue,2024년 데뷔하는 K-POP 보이그룹 리스트와 프로필,meta-llama/llama-4-scout-17b-16e-instruct,2026-06-01T12:37:04.035570+00:00,drop,34,intent_angle_cap:info+issue
01-event-kpop-group-comeback-2024-summer,01-event,01,kpop-group-comeback-2024-summer,K-POP 그룹 컴백 2024 여름,2024 여름 K-POP 그룹 컴백 리스트,info,issue,2024년 여름 K-POP 그룹 컴백 일정과 라인업,meta-llama/llama-4-scout-17b-16e-instruct,2026-06-01T12:37:04.035570+00:00,drop,34,intent_angle_cap:info+issue
01-event-kpop-group-debut-2024,01-event,01,kpop-group-debut-2024,K-POP 그룹 데뷔 2024,2024년 데뷔 K-POP 그룹 리스트,info,issue,2024년 데뷔 예정인 K-POP 그룹 리스트와 프로필,meta-llama/llama-4-scout-17b-16e-instruct,2026-06-01T12:37:04.035570+00:00,drop,34,intent_angle_cap:info+issue
01-event-new-variety-show-2024,01-event,01,new-variety-show-2024,2024 예능 프로그램 신규,2024 예능 프로그램 신규 라인업,info,issue,2024년 예능 프로그램 신규 라인업과 방영일정,meta-llama/llama-4-scout-17b-16e-instruct,2026-06-01T12:37:04.035570+00:00,drop,34,intent_angle_cap:info+issue
01-event-2023-celeb-award,01-event,01,2023-celeb-award,연예인 수상 2023,2023 연예계 수상식 결과,info,issue,2023년 연예계 수상식 결과,meta-llama/llama-4-scout-17b-16e-instruct,2026-06-01T12:37:04.035570+00:00,drop,19,intent_angle_cap:info+issue
01-event-2023-drama-ost,01-event,01,2023-drama-ost,드라마 OST 2023,2023 드라마 OST 모음,info,issue,2023년 드라마 OST 모음,meta-llama/llama-4-scout-17b-16e-instruct,2026-06-01T12:37:04.035570+00:00,drop,19,intent_angle_cap:info+issue
01-event-2023-drama-ratings,01-event,01,2023-drama-ratings,드라마 시청률 순위 2023,2023 드라마 시청률 순위 Top 10,info,issue,2023년 드라마 시청률 순위 Top 10,meta-llama/llama-4-scout-17b-16e-instruct,2026-06-01T12:37:04.035570+00:00,drop,19,intent_angle_cap:info+issue
01-fandom-twicetagram-fandom-community,01-fandom,01,twicetagram-fandom-community,트와이스 팬덤 커뮤니티 활동,트와이스 팬덤 커뮤니티 활동 가이드,howto,howto,트와이스 팬덤 커뮤니티 활동 가이드,meta-llama/llama-4-scout-17b-16e-instruct,2026-06-01T12:37:04.035570+00:00,drop,68,intent_angle_cap:howto+howto
01-music-kpop-trend-2023,01-music,01,kpop-trend-2023,2023 K-POP 트렌드,2023 K-POP 트렌드와 전망,info,issue,2023년 K-POP 트렌드와 전망 정보,meta-llama/llama-4-scout-17b-16e-instruct,2026-06-01T12:31:11.146046+00:00,drop,19,intent_angle_cap:info+issue
01-music-music-awards-2023,01-music,01,music-awards-2023,2023 음악 어워즈,2023 음악 어워즈 수상자 리스트,info,issue,2023년 음악 어워즈 수상자 정보,meta-llama/llama-4-scout-17b-16e-instruct,2026-06-01T12:31:11.146046+00:00,drop,19,intent_angle_cap:info+issue
01-music-music-industry-trend-2023,01-music,01,music-industry-trend-2023,2023 음악 산업 트렌드,2023 음악 산업 트렌드와 전망,info,issue,2023년 음악 산업 트렌드와 전망 분석,meta-llama/llama-4-scout-17b-16e-instruct,2026-06-01T12:31:11.146046+00:00,drop,19,intent_angle_cap:info+issue
01-photo-essay-exo-photoshoot-2024,01-photo-essay,01,exo-photoshoot-2024,엑소 화보 사진집 2024,엑소 2024년 화보 사진집 총정리,info,review,엑소의 2024년 화보 사진집을 한눈에 확인하세요.,meta-llama/llama-4-scout-17b-16e-instruct,2026-06-01T12:37:04.035570+00:00,drop,42,intent_angle_cap:info+review
01-photo-essay-gidle-2024-photos,01-photo-essay,01,gidle-2024-photos,(G)I-DLE 2024 화보,(G)I-DLE 2024 화보 사진,info,review,(G)I-DLE 2024년 화보 사진입니다.,meta-llama/llama-4-scout-17b-16e-instruct,2026-06-01T12:37:04.035570+00:00,drop,42,intent_angle_cap:info+review
01-photo-essay-gidle-photoshoot-2024,01-photo-essay,01,gidle-photoshoot-2024,(G)I-DLE 화보 사진집 2024,(G)I-DLE 2024년 화보 사진집 모음집,info,review,(G)I-DLE의 2024년 화보 사진집을 최신 업데이트로 확인하세요.,meta-llama/llama-4-scout-17b-16e-instruct,2026-06-01T12:37:04.035570+00:00,drop,42,intent_angle_cap:info+review
01-photo-essay-itzy-2024-photos,01-photo-essay,01,itzy-2024-photos,ITZY 2024 화보 사진,ITZY 2024 화보 사진 모음,info,review,ITZY 2024년 화보 사진들을 확인하세요.,meta-llama/llama-4-scout-17b-16e-instruct,2026-06-01T12:37:04.035570+00:00,drop,42,intent_angle_cap:info+review
01-photo-essay-itzy-photoshoot-2024,01-photo-essay,01,itzy-photoshoot-2024,ITZY 화보 사진집 2024,ITZY 2024년 화보 사진집 총집합,info,review,ITZY의 2024년 화보 사진집을 한곳에서 확인하세요.,meta-llama/llama-4-scout-17b-16e-instruct,2026-06-01T12:37:04.035570+00:00,drop,42,intent_angle_cap:info+review
01-photo-essay-kiof-2024-photobook,01-photo-essay,01,kiof-2024-photobook,키오프 2024 화보,키오프 2024 화보 사진집,info,review,키오프 2024년 화보 사진집입니다.,meta-llama/llama-4-scout-17b-16e-instruct,2026-06-01T12:37:04.035570+00:00,drop,42,intent_angle_cap:info+review
01-photo-essay-nct-2024-photos,01-photo-essay,01,nct-2024-photos,NCT 2024 화보 사진,NCT 2024 화보 사진 모음집,info,review,NCT 2024년 화보 사진들을 확인하세요.,meta-llama/llama-4-scout-17b-16e-instruct,2026-06-01T12:37:04.035570+00:00,drop,42,intent_angle_cap:info+review
01-photo-essay-nct-photoshoot-2024,01-photo-essay,01,nct-photoshoot-2024,NCT 화보 사진집 2024,NCT 2024년 화보 사진집 총집합,info,review,NCT의 2024년 화보 사진집을 한곳에서 확인하세요.,meta-llama/llama-4-scout-17b-16e-instruct,2026-06-01T12:37:04.035570+00:00,drop,42,intent_angle_cap:info+review
01-photo-essay-newjeans-2024-kpop,01-photo-essay,01,newjeans-2024-kpop,뉴진스 2024 화보 사진,뉴진스 2024 화보 사진 및 K-POP 트렌드,info,review,뉴진스 2024년 화보 사진 및 K-POP 트렌드 소개,meta-llama/llama-4-scout-17b-16e-instruct,2026-06-01T12:37:04.035570+00:00,drop,42,intent_angle_cap:info+review
01-photo-essay-nmixx-2024-music,01-photo-essay,01,nmixx-2024-music,엔믹스 2024 화보 사진,엔믹스 2024 화보 사진 및 음악 스타일,info,review,엔믹스 2024년 화보 사진 및 음악 스타일 소개,meta-llama/llama-4-scout-17b-16e-instruct,2026-06-01T12:37:04.035570+00:00,drop,42,intent_angle_cap:info+review
01-photo-essay-riize-2024-photos,01-photo-essay,01,riize-2024-photos,라이즈 2024 화보,라이즈 2024 화보 사진,info,review,라이즈 2024년 화보 사진입니다.,meta-llama/llama-4-scout-17b-16e-instruct,2026-06-01T12:37:04.035570+00:00,drop,42,intent_angle_cap:info+review
01-photo-essay-riize-photoshoot-2024,01-photo-essay,01,riize-photoshoot-2024,라이즈 화보 사진집 2024,라이즈 2024년 화보 사진집 모음,info,review,라이즈의 2024년 화보 사진집을 최신 업데이트로 확인하세요.,meta-llama/llama-4-scout-17b-16e-instruct,2026-06-01T12:37:04.035570+00:00,drop,42,intent_angle_cap:info+review
01-photo-essay-seventeen-2024-photos,01-photo-essay,01,seventeen-2024-photos,세븐틴 2024 화보 사진,세븐틴 2024 화보 사진들 모음,info,review,세븐틴 2024년 화보 사진들을 확인하세요.,meta-llama/llama-4-scout-17b-16e-instruct,2026-06-01T12:37:04.035570+00:00,drop,42,intent_angle_cap:info+review
01-photo-essay-seventeen-photoshoot-2024,01-photo-essay,01,seventeen-photoshoot-2024,세븐틴 화보 사진집 2024,세븐틴 2024년 화보 사진집 총정리,info,review,세븐틴의 2024년 화보 사진집을 한눈에 확인하세요.,meta-llama/llama-4-scout-17b-16e-instruct,2026-06-01T12:37:04.035570+00:00,drop,42,intent_angle_cap:info+review
01-photo-essay-shinee-2024-photobook,01-photo-essay,01,shinee-2024-photobook,샤이니 2024 화보,샤이니 2024 화보 사진집,info,review,샤이니 2024년 화보 사진집입니다.,meta-llama/llama-4-scout-17b-16e-instruct,2026-06-01T12:37:04.035570+00:00,drop,42,intent_angle_cap:info+review
01-photo-essay-twice-2024-trend,01-photo-essay,01,twice-2024-trend,트와이스 2024 화보,트와이스 2024 화보 사진집 및 패션 트렌드,info,review,트와이스 2024년 화보 사진집 및 패션 트렌드 소개,meta-llama/llama-4-scout-17b-16e-instruct,2026-06-01T12:37:04.035570+00:00,drop,42,intent_angle_cap:info+review
01-photo-essay-variety-artist-photo-books,01-photo-essay,01,variety-artist-photo-books,예능인 화보 사진집 2024,예능인 화보 사진집 2024년 최신 추천,info,review,2024년 출시된 예능인들의 화보 사진집을 소개합니다.,mistralai/mistral-nemotron,2026-06-02T02:14:18.684529+00:00,drop,42,intent_angle_cap:info+review
01-photo-essay-2024-celebrity-photo-cards,01-photo-essay,01,2024-celebrity-photo-cards,2024 연예인 화보카드 추천,2024년 연예인 화보카드 추천 작품,info,review,2024년 출시된 연예인 화보카드를 추천합니다.,mistralai/mistral-nemotron,2026-06-02T02:14:18.684529+00:00,drop,38,intent_angle_cap:info+review
01-photo-essay-kpop-idol-photo-books,01-photo-essay,01,kpop-idol-photo-books,K-POP 아이돌 화보 2024 추천,K-POP 아이돌 화보 2024년 추천 작품,info,review,2024년 K-POP 아이돌의 화보 사진집을 소개합니다.,mistralai/mistral-nemotron,2026-06-02T02:14:18.684529+00:00,drop,38,intent_angle_cap:info+review
01-stargram-stargram-instagram-business-account,01-stargram,01,stargram-instagram-business-account,스타그램 인스타그램 비즈니스 계정 활용,스타그램 인스타그램 비즈니스 계정 활용 방법,howto,howto,스타그램에서 인스타그램 비즈니스 계정을 활용하는 방법,mistralai/mistral-nemotron,2026-06-02T02:14:18.684529+00:00,drop,80,intent_angle_cap:howto+howto
01-stargram-stargram-instagram-content-idea,01-stargram,01,stargram-instagram-content-idea,스타그램 인스타그램 콘텐츠 아이디어,스타그램 인스타그램 콘텐츠 아이디어 모으는 방법,howto,howto,스타그램에서 인스타그램 콘텐츠 아이디어를 모으는 방법,mistralai/mistral-nemotron,2026-06-02T02:14:18.684529+00:00,drop,80,intent_angle_cap:howto+howto
01-stargram-stargram-instagram-content-plan,01-stargram,01,stargram-instagram-content-plan,스타그램 인스타그램 콘텐츠 계획,스타그램 인스타그램 콘텐츠 계획하는 방법,howto,howto,스타그램에서 인스타그램 콘텐츠 계획을 세우는 방법,mistralai/mistral-nemotron,2026-06-02T02:14:18.684529+00:00,drop,80,intent_angle_cap:howto+howto
01-stargram-stargram-instagram-feed-design,01-stargram,01,stargram-instagram-feed-design,스타그램 인스타그램 피드 디자인,스타그램 인스타그램 피드 디자인 방법과 팁,howto,howto,스타그램에서 인스타그램 피드 디자인하는 방법과 팁,mistralai/mistral-nemotron,2026-06-02T02:14:18.684529+00:00,drop,80,intent_angle_cap:howto+howto
01-stargram-stargram-instagram-follower,01-stargram,01,stargram-instagram-follower,스타그램 인스타그램 팔로워 증가법,스타그램에서 인스타그램 팔로워 증가하는 방법,howto,howto,스타그램에서 인스타그램 팔로워를 증가하는 방법,mistralai/mistral-nemotron,2026-06-02T02:14:18.684529+00:00,drop,80,intent_angle_cap:howto+howto
01-stargram-stargram-instagram-follower-management,01-stargram,01,stargram-instagram-follower-management,스타그램 인스타그램 팔로워 관리법,스타그램 인스타그램 팔로워 관리하는 방법,howto,howto,스타그램에서 인스타그램 팔로워를 관리하는 방법,mistralai/mistral-nemotron,2026-06-02T02:14:18.684529+00:00,drop,80,intent_angle_cap:howto+howto
01-stargram-stargram-instagram-hashtag,01-stargram,01,stargram-instagram-hashtag,스타그램 인스타그램 해시태그 활용,스타그램에서 인스타그램 해시태그 활용하는 방법,howto,howto,스타그램에서 인스타그램 해시태그를 활용하는 방법,mistralai/mistral-nemotron,2026-06-02T02:14:18.684529+00:00,drop,80,intent_angle_cap:howto+howto
01-stargram-stargram-instagram-live-event,01-stargram,01,stargram-instagram-live-event,스타그램 인스타그램 라이브 이벤트,스타그램 인스타그램 라이브 이벤트 준비 방법,howto,howto,스타그램에서 인스타그램 라이브 이벤트를 준비하는 방법,mistralai/mistral-nemotron,2026-06-02T02:14:18.684529+00:00,drop,80,intent_angle_cap:howto+howto
01-stargram-stargram-instagram-profile,01-stargram,01,stargram-instagram-profile,스타그램 인스타그램 프로필 최적화,스타그램 인스타그램 프로필 최적화하는 방법,howto,howto,스타그램에서 인스타그램 프로필을 최적화하는 방법,mistralai/mistral-nemotron,2026-06-02T02:14:18.684529+00:00,drop,80,intent_angle_cap:howto+howto
01-stargram-stargram-instagram-story,01-stargram,01,stargram-instagram-story,스타그램 인스타그램 스토리 활용법,스타그램 인스타그램 스토리 활용하는 방법,howto,howto,스타그램에서 인스타그램 스토리를 활용하는 방법,mistralai/mistral-nemotron,2026-06-02T02:14:18.684529+00:00,drop,80,intent_angle_cap:howto+howto
01-stargram-stargram-instagram-story-highlight,01-stargram,01,stargram-instagram-story-highlight,스타그램 인스타그램 스토리 하이라이트,스타그램 인스타그램 스토리 하이라이트 만드는 방법,howto,howto,스타그램에서 인스타그램 스토리 하이라이트를 만드는 방법,mistralai/mistral-nemotron,2026-06-02T02:14:18.684529+00:00,drop,80,intent_angle_cap:howto+howto
01-stargram-stargram-instagram-story-hint,01-stargram,01,stargram-instagram-story-hint,스타그램 인스타그램 스토리 힌트,스타그램 인스타그램 스토리 힌트 활용 방법,howto,howto,스타그램에서 인스타그램 스토리 힌트를 활용하는 방법,mistralai/mistral-nemotron,2026-06-02T02:14:18.684529+00:00,drop,80,intent_angle_cap:howto+howto
01-stargram-stargram-minimal-feed-design,01-stargram,01,stargram-minimal-feed-design,스타그램 피드 미니멀 디자인,스타그램 피드 미니멀 디자인 하는 방법,howto,howto,스타그램 피드를 미니멀하게 꾸미는 방법 안내,mistralai/mistral-nemotron,2026-06-02T02:14:18.684529+00:00,drop,80,intent_angle_cap:howto+howto
01-stargram-stargram-traffic-analysis,01-stargram,01,stargram-traffic-analysis,스타그램 유입 분석,스타그램 유입을 분석하는 방법과 도구,howto,howto,스타그램 유입을 분석하고 개선하는 방법,mistralai/mistral-nemotron,2026-06-02T02:14:18.684529+00:00,drop,80,intent_angle_cap:howto+howto
01-stargram-stargram-feed-theme,01-stargram,01,stargram-feed-theme,스타그램 피드 테마 추천,스타그램 피드 테마 추천과 활용 방법,howto,howto,스타그램 피드 테마를 선택하고 활용하는 방법,mistralai/mistral-nemotron,2026-06-02T02:14:18.684529+00:00,drop,76,intent_angle_cap:howto+howto
01-stargram-stargram-instagram-collaboration,01-stargram,01,stargram-instagram-collaboration,스타그램 인스타그램 협업 방법,스타그램 인스타그램 협업하는 방법과 팁,howto,howto,스타그램에서 인스타그램 협업을 하는 방법과 팁,mistralai/mistral-nemotron,2026-06-02T02:14:18.684529+00:00,drop,76,intent_angle_cap:howto+howto
01-stargram-stargram-instagram-filter,01-stargram,01,stargram-instagram-filter,스타그램 인스타그램 필터 추천,스타그램에서 인스타그램 필터 추천하는 방법,howto,howto,스타그램에서 인스타그램 필터를 선택하는 방법,mistralai/mistral-nemotron,2026-06-02T02:14:18.684529+00:00,drop,76,intent_angle_cap:howto+howto
01-stargram-stargram-instagram-live,01-stargram,01,stargram-instagram-live,스타그램 인스타그램 라이브 팁,스타그램 인스타그램 라이브하는 방법과 팁,howto,howto,스타그램에서 인스타그램 라이브를 하는 방법과 팁,mistralai/mistral-nemotron,2026-06-02T02:14:18.684529+00:00,drop,76,intent_angle_cap:howto+howto
01-stargram-find-recommend-stargram-account,01-stargram,01,find-recommend-stargram-account,스타그램 추천 계정 찾기,스타그램 추천 계정 찾는 법과 인기 계정 모음,howto,howto,스타그램에서 추천 계정을 찾는 방법과 인기 계정 모음,mistralai/mistral-nemotron,2026-06-02T02:14:18.684529+00:00,drop,68,intent_angle_cap:howto+howto
01-stargram-stargram-filter-guide,01-stargram,01,stargram-filter-guide,스타그램 필터 사용법,스타그램에서 필터 사용법과 추천 필터,howto,howto,스타그램 필터 사용법과 인기 있는 필터 추천,mistralai/mistral-nemotron,2026-06-02T02:14:18.684529+00:00,drop,68,intent_angle_cap:howto+howto
01-variety-show-sbs-variety-shows-lineup,01-variety-show,01,sbs-variety-shows-lineup,SBS 예능 프로그램 라인업,SBS 예능 프로그램 라인업 2023,info,issue,SBS 예능 프로그램 라인업과 기대작,meta-llama/llama-4-scout-17b-16e-instruct,2026-06-01T12:31:11.146046+00:00,drop,19,intent_angle_cap:info+issue
02-asset-management-retirement-asset-management,02-asset-management,02,retirement-asset-management,퇴직금 자산관리 팁,퇴직금 효과적인 자산 관리 팁과 전략,howto,tip,퇴직금으로 자산을 관리하는 효과적인 방법,mistralai/mistral-nemotron,2026-06-02T02:14:18.684529+00:00,drop,79,intent_angle_cap:howto+tip
02-asset-management-stable-inflation-asset-management,02-asset-management,02,stable-inflation-asset-management,물가 안정화,물가 안정화 시 자산 관리 팁,howto,tip,물가 안정화 시 자산 관리 팁,mistralai/mistral-nemotron,2026-06-02T02:14:18.684529+00:00,drop,78,intent_angle_cap:howto+tip
02-asset-management-loan-interest-saving,02-asset-management,02,loan-interest-saving,대출 이자 절약하는 방법,대출 이자를 줄이는 방법과 전략,howto,tip,대출 이자 절약과 비용 절감 방법과 전략,mistralai/mistral-nemotron,2026-06-02T02:14:18.684529+00:00,drop,74,intent_angle_cap:howto+tip
02-asset-management-real-estate-investment-inflation,02-asset-management,02,real-estate-investment-inflation,물가 상승 부동산,물가 상승 시 부동산 투자 전략,howto,tip,물가 상승 시 부동산 투자 전략,mistralai/mistral-nemotron,2026-06-02T02:14:18.684529+00:00,drop,66,intent_angle_cap:howto+tip
02-asset-management-stock-investment-inflation,02-asset-management,02,stock-investment-inflation,물가 상승 주식,물가 상승 시 주식 투자 전략,howto,tip,물가 상승 시 주식 투자 전략,mistralai/mistral-nemotron,2026-06-02T02:14:18.684529+00:00,drop,66,intent_angle_cap:howto+tip
02-asset-management-stock-investment-interest-rate-increase,02-asset-management,02,stock-investment-interest-rate-increase,금리 인상 주식,금리 인상 시 주식 투자 전략,howto,tip,금리 인상 시 주식 투자 전략,mistralai/mistral-nemotron,2026-06-02T02:14:18.684529+00:00,drop,66,intent_angle_cap:howto+tip
02-asset-management-stock-investment-with-interest-rate-hike,02-asset-management,02,stock-investment-with-interest-rate-hike,금리 인상 대비 주식 전략,금리 인상 대비 주식 투자 전략,howto,tip,금리 인상 시 주식 투자 대응 방법과 전략,mistralai/mistral-nemotron,2026-06-02T02:14:18.684529+00:00,drop,66,intent_angle_cap:howto+tip
02-asset-management-stock-analysis-tool,02-asset-management,02,stock-analysis-tool,주식 분석 도구 추천,주식 분석 도구 추천과 사용법,howto,tip,주식 분석 도구 추천과 사용법 설명,mistralai/mistral-nemotron,2026-06-02T02:14:18.684529+00:00,drop,61,intent_angle_cap:howto+tip
02-asset-management-recommended-stock-selection,02-asset-management,02,recommended-stock-selection,주식 종목 추천,주식 종목 추천과 투자 전략,howto,tip,주식 종목을 추천하고 투자 전략 제시,mistralai/mistral-nemotron,2026-06-02T02:14:18.684529+00:00,drop,56,intent_angle_cap:howto+tip
02-economic-knowledge-stock-market-western-economy-analysis,02-economic-knowledge,02,stock-market-western-economy-analysis,주식 시장 서양 경제 분석,주식 시장과 서양 경제 분석 및 전망,info,issue,주식 시장과 서양 경제 분석,mistralai/mistral-nemotron,2026-06-02T02:14:18.684529+00:00,drop,57,intent_angle_cap:info+issue
02-economic-knowledge-mortgage-impact-interest-rate,02-economic-knowledge,02,mortgage-impact-interest-rate,금리 인상 주택담보대출 영향,금리 인상이 주택담보대출에 미치는 영향 분석,info,issue,금리 인상이 주택담보대출에 미치는 영향,mistralai/mistral-nemotron,2026-06-02T02:14:18.684529+00:00,drop,52,intent_angle_cap:info+issue
02-economic-knowledge-mortgage-risk-after-rate-hike,02-economic-knowledge,02,mortgage-risk-after-rate-hike,금리 인상과 주택 대출 리스크,금리 인상이 주택 대출에 미치는 리스크 분석,info,issue,금리 인상이 주택 대출에 미치는 리스크,mistralai/mistral-nemotron,2026-06-02T02:14:18.684529+00:00,drop,52,intent_angle_cap:info+issue
02-economic-knowledge-stock-investment-forecast-2024,02-economic-knowledge,02,stock-investment-forecast-2024,주식 투자 2024 전망,2024년 주식 투자 전망과 전략,info,issue,2024년 주식 투자 전망,mistralai/mistral-nemotron,2026-06-02T02:14:18.684529+00:00,drop,49,intent_angle_cap:info+issue
02-economic-knowledge-real-estate-forecast-2023-h2,02-economic-knowledge,02,real-estate-forecast-2023-h2,부동산 시장 2023 하반기 전망,2023 하반기 부동산 시장 전망과 전략,info,issue,2023 하반기 부동산 시장 전망,mistralai/mistral-nemotron,2026-06-02T02:14:18.684529+00:00,drop,22,intent_angle_cap:info+issue
02-economic-knowledge-real-estate-market-forecast-2023,02-economic-knowledge,02,real-estate-market-forecast-2023,부동산 시장 전망 2023,2023년 부동산 시장 전망과 투자 전략,info,issue,2023년 부동산 시장 전망,mistralai/mistral-nemotron,2026-06-02T02:14:18.684529+00:00,drop,17,intent_angle_cap:info+issue
02-economic-policy-youth-rental-policy-changes,02-economic-policy,02,youth-rental-policy-changes,청년 임대주택 정책 변경,2024년 청년 임대주택 정책 변경 사항,info,issue,청년 임대주택 정책 최신 변경 사항,mistralai/mistral-nemotron,2026-06-02T02:14:18.684529+00:00,drop,49,intent_angle_cap:info+issue
02-economic-policy-youth-startup-policy,02-economic-policy,02,youth-startup-policy,청년 창업 지원 정책,2024년 청년 창업 지원 정책 및 혜택,info,issue,청년 창업 지원 정책 상세 내용,mistralai/mistral-nemotron,2026-06-02T02:14:18.684529+00:00,drop,49,intent_angle_cap:info+issue
02-financial-news-2023-declining-stocks,02-financial-news,02,2023-declining-stocks,2023년 주가 하락 종목,2023년 주가 하락 종목 리스트와 반등 가능성,info,issue,2023년 주가가 하락한 주요 종목과 미래 전망,mistralai/mistral-nemotron,2026-06-02T02:14:18.684529+00:00,drop,22,intent_angle_cap:info+issue
02-financial-news-2023-pension-reform,02-financial-news,02,2023-pension-reform,2023년 연금 개편 안내,2023년 연금 개편 내용과 영향 분석,info,issue,2023년 연금 개편의 주요 내용과 영향,mistralai/mistral-nemotron,2026-06-02T02:14:18.684529+00:00,drop,22,intent_angle_cap:info+issue
02-financial-news-2023-seoul-apartment-prices,02-financial-news,02,2023-seoul-apartment-prices,2023년 서울 아파트 매매가 동향,2023년 서울 아파트 매매가 동향과 분석,info,issue,2023년 서울 아파트 매매가격의 주요 변화,mistralai/mistral-nemotron,2026-06-02T02:14:18.684529+00:00,drop,22,intent_angle_cap:info+issue
02-financial-news-housing-rent-law-2023,02-financial-news,02,housing-rent-law-2023,2023년 주택임대차 3법 개정,2023년 주택임대차 3법 개정 내용과 영향 분석,info,issue,2023년 주택임대차 3법 개정 내용과 그 영향을 분석합니다.,mistralai/mistral-nemotron,2026-06-02T02:14:18.684529+00:00,drop,22,intent_angle_cap:info+issue
02-financial-planning-retirement-pension-planning,02-financial-planning,02,retirement-pension-planning,퇴직 연금 재무 설계 방법,퇴직 연금 재무 설계 방법과 전략,howto,howto,퇴직 연금을 효과적으로 관리하기 위한 재무 설계 방법,mistralai/mistral-nemotron,2026-06-02T02:14:18.684529+00:00,drop,79,intent_angle_cap:howto+howto
02-financial-planning-salaryman-financial-planning,02-financial-planning,02,salaryman-financial-planning,월급족 재무 설계 방법,월급족을 위한 재무 설계 방법과 저축 전략,howto,howto,월급 생활자를 위한 재무 설계와 저축 팁,mistralai/mistral-nemotron,2026-06-02T02:14:18.684529+00:00,drop,79,intent_angle_cap:howto+howto
02-financial-planning-setting-financial-planning-goals,02-financial-planning,02,setting-financial-planning-goals,재무 설계 목표 설정 방법,재무 설계 목표 설정 방법,howto,howto,재무 설계 목표를 효과적으로 설정하는 방법,mistralai/mistral-nemotron,2026-06-02T02:14:18.684529+00:00,drop,79,intent_angle_cap:howto+howto
02-financial-planning-stock-investment-asset-allocation,02-financial-planning,02,stock-investment-asset-allocation,주식 투자 자산 배분 방법,주식 투자 자산 배분 방법을 알려드립니다,howto,howto,주식 투자 자산 배분 방법을 알려드립니다,mistralai/mistral-nemotron,2026-06-02T02:14:18.684529+00:00,drop,79,intent_angle_cap:howto+howto
02-financial-planning-asset-allocation-strategies,02-financial-planning,02,asset-allocation-strategies,자산 배분 재테크 전략,자산 배분 재테크 전략,howto,howto,자산을 효과적으로 배분하는 재테크 전략,mistralai/mistral-nemotron,2026-06-02T02:14:18.684529+00:00,drop,71,intent_angle_cap:howto+howto
02-financial-planning-asset-growth-financial-planning,02-financial-planning,02,asset-growth-financial-planning,자산 증식 재무 설계,자산 증식을 위한 재무 설계 전략,howto,howto,자산을 증식시키기 위한 재무 설계 방법,mistralai/mistral-nemotron,2026-06-02T02:14:18.684529+00:00,drop,71,intent_angle_cap:howto+howto
02-financial-planning-insurance-financial-planning-strategy,02-financial-planning,02,insurance-financial-planning-strategy,보험 가입 재무 설계 전략,보험 가입 재무 설계 전략 정리,howto,howto,보험 가입 재무 설계 전략 정리,mistralai/mistral-nemotron,2026-06-02T02:14:18.684529+00:00,drop,71,intent_angle_cap:howto+howto
02-financial-planning-overseas-investment-planning,02-financial-planning,02,overseas-investment-planning,해외 투자 재무 설계,해외 투자 재무 설계와 전략,howto,howto,해외 투자 재무 설계 방법을 알아보는 팁,mistralai/mistral-nemotron,2026-06-02T02:14:18.684529+00:00,drop,71,intent_angle_cap:howto+howto
02-financial-planning-real-estate-investment-planning,02-financial-planning,02,real-estate-investment-planning,부동산 투자 재무 설계,부동산 투자를 위한 재무 설계 전략,howto,howto,부동산 투자 재무 설계 방법과 팁,mistralai/mistral-nemotron,2026-06-02T02:14:18.684529+00:00,drop,71,intent_angle_cap:howto+howto
02-financial-planning-real-estate-investment-strategy,02-financial-planning,02,real-estate-investment-strategy,부동산 투자 재테크 전략,부동산 투자 재테크 전략 정리,howto,howto,부동산 투자 재테크 전략 정리,mistralai/mistral-nemotron,2026-06-02T02:14:18.684529+00:00,drop,71,intent_angle_cap:howto+howto
02-financial-planning-retirement-financial-planning,02-financial-planning,02,retirement-financial-planning,퇴직 준비 재무 설계,퇴직 준비를 위한 재무 설계와 노후 자립 전략,howto,howto,퇴직을 대비한 재무 설계와 노후 자립 팁,mistralai/mistral-nemotron,2026-06-02T02:14:18.684529+00:00,drop,71,intent_angle_cap:howto+howto
02-financial-planning-tax-saving-planning,02-financial-planning,02,tax-saving-planning,세금 절세 재무 설계,세금 절세 재무 설계와 전략,howto,howto,세금 절세를 위한 재무 설계 방법,mistralai/mistral-nemotron,2026-06-02T02:14:18.684529+00:00,drop,71,intent_angle_cap:howto+howto
02-financial-planning-asset-allocation-planning,02-financial-planning,02,asset-allocation-planning,자산 배분 재무 설계,자산 배분 재무 설계와 투자 전략,howto,howto,자산 배분 재무 설계 방법과 투자 전략,mistralai/mistral-nemotron,2026-06-02T02:14:18.684529+00:00,drop,66,intent_angle_cap:howto+howto
02-global-economy-us-interest-rate-hike-impact-korea,02-global-economy,02,us-interest-rate-hike-impact-korea,미국 금리 인상 영향 한국 시장,미국 금리 인상 한국 시장 여러 분야 영향 분석,info,issue,미국 금리 인상 시 한국 주식·부동산·원자유 등 다양한 시장 영향,mistralai/mistral-nemotron,2026-06-02T02:14:18.684529+00:00,drop,57,intent_angle_cap:info+issue
02-global-economy-us-it-hiring-trends,02-global-economy,02,us-it-hiring-trends,미국 IT 기업 채용 동향,미국 IT 기업 채용 동향과 한국 청년 취업 영향 분석,info,issue,미국 IT 기업 채용 동향과 한국 청년 취업 전망,mistralai/mistral-nemotron,2026-06-02T02:14:18.684529+00:00,drop,57,intent_angle_cap:info+issue
02-global-economy-us-monetary-tightening-analysis,02-global-economy,02,us-monetary-tightening-analysis,미국 통화 긴축 정책 분석,미국 통화 긴축 정책의 원인 및 글로벌 시장 영향,info,issue,미국 통화 긴축 정책의 배경과 글로벌 경제 영향,mistralai/mistral-nemotron,2026-06-02T02:14:18.684529+00:00,drop,57,intent_angle_cap:info+issue
02-global-economy-us-stock-market-short-term,02-global-economy,02,us-stock-market-short-term,미국 주식 시장 단기 전망,미국 주식 시장 단기 전망: 투자자들을 위한 분석,info,issue,미국 주식 시장 단기 전망과 투자 전략,mistralai/mistral-nemotron,2026-06-02T02:14:18.684529+00:00,drop,57,intent_angle_cap:info+issue
02-global-economy-china-gdp-forecast-2025,02-global-economy,02,china-gdp-forecast-2025,중국 경제 성장률 예측 2025,2025년 중국 경제 성장률 예측과 전망,info,issue,2025년 중국 경제 성장률 전망과 주요 영향 요인 분석,mistralai/mistral-nemotron,2026-06-02T02:14:18.684529+00:00,drop,49,intent_angle_cap:info+issue
02-global-economy-china-real-estate-outlook,02-global-economy,02,china-real-estate-outlook,중국 부동산 시장 전망,2024년 중국 부동산 시장 전망 및 한국 투자 영향,info,issue,중국 부동산 시장 현황과 한국 투자자 고려사항,mistralai/mistral-nemotron,2026-06-02T02:14:18.684529+00:00,drop,49,intent_angle_cap:info+issue
02-global-economy-europe-auto-market-2024,02-global-economy,02,europe-auto-market-2024,유럽 자동차 시장 전망 2024,2024년 유럽 자동차 시장 전망과 주요 동향,info,issue,2024년 유럽 자동차 시장 전망과 전기차·수소차 확장 영향 분석,mistralai/mistral-nemotron,2026-06-02T02:14:18.684529+00:00,drop,49,intent_angle_cap:info+issue
02-global-economy-europe-energy-prices-2024,02-global-economy,02,europe-energy-prices-2024,유럽 에너지 가격 전망 2024,2024년 유럽 에너지 가격 전망과 정책 영향,info,issue,2024년 유럽 에너지 가격 전망과 재생에너지 정책 효과 분석,mistralai/mistral-nemotron,2026-06-02T02:14:18.684529+00:00,drop,49,intent_angle_cap:info+issue
02-global-economy-europe-financial-crisis-update,02-global-economy,02,europe-financial-crisis-update,유럽 재정위기 최신 동향,2024년 유럽 재정위기 현황 및 한국 경제 영향,info,issue,유럽 재정위기 현황과 한국 수출·관광 등 영향,mistralai/mistral-nemotron,2026-06-02T02:14:18.684529+00:00,drop,49,intent_angle_cap:info+issue
02-global-economy-global-commodity-price-outlook,02-global-economy,02,global-commodity-price-outlook,세계 원자재 가격 전망,2024년 세계 원자재 가격 전망 및 한국 생산업체 영향,info,issue,세계 원자재 가격 변동과 한국 기업 영향 분석,mistralai/mistral-nemotron,2026-06-02T02:14:18.684529+00:00,drop,49,intent_angle_cap:info+issue
02-global-economy-us-inflation-forecast-2024,02-global-economy,02,us-inflation-forecast-2024,미국 인플레이션 전망 2024,2024년 미국 인플레이션 전망과 Fed 대응 예측,info,issue,2024년 미국 인플레이션 전망과 Fed 금리 정책 변화 예측,mistralai/mistral-nemotron,2026-06-02T02:14:18.684529+00:00,drop,49,intent_angle_cap:info+issue
02-global-economy-us-rent-outlook-2024,02-global-economy,02,us-rent-outlook-2024,미국 주택임대료 전망,2024년 미국 주택임대료 전망 및 한국 투자자 전략,info,issue,미국 주택임대료 전망과 한국 투자자 고려사항,mistralai/mistral-nemotron,2026-06-02T02:14:18.684529+00:00,drop,49,intent_angle_cap:info+issue
02-global-economy-us-stock-market-2024-forecast,02-global-economy,02,us-stock-market-2024-forecast,미국 주식 시장 2024 전망,2024년 미국 주식 시장 전망과 투자 전략,info,issue,2024년 미국 주식 시장의 주요 이슈와 투자자 대응 방안,mistralai/mistral-nemotron,2026-06-02T02:14:18.684529+00:00,drop,44,intent_angle_cap:info+issue
02-inflation-overseas-travel-tips,02-inflation,02,overseas-travel-tips,물가 상승 해외 여행 팁,물가 상승 시 저렴한 해외 여행 팁 및 추천지,howto,tip,물가 상승에도 불구하고 저렴하게 해외 여행하는 방법을 확인하세요.,mistralai/mistral-nemotron,2026-06-02T02:14:18.684529+00:00,drop,73,intent_angle_cap:howto+tip
02-inflation-clothing-discount-strategy,02-inflation,02,clothing-discount-strategy,물가 상승 시 의류 할인 전략,물가 상승 시 의류를 저렴하게 구매하는 할인 전략,howto,tip,물가 상승기에도 의류를 저렴하게 구매하는 방법을 알아보세요.,mistralai/mistral-nemotron,2026-06-02T02:14:18.684529+00:00,drop,71,intent_angle_cap:howto+tip
02-inflation-price-increase-deal,02-inflation,02,price-increase-deal,가격 인상 물가 상승 대처법,물가 상승 시 필요한 가격 인상 대처법 총정리,howto,tip,물가 상승기에 효과적인 가격 인상 대응 전략을 알아보세요.,mistralai/mistral-nemotron,2026-06-02T02:14:18.684529+00:00,drop,71,intent_angle_cap:howto+tip
02-inflation-rent-increase-deal,02-inflation,02,rent-increase-deal,물가 상승 주택임대료 인상,물가 상승으로 인한 주택임대료 인상 대응법,howto,tip,주택임대료가 오를 때 세입자가 취할 수 있는 조치와 대안을 알아보세요.,mistralai/mistral-nemotron,2026-06-02T02:14:18.684529+00:00,drop,71,intent_angle_cap:howto+tip
02-inflation-supermarket-discount-physical-price-increase,02-inflation,02,supermarket-discount-physical-price-increase,물가 상승 시 대형마트 할인 이벤트,물가 상승 시 대형마트 할인 이벤트 활용법,howto,tip,물가가 오를 때 대형마트 할인 행사를 이용하는 방법,mistralai/mistral-nemotron,2026-06-02T02:14:18.684529+00:00,drop,71,intent_angle_cap:howto+tip
02-tax-info-tax-refund-application-guide,02-tax-info,02,tax-refund-application-guide,세금 환급 신청 방법,2024 세금 환급 신청 방법 단계별 안내,howto,howto,2024년 세금 환급 신청 방법과 필요한 서류 안내,mistralai/mistral-nemotron,2026-06-02T02:14:18.684529+00:00,drop,71,intent_angle_cap:howto+howto
02-tax-info-individual-business-income-tax,02-tax-info,02,individual-business-income-tax,개인사업자 사업소득세,2024 개인사업자 사업소득세 계산 방법,howto,howto,개인사업자 사업소득세 계산과 신고 방법 안내,mistralai/mistral-nemotron,2026-06-02T02:14:18.684529+00:00,drop,70,intent_angle_cap:howto+howto
03-diet-meal-plan-high-protein-low-carb-diet,03-diet-meal-plan,03,high-protein-low-carb-diet,초고단백 저탄수 다이어트 식단,초고단백 저탄수로 빠르게 체중 감량하는 식단,howto,howto,초고단백 저탄수 다이어트 식단과 효과적인 방법,mistralai/mistral-nemotron,2026-06-02T02:14:18.684529+00:00,drop,71,intent_angle_cap:howto+howto
03-diet-meal-plan-hypertension-diet-plan,03-diet-meal-plan,03,hypertension-diet-plan,고혈압 다이어트 식단,고혈압 환자를 위한 건강한 다이어트 식단,howto,howto,고혈압 환자를 위한 건강한 다이어트 식단과 팁,mistralai/mistral-nemotron,2026-06-02T02:14:18.684529+00:00,drop,71,intent_angle_cap:howto+howto
03-diet-meal-plan-korean-diet-meal-plan,03-diet-meal-plan,03,korean-diet-meal-plan,한식 다이어트 식단,한국식 다이어트 식단과 전통 음식 활용법,howto,howto,한국 음식으로만 구성된 다이어트 식단,mistralai/mistral-nemotron,2026-06-02T02:14:18.684529+00:00,drop,71,intent_angle_cap:howto+howto
03-diet-meal-plan-low-calorie-diet-meal-plan,03-diet-meal-plan,03,low-calorie-diet-meal-plan,저칼로리 다이어트 식단,저칼로리 다이어트 식단과 건강한 식습관,howto,howto,칼로리 제한을 통한 다이어트 식단,mistralai/mistral-nemotron,2026-06-02T02:14:18.684529+00:00,drop,71,intent_angle_cap:howto+howto
03-diet-meal-plan-low-carb-substitute-diet,03-diet-meal-plan,03,low-carb-substitute-diet,저탄수 식품 대용 다이어트 식단,저탄수 식품으로 대체하는 다이어트 식단,howto,howto,저탄수 식품으로 대체하여 다이어트를 하는 방법,mistralai/mistral-nemotron,2026-06-02T02:14:18.684529+00:00,drop,71,intent_angle_cap:howto+howto
03-diet-meal-plan-lunch-diet-meal-plan,03-diet-meal-plan,03,lunch-diet-meal-plan,점심 다이어트 식단,점심 식사로 건강한 다이어트 식단,howto,howto,점심 식사로 체중 감량하기,mistralai/mistral-nemotron,2026-06-02T02:14:18.684529+00:00,drop,71,intent_angle_cap:howto+howto
03-diet-meal-plan-meal-replacement-diet,03-diet-meal-plan,03,meal-replacement-diet,식사 대체 다이어트 식단,간편하게 식사를 대체하는 다이어트 식단,howto,howto,간편하게 식사를 대체하는 다이어트 식단과 팁,mistralai/mistral-nemotron,2026-06-02T02:14:18.684529+00:00,drop,71,intent_angle_cap:howto+howto
03-diet-meal-plan-meal-replacement-diet-meal-plan,03-diet-meal-plan,03,meal-replacement-diet-meal-plan,식사 대용 다이어트 식단,식사 대용 제품으로 만드는 다이어트 식단,howto,howto,식사 대용 제품 활용 다이어트 식단,mistralai/mistral-nemotron,2026-06-02T02:14:18.684529+00:00,drop,71,intent_angle_cap:howto+howto
03-diet-meal-plan-muscle-gain-diet,03-diet-meal-plan,03,muscle-gain-diet,근육 증강 다이어트 식단,근육을 키우면서 살을 빼는 다이어트 식단,howto,howto,근육을 키우면서 살을 빼는 다이어트 식단과 팁,mistralai/mistral-nemotron,2026-06-02T02:14:18.684529+00:00,drop,71,intent_angle_cap:howto+howto
03-diet-meal-plan-post-pregnancy-diet-meal-plan,03-diet-meal-plan,03,post-pregnancy-diet-meal-plan,임신 후 다이어트 식단,임신 후 안전하게 할 수 있는 다이어트 식단,howto,howto,임신 후 건강한 체중 관리 방법,mistralai/mistral-nemotron,2026-06-02T02:14:18.684529+00:00,drop,71,intent_angle_cap:howto+howto
03-diet-meal-plan-seasonal-diet-meal-plan,03-diet-meal-plan,03,seasonal-diet-meal-plan,제철 음식 다이어트 식단,계절별 제철 음식으로 만드는 다이어트 식단,howto,howto,계절에 맞는 제철 음식을 활용한 다이어트 식단,mistralai/mistral-nemotron,2026-06-02T02:14:18.684529+00:00,drop,71,intent_angle_cap:howto+howto
03-diet-meal-plan-short-term-diet-plan,03-diet-meal-plan,03,short-term-diet-plan,단기 다이어트 식단,한 달 만에 효과 보이는 단기 다이어트 식단,howto,howto,한 달 만에 효과를 볼 수 있는 단기 다이어트 식단과 팁,mistralai/mistral-nemotron,2026-06-02T02:14:18.684529+00:00,drop,71,intent_angle_cap:howto+howto
03-diet-meal-plan-snack-diet-meal-plan,03-diet-meal-plan,03,snack-diet-meal-plan,간식 다이어트 식단,다이어트 중 간식으로 먹어도 되는 음식,howto,howto,다이어트 중 건강한 간식 선택법,mistralai/mistral-nemotron,2026-06-02T02:14:18.684529+00:00,drop,71,intent_angle_cap:howto+howto
03-diet-meal-plan-tea-diet-meal-plan,03-diet-meal-plan,03,tea-diet-meal-plan,차 다이어트 식단,차를 활용한 다이어트 식단과 음료 선택법,howto,howto,다이어트 효과가 있는 차와 음료 식단,mistralai/mistral-nemotron,2026-06-02T02:14:18.684529+00:00,drop,71,intent_angle_cap:howto+howto
03-diet-meal-plan-vegan-diet-plan,03-diet-meal-plan,03,vegan-diet-plan,비건 다이어트 식단,채식주의자를 위한 비건 다이어트 식단 가이드,howto,howto,비건 식단으로 건강하게 다이어트를 하는 방법,mistralai/mistral-nemotron,2026-06-02T02:14:18.684529+00:00,drop,71,intent_angle_cap:howto+howto
03-diet-meal-plan-easy-low-carb-diet-menu,03-diet-meal-plan,03,easy-low-carb-diet-menu,간편 저탄수 다이어트 식단,간편 저탄수 다이어트 식단 7일 메뉴 추천,howto,howto,간편하게 할 수 있는 저탄수화물 다이어트 식단 7일 분량,mistralai/mistral-nemotron,2026-06-02T02:14:18.684529+00:00,drop,65,intent_angle_cap:howto+howto
03-disease-prevention-diabetes-prevention-exercise,03-disease-prevention,03,diabetes-prevention-exercise,당뇨병 예방 운동,당뇨병 예방에 효과적인 운동 5가지 소개,howto,howto,당뇨병을 예방하기 위한 최적의 운동 방법과 일상 적용 팁,mistralai/mistral-nemotron,2026-06-02T02:14:18.684529+00:00,drop,71,intent_angle_cap:howto+howto
03-disease-prevention-diet-plan-for-obesity,03-disease-prevention,03,diet-plan-for-obesity,비만 예방을 위한 식단표,비만 예방을 위한 일주일 식단표와 조리법,howto,howto,비만 예방을 위한 식단표와 간단한 레시피 안내,mistralai/mistral-nemotron,2026-06-02T02:14:18.684529+00:00,drop,71,intent_angle_cap:howto+howto
03-disease-prevention-heart-disease-prevention-2,03-disease-prevention,03,heart-disease-prevention-2,심장병 예방 일상 생활법,심장병 예방을 위한 일상 생활 습관 7가지,howto,howto,심장병 예방을 위한 일상 생활 습관을 알려드립니다.,mistralai/mistral-nemotron,2026-06-02T02:14:18.684529+00:00,drop,71,intent_angle_cap:howto+howto
03-disease-prevention-hypertension-control-diet,03-disease-prevention,03,hypertension-control-diet,고혈압 조절 효과적 식단,고혈압 조절을 위한 효과적인 식단 매뉴얼,howto,howto,고혈압을 조절하기 위한 식단 매뉴얼을 제공합니다.,mistralai/mistral-nemotron,2026-06-02T02:14:18.684529+00:00,drop,71,intent_angle_cap:howto+howto
03-disease-prevention-hypertension-diet-manual,03-disease-prevention,03,hypertension-diet-manual,고혈압 식단 매뉴얼,고혈압 환자를 위한 식단 매뉴얼 작성법,howto,howto,고혈압 예방과 관리를 위한 일일 식단 구성 가이드,mistralai/mistral-nemotron,2026-06-02T02:14:18.684529+00:00,drop,71,intent_angle_cap:howto+howto
03-disease-prevention-liver-health-drink-combination,03-disease-prevention,03,liver-health-drink-combination,간 건강을 위한 음료 조합,간 건강을 위한 음료 조합과 만드는 법,howto,howto,간 건강을 위한 음료 조합과 만드는 방법을 안내합니다.,mistralai/mistral-nemotron,2026-06-02T02:14:18.684529+00:00,drop,71,intent_angle_cap:howto+howto
03-disease-prevention-obesity-prevention-eating-habits,03-disease-prevention,03,obesity-prevention-eating-habits,비만 예방을 위한 식습관,비만을 예방하는 5가지 식습관과 식단 조절법,howto,howto,비만 위험을 줄이는 식사 습관과 영양 균형,mistralai/mistral-nemotron,2026-06-02T02:14:18.684529+00:00,drop,71,intent_angle_cap:howto+howto
03-disease-prevention-sleep-disorder-prevention,03-disease-prevention,03,sleep-disorder-prevention,수면 장애 예방을 위한 습관,수면 장애 예방을 위한 8가지 생활 습관,howto,howto,깊은 수면을 위한 효과적인 습관과 환경 조성,mistralai/mistral-nemotron,2026-06-02T02:14:18.684529+00:00,drop,71,intent_angle_cap:howto+howto
03-disease-prevention-yoga-for-joint-health,03-disease-prevention,03,yoga-for-joint-health,관절 건강을 위한 요가 포즈,관절 건강을 위한 초보자 요가 포즈 가이드,howto,howto,관절 건강을 위해 집에서 할 수 있는 요가 포즈 안내,mistralai/mistral-nemotron,2026-06-02T02:14:18.684529+00:00,drop,71,intent_angle_cap:howto+howto
03-disease-prevention-morning-meal-for-immunity,03-disease-prevention,03,morning-meal-for-immunity,면역력 높이는 아침 식단,면역력 높이는 아침 식단의 중요성과 추천 메뉴,howto,howto,아침 식단을 통해 면역력을 높이는 방법과 메뉴 추천,mistralai/mistral-nemotron,2026-06-02T02:14:18.684529+00:00,drop,65,intent_angle_cap:howto+howto
03-exercise-routine-strength-training-for-busy-professionals,03-exercise-routine,03,strength-training-for-busy-professionals,직장인 근력 운동 계획,바쁜 직장인을 위한 근력 운동 계획과 시간 관리,howto,howto,바쁜 직장인을 위한 근력 운동 계획과 시간 관리 방법,mistralai/mistral-nemotron,2026-06-02T02:14:18.684529+00:00,drop,83,intent_angle_cap:howto+howto
03-exercise-routine-summer-fat-loss-routine,03-exercise-routine,03,summer-fat-loss-routine,여름 체지방 감소 운동,여름 체지방 감소 효과적인 운동 루틴,howto,howto,여름 체지방 감소 운동 방법,mistralai/mistral-nemotron,2026-06-02T02:14:18.684529+00:00,drop,83,intent_angle_cap:howto+howto
03-exercise-routine-women-strength-routine,03-exercise-routine,03,women-strength-routine,여성 위한 근력운동 루틴,여성 초보자 위한 근력운동 루틴,howto,howto,여성 맞춤 근력운동 루틴,mistralai/mistral-nemotron,2026-06-02T02:14:18.684529+00:00,drop,83,intent_angle_cap:howto+howto
03-exercise-routine-beginner-running-3month,03-exercise-routine,03,beginner-running-3month,달리기 초보자 3개월 계획,달리기 초보자 위한 3개월 완주 계획표,howto,howto,달리기 초보자용 3개월 완주 계획표,mistralai/mistral-nemotron,2026-06-02T02:14:18.684529+00:00,drop,71,intent_angle_cap:howto+howto
03-exercise-routine-beginner-running-6month-plan,03-exercise-routine,03,beginner-running-6month-plan,달리기 초보자 6개월 계획,달리기 초보자 6개월 계획으로 마라톤 준비하기,howto,howto,달리기 초보자들을 위한 6개월 계획으로 마라톤을 준비하는 방법,mistralai/mistral-nemotron,2026-06-02T02:14:18.684529+00:00,drop,71,intent_angle_cap:howto+howto
03-exercise-routine-dalcomhome-abs,03-exercise-routine,03,dalcomhome-abs,Dalcomhome 복근 운동,Dalcomhome 앱으로 하는 효과적인 복근 운동,howto,howto,Dalcomhome 앱을 활용한 복근 운동 방법,mistralai/mistral-nemotron,2026-06-02T02:14:18.684529+00:00,drop,71,intent_angle_cap:howto+howto
03-exercise-routine-running-breathing-techniques,03-exercise-routine,03,running-breathing-techniques,달리기 효과적인 호흡법,달리기 효과적인 호흡법과 기술,howto,howto,달리기에 효과적인 호흡법과 기술,mistralai/mistral-nemotron,2026-06-02T02:14:18.684529+00:00,drop,71,intent_angle_cap:howto+howto
03-exercise-routine-fall-home-workout-2023,03-exercise-routine,03,fall-home-workout-2023,2023 가을 홈트레이닝 루틴,2023 가을 홈트레이닝 루틴으로 체형 관리하기,howto,howto,2023년 가을에 맞는 홈트레이닝 루틴으로 체형을 관리하는 방법,mistralai/mistral-nemotron,2026-06-02T02:14:18.684529+00:00,drop,48,intent_angle_cap:howto+howto
03-exercise-routine-spring-strength-training-2023,03-exercise-routine,03,spring-strength-training-2023,2023년 봄 근력 운동 루틴,2023년 봄 근력 운동 루틴으로 체력 향상하기,howto,howto,2023년 봄에 맞는 근력 운동 루틴으로 체력을 향상하는 방법,mistralai/mistral-nemotron,2026-06-02T02:14:18.684529+00:00,drop,48,intent_angle_cap:howto+howto
03-exercise-routine-summer-swimming-workout-2023,03-exercise-routine,03,summer-swimming-workout-2023,2023년 여름 수영 체력 운동,2023년 여름 수영 체력 운동으로 건강 관리,howto,howto,2023년 여름에 수영을 통해 체력을 관리하는 방법,mistralai/mistral-nemotron,2026-06-02T02:14:18.684529+00:00,drop,48,intent_angle_cap:howto+howto
03-exercise-routine-winter-indoor-workout-2023,03-exercise-routine,03,winter-indoor-workout-2023,2023년 겨울 실내 운동 추천,2023년 겨울 실내 운동 추천과 효과적인 방법,howto,howto,2023년 겨울에 효과적인 실내 운동 추천과 방법,mistralai/mistral-nemotron,2026-06-02T02:14:18.684529+00:00,drop,38,intent_angle_cap:howto+howto
03-exercise-routine-winter-outdoor-workout-2023,03-exercise-routine,03,winter-outdoor-workout-2023,2023년 겨울 실외 운동 추천,2023년 겨울 실외 운동 추천과 안전 팁,howto,howto,2023년 겨울에 안전하게 할 수 있는 실외 운동 추천과 팁,mistralai/mistral-nemotron,2026-06-02T02:14:18.684529+00:00,drop,38,intent_angle_cap:howto+howto
03-fitness-fitness-healthy-habits,03-fitness,03,fitness-healthy-habits,피트니스와 건강한 습관,피트니스와 건강한 습관 형성법,howto,howto,피트니스와 건강한 습관 형성법을 소개합니다.,mistralai/mistral-nemotron,2026-06-02T02:14:18.684529+00:00,drop,71,intent_angle_cap:howto+howto
03-fitness-fitness-sleep-improvement,03-fitness,03,fitness-sleep-improvement,피트니스와 수면 향상 운동,피트니스로 수면을 향상시키는 운동법,howto,howto,피트니스로 수면을 개선하는 방법,mistralai/mistral-nemotron,2026-06-02T02:14:18.684529+00:00,drop,71,intent_angle_cap:howto+howto
03-fitness-home-gym-setup,03-fitness,03,home-gym-setup,피트니스와 홈트레이닝 환경 구성,재택 근로자 위한 홈트레이닝 공간 만들기,howto,howto,홈 트레이닝을 위한 공간과 장비 구성 방법,mistralai/mistral-nemotron,2026-06-02T02:14:18.684529+00:00,drop,71,intent_angle_cap:howto+howto
03-fitness-home-strength-training,03-fitness,03,home-strength-training,집에서 혼자 할 수 있는 근력 운동,집에서 혼자 할 수 있는 근력 운동 5가지,howto,howto,집에서 간편하게 할 수 있는 근력 운동 방법,mistralai/mistral-nemotron,2026-06-02T02:14:18.684529+00:00,drop,71,intent_angle_cap:howto+howto
03-fitness-quick-morning-workouts,03-fitness,03,quick-morning-workouts,피트니스와 간편한 아침운동,바쁜 아침에 할 수 있는 간편한 운동,howto,howto,바쁜 아침에 할 수 있는 간편한 운동 타입 안내,mistralai/mistral-nemotron,2026-06-02T02:14:18.684529+00:00,drop,71,intent_angle_cap:howto+howto
03-fitness-women-diet-exercise,03-fitness,03,women-diet-exercise,여성을 위한 다이어트 운동법,여성을 위한 다이어트 운동법 7가지,howto,howto,여성 다이어트에 효과적인 운동 방법,mistralai/mistral-nemotron,2026-06-02T02:14:18.684529+00:00,drop,71,intent_angle_cap:howto+howto
03-fitness-fitness-group-exercise-benefits,03-fitness,03,fitness-group-exercise-benefits,피트니스와 그룹 운동 효과,피트니스와 그룹 운동 효과와 추천 프로그램,howto,howto,피트니스와 그룹 운동 효과와 추천 프로그램,mistralai/mistral-nemotron,2026-06-02T02:14:18.684529+00:00,drop,65,intent_angle_cap:howto+howto
03-fitness-fitness-balance-exercises,03-fitness,03,fitness-balance-exercises,피트니스와 신체 균형 운동 추천,피트니스와 신체 균형 운동 추천과 효과,howto,howto,피트니스와 신체 균형 운동 추천과 효과,mistralai/mistral-nemotron,2026-06-02T02:14:18.684529+00:00,drop,61,intent_angle_cap:howto+howto
03-health-information-diabetes-exercise,03-health-information,03,diabetes-exercise,당뇨병 환자를 위한 운동법,당뇨병 환자를 위한 효과적인 운동법,howto,howto,당뇨병 환자를 위한 운동 방법과 주의사항,mistralai/mistral-nemotron,2026-06-02T02:14:18.684529+00:00,drop,71,intent_angle_cap:howto+howto
03-health-information-ibs-friendly-diet-guide,03-health-information,03,ibs-friendly-diet-guide,과민성 대장 증후군 식단,과민성 대장 증후군 Sintrom 식단표와 피해야 할 음식,howto,howto,과민성 대장 증후군 환자를 위한 식단 가이드,mistralai/mistral-nemotron,2026-06-02T02:14:18.684529+00:00,drop,71,intent_angle_cap:howto+howto
03-health-information-immune-boosting-exercise,03-health-information,03,immune-boosting-exercise,면역력 강화를 위한 운동법,면역력 강화를 위한 효과적인 운동법,howto,howto,면역력을 강화하는 운동 방법과 팁,mistralai/mistral-nemotron,2026-06-02T02:14:18.684529+00:00,drop,71,intent_angle_cap:howto+howto
03-health-information-immune-boosting-sleep,03-health-information,03,immune-boosting-sleep,면역력 강화를 위한 수면법,면역력 강화를 위한 효과적인 수면법,howto,howto,면역력을 높이는 수면법과 팁,mistralai/mistral-nemotron,2026-06-02T02:14:18.684529+00:00,drop,71,intent_angle_cap:howto+howto
03-health-information-liver-health-morning-habits,03-health-information,03,liver-health-morning-habits,간 건강을 위한 아침 습관,간 건강을 위한 아침 습관 5가지,howto,howto,간 건강을 유지하는 아침 습관과 팁,mistralai/mistral-nemotron,2026-06-02T02:14:18.684529+00:00,drop,71,intent_angle_cap:howto+howto
03-health-information-liver-health-stretching,03-health-information,03,liver-health-stretching,간 건강을 위한 스트레칭 운동,간 건강을 위한 스트레칭 운동법,howto,howto,간 건강을 강화하는 스트레칭 운동 방법,mistralai/mistral-nemotron,2026-06-02T02:14:18.684529+00:00,drop,71,intent_angle_cap:howto+howto
03-health-information-simple-exercise-for-heart-health,03-health-information,03,simple-exercise-for-heart-health,심장병 예방 간단한 운동,심장병 예방에 효과적인 간단한 운동,howto,howto,심장병을 예방하는 간단한 운동과 주의사항,mistralai/mistral-nemotron,2026-06-02T02:14:18.684529+00:00,drop,71,intent_angle_cap:howto+howto
03-health-information-kidney-stone-prevention-diet,03-health-information,03,kidney-stone-prevention-diet,신장 결석 예방식단,신장 결석 예방을 위한 일주일 식단표와 음료 추천,howto,howto,신장 결석 발생을 줄이는 식습관과 음료 추천,mistralai/mistral-nemotron,2026-06-02T02:14:18.684529+00:00,drop,65,intent_angle_cap:howto+howto
03-health-information-diabetes-friendly-snacks,03-health-information,03,diabetes-friendly-snacks,당뇨병 환자를 위한 간식 추천,당뇨병 환자를 위한 건강한 간식 추천,howto,howto,당뇨병 환자를 위한 건강한 간식과 조리법,mistralai/mistral-nemotron,2026-06-02T02:14:18.684529+00:00,drop,61,intent_angle_cap:howto+howto
03-health-tips-ankle-workout-at-home,03-health-tips,03,ankle-workout-at-home,집에서 하는 발목 운동,집에서 할 수 있는 발목 근력 강화 운동 2가지,howto,howto,발목 근력을 강화하는 집에서 할 수 있는 운동을 소개합니다.,mistralai/mistral-nemotron,2026-06-02T02:14:18.684529+00:00,drop,71,intent_angle_cap:howto+howto
03-health-tips-arm-workout-at-home,03-health-tips,03,arm-workout-at-home,집에서 하는 팔 운동,집에서 할 수 있는 팔 근력 강화 운동 4가지,howto,howto,팔 근력을 강화하는 집에서 할 수 있는 운동을 소개합니다.,mistralai/mistral-nemotron,2026-06-02T02:14:18.684529+00:00,drop,71,intent_angle_cap:howto+howto
03-health-tips-back-exercise-at-home,03-health-tips,03,back-exercise-at-home,집에서 하는 허리 운동,집에서 할 수 있는 허리 통증을 완화하는 운동,howto,howto,허리 통증을 완화하는 집에서 할 수 있는 운동을 소개합니다.,mistralai/mistral-nemotron,2026-06-02T02:14:18.684529+00:00,drop,71,intent_angle_cap:howto+howto
03-health-tips-easy-morning-exercise,03-health-tips,03,easy-morning-exercise,집에서 쉽게 할 수 있는 건강한 아침 운동,집에서 쉽게 가능한 건강한 아침 운동법,howto,howto,집에서 간편하게 할 수 있는 건강한 아침 운동 방법,mistralai/mistral-nemotron,2026-06-02T02:14:18.684529+00:00,drop,71,intent_angle_cap:howto+howto
03-health-tips-finger-exercise,03-health-tips,03,finger-exercise,집에서 하는 손가락 운동법,집에서 할 수 있는 손가락 운동법,howto,howto,집에서 할 수 있는 손가락 운동 방법,mistralai/mistral-nemotron,2026-06-02T02:14:18.684529+00:00,drop,71,intent_angle_cap:howto+howto
03-health-tips-fitness-improvement-exercise,03-health-tips,03,fitness-improvement-exercise,집에서 하는 체력 향상 운동법,집에서 할 수 있는 체력 향상 운동법,howto,howto,집에서 할 수 있는 체력 향상 운동 방법,mistralai/mistral-nemotron,2026-06-02T02:14:18.684529+00:00,drop,71,intent_angle_cap:howto+howto
03-health-tips-home-diet-exercise,03-health-tips,03,home-diet-exercise,간단한 집에서 할 수 있는 다이어트 운동,집에서 혼자 할 수 있는 간단한 다이어트 운동,howto,howto,집에서 쉽게 따라 할 수 있는 효과적인 다이어트 운동을 소개합니다.,mistralai/mistral-nemotron,2026-06-02T02:14:18.684529+00:00,drop,71,intent_angle_cap:howto+howto
03-health-tips-leg-workout-at-home,03-health-tips,03,leg-workout-at-home,집에서 하는 다리 운동,집에서 할 수 있는 다리 근력 강화 운동 5가지,howto,howto,다리 근력을 강화하는 집에서 할 수 있는 운동을 소개합니다.,mistralai/mistral-nemotron,2026-06-02T02:14:18.684529+00:00,drop,71,intent_angle_cap:howto+howto
03-health-tips-low-back-pain-exercise,03-health-tips,03,low-back-pain-exercise,집에서 하는 허리 통증 개선 운동,집에서 할 수 있는 허리 통증 개선 운동법,howto,howto,집에서 할 수 있는 허리 통증 개선 운동 방법,mistralai/mistral-nemotron,2026-06-02T02:14:18.684529+00:00,drop,71,intent_angle_cap:howto+howto
03-health-tips-neck-back-stretching,03-health-tips,03,neck-back-stretching,목과 등 통증 완화하는 스트레칭,목과 등 통증을 완화하는 스트레칭 운동,howto,howto,목과 등 통증을 완화하는 스트레칭 운동 방법을 소개합니다.,mistralai/mistral-nemotron,2026-06-02T02:14:18.684529+00:00,drop,71,intent_angle_cap:howto+howto
03-health-tips-neck-pain-relief-exercise,03-health-tips,03,neck-pain-relief-exercise,집에서 하는 목 통증 완화 운동법,집에서 할 수 있는 목 통증 완화 운동법,howto,howto,집에서 할 수 있는 목 통증 완화 운동 방법,mistralai/mistral-nemotron,2026-06-02T02:14:18.684529+00:00,drop,71,intent_angle_cap:howto+howto
03-health-tips-no-weight-leg-exercise,03-health-tips,03,no-weight-leg-exercise,집에서 무게 없이 하는 다리 운동,집에서 무게 없이 할 수 있는 다리 운동법,howto,howto,집에서 무게 없이 할 수 있는 다리 운동 방법,mistralai/mistral-nemotron,2026-06-02T02:14:18.684529+00:00,drop,71,intent_angle_cap:howto+howto
03-health-tips-pelvic-exercise,03-health-tips,03,pelvic-exercise,집에서 하는 골반 운동법,집에서 할 수 있는 골반 운동법,howto,howto,집에서 할 수 있는 골반 운동 방법,mistralai/mistral-nemotron,2026-06-02T02:14:18.684529+00:00,drop,71,intent_angle_cap:howto+howto
03-health-tips-shoulder-workout-at-home,03-health-tips,03,shoulder-workout-at-home,집에서 하는 어깨 운동,집에서 할 수 있는 어깨 근력 강화 운동 3가지,howto,howto,어깨 근력을 강화하는 집에서 할 수 있는 운동을 소개합니다.,mistralai/mistral-nemotron,2026-06-02T02:14:18.684529+00:00,drop,71,intent_angle_cap:howto+howto
03-health-tips-simple-breathing-exercise,03-health-tips,03,simple-breathing-exercise,집에서 하는 간단한 호흡 운동법,집에서 간단하게 할 수 있는 호흡 운동법,howto,howto,집에서 간단하게 할 수 있는 호흡 운동 방법,mistralai/mistral-nemotron,2026-06-02T02:14:18.684529+00:00,drop,71,intent_angle_cap:howto+howto
03-health-tips-toe-exercise,03-health-tips,03,toe-exercise,집에서 하는 발가락 운동법,집에서 할 수 있는 발가락 운동법,howto,howto,집에서 할 수 있는 발가락 운동 방법,mistralai/mistral-nemotron,2026-06-02T02:14:18.684529+00:00,drop,71,intent_angle_cap:howto+howto
03-health-tips-weight-loss-exercise,03-health-tips,03,weight-loss-exercise,집에서 하는 체중 감량 운동법,집에서 할 수 있는 체중 감량 운동법,howto,howto,집에서 할 수 있는 체중 감량 운동 방법,mistralai/mistral-nemotron,2026-06-02T02:14:18.684529+00:00,drop,71,intent_angle_cap:howto+howto
03-health-tips-weightless-diet-exercise,03-health-tips,03,weightless-diet-exercise,무게 없는 다이어트 효과적인 운동,무게 없이도 효과적인 다이어트 운동 5가지,howto,howto,무게 없이도 효과적인 다이어트 운동 방법을 소개합니다.,mistralai/mistral-nemotron,2026-06-02T02:14:18.684529+00:00,drop,71,intent_angle_cap:howto+howto
03-health-tips-wrist-pain-relief-exercise,03-health-tips,03,wrist-pain-relief-exercise,집에서 하는 손목 통증 완화 운동,집에서 할 수 있는 손목 통증 완화 운동법,howto,howto,집에서 할 수 있는 손목 통증 완화 운동 방법,mistralai/mistral-nemotron,2026-06-02T02:14:18.684529+00:00,drop,71,intent_angle_cap:howto+howto
03-health-tips-yoga-exercise-at-home,03-health-tips,03,yoga-exercise-at-home,집에서 스스로 할 수 있는 요가 운동,집에서 스스로 할 수 있는 요가 운동 동영상 모음,howto,howto,집에서 쉽게 따라 할 수 있는 요가 운동 동영상을 모아보았습니다.,mistralai/mistral-nemotron,2026-06-02T02:14:18.684529+00:00,drop,71,intent_angle_cap:howto+howto
03-health-tips-full-body-exercise,03-health-tips,03,full-body-exercise,전체 몸 근육을 쓰는 운동,전체 몸 근육을 쓰는 운동 추천 5가지,howto,howto,전체 몸 근육을 고루 발달시키는 운동을 소개합니다.,mistralai/mistral-nemotron,2026-06-02T02:14:18.684529+00:00,drop,65,intent_angle_cap:howto+howto
03-health-tips-home-ab-exercise,03-health-tips,03,home-ab-exercise,집에서 할 수 있는 복근 운동,집에서 할 수 있는 복근 운동 추천 5가지,howto,howto,집에서 간편하게 할 수 있는 복근 운동 방법을 알아보세요.,mistralai/mistral-nemotron,2026-06-02T02:14:18.684529+00:00,drop,65,intent_angle_cap:howto+howto
03-health-tips-home-abdominal-exercise,03-health-tips,03,home-abdominal-exercise,집에서 할 수 있는 복부 근력 운동,집에서 할 수 있는 복부 근력 운동 추천 5가지,howto,howto,집에서 간편하게 할 수 있는 복부 근력 운동 방법을 알아보세요.,mistralai/mistral-nemotron,2026-06-02T02:14:18.684529+00:00,drop,65,intent_angle_cap:howto+howto
03-health-tips-home-ankle-exercise,03-health-tips,03,home-ankle-exercise,집에서 할 수 있는 발목 운동,집에서 할 수 있는 발목 운동 추천 5가지,howto,howto,집에서 간편하게 할 수 있는 발목 운동 방법을 알아보세요.,mistralai/mistral-nemotron,2026-06-02T02:14:18.684529+00:00,drop,65,intent_angle_cap:howto+howto
03-health-tips-home-arm-exercise,03-health-tips,03,home-arm-exercise,집에서 할 수 있는 팔 운동,집에서 할 수 있는 팔 운동 추천 5가지,howto,howto,집에서 간편하게 할 수 있는 팔 운동 방법을 알아보세요.,mistralai/mistral-nemotron,2026-06-02T02:14:18.684529+00:00,drop,65,intent_angle_cap:howto+howto
03-health-tips-home-back-muscle-exercise,03-health-tips,03,home-back-muscle-exercise,집에서 할 수 있는 등근육 운동,집에서 할 수 있는 등근육 운동 추천 5가지,howto,howto,집에서 간편하게 할 수 있는 등근육 운동 방법을 알아보세요.,mistralai/mistral-nemotron,2026-06-02T02:14:18.684529+00:00,drop,65,intent_angle_cap:howto+howto
03-health-tips-home-diet-leg-exercise,03-health-tips,03,home-diet-leg-exercise,집에서 할 수 있는 다이어트 다리 운동,집에서 할 수 있는 다이어트 다리 운동 추천 5가지,howto,howto,집에서 간편하게 할 수 있는 다이어트 다리 운동 방법을 알아보세요.,mistralai/mistral-nemotron,2026-06-02T02:14:18.684529+00:00,drop,65,intent_angle_cap:howto+howto
03-health-tips-home-leg-exercise,03-health-tips,03,home-leg-exercise,집에서 할 수 있는 다리 운동,집에서 할 수 있는 다리 운동 추천 5가지,howto,howto,집에서 간편하게 할 수 있는 다리 운동 방법을 알아보세요.,mistralai/mistral-nemotron,2026-06-02T02:14:18.684529+00:00,drop,65,intent_angle_cap:howto+howto
03-health-tips-home-pelvic-exercise,03-health-tips,03,home-pelvic-exercise,집에서 할 수 있는 골반 운동,집에서 할 수 있는 골반 운동 추천 5가지,howto,howto,집에서 간편하게 할 수 있는 골반 운동 방법을 알아보세요.,mistralai/mistral-nemotron,2026-06-02T02:14:18.684529+00:00,drop,65,intent_angle_cap:howto+howto
03-health-tips-home-shoulder-exercise,03-health-tips,03,home-shoulder-exercise,집에서 할 수 있는 어깨 운동,집에서 할 수 있는 어깨 운동 추천 5가지,howto,howto,집에서 간편하게 할 수 있는 어깨 운동 방법을 알아보세요.,mistralai/mistral-nemotron,2026-06-02T02:14:18.684529+00:00,drop,65,intent_angle_cap:howto+howto
03-health-tips-home-waist-exercise,03-health-tips,03,home-waist-exercise,집에서 할 수 있는 허리 운동,집에서 할 수 있는 허리 운동 추천 5가지,howto,howto,집에서 간편하게 할 수 있는 허리 운동 방법을 알아보세요.,mistralai/mistral-nemotron,2026-06-02T02:14:18.684529+00:00,drop,65,intent_angle_cap:howto+howto
03-health-tips-home-wrist-exercise,03-health-tips,03,home-wrist-exercise,집에서 할 수 있는 손목 운동,집에서 할 수 있는 손목 운동 추천 5가지,howto,howto,집에서 간편하게 할 수 있는 손목 운동 방법을 알아보세요.,mistralai/mistral-nemotron,2026-06-02T02:14:18.684529+00:00,drop,65,intent_angle_cap:howto+howto
03-health-tips-home-abdominal-exercise-2,03-health-tips,03,home-abdominal-exercise-2,집에서 하는 복부 근력 운동 추천,집에서 쉽게 할 수 있는 복부 근력 운동 추천,howto,howto,집에서 쉽게 할 수 있는 복부 근력 운동 추천 방법,mistralai/mistral-nemotron,2026-06-02T02:14:18.684529+00:00,drop,61,intent_angle_cap:howto+howto
10-healthy-convenience-food-egg-recipes,10-healthy-convenience-food,10,egg-recipes,간편 건강 계란 요리법,간편한 계란 요리로 건강한 한 끼 식사하는 법,howto,howto,계란을 활용한 간편 건강 레시피,mistralai/mistral-nemotron,2026-06-02T02:14:18.684529+00:00,drop,84,intent_angle_cap:howto+howto
10-healthy-convenience-food-fermented-paste-cooking,10-healthy-convenience-food,10,fermented-paste-cooking,간편 건강 발효 된장 요리법,간편한 발효 된장으로 건강한 요리하는 법,howto,howto,발효 된장을 활용한 간편 건강 레시피,mistralai/mistral-nemotron,2026-06-02T02:14:18.684529+00:00,drop,84,intent_angle_cap:howto+howto
10-healthy-convenience-food-healthy-almond-recipe,10-healthy-convenience-food,10,healthy-almond-recipe,간편 건강 아몬드 요리법,간편 건강 아몬드 요리법 3가지,howto,howto,간편한 건강 식단에 아몬드를 활용하는 요리법을 안내합니다.,mistralai/mistral-nemotron,2026-06-02T02:14:18.684529+00:00,drop,84,intent_angle_cap:howto+howto
10-healthy-convenience-food-healthy-cucumber-recipe,10-healthy-convenience-food,10,healthy-cucumber-recipe,간편 건강 오이 요리법,간편 건강 오이 요리법 5가지,howto,howto,간편하게 만드는 오이를 활용한 건강 요리법을 소개합니다.,mistralai/mistral-nemotron,2026-06-02T02:14:18.684529+00:00,drop,84,intent_angle_cap:howto+howto
10-healthy-convenience-food-healthy-dinner-menu,10-healthy-convenience-food,10,healthy-dinner-menu,간편한 건강 저녁메뉴,바쁘게 일하는 직장인을 위한 간편한 건강 저녁메뉴,howto,howto,간편하고 건강한 저녁메뉴 레시피 공유,mistralai/mistral-nemotron,2026-06-02T02:14:18.684529+00:00,drop,84,intent_angle_cap:howto+howto
10-healthy-convenience-food-healthy-fried-rice,10-healthy-convenience-food,10,healthy-fried-rice,간편 건강 볶음밥 요리법,건강한 재료로 간편한 볶음밥 만드는 법,howto,howto,건강한 재료로 간편한 볶음밥 레시피,mistralai/mistral-nemotron,2026-06-02T02:14:18.684529+00:00,drop,84,intent_angle_cap:howto+howto
10-healthy-convenience-food-healthy-soybean-recipe,10-healthy-convenience-food,10,healthy-soybean-recipe,간편 건강 대두 요리법,간편 건강 대두 요리법 4가지,howto,howto,대두를 이용한 간편 건강 요리법을 소개합니다.,mistralai/mistral-nemotron,2026-06-02T02:14:18.684529+00:00,drop,84,intent_angle_cap:howto+howto
10-healthy-convenience-food-healthy-walnut-recipe,10-healthy-convenience-food,10,healthy-walnut-recipe,간편 건강 호두 요리법,간편 건강 호두 요리법 3가지,howto,howto,호두를 활용한 간편 건강 요리법을 자세히 설명합니다.,mistralai/mistral-nemotron,2026-06-02T02:14:18.684529+00:00,drop,84,intent_angle_cap:howto+howto
10-healthy-convenience-food-kim-bap-recipes,10-healthy-convenience-food,10,kim-bap-recipes,간편 건강 김밥 요리법,간편한 김밥으로 건강한 한 끼 식사하는 법,howto,howto,김밥을 활용한 간편 건강 레시피,mistralai/mistral-nemotron,2026-06-02T02:14:18.684529+00:00,drop,84,intent_angle_cap:howto+howto
10-healthy-convenience-food-kimchi-recipes,10-healthy-convenience-food,10,kimchi-recipes,간편 건강 김치 요리법,간편한 김치로 건강한 한 끼 식사하는 법,howto,howto,김치를 활용한 간편 건강 레시피,mistralai/mistral-nemotron,2026-06-02T02:14:18.684529+00:00,drop,84,intent_angle_cap:howto+howto
10-healthy-convenience-food-milk-recipes,10-healthy-convenience-food,10,milk-recipes,간편 건강 우유 요리법,간편한 우유로 건강한 한 끼 식사하는 법,howto,howto,우유를 활용한 간편 건강 레시피,mistralai/mistral-nemotron,2026-06-02T02:14:18.684529+00:00,drop,84,intent_angle_cap:howto+howto
10-healthy-convenience-food-oatmeal-recipes,10-healthy-convenience-food,10,oatmeal-recipes,간편 건강 오트밀 요리법,간편한 오트밀로 건강한 한 끼 식사하는 법,howto,howto,오트밀을 활용한 간편 건강 레시피,mistralai/mistral-nemotron,2026-06-02T02:14:18.684529+00:00,drop,84,intent_angle_cap:howto+howto
10-healthy-convenience-food-pumpkin-recipes,10-healthy-convenience-food,10,pumpkin-recipes,간편 건강 호박 요리법,간편한 호박으로 건강한 한 끼 식사하는 법,howto,howto,호박을 활용한 간편 건강 레시피,mistralai/mistral-nemotron,2026-06-02T02:14:18.684529+00:00,drop,84,intent_angle_cap:howto+howto
10-healthy-convenience-food-soy-sauce-recipes,10-healthy-convenience-food,10,soy-sauce-recipes,간편 건강 간장 요리법,간편한 간장으로 건강한 한 끼 식사하는 법,howto,howto,간장으로 건강한 요리하는 법,mistralai/mistral-nemotron,2026-06-02T02:14:18.684529+00:00,drop,84,intent_angle_cap:howto+howto
10-healthy-convenience-food-sweet-potato-recipes,10-healthy-convenience-food,10,sweet-potato-recipes,간편 건강 고구마 요리법,간편한 고구마로 건강한 한 끼 식사하는 법,howto,howto,고구마를 활용한 간편 건강 레시피,mistralai/mistral-nemotron,2026-06-02T02:14:18.684529+00:00,drop,84,intent_angle_cap:howto+howto
10-healthy-convenience-food-whole-grain-meal,10-healthy-convenience-food,10,whole-grain-meal,간편 건강 통곡물 요리 식단,간편한 통곡물로 건강한 한 끼 식사하는 법,howto,howto,통곡물을 활용한 간편 건강 식단 추천,mistralai/mistral-nemotron,2026-06-02T02:14:18.684529+00:00,drop,84,intent_angle_cap:howto+howto
10-healthy-convenience-food-yogurt-recipes,10-healthy-convenience-food,10,yogurt-recipes,간편 건강 요거트 요리법,간편한 요거트로 건강한 한 끼 식사하는 법,howto,howto,요거트를 활용한 간편 건강 레시피,mistralai/mistral-nemotron,2026-06-02T02:14:18.684529+00:00,drop,84,intent_angle_cap:howto+howto
03-mental-wellness-stress-reducing-diet,03-mental-wellness,03,stress-reducing-diet,스트레스 줄이는 식단 구성,스트레스 줄이는 건강한 식단 구성법,howto,howto,스트레스 완화를 돕는 식습관과 추천 음식,mistralai/mistral-nemotron,2026-06-02T02:14:18.684529+00:00,drop,71,intent_angle_cap:howto+howto
03-mental-wellness-stress-relief-media,03-mental-wellness,03,stress-relief-media,스트레스 해소 미디어 활용법,스트레스 해소에 도움이 되는 미디어 활용법,howto,howto,미디어를 활용한 스트레스 해소 방법,mistralai/mistral-nemotron,2026-06-02T02:14:18.684529+00:00,drop,71,intent_angle_cap:howto+howto
03-mental-wellness-stress-relief-oriental-medicine,03-mental-wellness,03,stress-relief-oriental-medicine,스트레스 해소 동양의학,동양의학에서 말하는 스트레스 해소법,howto,howto,동양의학에서의 스트레스 해소 방법,mistralai/mistral-nemotron,2026-06-02T02:14:18.684529+00:00,drop,71,intent_angle_cap:howto+howto
03-mental-wellness-stress-relief-pilates,03-mental-wellness,03,stress-relief-pilates,스트레스 해소 필라테스 운동,스트레스 해소에 좋은 필라테스 동작 5가지,howto,howto,필라테스로 스트레스 해소하는 방법,mistralai/mistral-nemotron,2026-06-02T02:14:18.684529+00:00,drop,71,intent_angle_cap:howto+howto
03-mental-wellness-stress-relief-yoga-poses,03-mental-wellness,03,stress-relief-yoga-poses,스트레스 해소 요가 포즈,스트레스 해소에 효과적인 요가 포즈 6가지,howto,howto,요가로 스트레스 해소하는 방법,mistralai/mistral-nemotron,2026-06-02T02:14:18.684529+00:00,drop,71,intent_angle_cap:howto+howto
03-mental-wellness-mental-health-social-activities,03-mental-wellness,03,mental-health-social-activities,정신 건강 증진 사회 활동,정신 건강 증진을 위한 사회 활동 추천,howto,howto,사회 활동으로 정신 건강 증진하는 방법,mistralai/mistral-nemotron,2026-06-02T02:14:18.684529+00:00,drop,65,intent_angle_cap:howto+howto
03-mental-wellness-mental-health-drinks,03-mental-wellness,03,mental-health-drinks,정신 건강 증진 음료 추천,정신 건강을 위해 추천하는 음료 5가지,howto,howto,정신 건강을 위해 도움이 되는 음료 제품,mistralai/mistral-nemotron,2026-06-02T02:14:18.684529+00:00,drop,61,intent_angle_cap:howto+howto
03-mental-wellness-stress-relief-pilates-video,03-mental-wellness,03,stress-relief-pilates-video,스트레스 해소 필라테스 동영상 추천,스마트폰으로 보는 스트레스 해소 필라테스 동영상,howto,howto,집에서 할 수 있는 스트레스 해소용 필라테스 동영상 가이드,mistralai/mistral-nemotron,2026-06-02T02:14:18.684529+00:00,drop,61,intent_angle_cap:howto+howto
03-obesity-management-obesity-snack-alternatives,03-obesity-management,03,obesity-snack-alternatives,비만 간식 대체법,비만 간식 대체법과 건강한 대안,howto,howto,비만 관리에 도움이 되는 간식 대체법과 건강한 선택,mistralai/mistral-nemotron,2026-06-02T02:14:18.684529+00:00,drop,71,intent_angle_cap:howto+howto
03-obesity-management-obesity-waist-measurement,03-obesity-management,03,obesity-waist-measurement,비만 허리둘레 측정법,비만 허리둘레 측정법과 건강한 기준,howto,howto,비만 여부를 판단하는 허리둘레 측정 방법과 기준,mistralai/mistral-nemotron,2026-06-02T02:14:18.684529+00:00,drop,71,intent_angle_cap:howto+howto
03-obesity-management-obesity-easy-exercise-video-recommend,03-obesity-management,03,obesity-easy-exercise-video-recommend,비만 간편 운동 동영상 추천,비만 간편 운동 동영상 추천과 효과,howto,howto,비만 간편 운동 동영상 추천과 효과 설명,mistralai/mistral-nemotron,2026-06-02T02:14:18.684529+00:00,drop,61,intent_angle_cap:howto+howto
03-sleep-health-prevent-back-pain-sleep-exercise,03-sleep-health,03,prevent-back-pain-sleep-exercise,수면 중 허리 통증 예방 운동,수면 중 허리 통증 예방하는 아침 운동 5가지,howto,tip,수면 중 허리 통증을 예방하는 효과적인 운동을 소개합니다.,mistralai/mistral-nemotron,2026-06-02T02:14:18.684529+00:00,drop,71,intent_angle_cap:howto+tip
03-weight-management-elderly-weight-loss,03-weight-management,03,elderly-weight-loss,고령자 체중감량법,고령자 체중감량법과 건강한 방법,howto,howto,고령자를 위한 건강한 체중감량법과 방법,mistralai/mistral-nemotron,2026-06-02T02:14:18.684529+00:00,drop,78,intent_angle_cap:howto+howto
03-weight-management-busy-worker-weight-loss-diet,03-weight-management,03,busy-worker-weight-loss-diet,바쁜 직장인 체중 감소 식단,바쁜 직장인을 위한 간편 체중 감소 식단,howto,howto,빠른 체중 감소에 효과적인 직장인 식단 관리 방법,mistralai/mistral-nemotron,2026-06-02T02:14:18.684529+00:00,drop,71,intent_angle_cap:howto+howto
03-weight-management-easy-exercise-weight-loss,03-weight-management,03,easy-exercise-weight-loss,간편운동 체중 감소,집에서도 가능한 간편운동으로 체중 감소하기,howto,howto,간편한 운동으로 체중을 조절하는 실천 팁,mistralai/mistral-nemotron,2026-06-02T02:14:18.684529+00:00,drop,71,intent_angle_cap:howto+howto
03-weight-management-exercise-plan-after-weight-loss,03-weight-management,03,exercise-plan-after-weight-loss,체중 감소 후 운동 플랜,체중 감소 후 유지하기 위한 운동 플랜,howto,howto,체중 감소 후 체중을 유지하기 위한 운동 플랜을 소개합니다.,mistralai/mistral-nemotron,2026-06-02T02:14:18.684529+00:00,drop,71,intent_angle_cap:howto+howto
03-weight-management-low-carb-diet-weight-loss,03-weight-management,03,low-carb-diet-weight-loss,저탄수화물 식단 체중 감소,저탄수화물 식단으로 체중 감소하기,howto,howto,탄수화물 제한으로 체중을 줄이는 방법,mistralai/mistral-nemotron,2026-06-02T02:14:18.684529+00:00,drop,71,intent_angle_cap:howto+howto
03-weight-management-weight-loss-exercise-plan,03-weight-management,03,weight-loss-exercise-plan,체중 감소 운동 플랜,체중 감소 운동 플랜 4주 완성,howto,howto,4주 동안 체중 감량을 위한 운동 플랜,mistralai/mistral-nemotron,2026-06-02T02:14:18.684529+00:00,drop,71,intent_angle_cap:howto+howto
03-weight-management-weight-loss-meal-example,03-weight-management,03,weight-loss-meal-example,체중 감소 식단 예시,체중 감소 식단 예시 1일 3식 메뉴,howto,howto,체중 감량 중에 도움이 되는 식단 예시,mistralai/mistral-nemotron,2026-06-02T02:14:18.684529+00:00,drop,71,intent_angle_cap:howto+howto
04-accessories-winter-accessory-recommend-2026,04-accessories,04,winter-accessory-recommend-2026,2026년 겨울 액세서리 추천,2026년 겨울 액세서리 코디 추천 10선,howto,tip,2026년 겨울에 잘 어울리는 액세서리 추천,mistralai/mistral-nemotron,2026-06-02T02:14:18.684529+00:00,drop,80,intent_angle_cap:howto+tip
04-brand-reviews-prada-product-review,04-brand-reviews,04,prada-product-review,프라다 신제품 후기,프라다 신제품 리뷰와 착용감 평가,review,review,프라다 신제품 리뷰와 착용감 평가,mistralai/mistral-nemotron,2026-06-02T02:14:18.684529+00:00,drop,78,intent_angle_cap:review+review
04-brand-reviews-shuminet-washpack,04-brand-reviews,04,shuminet-washpack,슈미네트 워시팩 후기,슈미네트 워시팩 사용 후기와 효과 검증,review,review,슈미네트 워시팩 사용 후기와 피부 변화,mistralai/mistral-nemotron,2026-06-02T02:14:18.684529+00:00,drop,78,intent_angle_cap:review+review
04-brand-reviews-supreme-product-review,04-brand-reviews,04,supreme-product-review,슈프림 신제품 후기,슈프림 신제품 리뷰와 평점,review,review,슈프림 신제품 리뷰와 평점,mistralai/mistral-nemotron,2026-06-02T02:14:18.684529+00:00,drop,78,intent_angle_cap:review+review
04-brand-reviews-todaylook-product-review,04-brand-reviews,04,todaylook-product-review,오늘의데일리 신제품 후기,오늘의데일리 신제품 리뷰와 착용감 평가,review,review,오늘의데일리 신제품 사용 후기와 착용감 리뷰,mistralai/mistral-nemotron,2026-06-02T02:14:18.684529+00:00,drop,78,intent_angle_cap:review+review
04-brand-reviews-zara-fall-review,04-brand-reviews,04,zara-fall-review,Zara 가을 신제품 후기,Zara 2023 가을 신제품 리뷰와 스타일링,review,review,Zara 2023 가을 신제품 사용 후기와 코디 팁,mistralai/mistral-nemotron,2026-06-02T02:14:18.684529+00:00,drop,43,intent_angle_cap:review+review
04-coordination-tips-fashion-item-matching,04-coordination-tips,04,fashion-item-matching,패션 아이템 매칭,패션 아이템 매칭: 의상과 악세서리 조합법,howto,tip,패션 아이템 매칭,mistralai/mistral-nemotron,2026-06-02T02:14:18.684529+00:00,drop,84,intent_angle_cap:howto+tip
04-coordination-tips-fashion-item-selection-tips,04-coordination-tips,04,fashion-item-selection-tips,패션 아이템 선택법,패션 아이템 선택법: 나만의 스타일 완성하기,howto,tip,패션 아이템 선택법,mistralai/mistral-nemotron,2026-06-02T02:14:18.684529+00:00,drop,84,intent_angle_cap:howto+tip
04-coordination-tips-fashion-item-utilization-tips,04-coordination-tips,04,fashion-item-utilization-tips,패션 아이템 활용법,패션 아이템 활용법: 다양한 스타일로 변신하기,howto,tip,패션 아이템 활용법,mistralai/mistral-nemotron,2026-06-02T02:14:18.684529+00:00,drop,84,intent_angle_cap:howto+tip
04-coordination-tips-fashion-styling-tips,04-coordination-tips,04,fashion-styling-tips,패션 스타일링 비결,패션 스타일링 비결: 프로처럼 입고 싶은 법,howto,tip,패션 스타일링 비결,mistralai/mistral-nemotron,2026-06-02T02:14:18.684529+00:00,drop,84,intent_angle_cap:howto+tip
04-coordination-tips-office-casual-coordination,04-coordination-tips,04,office-casual-coordination,오피스 캐주얼 코디,오피스 캐주얼 코디: 업무용 스타일 가이드,howto,tip,오피스 캐주얼 코디,mistralai/mistral-nemotron,2026-06-02T02:14:18.684529+00:00,drop,84,intent_angle_cap:howto+tip
04-coordination-tips-special-day-coordination,04-coordination-tips,04,special-day-coordination,특별한 날 코디,특별한 날 코디: 데이트·파티·기념일 스타일링,howto,tip,특별한 날 코디,mistralai/mistral-nemotron,2026-06-02T02:14:18.684529+00:00,drop,84,intent_angle_cap:howto+tip
04-coordination-tips-white-shirt-offic-codi,04-coordination-tips,04,white-shirt-offic-codi,출근할 때 화이트 셔츠 코디,출근할 때 화이트 셔츠 코디: 오피스에서 캐주얼까지,howto,tip,화이트 셔츠로 다양한 출근 코디를 완성하는 스타일링 팁,mistralai/mistral-nemotron,2026-06-02T02:14:18.684529+00:00,drop,84,intent_angle_cap:howto+tip
04-coordination-tips-fashion-shopping-recommendation-fall,04-coordination-tips,04,fashion-shopping-recommendation-fall,가을 패션 쇼핑 추천,가을 패션 쇼핑 추천과 인기 아이템,howto,tip,가을 패션 쇼핑을 위한 추천과 인기 아이템,mistralai/mistral-nemotron,2026-06-02T02:14:18.684529+00:00,drop,80,intent_angle_cap:howto+tip
04-coordination-tips-autumn-trend-2024,04-coordination-tips,04,autumn-trend-2024,2024 가을 트렌드 코디,2024 가을 트렌드 코디: 핫한 스타일 가이드,howto,tip,2024 가을 트렌드 코디,mistralai/mistral-nemotron,2026-06-02T02:14:18.684529+00:00,drop,76,intent_angle_cap:howto+tip
04-coordination-tips-chuseok-codi-2024,04-coordination-tips,04,chuseok-codi-2024,2024 추석 코디 추천,2024 추석 코디 추천: 한복과 웨스턴 스타일 조화,howto,tip,2024년 추석에 어울리는 한복과 현대 패션을 조화롭게 코디하는 방법,mistralai/mistral-nemotron,2026-06-02T02:14:18.684529+00:00,drop,72,intent_angle_cap:howto+tip
04-fashion-trends-fashion-trend-fashion-wearins-2024,04-fashion-trends,04,fashion-trend-fashion-wearins-2024,2024 패션 주목할 패션 웨어인,2024 패션 트렌드에서 주목할 패션 웨어인,info,issue,2024년 패션 트렌드에서 유행하는 패션 웨어인을 소개합니다.,mistralai/mistral-nemotron,2026-06-02T02:14:18.684529+00:00,drop,62,intent_angle_cap:info+issue
04-fashion-trends-fashion-trend-fashion-wearons-2024,04-fashion-trends,04,fashion-trend-fashion-wearons-2024,2024 패션 주목할 패션 웨어온,2024 패션 트렌드에서 주목할 패션 웨어온,info,issue,2024년 패션 트렌드에서 유행하는 패션 웨어온을 소개합니다.,mistralai/mistral-nemotron,2026-06-02T02:14:18.684529+00:00,drop,62,intent_angle_cap:info+issue
04-fashion-trends-fashion-trend-fashion-wearouts-2024,04-fashion-trends,04,fashion-trend-fashion-wearouts-2024,2024 패션 주목할 패션 웨어아웃,2024 패션 트렌드에서 주목할 패션 웨어아웃,info,issue,2024년 패션 트렌드에서 유행하는 패션 웨어아웃을 소개합니다.,mistralai/mistral-nemotron,2026-06-02T02:14:18.684529+00:00,drop,62,intent_angle_cap:info+issue
04-fashion-trends-fashion-trend-furniture-brands-2024,04-fashion-trends,04,fashion-trend-furniture-brands-2024,2024 패션 주목할 가구 브랜드,2024 패션 트렌드에서 주목할 가구 브랜드,info,issue,2024년 패션 트렌드에서 유행하는 가구 브랜드를 소개합니다.,mistralai/mistral-nemotron,2026-06-02T02:14:18.684529+00:00,drop,62,intent_angle_cap:info+issue
04-fashion-trends-fashion-trend-ideasset-designers-2024,04-fashion-trends,04,fashion-trend-ideasset-designers-2024,2024 패션 주목할 아이디어셋 디자이너,2024 패션 트렌드에서 주목할 아이디어셋 디자이너,info,issue,2024년 패션 트렌드에서 유행하는 아이디어셋 디자이너를 소개합니다.,mistralai/mistral-nemotron,2026-06-02T02:14:18.684529+00:00,drop,62,intent_angle_cap:info+issue
04-fashion-trends-fashion-trend-interior-styles-2024,04-fashion-trends,04,fashion-trend-interior-styles-2024,2024 패션 주목할 인테리어 스타일,2024 패션 트렌드에서 주목할 인테리어 스타일,info,issue,2024년 패션 트렌드에서 유행하는 인테리어 스타일을 소개합니다.,mistralai/mistral-nemotron,2026-06-02T02:14:18.684529+00:00,drop,62,intent_angle_cap:info+issue
04-fashion-trends-fashion-trend-refrigerator-brands-2024,04-fashion-trends,04,fashion-trend-refrigerator-brands-2024,2024 패션 주목할 냉장고 브랜드,2024 패션 트렌드에서 주목할 냉장고 브랜드,info,issue,2024년 패션 트렌드에서 유행하는 냉장고 브랜드를 소개합니다.,mistralai/mistral-nemotron,2026-06-02T02:14:18.684529+00:00,drop,62,intent_angle_cap:info+issue
04-fashion-trends-fashion-trend-vanity-brands-2024,04-fashion-trends,04,fashion-trend-vanity-brands-2024,2024 패션 주목할 화장대 브랜드,2024 패션 트렌드에서 주목할 화장대 브랜드,info,issue,2024년 패션 트렌드에서 유행하는 화장대 브랜드를 소개합니다.,mistralai/mistral-nemotron,2026-06-02T02:14:18.684529+00:00,drop,62,intent_angle_cap:info+issue
04-minimal-fashion-minimal-winter-accessories-tips,04-minimal-fashion,04,minimal-winter-accessories-tips,미니멀 패션 겨울 소품 활용법,미니멀 패션 겨울 소품 활용법과 추천 아이템,howto,tip,겨울에 활용할 수 있는 미니멀 패션 소품 팁,mistralai/mistral-nemotron,2026-06-02T02:14:18.684529+00:00,drop,84,intent_angle_cap:howto+tip
04-styling-2024-autumn-fashion-trend-sweater-styling,04-styling,04,2024-autumn-fashion-trend-sweater-styling,2024 가을 패션 트렌드 스웨터 스타일링,2024 가을 패션 트렌드 스웨터 코디 팁과 스타일링,howto,tip,2024 가을 스웨터 스타일링과 코디 팁 제공,mistralai/mistral-nemotron,2026-06-02T02:14:18.684529+00:00,drop,88,intent_angle_cap:howto+tip
04-styling-2024-autumn-fashion-trend-tweed-styling,04-styling,04,2024-autumn-fashion-trend-tweed-styling,2024 가을 패션 트렌드 트위드 소재 스타일링,2024 가을 패션 트렌드 트위드 소재 코디 팁과 스타일링,howto,tip,2024 가을 트위드 소재 스타일링과 코디 팁 제공,mistralai/mistral-nemotron,2026-06-02T02:14:18.684529+00:00,drop,88,intent_angle_cap:howto+tip
04-styling-2024-autumn-lettering-sweater-styling,04-styling,04,2024-autumn-lettering-sweater-styling,2024 가을 레터링 스웨터 스타일링,2024 가을 레터링 스웨터 코디 팁과 스타일링 아이디어,howto,tip,2024 가을 레터링 스웨터를 활용한 다양한 스타일링 방법,mistralai/mistral-nemotron,2026-06-02T02:14:18.684529+00:00,drop,88,intent_angle_cap:howto+tip
04-styling-2024-autumn-sportism-style,04-styling,04,2024-autumn-sportism-style,2024 가을 스포티즘 스타일링,2024 가을 스포티즘 스타일링 트렌드와 코디 팁,howto,tip,스포츠와 패션이 결합한 스포티즘 스타일링 방법,mistralai/mistral-nemotron,2026-06-02T02:14:18.684529+00:00,drop,88,intent_angle_cap:howto+tip
04-styling-2024-autumn-fashion-style-coord-tip,04-styling,04,2024-autumn-fashion-style-coord-tip,2024 가을 패션 스타일링 코디 팁,2024 가을 패션 스타일링 코디 팁과 트렌드,howto,tip,가을 패션 스타일링을 위한 코디 팁과 트렌드,mistralai/mistral-nemotron,2026-06-02T02:14:18.684529+00:00,drop,84,intent_angle_cap:howto+tip
04-styling-2024-autumn-absolute-style,04-styling,04,2024-autumn-absolute-style,2024 가을 앱솔루트 스타일링,2024 가을 앱솔루트 스타일링 트렌드와 조합법,howto,tip,가을 앱솔루트 스타일링을 위한 트렌디한 아이템과 조합법,mistralai/mistral-nemotron,2026-06-02T02:14:18.684529+00:00,drop,76,intent_angle_cap:howto+tip
04-styling-2024-autumn-casual-style,04-styling,04,2024-autumn-casual-style,2024 가을 캐주얼 스타일링,2024 가을 캐주얼 스타일링 트렌드와 조합법,howto,tip,가을 캐주얼 스타일링을 위한 트렌디한 아이템과 조합법,mistralai/mistral-nemotron,2026-06-02T02:14:18.684529+00:00,drop,76,intent_angle_cap:howto+tip
04-styling-2024-autumn-fashion-item,04-styling,04,2024-autumn-fashion-item,2024 가을 패션 아이템 스타일링,2024 가을 패션 아이템 스타일링 트렌드와 조합법,howto,tip,가을에 트렌디한 스타일링을 위한 아이템과 조합법,mistralai/mistral-nemotron,2026-06-02T02:14:18.684529+00:00,drop,76,intent_angle_cap:howto+tip
04-styling-2024-autumn-fashion-style-idea,04-styling,04,2024-autumn-fashion-style-idea,2024 가을 패션 스타일링 아이디어,2024 가을 패션 스타일링 아이디어와 트렌드,howto,tip,가을 패션 스타일링을 위한 다양한 아이디어와 트렌드,mistralai/mistral-nemotron,2026-06-02T02:14:18.684529+00:00,drop,76,intent_angle_cap:howto+tip
04-styling-2024-autumn-fril-style,04-styling,04,2024-autumn-fril-style,2024 가을 프릴 소재 스타일링,2024 가을 프릴 소재 스타일링 로맨틱한 감성 표현하기,howto,tip,가을에 어울리는 프릴 소재 아이템과 스타일링 아이디어,mistralai/mistral-nemotron,2026-06-02T02:14:18.684529+00:00,drop,76,intent_angle_cap:howto+tip
04-styling-2024-autumn-leather-style,04-styling,04,2024-autumn-leather-style,2024 가을 레더 재킷 스타일링,2024 가을 레더 재킷 스타일링 다양한 조합법,howto,tip,가을에 꼭 필요한 레더 재킷과 함께하는 다양한 스타일링 아이디어,mistralai/mistral-nemotron,2026-06-02T02:14:18.684529+00:00,drop,76,intent_angle_cap:howto+tip
04-styling-2024-autumn-oversize-style,04-styling,04,2024-autumn-oversize-style,2024 가을 오버핏 스타일링,2024 가을 오버핏 스타일링 트렌드와 조합법,howto,tip,편안하고 트렌디한 오버핏 스타일링 방법,mistralai/mistral-nemotron,2026-06-02T02:14:18.684529+00:00,drop,76,intent_angle_cap:howto+tip
04-styling-2024-autumn-shirt-dress,04-styling,04,2024-autumn-shirt-dress,2024 가을 셔츠룩 스타일링,2024 가을 셔츠룩 스타일링 다양한 조합법,howto,tip,가을에 어울리는 셔츠룩 스타일링 팁과 아이템 추천,mistralai/mistral-nemotron,2026-06-02T02:14:18.684529+00:00,drop,76,intent_angle_cap:howto+tip
04-styling-2024-autumn-street-style,04-styling,04,2024-autumn-street-style,2024 가을 스트릿룩 스타일링,2024 가을 스트릿룩 스타일링 핵심 아이템과 조합법,howto,tip,가을 트렌드에 맞는 스트릿룩 스타일링 포인트와 아이템 추천,mistralai/mistral-nemotron,2026-06-02T02:14:18.684529+00:00,drop,76,intent_angle_cap:howto+tip
04-styling-2024-autumn-tweed-style,04-styling,04,2024-autumn-tweed-style,2024 가을 트위드 소재 스타일링,2024 가을 트위드 소재 스타일링 트렌드와 조합법,howto,tip,클래식한 트위드 소재를 활용한 가을 스타일링 팁,mistralai/mistral-nemotron,2026-06-02T02:14:18.684529+00:00,drop,76,intent_angle_cap:howto+tip
04-styling-2024-fall-fashion-item-recommendation,04-styling,04,2024-fall-fashion-item-recommendation,2024 가을 패션 스타일링 아이템 추천,2024 가을 패션 스타일링 아이템 추천과 코디,howto,howto,2024년 가을 패션 스타일링 아이템 추천과 코디를 공유합니다.,mistralai/mistral-nemotron,2026-06-02T02:14:18.684529+00:00,drop,72,intent_angle_cap:howto+howto
05-baseball-analysis-2024-kbo-hitting-analysis,05-baseball-analysis,05,2024-kbo-hitting-analysis,2024시즌 KBO 타격 분석,2024시즌 KBO 타격 분석하는 방법와 중요성,howto,tip,2024시즌 KBO 타격을 분석하는 방법와 중요성,mistralai/mistral-nemotron,2026-06-02T02:14:18.684529+00:00,drop,60,intent_angle_cap:howto+tip
05-baseball-analysis-2024-kbo-pitcher-analysis,05-baseball-analysis,05,2024-kbo-pitcher-analysis,2024시즌 KBO 투수 분석,2024시즌 KBO 투수 분석하는 방법와 중요성,howto,tip,2024시즌 KBO 투수들을 분석하는 방법와 중요성,mistralai/mistral-nemotron,2026-06-02T02:14:18.684529+00:00,drop,60,intent_angle_cap:howto+tip
05-baseball-analysis-2024-kbo-rookie-analysis,05-baseball-analysis,05,2024-kbo-rookie-analysis,2024시즌 KBO 신인 선수 분석,2024시즌 KBO 신인 선수 분석하는 방법와 중요성,howto,tip,2024시즌 KBO 신인 선수들을 분석하는 방법와 중요성,mistralai/mistral-nemotron,2026-06-02T02:14:18.684529+00:00,drop,60,intent_angle_cap:howto+tip
05-baseball-analysis-2024-kbo-statistics-analysis,05-baseball-analysis,05,2024-kbo-statistics-analysis,2024시즌 KBO 통계 분석,2024시즌 KBO 통계 분석하는 방법와 중요성,howto,tip,2024시즌 KBO 통계를 분석하는 방법와 중요성,mistralai/mistral-nemotron,2026-06-02T02:14:18.684529+00:00,drop,60,intent_angle_cap:howto+tip
05-baseball-analysis-2024-kbo-team-analysis,05-baseball-analysis,05,2024-kbo-team-analysis,2024시즌 KBO 팀별 분석,2024시즌 KBO 팀별 분석하는 방법와 중요성,howto,tip,2024시즌 KBO 팀별로 분석하는 방법와 중요성,mistralai/mistral-nemotron,2026-06-02T02:14:18.684529+00:00,drop,60,intent_angle_cap:howto+tip
05-baseball-analysis-2024-korean-baseball-hitting-data-analysis,05-baseball-analysis,05,2024-korean-baseball-hitting-data-analysis,2024시즌 한국야구 타격 데이터 분석,2024시즌 한국야구 타격 데이터 분석하는 방법,howto,tip,2024시즌 한국야구 타격 데이터를 분석하는 방법과 도구,mistralai/mistral-nemotron,2026-06-02T02:14:18.684529+00:00,drop,60,intent_angle_cap:howto+tip
05-baseball-analysis-kbo-player-investment-2024,05-baseball-analysis,05,kbo-player-investment-2024,2024 kbo 투자 분석,2024 KBO 선수 투자 가이드 및 분석 방법,howto,tip,2024년 KBO 선수 투자 전략과 분석 방법,mistralai/mistral-nemotron,2026-06-02T02:14:18.684529+00:00,drop,60,intent_angle_cap:howto+tip
05-game-highlight-worldcup-group-stage-highlights,05-game-highlight,05,worldcup-group-stage-highlights,월드컵 그룹리그 하이라이트,월드컵 그룹리그 하이라이트와 오스트레이션 분석,info,review,월드컵 그룹리그 경기에서의 하이라이트와 오스트레이션 분석을 제공합니다.,mistralai/mistral-nemotron,2026-06-02T02:14:18.684529+00:00,drop,62,intent_angle_cap:info+review
05-game-highlight-worldcup-korea-highlights,05-game-highlight,05,worldcup-korea-highlights,월드컵 예선 한국 경기 하이라이트,월드컵 예선 한국 경기 하이라이트와 선수 평가,info,review,월드컵 예선 경기에서 한국 팀의 경기 하이라이트와 선수 평가를 제공합니다.,mistralai/mistral-nemotron,2026-06-02T02:14:18.684529+00:00,drop,62,intent_angle_cap:info+review
05-game-highlight-euro-2024-highlights,05-game-highlight,05,euro-2024-highlights,유로 2024 하이라이트,유로 2024 경기 하이라이트와 선수별 분석,info,review,유로 2024 경기에서의 하이라이트와 선수별 분석을 제공합니다.,mistralai/mistral-nemotron,2026-06-02T02:14:18.684529+00:00,drop,42,intent_angle_cap:info+review
05-international-sports-premier-league-lineup-2024,05-international-sports,05,premier-league-lineup-2024,2024 프리미어리그 라인업 분석,2024 프리미어리그 주요 팀 라인업 분석,info,issue,2024년 프리미어리그 주요 팀의 라인업 변화를 분석합니다.,mistralai/mistral-nemotron,2026-06-02T02:14:18.684529+00:00,drop,34,intent_angle_cap:info+issue
05-international-sports-la-liga-highlights-2023,05-international-sports,05,la-liga-highlights-2023,라리가 명장면 2023,라리가 명장면 2023 모음 및 하이라이트,info,issue,2023년 라리가에서 기록된 명장면과 하이라이트를 모아보았습니다.,mistralai/mistral-nemotron,2026-06-02T02:14:18.684529+00:00,drop,19,intent_angle_cap:info+issue
05-player-profile-son-heung-min-debut-records,05-player-profile,05,son-heung-min-debut-records,손흥민 축구 선수의 프로 Début 기록,손흥민 축구 선수의 프로 Début 기록과 성장 과정,info,start,손흥민 선수의 프로 데뷔 기록과 성장 과정을 분석했습니다,mistralai/mistral-nemotron,2026-06-02T02:14:18.684529+00:00,drop,62,intent_angle_cap:info+start
05-player-profile-son-heung-min-pro-debut,05-player-profile,05,son-heung-min-pro-debut,손흥민 축구 선수의 프로 데뷔 기록,손흥민 축구 선수의 프로 데뷔 기록과 초기 경력,info,start,손흥민 축구 선수의 프로 데뷔 기록과 초기 경력을 정리했습니다.,mistralai/mistral-nemotron,2026-06-02T02:14:18.684529+00:00,drop,62,intent_angle_cap:info+start
05-player-profile-son-heung-min-pro-debut-2,05-player-profile,05,son-heung-min-pro-debut-2,손흥민 축구 선수 프로 데뷔 기록,손흥민 축구 선수 프로 데뷔 기록과 첫 시즌 성적,info,start,손흥민 선수의 프로 데뷔 기록과 첫 시즌 성적,mistralai/mistral-nemotron,2026-06-02T02:14:18.684529+00:00,drop,62,intent_angle_cap:info+start
05-player-profile-son-heung-min-profile,05-player-profile,05,son-heung-min-profile,손흥민 프로필 불구하고,손흥민 프로필: 생애 첫부처부터 국가대표 기록까지,info,start,손흥민의 성장 과정과 주요 기록을 한눈에 알아보기,mistralai/mistral-nemotron,2026-06-02T02:14:18.684529+00:00,drop,62,intent_angle_cap:info+start
05-player-profile-son-heung-min-profile-analysis,05-player-profile,05,son-heung-min-profile-analysis,손흥민 선수 프로필 상세 분석,손흥민 선수 프로필 상세 분석: 경력부터 성장 과정까지,info,start,손흥민 선수의 생애와 주요 경력을 상세히 분석한 프로필,mistralai/mistral-nemotron,2026-06-02T02:14:18.684529+00:00,drop,62,intent_angle_cap:info+start
05-player-profile-son-heung-min-profile-summary,05-player-profile,05,son-heung-min-profile-summary,손흥민 프로필 요약,손흥민 프로필 요약: 축구 선수의 핵심 정보,info,start,손흥민 축구 선수의 주요 경력과 프로필을 간략히 정리했습니다.,mistralai/mistral-nemotron,2026-06-02T02:14:18.684529+00:00,drop,62,intent_angle_cap:info+start
05-player-profile-son-heungmin-childhood-video,05-player-profile,05,son-heungmin-childhood-video,손흥민 축구 선수 어린시절 경기 영상 분석,손흥민 어린시절 경기 영상이 알려주는 선재적能力,info,start,초등학교 시절부터 빛나던 손흥민의 실력을 분석,mistralai/mistral-nemotron,2026-06-02T02:14:18.684529+00:00,drop,62,intent_angle_cap:info+start
05-soccer-league-k-league2-2023-rank,05-soccer-league,05,k-league2-2023-rank,2023년 K리그2 승점 순위,2023 K리그2 승점 순위표와 승격권 분석,info,review,2023년 K리그2 승점 순위표와 승격권 팀 분석,mistralai/mistral-nemotron,2026-06-02T02:14:18.684529+00:00,drop,27,intent_angle_cap:info+review
05-sports-event-2024-kleague-challenge-promotion-analysis,05-sports-event,05,2024-kleague-challenge-promotion-analysis,2024년 K리그 챌린지 승격팀 분석,2024 K리그 챌린지 승격팀 분석과 전망,info,issue,2024년 K리그 챌린지 승격팀 분석,mistralai/mistral-nemotron,2026-06-02T02:14:18.684529+00:00,drop,34,intent_angle_cap:info+issue
05-sports-event-2024-kleague-classic-champion-predict,05-sports-event,05,2024-kleague-classic-champion-predict,2024년 K리그 클래식 우승 후보 분석,2024 K리그 클래식 우승 후보 팀 분석,info,issue,2024 K리그 클래식 우승 후보 팀 분석,mistralai/mistral-nemotron,2026-06-02T02:14:18.684529+00:00,drop,34,intent_angle_cap:info+issue
05-sports-event-2024-womens-pro-soccer-opening,05-sports-event,05,2024-womens-pro-soccer-opening,2024년 여자 프로축구 리그 개막전 정보,2024 여성 프로축구 리그 개막전 정보와 유망주,info,issue,2024년 여자 프로축구 리그 개막전 정보,mistralai/mistral-nemotron,2026-06-02T02:14:18.684529+00:00,drop,34,intent_angle_cap:info+issue
05-sports-event-2025-k-league1-red-card-stats,05-sports-event,05,2025-k-league1-red-card-stats,2025년 K리그1 레드카드 통계,2025년 K리그1 레드카드 통계 및 유망주 분석,info,issue,2025년 K리그1에서 발생한 레드카드 통계와 유망주 분석,mistralai/mistral-nemotron,2026-06-02T02:14:18.684529+00:00,drop,34,intent_angle_cap:info+issue
05-sports-event-2025-kbo-draft-analysis,05-sports-event,05,2025-kbo-draft-analysis,2025년 KBO 리그 신인 드래프트,2025년 KBO 리그 신인 드래프트 분석 및 유망주 소개,info,issue,2025년 KBO 리그 신인 드래프트에서 주목할 유망주와 팀별 전략 분석,mistralai/mistral-nemotron,2026-06-02T02:14:18.684529+00:00,drop,34,intent_angle_cap:info+issue
05-sports-event-kbl-allstar-2024,05-sports-event,05,kbl-allstar-2024,2024년 한국프로농구 올스타전 라인업,2024년 한국프로농구 올스타전 출전 선수 명단 및 경기 방식,info,issue,2024년 한국프로농구 올스타전 라인업 분석 및 기대감,mistralai/mistral-nemotron,2026-06-02T02:14:18.684529+00:00,drop,34,intent_angle_cap:info+issue
05-sports-event-kleague-allstar-2024,05-sports-event,05,kleague-allstar-2024,2024년 K리그 올스타전 선수 명단,2024년 K리그 올스타전 출전 선수 명단 및 경기 방식,info,issue,2024년 K리그 올스타전 라인업 분석 및 기대감,mistralai/mistral-nemotron,2026-06-02T02:14:18.684529+00:00,drop,34,intent_angle_cap:info+issue
05-sports-health-sports-injury-rehab-exercises,05-sports-health,05,sports-injury-rehab-exercises,스포츠 부상 재활중인 운동,스포츠 부상 재활중인 운동으로 체력 유지하기,howto,tip,재활 기간에도 체력을 유지할 수 있는 운동법,mistralai/mistral-nemotron,2026-06-02T02:14:18.684529+00:00,drop,68,intent_angle_cap:howto+tip
05-sports-issue-swimming-world-record,05-sports-issue,05,swimming-world-record,수영 부문 세계 기록,최신 수영 부문 세계 기록 및 기록자 분석,info,issue,최신 수영 부문 세계 기록 및 기록자 분석,mistralai/mistral-nemotron,2026-06-02T02:14:18.684529+00:00,drop,54,intent_angle_cap:info+issue
05-sports-issue-swimming-world-record-update,05-sports-issue,05,swimming-world-record-update,수영 세계 기록 최신 업데이트,수영 세계 기록 최신 업데이트와 주요 선수 분석,info,issue,수영 세계 기록 최신 업데이트와 주요 선수 분석,mistralai/mistral-nemotron,2026-06-02T02:14:18.684529+00:00,drop,54,intent_angle_cap:info+issue
05-sports-issue-tennis-major-match-analysis,05-sports-issue,05,tennis-major-match-analysis,테니스 대회의 주요 경기 분석,테니스 대회의 주요 경기 분석과 전략,info,issue,테니스 대회의 주요 경기 분석과 전략,mistralai/mistral-nemotron,2026-06-02T02:14:18.684529+00:00,drop,54,intent_angle_cap:info+issue
05-sports-issue-esports-schedule-2023,05-sports-issue,05,esports-schedule-2023,e스포츠 대회 일정 2023,2023 e스포츠 주요 대회 일정 및 결과,info,issue,2023 e스포츠 주요 대회 일정 및 결과,mistralai/mistral-nemotron,2026-06-02T02:14:18.684529+00:00,drop,31,intent_angle_cap:info+issue
05-sports-issue-world-cup-team-2023,05-sports-issue,05,world-cup-team-2023,2023 월드컵 국가대표 선수단,2023 월드컵 국가대표 선수단 및 예선 경기 일정,info,issue,2023 월드컵 국가대표 선수단 및 예선 경기 일정,mistralai/mistral-nemotron,2026-06-02T02:14:18.684529+00:00,drop,31,intent_angle_cap:info+issue
05-sports-issue-k-league-transfer-news-2023,05-sports-issue,05,k-league-transfer-news-2023,K리그 이적 소식 2023,2023 K리그 이적 소식과 주요 선수 동향,info,issue,2023 K리그 이적 소식과 주요 선수 동향,mistralai/mistral-nemotron,2026-06-02T02:14:18.684529+00:00,drop,19,intent_angle_cap:info+issue
05-sports-issue-k-league-transfer-survey-2023,05-sports-issue,05,k-league-transfer-survey-2023,K리그 이적 설문 2023,2023 K리그 이적 설문 조사 결과와 분석,info,issue,2023년 K리그 이적 설문 조사 결과와 분석,mistralai/mistral-nemotron,2026-06-02T02:14:18.684529+00:00,drop,19,intent_angle_cap:info+issue
05-sports-issue-kbo-rookie-draft-analysis-2023,05-sports-issue,05,kbo-rookie-draft-analysis-2023,KBO 리그 신인 분석 2023,2023 KBO 리그 신인 드래프트 분석과 잠재력 평가,info,issue,2023 KBO 리그 신인 드래프트 분석과 잠재력 평가,mistralai/mistral-nemotron,2026-06-02T02:14:18.684529+00:00,drop,19,intent_angle_cap:info+issue
05-sports-issue-olympic-medal-candidates-2023,05-sports-issue,05,olympic-medal-candidates-2023,2023 올림픽 메달 후보,2023 올림픽에서 메달 후보 선수 분석,info,issue,2023 올림픽에서 메달 후보 선수 분석,mistralai/mistral-nemotron,2026-06-02T02:14:18.684529+00:00,drop,19,intent_angle_cap:info+issue
05-sports-issue-premier-league-2023-24-outlook,05-sports-issue,05,premier-league-2023-24-outlook,프리미어리그 2023-24 시즌 전망,프리미어리그 2023-24 시즌 전망과 주요 주목점,info,issue,프리미어리그 2023-24 시즌 주요 이슈와 전망,mistralai/mistral-nemotron,2026-06-02T02:14:18.684529+00:00,drop,19,intent_angle_cap:info+issue
05-sports-issue-premier-league-rank-2023,05-sports-issue,05,premier-league-rank-2023,프리미어리그 순위 분석 2023,2023 프리미어리그 순위 분석과 주요 변동 사항,info,issue,2023 프리미어리그 순위 분석과 주요 변동 사항,mistralai/mistral-nemotron,2026-06-02T02:14:18.684529+00:00,drop,19,intent_angle_cap:info+issue
05-sports-issue-premier-league-ranking-forecast-2023-24,05-sports-issue,05,premier-league-ranking-forecast-2023-24,프리미어리그 순위 전망 2023-24,프리미어리그 2023-24 시즌 순위 전망과 주요 팀 분석,info,issue,프리미어리그 2023-24 시즌 순위 전망과 주요 팀 분석,mistralai/mistral-nemotron,2026-06-02T02:14:18.684529+00:00,drop,19,intent_angle_cap:info+issue
05-sports-issue-sports-popularity-rank-2023,05-sports-issue,05,sports-popularity-rank-2023,2023 스포츠 별 관심도 순위,2023년 주요 스포츠 별 관심도 순위 및 분석,info,issue,2023년 주요 스포츠 별 관심도 순위 및 분석,mistralai/mistral-nemotron,2026-06-02T02:14:18.684529+00:00,drop,19,intent_angle_cap:info+issue
05-sports-issue-sports-popularity-ranking-2023,05-sports-issue,05,sports-popularity-ranking-2023,2023 스포츠 관심도 순위,2023 스포츠 관심도 순위와 주요 종목 분석,info,issue,2023 스포츠 관심도 순위와 주요 종목 분석,mistralai/mistral-nemotron,2026-06-02T02:14:18.684529+00:00,drop,19,intent_angle_cap:info+issue
05-sports-issue-sports-watch-points,05-sports-issue,05,sports-watch-points,2023 스포츠 별 관전 포인트,2023년 각 스포츠별 관전 포인트와 이슈,info,issue,2023년 각 스포츠별 주요 관전 포인트 분석,mistralai/mistral-nemotron,2026-06-02T02:14:18.684529+00:00,drop,19,intent_angle_cap:info+issue
05-sports-issue-tennis-match-analysis-2023,05-sports-issue,05,tennis-match-analysis-2023,테니스 경기 분석 2023,2023 테니스 주요 경기 분석 및 하이라이트,info,issue,2023 테니스 주요 경기 분석 및 하이라이트,mistralai/mistral-nemotron,2026-06-02T02:14:18.684529+00:00,drop,19,intent_angle_cap:info+issue
05-sports-issue-world-cup-national-team-review-2023,05-sports-issue,05,world-cup-national-team-review-2023,2023 월드컵 대표팀 평가,2023 월드컵 국가대표팀 평가와 주요 선수 분석,info,issue,2023년 월드컵 국가대표팀 평가와 주요 선수 분석,mistralai/mistral-nemotron,2026-06-02T02:14:18.684529+00:00,drop,19,intent_angle_cap:info+issue
05-sports-marketing-sports-marketing-vr-2,05-sports-marketing,05,sports-marketing-vr-2,스포츠 마케팅과 VR 기술 활용,스포츠 마케팅에서 VR 기술을 활용하는 방법,howto,howto,VR 기술을 스포츠 마케팅에 활용하는 방법을 안내합니다.,mistralai/mistral-nemotron,2026-06-02T02:14:18.684529+00:00,drop,80,intent_angle_cap:howto+howto
05-sports-marketing-sports-sponsorship-strategy,05-sports-marketing,05,sports-sponsorship-strategy,스포츠 마케팅과 스폰서십 전략,스포츠 마케팅에서 스폰서십 전략을 만드는 방법,howto,howto,스포츠 마케팅에서 스폰서십 전략을 효과적으로 만드는 방법을 안내합니다.,mistralai/mistral-nemotron,2026-06-02T02:14:18.684529+00:00,drop,80,intent_angle_cap:howto+howto
05-sports-marketing-sports-uniform-advertising,05-sports-marketing,05,sports-uniform-advertising,스포츠 마케팅과 유니폼 광고 효과,스포츠 유니폼 광고의 효과를 극대화하는 방법,howto,howto,스포츠 유니폼 광고 효과를 극대화하는 방법을 안내합니다.,mistralai/mistral-nemotron,2026-06-02T02:14:18.684529+00:00,drop,80,intent_angle_cap:howto+howto
05-sports-marketing-sports-uniform-marketing,05-sports-marketing,05,sports-uniform-marketing,스포츠 마케팅과 유니폼 디자인,스포츠 유니폼 디자인을 마케팅에 활용하는 방법,howto,howto,스포츠 유니폼 디자인을 마케팅에 효과적으로 활용하는 방법을 알려드립니다.,mistralai/mistral-nemotron,2026-06-02T02:14:18.684529+00:00,drop,80,intent_angle_cap:howto+howto
05-sports-marketing-youtube-advertising-sports-marketing,05-sports-marketing,05,youtube-advertising-sports-marketing,스포츠 마케팅 유튜브 광고 전략,스포츠 마케팅 유튜브 광고 전략과 효과적인 방법,howto,howto,유튜브 광고를 활용한 스포츠 마케팅 전략과 방법,mistralai/mistral-nemotron,2026-06-02T02:14:18.684529+00:00,drop,80,intent_angle_cap:howto+howto
05-sports-marketing-fan-event-marketing-planning,05-sports-marketing,05,fan-event-marketing-planning,스포츠 마케팅 팬 이벤트 기획 방법,팬 이벤트를 기획하는 스포츠 마케팅 전략,howto,howto,팬 이벤트를 성공적으로 기획하는 스포츠 마케팅 방법,mistralai/mistral-nemotron,2026-06-02T02:14:18.684529+00:00,drop,76,intent_angle_cap:howto+howto
05-sports-marketing-sports-marketing-roi,05-sports-marketing,05,sports-marketing-roi,스포츠 마케팅 ROI 측정 방법,스포츠 마케팅 ROI 측정 방법과 사례,howto,howto,스포츠 마케팅 ROI를 측정하는 방법,mistralai/mistral-nemotron,2026-06-02T02:14:18.684529+00:00,drop,76,intent_angle_cap:howto+howto
05-sports-marketing-local-community-sports-marketing,05-sports-marketing,05,local-community-sports-marketing,스포츠 마케팅 지역사회 협업 전략,지역사회와 협업하는 스포츠 마케팅 전략,howto,howto,지역사회와 협업하여 스포츠 마케팅 효과를 극대화하는 전략,mistralai/mistral-nemotron,2026-06-02T02:14:18.684529+00:00,drop,68,intent_angle_cap:howto+howto
05-sports-marketing-sports-team-fan-community,05-sports-marketing,05,sports-team-fan-community,스포츠 팀 팬 커뮤니티 운영,스포츠 팀 팬 커뮤니티 운영 전략과 사례,howto,howto,스포츠 팀 팬 커뮤니티를 운영하는 전략,mistralai/mistral-nemotron,2026-06-02T02:14:18.684529+00:00,drop,68,intent_angle_cap:howto+howto
05-sports-marketing-twitter-advertising-sports-marketing,05-sports-marketing,05,twitter-advertising-sports-marketing,스포츠 마케팅 트위터 광고 전략,트위터를 활용한 스포츠 마케팅 광고 전략,howto,howto,트위터 광고를 활용한 스포츠 마케팅 전략과 방법,mistralai/mistral-nemotron,2026-06-02T02:14:18.684529+00:00,drop,68,intent_angle_cap:howto+howto
06-car-accessories-car-heated-blanket,06-car-accessories,06,car-heated-blanket,차가운 날씨 차량용 전기 담요,차가운 날씨량용 전기 담요 사용법과 추천 제품 5가지,howto,howto,추운 날 차량에서 사용하기 좋은 전용 전기 담요 정보,mistralai/mistral-nemotron,2026-06-02T02:14:18.684529+00:00,drop,84,intent_angle_cap:howto+howto
06-car-accessories-car-microwave,06-car-accessories,06,car-microwave,차량용 휴대용 전자레인지,차량용 휴대용 전자레인지 작동 원리와 추천 제품 3가지,howto,howto,차량에서 식품을 간편하게 데울 수 있는 휴대용 전자레인지 정보,mistralai/mistral-nemotron,2026-06-02T02:14:18.684529+00:00,drop,84,intent_angle_cap:howto+howto
06-car-accessories-car-portable-water-purifier,06-car-accessories,06,car-portable-water-purifier,차량용 휴대용 정수기,차량용 휴대용 정수기 추천 및 사용법 안내,info,howto,차량용 휴대용 정수기 사용법과 추천 제품 정보,mistralai/mistral-nemotron,2026-06-02T02:14:18.684529+00:00,drop,78,intent_angle_cap:info+howto
06-car-comparison-compare-small-car-minicar,06-car-comparison,06,compare-small-car-minicar,소형차 vs 미니카 비교,소형차와 미니카의 차이점과 적합한 용도 비교,compare,compare,소형차와 미니카의 차이점을 비교하여 어떤 모델이 더 적합한지 분석합니다.,mistralai/mistral-nemotron,2026-06-02T02:14:18.684529+00:00,drop,78,intent_angle_cap:compare+compare
06-car-comparison-compare-small-compact-car,06-car-comparison,06,compare-small-compact-car,소형차 vs 콤팩트차 차이점,소형차와 콤팩트차의 차이점과 장단점 비교,compare,compare,소형차와 콤팩트차를 비교하여 장단점과 적합한 용도를 분석합니다.,mistralai/mistral-nemotron,2026-06-02T02:14:18.684529+00:00,drop,78,intent_angle_cap:compare+compare
06-car-comparison-compare-small-suv-minivan,06-car-comparison,06,compare-small-suv-minivan,소형 SUV vs 미니밴 비교,소형 SUV와 미니밴의 차이점과 적합한 용도 비교,compare,compare,소형 SUV와 미니밴의 차이점을 비교하여 어떤 모델이 더 적합한지 분석합니다.,mistralai/mistral-nemotron,2026-06-02T02:14:18.684529+00:00,drop,78,intent_angle_cap:compare+compare
06-car-comparison-compare-suv-sedan-fuel,06-car-comparison,06,compare-suv-sedan-fuel,SUV vs 세단 연비 차이,SUV와 세단의 연비 차이 비교와 실용성 분석,compare,compare,SUV와 세단의 연비 차이를 비교하여 어떤 모델이 더 경제적인지 분석합니다.,mistralai/mistral-nemotron,2026-06-02T02:14:18.684529+00:00,drop,78,intent_angle_cap:compare+compare
06-car-comparison-diesel-vs-gasoline-fuel-efficiency,06-car-comparison,06,diesel-vs-gasoline-fuel-efficiency,디젤차 vs 휘발유차 연비 비교,디젤차와 휘발유차의 연비 차이 비교,compare,compare,디젤차와 휘발유차의 연비를 비교하여 구매 시 참고할 수 있도록 정리했습니다.,mistralai/mistral-nemotron,2026-06-02T02:14:18.684529+00:00,drop,78,intent_angle_cap:compare+compare
06-car-comparison-hybrid-car-pros-cons,06-car-comparison,06,hybrid-car-pros-cons,하이브리드차 장단점 비교,하이브리드차 장점과 단점의 상세 비교 분석,compare,compare,하이브리드차의 장단점을 비교하여 구매 전 참고할 수 있도록 정리했습니다.,mistralai/mistral-nemotron,2026-06-02T02:14:18.684529+00:00,drop,78,intent_angle_cap:compare+compare
06-car-comparison-korean-vs-japanese-suv,06-car-comparison,06,korean-vs-japanese-suv,한국형 SUV vs 일본형 SUV 비교,국산 SUV와 일본산 SUV 성능 및 디자인 비교,compare,compare,한국형과 일본형 SUV의 차이점을 비교 분석합니다.,mistralai/mistral-nemotron,2026-06-02T02:14:18.684529+00:00,drop,78,intent_angle_cap:compare+compare
06-car-comparison-suv-vs-minivan-utility,06-car-comparison,06,suv-vs-minivan-utility,SUV vs 미니밴 실용성 비교,SUV와 미니밴의 실용성 차이 비교 분석,compare,compare,SUV와 미니밴의 실용성을 비교하여 어떤 차이가 있는지 분석합니다.,mistralai/mistral-nemotron,2026-06-02T02:14:18.684529+00:00,drop,78,intent_angle_cap:compare+compare
06-car-comparison-suv-vs-sedan-ride-comfort,06-car-comparison,06,suv-vs-sedan-ride-comfort,SUV vs 세단 승차감 비교,SUV와 세단의 승차감 차이 비교 분석,compare,compare,SUV와 세단의 승차감을 비교하여 어떤 차이가 있는지 분석합니다.,mistralai/mistral-nemotron,2026-06-02T02:14:18.684529+00:00,drop,78,intent_angle_cap:compare+compare
06-car-comparison-2024-new-model-comparison,06-car-comparison,06,2024-new-model-comparison,2024년 신규 신차 모델 비교,2024년 새롭게 출시된 신차 모델 비교 분석,compare,compare,2024년 출시된 신차 모델의 성능과 특징을 비교합니다.,mistralai/mistral-nemotron,2026-06-02T02:14:18.684529+00:00,drop,70,intent_angle_cap:compare+compare
06-car-comparison-best-value-new-car-2024,06-car-comparison,06,best-value-new-car-2024,2024년 가장 경제적인 가성비 신차,2024년 가장 경제적인 가성비 신차 5종 비교,compare,compare,2024년 출시된 경제적인 가성비 신차 모델을 비교하여 설명합니다.,mistralai/mistral-nemotron,2026-06-02T02:14:18.684529+00:00,drop,70,intent_angle_cap:compare+compare
06-car-comparison-compact-vs-mini-usage-comparison-2024,06-car-comparison,06,compact-vs-mini-usage-comparison-2024,2024년 소형차 vs 미니카 실생활 사용법 비교,"2024년 소형차 vs 미니카 실생활 사용법 비교, 어떤 차가 더 편리한가?",compare,compare,2024년 소형차와 미니카의 실생활 사용법 비교,mistralai/mistral-nemotron,2026-06-02T02:14:18.684529+00:00,drop,70,intent_angle_cap:compare+compare
06-car-comparison-diesel-vs-hydrogen-car-comparison-2024,06-car-comparison,06,diesel-vs-hydrogen-car-comparison-2024,2024년 디젤차 vs 수소차 비교,"2024년 디젤차 vs 수소차 비교, 어떤 차가 더 환경 친화적인가?",compare,compare,2024년 디젤차와 수소차의 환경 영향 비교,mistralai/mistral-nemotron,2026-06-02T02:14:18.684529+00:00,drop,70,intent_angle_cap:compare+compare
06-car-comparison-domestic-vs-imported-compact-car-2024,06-car-comparison,06,domestic-vs-imported-compact-car-2024,2024년 국산 소형차 vs 수입 소형차 비교,"2024년 국산 소형차 vs 수입 소형차, 어떤 차가 더 나을까?",compare,compare,2024년 국산과 수입 소형차 모델의 장단점 비교,mistralai/mistral-nemotron,2026-06-02T02:14:18.684529+00:00,drop,70,intent_angle_cap:compare+compare
06-car-comparison-ev-vs-hydrogen-interior-comparison-2024,06-car-comparison,06,ev-vs-hydrogen-interior-comparison-2024,2024년 전기차 vs 수소차 인테리어 비교,"2024년 전기차 vs 수소차 인테리어 비교, 어떤 차가 더 고급스러운가?",compare,compare,2024년 전기차와 수소차의 인테리어 비교 분석,mistralai/mistral-nemotron,2026-06-02T02:14:18.684529+00:00,drop,70,intent_angle_cap:compare+compare
06-car-comparison-ev-vs-hydrogen-mileage-comparison-2024,06-car-comparison,06,ev-vs-hydrogen-mileage-comparison-2024,2024년 전기차 vs 수소차 연비 비교,"2024년 전기차 vs 수소차 연비 비교, 어떤 차가 더 경제적일까?",compare,compare,2024년 전기차와 수소차의 연비 차이 비교 분석,mistralai/mistral-nemotron,2026-06-02T02:14:18.684529+00:00,drop,70,intent_angle_cap:compare+compare
06-car-comparison-hybrid-vs-ev-maintenance-cost-2024,06-car-comparison,06,hybrid-vs-ev-maintenance-cost-2024,2024년 하이브리드차 vs 전기차 유지비 비교,"2024년 하이브리드차 vs 전기차 유지비 비교, 어떤 차가 더 경제적일까?",compare,compare,2024년 하이브리드차와 전기차의 유지비 차이 비교,mistralai/mistral-nemotron,2026-06-02T02:14:18.684529+00:00,drop,70,intent_angle_cap:compare+compare
06-car-comparison-hybrid-vs-plug-in-hybrid-comparison-2024,06-car-comparison,06,hybrid-vs-plug-in-hybrid-comparison-2024,2024년 하이브리드차 vs 플러그인 하이브리드 비교,"2024년 하이브리드차 vs 플러그인 하이브리드차 비교, 어떤 차가 더 경제적일까?",compare,compare,2024년 하이브리드차와 플러그인 하이브리드차의 경제성 비교,mistralai/mistral-nemotron,2026-06-02T02:14:18.684529+00:00,drop,70,intent_angle_cap:compare+compare
06-car-comparison-midsize-vs-large-car-practicality-2024,06-car-comparison,06,midsize-vs-large-car-practicality-2024,2024년 중형차 vs 대형차 실용성 비교,"2024년 중형차 vs 대형차 실용성 비교, 어떤 차가 더 실용적인가?",compare,compare,2024년 중형차와 대형차의 실용성 비교 분석,mistralai/mistral-nemotron,2026-06-02T02:14:18.684529+00:00,drop,70,intent_angle_cap:compare+compare
06-car-comparison-minivan-vs-sedan-practicality-comparison-2024,06-car-comparison,06,minivan-vs-sedan-practicality-comparison-2024,2024년 미니밴 vs 세단 실용성 비교,"2024년 미니밴 vs 세단 실용성 비교, 어떤 차가 더 실용적인가?",compare,compare,2024년 미니밴과 세단의 실용성 비교 분석,mistralai/mistral-nemotron,2026-06-02T02:14:18.684529+00:00,drop,70,intent_angle_cap:compare+compare
06-car-comparison-new-car-exterior-noise-comparison-2024,06-car-comparison,06,new-car-exterior-noise-comparison-2024,2024년 신차 실외 소음 비교,2024년 신차 모델별 실외 소음 비교 분석,compare,compare,2024년 출시된 신차 모델의 실외 소음을 비교합니다.,mistralai/mistral-nemotron,2026-06-02T02:14:18.684529+00:00,drop,70,intent_angle_cap:compare+compare
06-car-comparison-new-car-interior-space-comparison-2024,06-car-comparison,06,new-car-interior-space-comparison-2024,2024년 신차 실내 공간 비교,2024년 신차 모델별 실내 공간 비교 분석,compare,compare,2024년 출시된 신차 모델의 실내 공간을 비교합니다.,mistralai/mistral-nemotron,2026-06-02T02:14:18.684529+00:00,drop,70,intent_angle_cap:compare+compare
06-car-comparison-new-car-warranty-comparison-2024,06-car-comparison,06,new-car-warranty-comparison-2024,2024년 신차 무상A/S 기간 비교,2024년 신차 모델별 무상A/S 기간 비교,compare,compare,2024년 출시된 신차 모델의 무상A/S 기간을 비교합니다.,mistralai/mistral-nemotron,2026-06-02T02:14:18.684529+00:00,drop,70,intent_angle_cap:compare+compare
06-car-comparison-suv-interior-comparison-2024,06-car-comparison,06,suv-interior-comparison-2024,2024년 SUV 인테리어 비교,2024년 주요 SUV 모델의 인테리어 비교,compare,compare,2024년 출시된 주요 SUV 모델의 인테리어를 비교합니다.,mistralai/mistral-nemotron,2026-06-02T02:14:18.684529+00:00,drop,70,intent_angle_cap:compare+compare
06-car-comparison-suv-interior-space-comparison-2024,06-car-comparison,06,suv-interior-space-comparison-2024,2024년 SUV 실내 공간 비교,"2024년 SUV 모델별 실내 공간 비교, 어떤 차가 더 넓은가?",compare,compare,2024년 SUV 모델의 실내 공간 비교 분석,mistralai/mistral-nemotron,2026-06-02T02:14:18.684529+00:00,drop,70,intent_angle_cap:compare+compare
06-car-comparison-suv-ride-comfort-comparison-2024,06-car-comparison,06,suv-ride-comfort-comparison-2024,2024년 SUV 승차감 비교,"2024년 SUV 모델별 승차감 비교, 어떤 차가 더 편안한가?",compare,compare,2024년 출신 SUV 모델의 승차감 비교 리뷰,mistralai/mistral-nemotron,2026-06-02T02:14:18.684529+00:00,drop,70,intent_angle_cap:compare+compare
06-car-comparison-suv-vs-minivan-mileage-2024,06-car-comparison,06,suv-vs-minivan-mileage-2024,2024년 SUV vs 미니밴 연비 비교,"2024년 SUV와 미니밴 연비 비교, 어떤 차가 더 경제적일까?",compare,compare,2024년 SUV와 미니밴 모델의 연비 차이 비교 분석,mistralai/mistral-nemotron,2026-06-02T02:14:18.684529+00:00,drop,70,intent_angle_cap:compare+compare
06-car-comparison-suv-vs-minivan-ride-comfort-comparison-2024,06-car-comparison,06,suv-vs-minivan-ride-comfort-comparison-2024,2024년 SUV vs 미니밴 승차감 비교,"2024년 SUV vs 미니밴 승차감 비교, 어떤 차가 더 편안한가?",compare,compare,2024년 SUV와 미니밴의 승차감 비교 분석,mistralai/mistral-nemotron,2026-06-02T02:14:18.684529+00:00,drop,70,intent_angle_cap:compare+compare
06-car-comparison-suv-vs-sedan-interior-space-comparison-2024,06-car-comparison,06,suv-vs-sedan-interior-space-comparison-2024,2024년 SUV vs 세단 실내 공간 비교,"2024년 SUV vs 세단 실내 공간 비교, 어떤 차가 더 넓은가?",compare,compare,2024년 SUV와 세단의 실내 공간 비교 분석,mistralai/mistral-nemotron,2026-06-02T02:14:18.684529+00:00,drop,70,intent_angle_cap:compare+compare
06-car-comparison-suv-vs-sedan-practicality-comparison-2024,06-car-comparison,06,suv-vs-sedan-practicality-comparison-2024,2024년 SUV vs 세단 실용성 비교,"2024년 SUV vs 세단 실용성 비교, 어떤 차가 더 실용적인가?",compare,compare,2024년 SUV와 세단의 실용성 비교 분석,mistralai/mistral-nemotron,2026-06-02T02:14:18.684529+00:00,drop,70,intent_angle_cap:compare+compare
06-car-inspection-car-bumper-inspection,06-car-inspection,06,car-bumper-inspection,자동차 범퍼 점검 방법,자동차 범퍼 점검 방법과 손상 방지 팁,howto,tip,자동차 범퍼 점검 방법과 손상 방지 팁,mistralai/mistral-nemotron,2026-06-02T02:14:18.684529+00:00,drop,92,intent_angle_cap:howto+tip
06-car-inspection-car-check-summer,06-car-inspection,06,car-check-summer,여름철 자동차 점검 팁,여름철 자동차 점검팁과 사계절별 관리법,howto,tip,여름철 자동차 점검방법과 사계절별 관리법을 확인하세요.,mistralai/mistral-nemotron,2026-06-02T02:14:18.684529+00:00,drop,92,intent_angle_cap:howto+tip
06-car-inspection-car-engine-inspection,06-car-inspection,06,car-engine-inspection,자동차 엔진 점검 방법,자동차 엔진 점검 방법과 주의사항,howto,tip,자동차 엔진 점검을 위한 단계별 가이드와 주의사항,mistralai/mistral-nemotron,2026-06-02T02:14:18.684529+00:00,drop,92,intent_angle_cap:howto+tip
06-car-inspection-car-inspection-at-garage,06-car-inspection,06,car-inspection-at-garage,자동차 차고 점검 팁,차고에서 할 수 있는 자동차 점검 팁,howto,tip,집에서 할 수 있는 자동차 점검 방법,mistralai/mistral-nemotron,2026-06-02T02:14:18.684529+00:00,drop,92,intent_angle_cap:howto+tip
06-car-inspection-choosing-car-repair-shop,06-car-inspection,06,choosing-car-repair-shop,자동차 정비소 선택 팁,신뢰할 수 있는 정비소 선택 방법과 팁,howto,tip,좋은 정비소 선택 방법 안내,mistralai/mistral-nemotron,2026-06-02T02:14:18.684529+00:00,drop,92,intent_angle_cap:howto+tip
06-car-inspection-exhaust-valve-inspection,06-car-inspection,06,exhaust-valve-inspection,배기 밸브 점검 방법,배기 밸브 점검 방법과 교체 시기,howto,tip,배기 밸브 점검 방법과 올바른 교체 시기,mistralai/mistral-nemotron,2026-06-02T02:14:18.684529+00:00,drop,92,intent_angle_cap:howto+tip
06-car-maintenance-check-engine-oil,06-car-maintenance,06,check-engine-oil,자동차 엔진 오일 점검 방법,자동차 엔진 오일 점검 방법과 주의사항,howto,howto,자동차 엔진 오일을 점검하는 올바른 방법과 주의사항을 설명합니다.,mistralai/mistral-nemotron,2026-06-02T02:14:18.684529+00:00,drop,92,intent_angle_cap:howto+howto
06-car-maintenance-cruise-control-maintenance-guide,06-car-maintenance,06,cruise-control-maintenance-guide,자동차 크루즈 컨트롤 정비 방법,자동차 크루즈 컨트롤 정비 방법과 문제 해결 팁,howto,howto,자동차 크루즈 컨트롤 정비 방법과 문제 해결 팁,mistralai/mistral-nemotron,2026-06-02T02:14:18.684529+00:00,drop,92,intent_angle_cap:howto+howto
06-car-maintenance-headlight-maintenance-guide,06-car-maintenance,06,headlight-maintenance-guide,자동차 전조등 정비 방법,자동차 전조등 정비 방법과 조정 방법,howto,howto,자동차 전조등 정비 방법과 조정 방법,mistralai/mistral-nemotron,2026-06-02T02:14:18.684529+00:00,drop,92,intent_angle_cap:howto+howto
06-car-maintenance-how-to-choose-car-repair-shop,06-car-maintenance,06,how-to-choose-car-repair-shop,자동차 정비소 선택 방법,자동차 정비소를 선택하는 5가지 방법,howto,howto,신뢰할 수 있는 정비소를 선택하는 방법과 팁을 제공합니다.,mistralai/mistral-nemotron,2026-06-02T02:14:18.684529+00:00,drop,92,intent_angle_cap:howto+howto
06-car-maintenance-spark-plug-replacement-guide,06-car-maintenance,06,spark-plug-replacement-guide,자동차 스파크 플러그 교체 방법,자동차 스파크 플러그 교체 방법과 주의사항,howto,howto,자동차 스파크 플러그 교체 방법과 주의사항 가이드,mistralai/mistral-nemotron,2026-06-02T02:14:18.684529+00:00,drop,92,intent_angle_cap:howto+howto
06-car-maintenance-car-maintenance-safety,06-car-maintenance,06,car-maintenance-safety,자동차 정비할 때 주의할 점,자동차 정비할 때 주의할 점과 안전 수칙,howto,howto,자동차 정비 시 주의사항과 안전 조치 방법,mistralai/mistral-nemotron,2026-06-02T02:14:18.684529+00:00,drop,84,intent_angle_cap:howto+howto
06-car-maintenance-car-maintenance-video,06-car-maintenance,06,car-maintenance-video,자동차 정비 실습 영상,자동차 정비 실습 영상 추천과 초보자 가이드,howto,howto,자동차 정비 실습 영상 추천과 초보자 안내,mistralai/mistral-nemotron,2026-06-02T02:14:18.684529+00:00,drop,84,intent_angle_cap:howto+howto
06-car-maintenance-suspension-maintenance-guide,06-car-maintenance,06,suspension-maintenance-guide,자동차 서스펜션 정비 가이드,자동차 서스펜션 정비 가이드와 주의할 점,howto,howto,자동차 서스펜션 정비 방법과 주의사항,mistralai/mistral-nemotron,2026-06-02T02:14:18.684529+00:00,drop,84,intent_angle_cap:howto+howto
06-car-maintenance-car-maintenance-materials,06-car-maintenance,06,car-maintenance-materials,자동차 정비 자재 추천,자동차 정비 자재 추천과 구매 가이드,howto,howto,자동차 정비용 자재 추천과 효율적인 사용법,mistralai/mistral-nemotron,2026-06-02T02:14:18.684529+00:00,drop,80,intent_angle_cap:howto+howto
06-car-news-self-driving-trends-2024,06-car-news,06,self-driving-trends-2024,자율주행 기술 최신 동향,2024년 자율주행 기술 동향과 주요 업체 현황,info,issue,최신 자율주행 기술 개발 현황과 시장 동향,mistralai/mistral-nemotron,2026-06-02T02:14:18.684529+00:00,drop,62,intent_angle_cap:info+issue
06-driving-tips-improve-car-fuel-efficiency,06-driving-tips,06,improve-car-fuel-efficiency,차량 연비 개선 방법,차량 연비 개선 방법과 경제적인 주행 팁,howto,tip,차량 연비 개선 방법과 경제적인 주행 팁,mistralai/mistral-nemotron,2026-06-02T02:14:18.684529+00:00,drop,92,intent_angle_cap:howto+tip
06-driving-tips-prevent-road-scrape-accident,06-driving-tips,06,prevent-road-scrape-accident,도로 긁힘 사고 예방 방법,도로 긁힘 사고를 예방하는 실용적인 방법,howto,tip,도로 긁힘 사고 예방과 대비 방법,mistralai/mistral-nemotron,2026-06-02T02:14:18.684529+00:00,drop,92,intent_angle_cap:howto+tip
06-driving-tips-reduce-car-noise-vibration,06-driving-tips,06,reduce-car-noise-vibration,차량 소음 진동 감소 방법,차량 소음 진동 감소 방법과 편안한 주행 팁,howto,tip,차량 소음 진동 감소 방법과 편안한 주행 팁,mistralai/mistral-nemotron,2026-06-02T02:14:18.684529+00:00,drop,92,intent_angle_cap:howto+tip
06-driving-tips-safe-driving-in-construction-zone,06-driving-tips,06,safe-driving-in-construction-zone,공사구 안전운전 팁,공사구 안전운전 5가지 핵심 팁,howto,tip,공사구에서 안전하게 운전을 하는 방법,mistralai/mistral-nemotron,2026-06-02T02:14:18.684529+00:00,drop,92,intent_angle_cap:howto+tip
06-driving-tips-safe-driving-on-rainy-days,06-driving-tips,06,safe-driving-on-rainy-days,비 오는 날 안전주행 팁,비 오는 날 안전주행 7가지 팁,howto,tip,비 오는 날 운전 시 안전하게 운전을 하는 방법,mistralai/mistral-nemotron,2026-06-02T02:14:18.684529+00:00,drop,92,intent_angle_cap:howto+tip
06-driving-tips-safe-highway-driving,06-driving-tips,06,safe-highway-driving,고속도로 안전운전 팁,고속도로 안전운전 7가지 핵심 팁,howto,tip,고속도로에서 안전하게 운전을 하는 방법,mistralai/mistral-nemotron,2026-06-02T02:14:18.684529+00:00,drop,92,intent_angle_cap:howto+tip
06-driving-tips-safe-night-driving,06-driving-tips,06,safe-night-driving,야간 운전 팁,야간 운전 시 안전하게 운전을 하는 6가지 팁,howto,tip,야간에 안전하게 운전을 하는 방법,mistralai/mistral-nemotron,2026-06-02T02:14:18.684529+00:00,drop,92,intent_angle_cap:howto+tip
06-driving-tips-seasonal-car-maintenance,06-driving-tips,06,seasonal-car-maintenance,차량 계절별 관리 팁,차량 계절별 관리하는 4가지 핵심 팁,howto,tip,계절별 차량 관리하는 방법,mistralai/mistral-nemotron,2026-06-02T02:14:18.684529+00:00,drop,92,intent_angle_cap:howto+tip
06-driving-tips-self-car-safety-check,06-driving-tips,06,self-car-safety-check,자기차량 안전 점검 방법,자기차량 안전 점검 방법과 주기적 관리 팁,howto,tip,자기차량 안전 점검 방법과 주기적 관리 팁,mistralai/mistral-nemotron,2026-06-02T02:14:18.684529+00:00,drop,92,intent_angle_cap:howto+tip
06-driving-tips-sleepy-driving-countermeasures,06-driving-tips,06,sleepy-driving-countermeasures,주행 중 졸음 대처 방법,운전 중 졸음 대처 최적 방법 총정리,howto,tip,주행 중 졸음 상태를 극복하는 실용적인 방법 모음,mistralai/mistral-nemotron,2026-06-02T02:14:18.684529+00:00,drop,92,intent_angle_cap:howto+tip
06-driving-tips-winter-mountain-driving,06-driving-tips,06,winter-mountain-driving,겨울철 능가능 안전운전 방법,겨울철 능가능 안전운전 방법과 주의사항,howto,tip,겨울철 능가능 안전운전 방법과 주의사항,mistralai/mistral-nemotron,2026-06-02T02:14:18.684529+00:00,drop,92,intent_angle_cap:howto+tip
07-ai-trend-free-ai-chatbot-compare-2024,07-ai-trend,07,free-ai-chatbot-compare-2024,AI 챗봇 무료 비교 2024,2024년 최신 AI 챗봇 무료 서비스 비교 분석,compare,compare,2024년 무료 AI 챗봇 서비스의 기능을 상세 비교합니다.,mistralai/mistral-nemotron,2026-06-02T02:14:18.684529+00:00,drop,70,intent_angle_cap:compare+compare
07-digital-security-smartphone-app-security,07-digital-security,07,smartphone-app-security,스마트폰 앱 보안 설정 방법,스마트폰 앱 보안 설정 방법 및 예방 팁,howto,howto,스마트폰 앱 보안 설정 방법과 예방 팁을 제공합니다.,mistralai/mistral-nemotron,2026-06-02T02:14:18.684529+00:00,drop,92,intent_angle_cap:howto+howto
07-digital-security-smartphone-privacy-settings,07-digital-security,07,smartphone-privacy-settings,스마트폰 개인정보 보호 설정 방법,스마트폰 개인정보 보호 설정하는 방법과 팁,howto,howto,스마트폰에서 개인정보를 보호하는 방법을 단계별로 안내합니다.,mistralai/mistral-nemotron,2026-06-02T02:14:18.684529+00:00,drop,92,intent_angle_cap:howto+howto
07-digital-security-smartphone-remote-access-block,07-digital-security,07,smartphone-remote-access-block,스마트폰 원격 접속 차단 방법,스마트폰 원격 접속을 차단하는 방법,howto,howto,스마트폰 원격 접속을 차단하는 방법 안내,mistralai/mistral-nemotron,2026-06-02T02:14:18.684529+00:00,drop,92,intent_angle_cap:howto+howto
07-digital-security-smartphone-remote-control,07-digital-security,07,smartphone-remote-control,스마트폰 원격 제어 차단 방법,스마트폰 원격 제어 차단 및 예방 팁,howto,howto,스마트폰 원격 제어를 차단하고 예방하는 방법을 안내합니다.,mistralai/mistral-nemotron,2026-06-02T02:14:18.684529+00:00,drop,92,intent_angle_cap:howto+howto
07-digital-security-sns-privacy-settings,07-digital-security,07,sns-privacy-settings,개인정보 보호를 위한 SNS 설정 방법,개인정보 보호를 위한 SNS 설정 방법 안내,howto,howto,개인정보 보호를 위한 SNS 설정 방법을 안내합니다.,mistralai/mistral-nemotron,2026-06-02T02:14:18.684529+00:00,drop,92,intent_angle_cap:howto+howto
07-digital-security-social-media-privacy,07-digital-security,07,social-media-privacy,소셜 미디어 개인정보 설정 방법,소셜 미디어에서 개인정보 설정하는 방법,howto,howto,소셜 미디어 개인정보 설정 방법 안내,mistralai/mistral-nemotron,2026-06-02T02:14:18.684529+00:00,drop,92,intent_angle_cap:howto+howto
07-network-tips-router-settings-backup,07-network-tips,07,router-settings-backup,공유기 설정 백업 방법,공유기 설정 백업 방법과 복구 가이드,howto,howto,공유기 설정 백업 방법과 복구 가이드,mistralai/mistral-nemotron,2026-06-02T02:14:18.684529+00:00,drop,92,intent_angle_cap:howto+howto
07-network-tips-wifi-channel-auto,07-network-tips,07,wifi-channel-auto,와이파이 채널 자동 설정 방법,와이파이 채널 자동 설정 방법과 장단점,howto,howto,와이파이 채널을 자동으로 설정하는 방법과 장단점,mistralai/mistral-nemotron,2026-06-02T02:14:18.684529+00:00,drop,92,intent_angle_cap:howto+howto
07-network-tips-wifi-encryption-setup,07-network-tips,07,wifi-encryption-setup,와이파이 암호화 설정 방법,와이파이 암호화 설정 방법을 단계별로 설명,howto,howto,와이파이 암호화 설정 방법을 단계별로 설명,mistralai/mistral-nemotron,2026-06-02T02:14:18.684529+00:00,drop,92,intent_angle_cap:howto+howto
07-network-tips-wifi-network-monitoring,07-network-tips,07,wifi-network-monitoring,와이파이 네트워크 모니터링 방법,와이파이 네트워크 모니터링 및 관리 방법,howto,howto,와이파이 네트워크 상태를 모니터링하는 방법,mistralai/mistral-nemotron,2026-06-02T02:14:18.684529+00:00,drop,92,intent_angle_cap:howto+howto
07-network-tips-wifi-network-optimization,07-network-tips,07,wifi-network-optimization,와이파이 네트워크 최적화 방법,와이파이 네트워크 최적화를 위한 실용적 팁,howto,howto,와이파이 네트워크 최적화를 위한 실용적 팁,mistralai/mistral-nemotron,2026-06-02T02:14:18.684529+00:00,drop,92,intent_angle_cap:howto+howto
07-network-tips-wifi-repeater-bandwidth,07-network-tips,07,wifi-repeater-bandwidth,와이파이 리피터 대역폭 설정 방법,와이파이 리피터 대역폭 설정 최적화 방법,howto,howto,와이파이 리피터에서 대역폭을 설정하는 방법,mistralai/mistral-nemotron,2026-06-02T02:14:18.684529+00:00,drop,92,intent_angle_cap:howto+howto
07-network-tips-wifi-router-settings,07-network-tips,07,wifi-router-settings,공유기 설정 방법,초보자도 따라할 수 있는 공유기 설정 방법,howto,howto,공유기 설정 스텝 가이드,mistralai/mistral-nemotron,2026-06-02T02:14:18.684529+00:00,drop,92,intent_angle_cap:howto+howto
07-network-tips-router-external-connection,07-network-tips,07,router-external-connection,공유기 외부 연결 설정,공유기 외부 연결 설정을 위한 가이드,howto,howto,공유기 외부 연결 설정을 위한 단계별 가이드,mistralai/mistral-nemotron,2026-06-02T02:14:18.684529+00:00,drop,84,intent_angle_cap:howto+howto
07-network-tips-wifi-aligner-guide,07-network-tips,07,wifi-aligner-guide,와이파이 정렬기 사용법,와이파이 정렬기 사용법 초보자 가이드,howto,howto,와이파이 신호 최적화를 위한 정렬기 사용 방법,mistralai/mistral-nemotron,2026-06-02T02:14:18.684529+00:00,drop,84,intent_angle_cap:howto+howto
07-pc-build-guide-beginner-pc-build-guide-2024,07-pc-build-guide,07,beginner-pc-build-guide-2024,2024년 초보자를 위한 PC 조립 가이드,초보자를 위한 2024년 PC 조립 가이드와 팁,howto,howto,2024년 초보자를 위한 PC 조립 방법과 팁을 제공합니다.,mistralai/mistral-nemotron,2026-06-02T02:14:18.684529+00:00,drop,88,intent_angle_cap:howto+howto
07-pc-build-guide-budget-gaming-pc-1m,07-pc-build-guide,07,budget-gaming-pc-1m,100만원 게이밍 PC 조립,100만원으로 만드는 게이밍 PC 조립 가이드,howto,howto,100만원 예산으로 최적의 게이밍 PC를 조립하는 방법,mistralai/mistral-nemotron,2026-06-02T02:14:18.684529+00:00,drop,84,intent_angle_cap:howto+howto
07-pc-build-guide-pc-assembly-guide-beginner,07-pc-build-guide,07,pc-assembly-guide-beginner,초보자 PC 조립 단계별 가이드,초보자도 쉽게 따라하는 PC 조립 단계별 가이드,howto,howto,PC 조립에 도전하는 초보자들을 위한 단계별 가이드,mistralai/mistral-nemotron,2026-06-02T02:14:18.684529+00:00,drop,84,intent_angle_cap:howto+howto
07-security-issue-online-game-security-tips-3,07-security-issue,07,online-game-security-tips-3,온라인 게임 보안 강화 팁,온라인 게임 보안 강화 팁 — 안전하게 플레이하는 방법,howto,tip,온라인 게임 보안을 강화하는 팁과 안전하게 플레이하는 방법,mistralai/mistral-nemotron,2026-06-02T02:14:18.684529+00:00,drop,92,intent_angle_cap:howto+tip
07-security-issue-password-management-tips,07-security-issue,07,password-management-tips,패스워드 관리 방법,패스워드 관리 방법과 안전한 설정,howto,tip,패스워드를 안전하게 관리하는 방법,mistralai/mistral-nemotron,2026-06-02T02:14:18.684529+00:00,drop,92,intent_angle_cap:howto+tip
07-security-issue-personal-data-leak-check,07-security-issue,07,personal-data-leak-check,개인정보 유출 확인 방법,개인정보 유출 확인하고 대응하는 방법,howto,tip,개인정보 유출 확인하고 대응하는 방법을 안내합니다.,mistralai/mistral-nemotron,2026-06-02T02:14:18.684529+00:00,drop,92,intent_angle_cap:howto+tip
07-security-issue-phishing-email-blocking,07-security-issue,07,phishing-email-blocking,피싱 이메일 차단 방법,피싱 이메일 차단하고 안전하게 관리하는 법,howto,tip,피싱 이메일을 차단하고 안전하게 관리하는 방법을 알려드립니다.,mistralai/mistral-nemotron,2026-06-02T02:14:18.684529+00:00,drop,92,intent_angle_cap:howto+tip
07-security-issue-public-wifi-safety-tips,07-security-issue,07,public-wifi-safety-tips,공공 와이파이 안전 사용 팁,공공 와이파이를 안전하게 사용하는 팁,howto,tip,공공 와이파이를 안전하게 사용하는 방법을 안내합니다.,mistralai/mistral-nemotron,2026-06-02T02:14:18.684529+00:00,drop,92,intent_angle_cap:howto+tip
07-security-issue-safe-online-shopping-tips,07-security-issue,07,safe-online-shopping-tips,온라인 쇼핑 결제 안전 팁,온라인 쇼핑 결제 시 안전 팁과 보안 조언,howto,tip,온라인 쇼핑 시 결제 과정의 보안 강화 방법,mistralai/mistral-nemotron,2026-06-02T02:14:18.684529+00:00,drop,92,intent_angle_cap:howto+tip
07-security-issue-smartphone-hacking-check,07-security-issue,07,smartphone-hacking-check,스마트폰 해킹 확인 방법,스마트폰 해킹 확인 방법 — 의심스러운 징후와 대응책,howto,tip,스마트폰이 해킹당했는지 확인하는 방법과 대응 전략,mistralai/mistral-nemotron,2026-06-02T02:14:18.684529+00:00,drop,92,intent_angle_cap:howto+tip
07-security-issue-smartphone-hacking-prevention,07-security-issue,07,smartphone-hacking-prevention,스마트폰 해킹 차단 방법,스마트폰 해킹 차단 방법 완벽 가이드,howto,tip,스마트폰 해킹을 막는 실용적인 팁 제공,mistralai/mistral-nemotron,2026-06-02T02:14:18.684529+00:00,drop,92,intent_angle_cap:howto+tip
07-security-issue-sns-account-hacking-response,07-security-issue,07,sns-account-hacking-response,SNS 계정 해킹 대처 방법,SNS 계정이 해킹당했을 때 대처 방법,howto,tip,SNS 계정이 해킹당했을 때 대처 방법을 알려드립니다.,mistralai/mistral-nemotron,2026-06-02T02:14:18.684529+00:00,drop,92,intent_angle_cap:howto+tip
07-security-issue-two-factor-authentication-setup,07-security-issue,07,two-factor-authentication-setup,두단계 인증 2FA 설정 방법,두단계 인증 2FA 설정하여 보안 강화하기,howto,tip,두단계 인증 2FA 설정을 통해 보안을 강화하는 방법을 안내합니다.,mistralai/mistral-nemotron,2026-06-02T02:14:18.684529+00:00,drop,92,intent_angle_cap:howto+tip
07-security-issue-internet-banking-safety,07-security-issue,07,internet-banking-safety,인터넷뱅킹 사기 대비,인터넷뱅킹 사기 대비와 안전 사용법,howto,tip,인터넷뱅킹 사기 대비와 안전 사용법,mistralai/mistral-nemotron,2026-06-02T02:14:18.684529+00:00,drop,84,intent_angle_cap:howto+tip
07-security-issue-ios-security-settings,07-security-issue,07,ios-security-settings,iOS 보안 설정 최적화,iOS 보안 설정 최적화하여 사생활 보호하기,howto,tip,iOS 보안 설정을 최적화하는 법을 소개합니다.,mistralai/mistral-nemotron,2026-06-02T02:14:18.684529+00:00,drop,84,intent_angle_cap:howto+tip
07-security-issue-iot-device-security,07-security-issue,07,iot-device-security,IoT 기기 보안,IoT 기기 보안과 안전 사용법,howto,tip,IoT 기기 보안과 안전 사용법,mistralai/mistral-nemotron,2026-06-02T02:14:18.684529+00:00,drop,84,intent_angle_cap:howto+tip
07-security-issue-online-shopping-fraud-prevention,07-security-issue,07,online-shopping-fraud-prevention,온라인 쇼핑 사기 피해 방지,온라인 쇼핑 사기 피해를 방지하는 법,howto,tip,온라인 쇼핑 사기 피해를 방지하는 방법을 설명합니다.,mistralai/mistral-nemotron,2026-06-02T02:14:18.684529+00:00,drop,84,intent_angle_cap:howto+tip
08-beauty-product-review-whitenips-review,08-beauty-product-review,08,whitenips-review,화이트닙스 화장품 후기,화이트닙스 화장품 실제 사용 후기 및 효과 분석,review,review,화이트닙스 제품별 사용 후기와 효과를 총정리,mistralai/mistral-nemotron,2026-06-02T02:14:18.684529+00:00,drop,78,intent_angle_cap:review+review
08-beauty-product-review-wumi-review,08-beauty-product-review,08,wumi-review,더블유미 화장품 후기,더블유미 화장품 후기와 효과 분석,review,review,더블유미 제품별 후기와 효과 분석,mistralai/mistral-nemotron,2026-06-02T02:14:18.684529+00:00,drop,78,intent_angle_cap:review+review
08-beauty-product-review-limited-edition-lipgloss-2023,08-beauty-product-review,08,limited-edition-lipgloss-2023,2023년 한정판 립글로스,2023년 한정판 립글로스 리뷰와 추천,review,review,2023년 한정판 립글로스의 장점과 단점,mistralai/mistral-nemotron,2026-06-02T02:14:18.684529+00:00,drop,43,intent_angle_cap:review+review
08-beauty-product-review-new-eyeshadow-2023,08-beauty-product-review,08,new-eyeshadow-2023,2023년 신상 아이섀도우,2023년 신상 아이섀도우 리뷰와 추천,review,review,2023년 신상 아이섀도우의 색감과 사용기,mistralai/mistral-nemotron,2026-06-02T02:14:18.684529+00:00,drop,43,intent_angle_cap:review+review
08-beauty-tips-summer-makeup-tips,08-beauty-tips,08,summer-makeup-tips,여름철 메이크업 팁,여름철 더운 날씨도 괜찮은 메이크업 노하우,howto,howto,더운 여름에도 지워지지 않는 메이크업 비법,mistralai/mistral-nemotron,2026-06-02T02:14:18.684529+00:00,drop,92,intent_angle_cap:howto+howto
08-beauty-tips-sunscreen-application-tips,08-beauty-tips,08,sunscreen-application-tips,자외선 차단제 바르기 팁,자외선 차단제 바를 때 꼭 알아야 할 6가지 팁,howto,howto,자외선 차단제를 효과적으로 바르는 법,mistralai/mistral-nemotron,2026-06-02T02:14:18.684529+00:00,drop,92,intent_angle_cap:howto+howto
08-beauty-tips-free-cosmetic-samples-2024,08-beauty-tips,08,free-cosmetic-samples-2024,화장품 샘플 무료 받기 2024,2024년 화장품 샘플 무료 받기 방법 총정리,howto,howto,2024년 화장품 샘플 무료로 받는 방법,mistralai/mistral-nemotron,2026-06-02T02:14:18.684529+00:00,drop,88,intent_angle_cap:howto+howto
08-beauty-tips-calm-skin-after-cosmetic-use,08-beauty-tips,08,calm-skin-after-cosmetic-use,화장품 사용 후 피부 진정법,화장품 사용 후 피부 진정시키는 법,howto,howto,화장품 사용 후 피부를 진정시키는 법,mistralai/mistral-nemotron,2026-06-02T02:14:18.684529+00:00,drop,84,intent_angle_cap:howto+howto
08-beauty-tips-cosmetic-allergy-treatment,08-beauty-tips,08,cosmetic-allergy-treatment,화장품 사용 후 알레르기 대응법,화장품 사용 후 알레르기 반응이 발생했을 때 대응법,howto,howto,화장품 사용 후 알레르기 반응이 발생했을 때 대응하는 법,mistralai/mistral-nemotron,2026-06-02T02:14:18.684529+00:00,drop,84,intent_angle_cap:howto+howto
08-beauty-tips-cosmetic-expiration-check,08-beauty-tips,08,cosmetic-expiration-check,화장품 유통기한 확인하는 법,화장품 유통기한 어떻게 확인하는지 단계별 안내,howto,howto,화장품 유통기한 확인하는 방법,mistralai/mistral-nemotron,2026-06-02T02:14:18.684529+00:00,drop,84,intent_angle_cap:howto+howto
08-beauty-tips-cosmetic-side-effect-treatment,08-beauty-tips,08,cosmetic-side-effect-treatment,화장품 사용 후 부작용 대처법,화장품 사용 후 부작용이 발생했을 때 대처하는 법,howto,howto,화장품 사용 후 부작용이 발생했을 때 대처하는 법,mistralai/mistral-nemotron,2026-06-02T02:14:18.684529+00:00,drop,84,intent_angle_cap:howto+howto
08-beauty-tips-face-slimming-makeup,08-beauty-tips,08,face-slimming-makeup,얼굴 라인 내리는 화장법,얼굴 라인을 날씬하게 보이게 하는 메이크업 기술,howto,howto,얼굴 라인을 날씬하게 보이게 하는 메이크업 팁,mistralai/mistral-nemotron,2026-06-02T02:14:18.684529+00:00,drop,84,intent_angle_cap:howto+howto
08-beauty-tips-skin-allergy-treatment-after-cosmetic-use,08-beauty-tips,08,skin-allergy-treatment-after-cosmetic-use,화장품 사용 후 피부 알레르기 대응법,화장품 사용 후 피부 알레르기가 발생했을 때 대응하는 법,howto,howto,화장품 사용 후 피부 알레르기가 발생했을 때 대응하는 법,mistralai/mistral-nemotron,2026-06-02T02:14:18.684529+00:00,drop,84,intent_angle_cap:howto+howto
08-beauty-tips-skin-trouble-treatment-after-cosmetic-use,08-beauty-tips,08,skin-trouble-treatment-after-cosmetic-use,화장품 사용 후 피부 트러블 대응법,화장품 사용 후 피부 트러블이 발생했을 때 대응하는 법,howto,howto,화장품 사용 후 피부 트러블이 발생했을 때 대응하는 법,mistralai/mistral-nemotron,2026-06-02T02:14:18.684529+00:00,drop,84,intent_angle_cap:howto+howto
08-hair-care-tips-hair-healthy-diet,08-hair-care-tips,08,hair-healthy-diet,모발 건강을 위한 식사법,모발 건강을 위한 식사법,howto,howto,머리 건강에 좋은 식습관과 영양소,mistralai/mistral-nemotron,2026-06-02T02:14:18.684529+00:00,drop,84,intent_angle_cap:howto+howto
08-hair-care-tips-hair-healthy-diet-guide,08-hair-care-tips,08,hair-healthy-diet-guide,모발 건강을 위한 식단,모발 건강을 위한 식단 구성법,howto,howto,모발 건강을 위한 식단을 구성하는 방법을 알려드립니다.,mistralai/mistral-nemotron,2026-06-02T02:14:18.684529+00:00,drop,84,intent_angle_cap:howto+howto
08-hair-care-tips-no-residue-shampooing,08-hair-care-tips,08,no-residue-shampooing,모발 더러움 없는 샴푸법,모발 더러움 없는 샴푸법,howto,howto,머리 감을 때 잔여물 없이 깔끔하게 하는 방법,mistralai/mistral-nemotron,2026-06-02T02:14:18.684529+00:00,drop,84,intent_angle_cap:howto+howto
08-hair-care-tips-scalp-massage-for-hair,08-hair-care-tips,08,scalp-massage-for-hair,모발 건강을 위한 두피 마사지법,모발 건강을 위한 두피 마사지법,howto,howto,두피 마사지로 머리 건강을 유지하는 방법,mistralai/mistral-nemotron,2026-06-02T02:14:18.684529+00:00,drop,84,intent_angle_cap:howto+howto
08-hair-product-review-sensitive-scalp-shampoo-recommend,08-hair-product-review,08,sensitive-scalp-shampoo-recommend,머리 피부 민감성 헤어 샴푸,민감한 머리 피부에 무난한 헤어 샴푸 추천,review,review,민감한 머리 피부에 적합한 헤어 샴푸 제품 리뷰,mistralai/mistral-nemotron,2026-06-02T02:14:18.684529+00:00,drop,78,intent_angle_cap:review+review
08-hair-product-review-dry-hair-cream-recommend,08-hair-product-review,08,dry-hair-cream-recommend,건조한 머리 헤어 크림 추천,건조한 머리에 좋은 헤어 크림 5가지,review,review,건조한 머리 관리에 효과적인 헤어 크림 제품 리뷰,mistralai/mistral-nemotron,2026-06-02T02:14:18.684529+00:00,drop,74,intent_angle_cap:review+review
08-hair-styling-tips-hair-spray-styling,08-hair-styling-tips,08,hair-spray-styling,헤어 스타일링을 위한 헤어 스프레이 활용 팁,헤어 스타일링을 위한 헤어 스프레이 활용 팁,howto,howto,헤어 스프레이를 활용한 다양한 스타일링 방법을 알려드립니다.,mistralai/mistral-nemotron,2026-06-02T02:14:18.684529+00:00,drop,92,intent_angle_cap:howto+howto
08-hair-styling-tips-hair-styling-setting,08-hair-styling-tips,08,hair-styling-setting,헤어 스타일링을 위한 세팅 방법,헤어 스타일링을 위한 세팅 방법과 팁,howto,howto,헤어 스타일링을 오래 유지하는 세팅 방법,mistralai/mistral-nemotron,2026-06-02T02:14:18.684529+00:00,drop,92,intent_angle_cap:howto+howto
08-hair-styling-tips-hair-wax-styling,08-hair-styling-tips,08,hair-wax-styling,헤어 스타일링을 위한 헤어 왁스 활용 팁,헤어 스타일링을 위한 헤어 왁스 활용 팁,howto,howto,헤어 왁스를 활용한 다양한 스타일링 방법을 알려드립니다.,mistralai/mistral-nemotron,2026-06-02T02:14:18.684529+00:00,drop,92,intent_angle_cap:howto+howto
08-hair-styling-tips-home-wave-styling,08-hair-styling-tips,08,home-wave-styling,집에서 하는 웨이브 스타일링 방법,집에서 하는 웨이브 스타일링 방법 완벽 가이드,howto,howto,집에서 손쉽게 웨이브 스타일링하는 방법을 소개합니다.,mistralai/mistral-nemotron,2026-06-02T02:14:18.684529+00:00,drop,92,intent_angle_cap:howto+howto
08-hair-styling-tips-keep-hair-clean,08-hair-styling-tips,08,keep-hair-clean,항상 깨끗한 머릿결 유지 방법,항상 깨끗한 머릿결 유지 방법 5가지,howto,howto,항상 깨끗한 머릿결을 유지하는 방법을 알려드립니다.,mistralai/mistral-nemotron,2026-06-02T02:14:18.684529+00:00,drop,92,intent_angle_cap:howto+howto
08-hair-styling-tips-magazine-style-hair,08-hair-styling-tips,08,magazine-style-hair,잡지 스타일 헤어 스타일링 방법,잡지 스타일 헤어 스타일링 방법 기분 전환,howto,howto,잡지에서 본 힘들지만 쉽게 따라할 수 있는 스타일링 방법.,mistralai/mistral-nemotron,2026-06-02T02:14:18.684529+00:00,drop,92,intent_angle_cap:howto+howto
08-hair-styling-tips-soft-wave-styling,08-hair-styling-tips,08,soft-wave-styling,부드러운 웨이브 스타일링 방법,부드러운 웨이브 스타일링 방법과 팁,howto,howto,부드러운 웨이브 헤어 스타일링 방법과 팁,mistralai/mistral-nemotron,2026-06-02T02:14:18.684529+00:00,drop,92,intent_angle_cap:howto+howto
08-hair-styling-tips-basic-hair-styling-techniques,08-hair-styling-tips,08,basic-hair-styling-techniques,헤어 스타일링을 위한 기본 기술,헤어 스타일링을 위한 기본 기술 5가지,howto,howto,헤어 스타일링을 위한 필수 기술,mistralai/mistral-nemotron,2026-06-02T02:14:18.684529+00:00,drop,84,intent_angle_cap:howto+howto
08-hair-styling-tips-dry-hair-styling,08-hair-styling-tips,08,dry-hair-styling,헤어 스타일링을 위한 드라이 헤어 아이디어,헤어 스타일링을 위한 드라이 헤어 아이디어,howto,howto,드라이 헤어를 활용한 다양한 스타일링 아이디어를 제공합니다.,mistralai/mistral-nemotron,2026-06-02T02:14:18.684529+00:00,drop,84,intent_angle_cap:howto+howto
08-hair-styling-tips-hair-accessories-styling,08-hair-styling-tips,08,hair-accessories-styling,헤어 스타일링을 위한 액세서리 활용,헤어 스타일링을 위한 액세서리 활용법,howto,howto,"헤어 클립, 밴드, 헤어핀 활용 방법",mistralai/mistral-nemotron,2026-06-02T02:14:18.684529+00:00,drop,84,intent_angle_cap:howto+howto
08-hair-styling-tips-steam-brush-hair-styling,08-hair-styling-tips,08,steam-brush-hair-styling,헤어 스타일링을 위한 스팀 브러시 사용법,스팀 브러시를 활용한 헤어 스타일링의 기본 사용법,howto,howto,스팀 브러시를 이용해 머릿결을 부드럽게 스타일링하는 방법을 알려드립니다.,mistralai/mistral-nemotron,2026-06-02T02:14:18.684529+00:00,drop,84,intent_angle_cap:howto+howto
08-makeup-product-recommendation-mascara-no-bristles,08-makeup-product-recommendation,08,mascara-no-bristles,기모도없는마스카라 추천,기모가 없는데도 볼륨감 있는 마스카라 6종 비교,compare,review,기모가 없는 마스카라 비교 및 볼륨 효과 검증,mistralai/mistral-nemotron,2026-06-02T02:14:18.684529+00:00,drop,69,intent_angle_cap:compare+review
08-makeup-product-recommendation-best-foundation-2024,08-makeup-product-recommendation,08,best-foundation-2024,고품질 파운데이션 추천,2024년 하루 종일 지워지지 않는 고품질 파운데이션 5선,compare,review,자외선 차단과 지속력이 뛰어나고 유해 성분이 없는 파운데이션 비교 리뷰,mistralai/mistral-nemotron,2026-06-02T02:14:18.684529+00:00,drop,66,intent_angle_cap:compare+review
08-skin-type-care-wrinkle-improvement,08-skin-type-care,08,wrinkle-improvement,피부 주름 개선 방법,피부 주름을 개선하는 방법과 제품 추천,howto,howto,피부 주름을 개선하는 방법과 제품을 소개합니다.,mistralai/mistral-nemotron,2026-06-02T02:14:18.684529+00:00,drop,92,intent_angle_cap:howto+howto
08-skin-type-care-combination-skin-management,08-skin-type-care,08,combination-skin-management,혼합피부 관리법,혼합피부 관리하는 방법과 제품 선택법,howto,howto,혼합피부를 관리하는 방법과 제품을 선택하는 팁을 제공합니다.,mistralai/mistral-nemotron,2026-06-02T02:14:18.684529+00:00,drop,91,intent_angle_cap:howto+howto
08-skincare-product-recommendation-winter-hydrating-sheet-mask,08-skincare-product-recommendation,08,winter-hydrating-sheet-mask,겨울철 장시간 보습 팩 추천,겨울철 장시간 보습 팩 추천 제품,review,review,겨울철 사용하기 좋은 보습 팩 리뷰,mistralai/mistral-nemotron,2026-06-02T02:14:18.684529+00:00,drop,74,intent_angle_cap:review+review
08-skincare-product-recommendation-new-skin-care-products-2024,08-skincare-product-recommendation,08,new-skin-care-products-2024,2024년 신제품 스킨케어 제품,2024년 출시 신제품 스킨케어 제품 추천,review,review,2024년에 출시된 신제품 스킨케어 제품 소개 및 추천,mistralai/mistral-nemotron,2026-06-02T02:14:18.684529+00:00,drop,70,intent_angle_cap:review+review
08-skincare-product-recommendation-whitening-cream-2024,08-skincare-product-recommendation,08,whitening-cream-2024,피부 미백 크림 추천 2024 최신,피부 미백 크림 추천 2024 최신 버전,review,review,피부 미백 크림 추천 리뷰 및 효과 분석,mistralai/mistral-nemotron,2026-06-02T02:14:18.684529+00:00,drop,70,intent_angle_cap:review+review
08-skincare-product-recommendation-maskpack-recommendation-30s-women,08-skincare-product-recommendation,08,maskpack-recommendation-30s-women,30대 여성용 마스크팩 추천,30대 여성용 마스크팩 추천 2024 최신 버전,review,review,30대 여성용 마스크팩 추천 리뷰 및 효과 분석,mistralai/mistral-nemotron,2026-06-02T02:14:18.684529+00:00,drop,66,intent_angle_cap:review+review
08-skincare-product-recommendation-men-cleansing-products,08-skincare-product-recommendation,08,men-cleansing-products,남성용 세안용품 추천,남성용 세안용품 추천 2024,review,review,남성에게 적합한 세안용품 제품 비교,mistralai/mistral-nemotron,2026-06-02T02:14:18.684529+00:00,drop,66,intent_angle_cap:review+review
08-skincare-product-recommendation-men-moisturizing-lotion,08-skincare-product-recommendation,08,men-moisturizing-lotion,남성용 보습 로션 추천,남성용 보습 로션 추천 2024,review,review,남성에게 적합한 보습 로션 제품 비교,mistralai/mistral-nemotron,2026-06-02T02:14:18.684529+00:00,drop,66,intent_angle_cap:review+review
08-skincare-product-recommendation-oil-free-summer-cosmetics,08-skincare-product-recommendation,08,oil-free-summer-cosmetics,여름철 오일 프리 화장품 추천,여름철 오일 프리 화장품 추천 2024,review,review,여름철 오일 프리 화장품 추천 리뷰 및 효과 분석,mistralai/mistral-nemotron,2026-06-02T02:14:18.684529+00:00,drop,66,intent_angle_cap:review+review
08-skincare-product-recommendation-summer-oil-free-sunscreen,08-skincare-product-recommendation,08,summer-oil-free-sunscreen,여름철 무지방 선크림 추천,여름철 무지방 선크림 추천 2024,review,review,여름철 사용하기 좋은 무지방 선크림 리뷰,mistralai/mistral-nemotron,2026-06-02T02:14:18.684529+00:00,drop,66,intent_angle_cap:review+review
08-skincare-product-recommendation-sunscreen-summer-no-smudge,08-skincare-product-recommendation,08,sunscreen-summer-no-smudge,여름 더위에도 바지가 안되는 선크림 추천,여름 더위에도 바지가 안되는 선크림 추천 2024,review,review,여름 더위에도 바지가 안되는 선크림 추천 리뷰 및 효과 분석,mistralai/mistral-nemotron,2026-06-02T02:14:18.684529+00:00,drop,66,intent_angle_cap:review+review
08-skincare-product-recommendation-winter-lip-balm-best,08-skincare-product-recommendation,08,winter-lip-balm-best,겨울철 립밤 추천,겨울철 립밤 추천 2024,review,review,겨울철 사용하기 좋은 립밤 제품 리뷰,mistralai/mistral-nemotron,2026-06-02T02:14:18.684529+00:00,drop,66,intent_angle_cap:review+review
08-skincare-product-recommendation-whitening-cream-2023,08-skincare-product-recommendation,08,whitening-cream-2023,피부 미백 크림 추천 2023 최신,2023년 최신 피부 미백 크림 추천 7종,review,review,2023년 최신 피부 미백 크림 추천,mistralai/mistral-nemotron,2026-06-02T02:14:18.684529+00:00,drop,43,intent_angle_cap:review+review
08-skincare-routine-skin-management-skin-care-routine,08-skincare-routine,08,skin-management-skin-care-routine,피부 관리 스킨케어 루틴,피부 관리에 도움을 주는 스킨케어 루틴 방법,howto,howto,피부 관리에 효과적인 스킨케어 루틴 가이드,mistralai/mistral-nemotron,2026-06-02T02:14:18.684529+00:00,drop,96,intent_angle_cap:howto+howto
08-skincare-routine-skin-matte-routine,08-skincare-routine,08,skin-matte-routine,피부 무광택 스킨케어 루틴,피부 무광택을 위한 스킨케어 루틴과 제품 추천,howto,howto,피부 무광택을 위한 스킨케어 방법과 제품 추천,mistralai/mistral-nemotron,2026-06-02T02:14:18.684529+00:00,drop,96,intent_angle_cap:howto+howto
08-skincare-routine-skin-moisture-replenishment-routine,08-skincare-routine,08,skin-moisture-replenishment-routine,피부 수분 보충 스킨케어 루틴,피부 수분 보충을 위한 스킨케어 루틴과 제품 추천,howto,howto,피부 수분 보충을 위한 스킨케어 방법과 제품 추천,mistralai/mistral-nemotron,2026-06-02T02:14:18.684529+00:00,drop,96,intent_angle_cap:howto+howto
08-skincare-routine-skin-pigmentation-skin-care-routine,08-skincare-routine,08,skin-pigmentation-skin-care-routine,피부 색소 저축 스킨케어 루틴,피부 색소 저축을 위한 스킨케어 루틴 방법,howto,howto,피부 색소 저축을 예방하는 스킨케어 루틴 가이드,mistralai/mistral-nemotron,2026-06-02T02:14:18.684529+00:00,drop,96,intent_angle_cap:howto+howto
08-skincare-routine-skin-soothing-effect-routine,08-skincare-routine,08,skin-soothing-effect-routine,피부 진정 효과 스킨케어 루틴,피부 진정 효과를 위한 스킨케어 루틴과 제품 추천,howto,howto,피부 진정 효과를 위한 스킨케어 방법과 제품 추천,mistralai/mistral-nemotron,2026-06-02T02:14:18.684529+00:00,drop,96,intent_angle_cap:howto+howto
08-skincare-routine-skin-soothing-routine,08-skincare-routine,08,skin-soothing-routine,피부 진정 스킨케어 루틴,피부 진정을 위한 스킨케어 루틴과 제품 추천,howto,howto,진정 효과가 있는 스킨케어 방법과 제품 추천,mistralai/mistral-nemotron,2026-06-02T02:14:18.684529+00:00,drop,96,intent_angle_cap:howto+howto
08-skincare-routine-skin-texture-improvement-routine,08-skincare-routine,08,skin-texture-improvement-routine,피부결 스킨케어 루틴,피부결 개선을 위한 스킨케어 루틴과 제품 추천,howto,howto,피부결 개선을 위한 스킨케어 방법과 제품 추천,mistralai/mistral-nemotron,2026-06-02T02:14:18.684529+00:00,drop,96,intent_angle_cap:howto+howto
08-skincare-routine-skin-tone-evening-routine,08-skincare-routine,08,skin-tone-evening-routine,피부색 고르기 스킨케어 루틴,피부색 고르기 위한 스킨케어 루틴과 제품 추천,howto,howto,피부색을 고르기 위한 스킨케어 방법과 제품 추천,mistralai/mistral-nemotron,2026-06-02T02:14:18.684529+00:00,drop,96,intent_angle_cap:howto+howto
08-skincare-routine-skin-trouble-improvement-routine,08-skincare-routine,08,skin-trouble-improvement-routine,피부 트러블 개선 스킨케어 루틴,피부 트러블 개선을 위한 스킨케어 루틴과 제품 추천,howto,howto,피부 트러블 개선을 위한 스킨케어 방법과 제품 추천,mistralai/mistral-nemotron,2026-06-02T02:14:18.684529+00:00,drop,96,intent_angle_cap:howto+howto
08-skincare-routine-skin-trouble-skin-care-routine,08-skincare-routine,08,skin-trouble-skin-care-routine,만에 하나 발생하는 피부 트러블 스킨케어 루틴,피부 트러블 발생 시 대처하는 스킨케어 루틴 방법,howto,howto,피부 트러블 발생 시 빠르게 조절하는 스킨케어 루틴,mistralai/mistral-nemotron,2026-06-02T02:14:18.684529+00:00,drop,96,intent_angle_cap:howto+howto
08-skincare-routine-skin-whitening-routine,08-skincare-routine,08,skin-whitening-routine,피부 미백 스킨케어 루틴,피부 미백을 위한 스킨케어 루틴과 제품 추천,howto,howto,피부 미백을 위한 스킨케어 방법과 제품 추천,mistralai/mistral-nemotron,2026-06-02T02:14:18.684529+00:00,drop,96,intent_angle_cap:howto+howto
08-skincare-routine-skin-wrinkle-reduction-routine,08-skincare-routine,08,skin-wrinkle-reduction-routine,피부 주름 개선 스킨케어 루틴,피부 주름 개선을 위한 스킨케어 루틴과 제품 추천,howto,howto,피부 주름 개선을 위한 스킨케어 방법과 제품 추천,mistralai/mistral-nemotron,2026-06-02T02:14:18.684529+00:00,drop,96,intent_angle_cap:howto+howto
08-skincare-routine-skincare-routine-by-age,08-skincare-routine,08,skincare-routine-by-age,연령별 스킨케어 루틴,20대 30대 40대 연령별 스킨케어 루틴,howto,howto,각 연령대별 맞춤형 스킨케어 루틴,mistralai/mistral-nemotron,2026-06-02T02:14:18.684529+00:00,drop,96,intent_angle_cap:howto+howto
08-skincare-routine-skincare-routine-by-skin-type,08-skincare-routine,08,skincare-routine-by-skin-type,피부타입별 스킨케어 루틴,건성 피부 vs 민감 피부 vs 기름진 피부별 루틴,howto,howto,피부타입별 맞춤형 스킨케어 방법,mistralai/mistral-nemotron,2026-06-02T02:14:18.684529+00:00,drop,96,intent_angle_cap:howto+howto
08-skincare-routine-skincare-routine-order,08-skincare-routine,08,skincare-routine-order,스킨케어 루틴 순서,스킨케어 루틴 순서와 제품별 사용법,howto,howto,스킨케어 루틴의 올바른 순서와 제품 사용법,mistralai/mistral-nemotron,2026-06-02T02:14:18.684529+00:00,drop,96,intent_angle_cap:howto+howto
08-skincare-routine-skincare-routine-roadmap,08-skincare-routine,08,skincare-routine-roadmap,스킨케어 루틴 로드맵,스킨케어 루틴 로드맵과 장기적인 피부 관리 계획,howto,howto,장기적인 피부 관리를 위한 스킨케어 루틴 로드맵,mistralai/mistral-nemotron,2026-06-02T02:14:18.684529+00:00,drop,96,intent_angle_cap:howto+howto
08-skincare-routine-summer-skincare-routine,08-skincare-routine,08,summer-skincare-routine,여름 스킨케어 루틴,여름철 자외선 대비 스킨케어 루틴,howto,howto,여름철 피부 관리를 위한 스킨케어 루틴,mistralai/mistral-nemotron,2026-06-02T02:14:18.684529+00:00,drop,96,intent_angle_cap:howto+howto
08-skincare-routine-teen-skin-care-routine,08-skincare-routine,08,teen-skin-care-routine,청소년 스킨케어 루틴,청소년을 위한 간단한 스킨케어 루틴과 팁,howto,howto,10대 청소년을 위한 피부 관리 방법과 제품 추천,mistralai/mistral-nemotron,2026-06-02T02:14:18.684529+00:00,drop,96,intent_angle_cap:howto+howto
08-skincare-routine-uv-protection-skin-care-routine,08-skincare-routine,08,uv-protection-skin-care-routine,자외선 차단 스킨케어 루틴,자외선 차단과 함께하는 스킨케어 루틴 방법,howto,howto,자외선 차단과 결합한 스킨케어 루틴 가이드,mistralai/mistral-nemotron,2026-06-02T02:14:18.684529+00:00,drop,96,intent_angle_cap:howto+howto
08-skincare-routine-weekend-skincare-routine,08-skincare-routine,08,weekend-skincare-routine,주말 스킨케어 루틴,주말 특집 심층 스킨케어 루틴,howto,howto,주말에 집중 관리를 위한 특집 스킨케어 루틴,mistralai/mistral-nemotron,2026-06-02T02:14:18.684529+00:00,drop,96,intent_angle_cap:howto+howto
08-skincare-routine-weekend-special-skin-care-routine,08-skincare-routine,08,weekend-special-skin-care-routine,주말 특수 스킨케어 루틴,주말에 적용할 수 있는 특수 스킨케어 루틴 방법,howto,howto,주말에만 가능한 특수 스킨케어 루틴 팁,mistralai/mistral-nemotron,2026-06-02T02:14:18.684529+00:00,drop,96,intent_angle_cap:howto+howto
08-skincare-routine-winter-skincare-routine,08-skincare-routine,08,winter-skincare-routine,겨울 스킨케어 루틴,겨울철 건조 피부 관리 스킨케어 루틴,howto,howto,겨울철 건조한 피부를 위한 스킨케어 루틴,mistralai/mistral-nemotron,2026-06-02T02:14:18.684529+00:00,drop,96,intent_angle_cap:howto+howto
09-busan-food-haeundae-couple-restaurants,09-busan-food,09,haeundae-couple-restaurants,부산 해운대 맛집 2인석,부산 해운대 2인석 맛집 추천와 분위기 좋은 카페,info,local,해운대 지역에서 데이트하기 좋은 2인석 맛집과 카페를 소개합니다.,mistralai/mistral-nemotron,2026-06-02T02:14:18.684529+00:00,drop,78,intent_angle_cap:info+local
09-busan-food-haeundae-korean-food,09-busan-food,09,haeundae-korean-food,부산 해운대 한식 맛집,부산 해운대 한국 음식 맛집과 전통 한식 현장,info,local,해운대에서 한국 음식과 전통 한식을 맛볼 수 있는 맛집을 소개합니다.,mistralai/mistral-nemotron,2026-06-02T02:14:18.684529+00:00,drop,78,intent_angle_cap:info+local
09-busan-food-myeongdong-date-cafe,09-busan-food,09,myeongdong-date-cafe,부산 명동 카페 데이트,부산 명동에서 추천하는 데이트 카페와 분위기 좋은 곳,info,local,명동에서 인기 있는 데이트 카페와 분위기 좋은 카페를 추천합니다.,mistralai/mistral-nemotron,2026-06-02T02:14:18.684529+00:00,drop,78,intent_angle_cap:info+local
09-busan-food-saha-bakery,09-busan-food,09,saha-bakery,부산 사하구 제빵소,부산 사하구 인기 제빵소와 디저트 카페 추천,info,local,사하구에서 인기 있는 제빵소와 디저트 카페를 소개합니다.,mistralai/mistral-nemotron,2026-06-02T02:14:18.684529+00:00,drop,78,intent_angle_cap:info+local
09-busan-food-saha-jeotgal,09-busan-food,09,saha-jeotgal,부산 사하구 젓갈 맛집,부산 사하구 젓갈 맛집과 해산물 전문점 추천,info,local,사하구에서 젓갈과 해산물을 맛볼 수 있는 맛집을 소개합니다.,mistralai/mistral-nemotron,2026-06-02T02:14:18.684529+00:00,drop,78,intent_angle_cap:info+local
09-busan-food-seo-myeon-coin-sing,09-busan-food,09,seo-myeon-coin-sing,부산 서면 코인노래방 맛집,서면 코인노래방과 함께하는 맛집 추천,info,local,서면에서 코인노래방 후 이용할 수 있는 맛집 리스트,mistralai/mistral-nemotron,2026-06-02T02:14:18.684529+00:00,drop,78,intent_angle_cap:info+local
09-busan-food-seomyeon-sandwich,09-busan-food,09,seomyeon-sandwich,부산 서면 샌드위치 맛집,부산 서면 샌드위치 맛집과 카페 추천,info,local,서면에서 맛있는 샌드위치를 즐길 수 있는 맛집과 카페를 안내합니다.,mistralai/mistral-nemotron,2026-06-02T02:14:18.684529+00:00,drop,78,intent_angle_cap:info+local
09-busan-food-seomyeon-student-discount,09-busan-food,09,seomyeon-student-discount,부산 서면 맛집 학생 할인,부산 서면 학생 할인 가능한 맛집과 카페 모음,info,local,서면 지역에서 학생들이 할인받을 수 있는 맛집과 카페를 모아보았습니다.,mistralai/mistral-nemotron,2026-06-02T02:14:18.684529+00:00,drop,78,intent_angle_cap:info+local
09-busan-food-yeongdo-sushi,09-busan-food,09,yeongdo-sushi,부산 영도구 초밥 맛집,부산 영도구 추천 초밥 맛집과 일본 음식점,info,local,영도구에서 초밥과 일본 음식을 추천합니다.,mistralai/mistral-nemotron,2026-06-02T02:14:18.684529+00:00,drop,78,intent_angle_cap:info+local
09-busan-food-yeongdo-tteokbokki,09-busan-food,09,yeongdo-tteokbokki,부산 영도구 떡볶이 맛집,영도구 떡볶이 맛집 추천과 특색 있는 메뉴,info,local,영도구에서 인기 있는 떡볶이 맛집 리스트와 추천 메뉴,mistralai/mistral-nemotron,2026-06-02T02:14:18.684529+00:00,drop,78,intent_angle_cap:info+local
09-busan-food-yeonje-hanjeongsik,09-busan-food,09,yeonje-hanjeongsik,부산 연제구 한정식 맛집,부산 연제구 추천 한정식 맛집과 전통 음식점,info,local,연제구에서 한정식과 전통 음식점을 추천합니다.,mistralai/mistral-nemotron,2026-06-02T02:14:18.684529+00:00,drop,78,intent_angle_cap:info+local
09-busan-food-yeonje-salmon,09-busan-food,09,yeonje-salmon,부산 연제구 초장어 맛집,부산 연제구 초장어 맛집과 신선한 해산물 추천,info,local,연제구에서 초장어를 맛볼 수 있는 맛집과 신선한 해산물을 소개합니다.,mistralai/mistral-nemotron,2026-06-02T02:14:18.684529+00:00,drop,78,intent_angle_cap:info+local
09-busan-food-geomjeong-sashimi,09-busan-food,09,geomjeong-sashimi,부산 금정구 횟집 추천,부산 금정구 횟집 추천과 신선한 생선 정보,info,local,금정구에서 신선한 생선을 즐길 수 있는 횟집을 안내합니다.,mistralai/mistral-nemotron,2026-06-02T02:14:18.684529+00:00,drop,74,intent_angle_cap:info+local
09-busan-food-gyeongsan-hiking-restaurants,09-busan-food,09,gyeongsan-hiking-restaurants,부산 계양산 맛집 등산 후 추천,부산 계양산 등산 후 즐기는 추천 맛집과 휴식처,info,local,계양산 등산을 마친 후 휴식할 수 있는 맛집과 휴게소를 안내합니다.,mistralai/mistral-nemotron,2026-06-02T02:14:18.684529+00:00,drop,74,intent_angle_cap:info+local
09-busan-food-saha-soju,09-busan-food,09,saha-soju,부산 사하구 소주집 추천,사하구 소주집 추천과 특색 있는 분위기,info,local,사하구에서 인기 있는 소주집 리스트와 추천 메뉴,mistralai/mistral-nemotron,2026-06-02T02:14:18.684529+00:00,drop,74,intent_angle_cap:info+local
09-busan-food-haeundae-seafood,09-busan-food,09,haeundae-seafood,부산 해운대 해산물 맛집 추천,해운대 해산물 맛집 추천 2023년 최신 정보,info,local,해운대 해산물 맛집 최신 추천 리스트와 후기,mistralai/mistral-nemotron,2026-06-02T02:14:18.684529+00:00,drop,39,intent_angle_cap:info+local
09-cafe-recommend-seoul-yeongdeungpo-cafe,09-cafe-recommend,09,seoul-yeongdeungpo-cafe,서울 영등포구 카페 추천,영등포구에서 간단한 점심 먹기 좋은 카페,review,local,영등포구에서 간단한 점심을 즐길 수 있는 카페 추천.,mistralai/mistral-nemotron,2026-06-02T02:14:18.684529+00:00,drop,74,intent_angle_cap:review+local
09-cafe-recommend-suwon-youngtong-cafe,09-cafe-recommend,09,suwon-youngtong-cafe,수원 영통구 카페 추천,영통구에서 간단한 브런치 먹기 좋은 카페,review,local,영통구에서 간단한 브런치를 즐길 수 있는 카페 추천.,mistralai/mistral-nemotron,2026-06-02T02:14:18.684529+00:00,drop,74,intent_angle_cap:review+local
09-cafe-recommend-ulsan-namgu-cafe,09-cafe-recommend,09,ulsan-namgu-cafe,울산 남구 카페 추천,울산 남구에서 차 한잔 즐기기 좋은 카페,review,local,울산 남구에서 차 한잔 즐기기 좋은 카페 추천.,mistralai/mistral-nemotron,2026-06-02T02:14:18.684529+00:00,drop,74,intent_angle_cap:review+local
09-daegu-food-namgu-korean-restaurant,09-daegu-food,09,namgu-korean-restaurant,대구 남구 한식 레스토랑,대구 남구 한식 레스토랑 추천,review,local,남구에서 한식 맛집 찾기,mistralai/mistral-nemotron,2026-06-02T02:14:18.684529+00:00,drop,78,intent_angle_cap:review+local
09-daegu-food-namgu-korean-restaurant-2,09-daegu-food,09,namgu-korean-restaurant-2,대구 남구 한식 맛집,대구 남구 한식 맛집 추천,review,local,남구에서 한식 맛집 소개,mistralai/mistral-nemotron,2026-06-02T02:14:18.684529+00:00,drop,78,intent_angle_cap:review+local
09-daegu-food-seo-gu-cheese-burger,09-daegu-food,09,seo-gu-cheese-burger,대구 서구 치즈 버거 맛집,대구 서구 치즈 버거 맛집과 추천 메뉴,review,local,대구 서구에서 치즈 버거를 맛있게 즐길 수 있는 맛집과 추천 메뉴를 소개합니다.,mistralai/mistral-nemotron,2026-06-02T02:14:18.684529+00:00,drop,78,intent_angle_cap:review+local
09-daegu-food-seo-gu-dosirak,09-daegu-food,09,seo-gu-dosirak,대구 서구 도시락 맛집,대구 서구 도시락 맛집과 추천 메뉴,review,local,대구 서구에서 도시락을 맛있게 즐길 수 있는 맛집과 추천 메뉴를 소개합니다.,mistralai/mistral-nemotron,2026-06-02T02:14:18.684529+00:00,drop,78,intent_angle_cap:review+local
09-daegu-food-seogu-jeju-pork-restaurant,09-daegu-food,09,seogu-jeju-pork-restaurant,대구 서구 제주 블랙돼지 맛집,대구 서구 제주 블랙돼지 맛집 추천,review,local,서구에서 제주 블랙돼지 맛집 소개,mistralai/mistral-nemotron,2026-06-02T02:14:18.684529+00:00,drop,78,intent_angle_cap:review+local
09-daegu-food-seogu-korean-restaurant,09-daegu-food,09,seogu-korean-restaurant,대구 서구 한식 맛집,대구 서구 한식 맛집 추천,review,local,서구에서 한식 맛집 찾기,mistralai/mistral-nemotron,2026-06-02T02:14:18.684529+00:00,drop,78,intent_angle_cap:review+local
09-daegu-food-suseong-gu-kongnamul,09-daegu-food,09,suseong-gu-kongnamul,대구 수성구 콩나물구이 맛집,대구 수성구 콩나물구이 맛집과 추천 메뉴,review,local,대구 수성구에서 콩나물구이를 맛있게 즐길 수 있는 맛집과 추천 메뉴를 소개합니다.,mistralai/mistral-nemotron,2026-06-02T02:14:18.684529+00:00,drop,78,intent_angle_cap:review+local
09-daegu-food-suseong-gu-korean-cafe,09-daegu-food,09,suseong-gu-korean-cafe,대구 수성구 한식 카페,대구 수성구 한식 카페 추천과 분위기,review,local,대구 수성구에서 한식과 카페 분위기를 동시에 즐길 수 있는 장소를 소개합니다.,mistralai/mistral-nemotron,2026-06-02T02:14:18.684529+00:00,drop,78,intent_angle_cap:review+local
09-daegu-food-suseong-gu-steak,09-daegu-food,09,suseong-gu-steak,대구 수성구 스테이크 레스토랑,대구 수성구 스테이크 레스토랑과 추천 메뉴,review,local,대구 수성구에서 스테이크를 맛있게 즐길 수 있는 레스토랑과 추천 메뉴를 소개합니다.,mistralai/mistral-nemotron,2026-06-02T02:14:18.684529+00:00,drop,78,intent_angle_cap:review+local
09-daegu-food-suseong-steak,09-daegu-food,09,suseong-steak,대구 수성구 스테이크 맛집,수성구 스테이크 맛집 6곳 | 고급스러운 분위기,info,review,대구 수성구에서 고급스러운 분위기의 스테이크 맛집을 소개합니다.,mistralai/mistral-nemotron,2026-06-02T02:14:18.684529+00:00,drop,78,intent_angle_cap:info+review
09-daejeon-food-daejeon-yuseong-matzip,09-daejeon-food,09,daejeon-yuseong-matzip,대전 유성구 맛집 추천,"대전 유성구 맛집 추천, 로컬들이 사랑하는 숨은 맛집",info,local,대전 유성구 인기 맛집과 로컬 추천소 소개,mistralai/mistral-nemotron,2026-06-02T02:14:18.684529+00:00,drop,74,intent_angle_cap:info+local
09-date-course-winter-night-seoul-date,09-date-course,09,winter-night-seoul-date,겨울 야간 서울 데이트 코스,겨울밤 서울에서 즐기는 야간 데이트 코스,info,local,겨울밤 서울에서 즐기는 특별한 야간 데이트 코스,mistralai/mistral-nemotron,2026-06-02T02:14:18.684529+00:00,drop,90,intent_angle_cap:info+local
09-date-course-seoul-date-course,09-date-course,09,seoul-date-course,서울 데이트 코스 추천,서울 로맨틱한 데이트 코스 10가지 추천,info,local,서울에서 가장 인기 있는 로맨틱한 데이트 코스,mistralai/mistral-nemotron,2026-06-02T02:14:18.684529+00:00,drop,86,intent_angle_cap:info+local
09-date-course-seoul-gangnam-date-2024,09-date-course,09,seoul-gangnam-date-2024,2024 서울 강남 데이트 코스,2024년 서울 강남 데이트 코스 추천,info,local,2024년 서울 강남에서 즐길 수 있는 로맨틱한 데이트 코스,mistralai/mistral-nemotron,2026-06-02T02:14:18.684529+00:00,drop,82,intent_angle_cap:info+local
09-date-course-seoul-gwanghwamun-date-2024,09-date-course,09,seoul-gwanghwamun-date-2024,2024 서울 광화문 데이트 코스,2024년 서울 광화문 데이트 코스 추천,info,local,2024년 서울 광화문에서 즐길 수 있는 로맨틱한 데이트 코스,mistralai/mistral-nemotron,2026-06-02T02:14:18.684529+00:00,drop,82,intent_angle_cap:info+local
09-date-course-seoul-hongdae-date-2024,09-date-course,09,seoul-hongdae-date-2024,2024 서울 홍대 데이트 코스,2024년 서울 홍대 데이트 코스 추천,info,local,2024년 서울 홍대에서 즐길 수 있는 로맨틱한 데이트 코스,mistralai/mistral-nemotron,2026-06-02T02:14:18.684529+00:00,drop,82,intent_angle_cap:info+local
09-date-course-seoul-itaewon-date-2024,09-date-course,09,seoul-itaewon-date-2024,2024 서울 이태원 데이트 코스,2024년 서울 이태원 데이트 코스 추천,info,local,2024년 서울 이태원에서 즐길 수 있는 로맨틱한 데이트 코스,mistralai/mistral-nemotron,2026-06-02T02:14:18.684529+00:00,drop,82,intent_angle_cap:info+local
09-date-course-seoul-jabdongsan-date-2024,09-date-course,09,seoul-jabdongsan-date-2024,2024 서울 잡동사니 데이트 코스,2024년 서울 잡동사니 데이트 코스 추천,info,local,2024년 서울 잡동사니에서 즐길 수 있는 로맨틱한 데이트 코스,mistralai/mistral-nemotron,2026-06-02T02:14:18.684529+00:00,drop,82,intent_angle_cap:info+local
09-date-course-seoul-jamsil-date-2024,09-date-course,09,seoul-jamsil-date-2024,2024 서울 잠실 데이트 코스,2024년 서울 잠실 데이트 코스 추천,info,local,2024년 서울 잠실에서 즐길 수 있는 로맨틱한 데이트 코스,mistralai/mistral-nemotron,2026-06-02T02:14:18.684529+00:00,drop,82,intent_angle_cap:info+local
09-date-course-seoul-myeongdong-date-2024,09-date-course,09,seoul-myeongdong-date-2024,2024 서울 명동 데이트 코스,2024년 서울 명동 데이트 코스 추천,info,local,2024년 서울 명동에서 즐길 수 있는 로맨틱한 데이트 코스,mistralai/mistral-nemotron,2026-06-02T02:14:18.684529+00:00,drop,82,intent_angle_cap:info+local
09-date-course-seoul-sinchon-date-2024,09-date-course,09,seoul-sinchon-date-2024,2024 서울 신촌 데이트 코스,2024년 서울 신촌 데이트 코스 추천,info,local,2024년 서울 신촌에서 즐길 수 있는 로맨틱한 데이트 코스,mistralai/mistral-nemotron,2026-06-02T02:14:18.684529+00:00,drop,82,intent_angle_cap:info+local
09-date-course-seoul-yangjae-date-2024,09-date-course,09,seoul-yangjae-date-2024,2024 서울 양재역 데이트 코스,2024년 서울 양재역 데이트 코스 추천,info,local,2024년 서울 양재역에서 즐길 수 있는 로맨틱한 데이트 코스,mistralai/mistral-nemotron,2026-06-02T02:14:18.684529+00:00,drop,82,intent_angle_cap:info+local
09-date-course-seoul-yongsan-date-2024,09-date-course,09,seoul-yongsan-date-2024,2024 서울 용산 데이트 코스,2024년 서울 용산 데이트 코스 추천,info,local,2024년 서울 용산에서 즐길 수 있는 로맨틱한 데이트 코스,mistralai/mistral-nemotron,2026-06-02T02:14:18.684529+00:00,drop,82,intent_angle_cap:info+local
09-gangwon-food-gangwon-mountain-restaurants,09-gangwon-food,09,gangwon-mountain-restaurants,강원도 산악지역 맛집 추천,강원도 산악지역에서 즐길 수 있는 맛집,info,local,강원도 산악지역에서 즐길 수 있는 맛집 정보.,mistralai/mistral-nemotron,2026-06-02T02:14:18.684529+00:00,drop,74,intent_angle_cap:info+local
09-gangwon-food-gangwon-outdoor-bbq-restaurants,09-gangwon-food,09,gangwon-outdoor-bbq-restaurants,강원도 야외 바베큐 맛집 추천,강원도에서 야외에서 즐기는 바베큐 맛집,info,local,강원도에서 야외에서 즐길 수 있는 바베큐 맛집 정보.,mistralai/mistral-nemotron,2026-06-02T02:14:18.684529+00:00,drop,74,intent_angle_cap:info+local
09-gangwon-food-gangwon-resort-restaurants,09-gangwon-food,09,gangwon-resort-restaurants,강원도 리조트 근처 맛집 추천,강원도 리조트 근처에서 즐길 수 있는 맛집,info,local,강원도 리조트 근처에서 즐길 수 있는 맛집 정보.,mistralai/mistral-nemotron,2026-06-02T02:14:18.684529+00:00,drop,74,intent_angle_cap:info+local
09-gangwon-food-gangwon-samcheok-aji-jorim,09-gangwon-food,09,gangwon-samcheok-aji-jorim,강원도 삼척 아지 조림 맛집 추천,강원도 삼척에서 아지 조림을 잘 만드는 맛집 추천,info,local,강원도 삼척 지역에서 아지 조림을 전문으로 하는 맛집을 소개합니다.,mistralai/mistral-nemotron,2026-06-02T02:14:18.684529+00:00,drop,74,intent_angle_cap:info+local
09-gangwon-food-gangwon-samcheok-bulgo-gi,09-gangwon-food,09,gangwon-samcheok-bulgo-gi,강원도 삼척 불고기 맛집 추천,강원도 삼척에서 불고기를 잘 만드는 맛집 추천,info,local,강원도 삼척 지역에서 불고기를 전문으로 하는 맛집을 소개합니다.,mistralai/mistral-nemotron,2026-06-02T02:14:18.684529+00:00,drop,74,intent_angle_cap:info+local
09-gangwon-food-gangwon-ski-resort-restaurants,09-gangwon-food,09,gangwon-ski-resort-restaurants,강원도 스키장 근처 맛집 추천,강원도 스키장을 방문할 때 들러야 할 맛집,info,local,강원도 스키장 근처에서 추천하는 맛집 소개.,mistralai/mistral-nemotron,2026-06-02T02:14:18.684529+00:00,drop,74,intent_angle_cap:info+local
09-gangwon-food-gangwon-sokcho-seafood-restaurants,09-gangwon-food,09,gangwon-sokcho-seafood-restaurants,강원도 속초 해산물 맛집 추천,강원도 속초에서 해산물을 전문으로 하는 맛집 추천,info,local,강원도 속초 지역에서 해산물을 전문으로 하는 맛집을 소개합니다.,mistralai/mistral-nemotron,2026-06-02T02:14:18.684529+00:00,drop,74,intent_angle_cap:info+local
09-gangwon-food-gangwon-taebak-cafes,09-gangwon-food,09,gangwon-taebak-cafes,강원도 태백 카페 추천,강원도 태백 지역에서 인기 있는 카페 추천,info,local,강원도 태백 지역의 인기 있는 카페들을 소개합니다.,mistralai/mistral-nemotron,2026-06-02T02:14:18.684529+00:00,drop,74,intent_angle_cap:info+local
09-gangwon-food-gangwon-traditional-liquor-restaurants,09-gangwon-food,09,gangwon-traditional-liquor-restaurants,강원도 전통주 맛집 카페 추천,강원도에서 전통주를 즐길 수 있는 맛집과 카페,info,local,강원도에서 전통주를 즐길 수 있는 맛집과 카페 정보를 제공.,mistralai/mistral-nemotron,2026-06-02T02:14:18.684529+00:00,drop,74,intent_angle_cap:info+local
09-gangwon-food-gangwon-wonju-beef-bbq,09-gangwon-food,09,gangwon-wonju-beef-bbq,강원도 원주 한우구이 맛집 추천,강원도 원주에서 한우구이를 잘 만드는 맛집 추천,info,local,강원도 원주 지역에서 한우구이를 전문으로 하는 맛집을 소개합니다.,mistralai/mistral-nemotron,2026-06-02T02:14:18.684529+00:00,drop,74,intent_angle_cap:info+local
09-gangwon-food-gangwon-wonju-restaurants,09-gangwon-food,09,gangwon-wonju-restaurants,강원도 원주 맛집 추천,강원도 원주 지역 맛집 추천 리스트,info,local,강원도 원주 지역에서 유명하고 맛있는 맛집들을 소개합니다.,mistralai/mistral-nemotron,2026-06-02T02:14:18.684529+00:00,drop,74,intent_angle_cap:info+local
09-gangwon-food-gangwon-yanggu-sashimi-restaurants,09-gangwon-food,09,gangwon-yanggu-sashimi-restaurants,강원도 양구 횟집 추천,강원도 양구에서 횟집을 잘하는 맛집 추천,info,local,강원도 양구 지역에서 횟집을 전문으로 하는 맛집을 소개합니다.,mistralai/mistral-nemotron,2026-06-02T02:14:18.684529+00:00,drop,74,intent_angle_cap:info+local
09-gwangju-food-traditional-market-food,09-gwangju-food,09,traditional-market-food,광주 전통시장 맛집 추천,광주 전통시장에서 꼭 먹어볼 맛있는 음식 추천,info,local,광주 전통시장에서 유명하고 맛있는 음식점과 메뉴를 소개합니다.,mistralai/mistral-nemotron,2026-06-02T02:14:18.684529+00:00,drop,74,intent_angle_cap:info+local
09-gwangju-food-wanju-gun-food,09-gwangju-food,09,wanju-gun-food,광주 완주군 맛집 추천,광주 완주군에서 인기 있는 맛집과 후기 모음,info,local,광주 완주군의 유명 맛집과 후기를 정리한 가이드입니다.,mistralai/mistral-nemotron,2026-06-02T02:14:18.684529+00:00,drop,74,intent_angle_cap:info+local
09-gwangju-food-yeonggwang-gun-food,09-gwangju-food,09,yeonggwang-gun-food,광주 영광군 맛집 추천,광주 영광군에서 추천하는 맛있는 음식점 리스트,info,local,광주 영광군에서 맛있는 음식점을 소개합니다.,mistralai/mistral-nemotron,2026-06-02T02:14:18.684529+00:00,drop,74,intent_angle_cap:info+local
09-gwangju-food-yeosu-si-food,09-gwangju-food,09,yeosu-si-food,광주 여수시 맛집 추천,광주 여수시에서 인기 있는 맛집과 메뉴 추천,info,local,광주 여수시의 유명 맛집과 추천 메뉴를 소개합니다.,mistralai/mistral-nemotron,2026-06-02T02:14:18.684529+00:00,drop,74,intent_angle_cap:info+local
09-gwangju-food-gwangju-limited-udon,09-gwangju-food,09,gwangju-limited-udon,광주 한정판 수제 우동 맛집 추천,광주 한정판 수제 우동 맛집 추천과 리뷰,review,local,광주 지역 한정판 수제 우동 맛집 추천과 리뷰,mistralai/mistral-nemotron,2026-06-02T02:14:18.684529+00:00,drop,74,intent_angle_cap:review+local
09-gyeonggi-food-pyeongtaek-haejangguk,09-gyeonggi-food,09,pyeongtaek-haejangguk,평택 해장국 맛집,평택에서 맛있는 해장국 맛집 추천과 후기,info,local,평택 해장국 맛집 정보와 후기,mistralai/mistral-nemotron,2026-06-02T02:14:18.684529+00:00,drop,78,intent_angle_cap:info+local
09-gyeonggi-food-seongnam-bbq,09-gyeonggi-food,09,seongnam-bbq,성남 분당 고기구이 맛집,성남 분당 고기구이 맛집 추천과 리뷰,info,local,성남 분당 고기구이 맛집 정보,mistralai/mistral-nemotron,2026-06-02T02:14:18.684529+00:00,drop,78,intent_angle_cap:info+local
09-gyeonggi-food-seongnam-bundang-hanwoo-menu,09-gyeonggi-food,09,seongnam-bundang-hanwoo-menu,성남 분당 한우 맛집 인기 메뉴,성남 분당 한우 맛집 인기 메뉴와 로컬 추천,info,local,성남 분당 한우 맛집의 인기 메뉴와 로컬 추천을 소개합니다.,mistralai/mistral-nemotron,2026-06-02T02:14:18.684529+00:00,drop,78,intent_angle_cap:info+local
09-gyeonggi-food-suwon-hanwoo-restaurant,09-gyeonggi-food,09,suwon-hanwoo-restaurant,수원 한우 맛집 인기 메뉴,수원 한우 맛집 인기 메뉴와 추천 장소,info,local,수원에서 인기 있는 한우 맛집과 추천 메뉴를 소개합니다.,mistralai/mistral-nemotron,2026-06-02T02:14:18.684529+00:00,drop,78,intent_angle_cap:info+local
09-gyeonggi-food-suwon-korean-food,09-gyeonggi-food,09,suwon-korean-food,수원시 한식 맛집,수원시에서 꼭 가봐야 할 한식 맛집 추천,info,local,수원시 지역 한식 맛집 리뷰와 추천,mistralai/mistral-nemotron,2026-06-02T02:14:18.684529+00:00,drop,78,intent_angle_cap:info+local
09-gyeonggi-food-ujeongbu-hellolab-cafe,09-gyeonggi-food,09,ujeongbu-hellolab-cafe,의정부 헤일로우랩 카페,의정부 헤일로우랩 카페에서 추천하는 메뉴와 분위기,info,local,의정부 헤일로우랩 카페 리뷰와 추천 메뉴,mistralai/mistral-nemotron,2026-06-02T02:14:18.684529+00:00,drop,78,intent_angle_cap:info+local
09-gyeonggi-food-uyeongbu-jeolpangalbi-restaurant,09-gyeonggi-food,09,uyeongbu-jeolpangalbi-restaurant,의정부 철판갈비 맛집,의정부 철판갈비 맛집 추천과 인기 메뉴,info,local,의정부에서 유명한 철판갈비 맛집과 인기 있는 메뉴를 정리했습니다.,mistralai/mistral-nemotron,2026-06-02T02:14:18.684529+00:00,drop,78,intent_angle_cap:info+local
09-gyeonggi-food-yongin-theme-cafe,09-gyeonggi-food,09,yongin-theme-cafe,용인 테마 카페,용인 테마 카페 추천과 인기 메뉴 비교,info,local,용인 테마 카페 리뷰와 비교,mistralai/mistral-nemotron,2026-06-02T02:14:18.684529+00:00,drop,78,intent_angle_cap:info+local
09-gyeonggi-food-ansan-bulggogi-restaurant,09-gyeonggi-food,09,ansan-bulggogi-restaurant,안산 불고기 맛집 로컬 추천,안산 불고기 맛집 로컬 추천과 특별한 메뉴,info,local,안산 지역에서 로컬로 추천하는 불고기 맛집과 특별한 메뉴를 소개합니다.,mistralai/mistral-nemotron,2026-06-02T02:14:18.684529+00:00,drop,74,intent_angle_cap:info+local
09-gyeonggi-food-ansan-jangoodong-korean-restaurant-local,09-gyeonggi-food,09,ansan-jangoodong-korean-restaurant-local,안산 장우동 한식 맛집 로컬 특별 추천,"안산 장우동 한식 맛집 로컬 특별한 추천, 전통적인 맛",info,local,안산 장우동 한식 맛집 로컬 특별한 추천을 알려드립니다.,mistralai/mistral-nemotron,2026-06-02T02:14:18.684529+00:00,drop,74,intent_angle_cap:info+local
09-gyeonggi-food-bucheon-korean-restaurant-local,09-gyeonggi-food,09,bucheon-korean-restaurant-local,부천 한식 맛집 로컬 특별 추천,"부천 한식 맛집 로컬 특별한 추천, 전통적인 맛",info,local,부천 한식 맛집 로컬 특별한 추천을 알려드립니다.,mistralai/mistral-nemotron,2026-06-02T02:14:18.684529+00:00,drop,74,intent_angle_cap:info+local
09-gyeonggi-food-gwacheon-pasta-restaurant,09-gyeonggi-food,09,gwacheon-pasta-restaurant,과천 파스타 맛집 로컬 추천,과천 파스타 맛집 로컬 추천과 인기 메뉴,info,local,과천 지역에서 로컬로 추천하는 파스타 맛집과 인기 메뉴를 정리했습니다.,mistralai/mistral-nemotron,2026-06-02T02:14:18.684529+00:00,drop,74,intent_angle_cap:info+local
09-gyeonggi-food-suwon-hanfood-restaurant,09-gyeonggi-food,09,suwon-hanfood-restaurant,수원 맛집 한식당 추천,"수원 한식당 맛집 추천, 로컬 인기 메뉴와 위치 정보",info,local,수원 지역 한식당 맛집을 추천하는 가이드,mistralai/mistral-nemotron,2026-06-02T02:14:18.684529+00:00,drop,74,intent_angle_cap:info+local
09-gyeonggi-food-uiwang-cafe-instagram,09-gyeonggi-food,09,uiwang-cafe-instagram,의왕 카페 인스타그램 추천,의왕에서 인스타그램에 올릴 만한 카페 추천,info,local,의왕 카페 인스타그램 속 추천 장소,mistralai/mistral-nemotron,2026-06-02T02:14:18.684529+00:00,drop,74,intent_angle_cap:info+local
09-gyeonggi-food-namyangju-mokpo-restaurant,09-gyeonggi-food,09,namyangju-mokpo-restaurant,목포식당 남양주,남양주에서 유명한 목포식당 맛집 추천과 리뷰,info,local,남양주 목포식당 맛집 추천과 리뷰,mistralai/mistral-nemotron,2026-06-02T02:14:18.684529+00:00,drop,73,intent_angle_cap:info+local
09-incheon-food-incheon-junggu-hoejip,09-incheon-food,09,incheon-junggu-hoejip,인천 중구 횟집 추천,"인천 중구 횟집 추천 7곳, 신선한 해산물 맛집",review,local,인천 중구에서 맛있는 횟집을 소개합니다.,mistralai/mistral-nemotron,2026-06-02T02:14:18.684529+00:00,drop,74,intent_angle_cap:review+local
09-incheon-food-songdo-matzip-incheon,09-incheon-food,09,songdo-matzip-incheon,인천 송도 맛집 추천,인천 송도 맛집 5선 추천과 현지인 후기,review,local,인천 송도 지역 대표 맛집과 체험 후기,mistralai/mistral-nemotron,2026-06-02T02:14:18.684529+00:00,drop,74,intent_angle_cap:review+local
09-night-view-food-gangneung-night-view-restaurant,09-night-view-food,09,gangneung-night-view-restaurant,강릉 야경 맛집,강릉 야경이 유명한 맛집 추천,info,local,강릉 야경 맛집 정보와 후기,mistralai/mistral-nemotron,2026-06-02T02:14:18.684529+00:00,drop,78,intent_angle_cap:info+local
09-night-view-food-gongdeok-night-view-restaurant,09-night-view-food,09,gongdeok-night-view-restaurant,야경 맛집 건대,건대 야경이 유명한 맛집 추천,info,local,건대 야경 맛집 정보와 후기,mistralai/mistral-nemotron,2026-06-02T02:14:18.684529+00:00,drop,78,intent_angle_cap:info+local
09-night-view-food-gwangalli-night-view-restaurant,09-night-view-food,09,gwangalli-night-view-restaurant,광안리 야경 맛집,광안리 야경 맛집 | 바다와 함께하는 저녁,info,local,광안리에서 바다와 야경을 함께 감상할 수 있는 맛집을 소개합니다.,mistralai/mistral-nemotron,2026-06-02T02:14:18.684529+00:00,drop,78,intent_angle_cap:info+local
09-night-view-food-gwangju-night-view-restaurant,09-night-view-food,09,gwangju-night-view-restaurant,광주 야경 맛집,광주 야경 맛집 | 분위기 있는 장소,info,local,광주에서 야경을 감상하기 좋은 분위기 있는 맛집을 소개합니다.,mistralai/mistral-nemotron,2026-06-02T02:14:18.684529+00:00,drop,78,intent_angle_cap:info+local
09-night-view-food-hongdae-night-view-restaurant,09-night-view-food,09,hongdae-night-view-restaurant,야경 맛집 홍대,홍대 야경이 유명한 맛집 추천,info,local,홍대 야경 맛집 정보와 후기,mistralai/mistral-nemotron,2026-06-02T02:14:18.684529+00:00,drop,78,intent_angle_cap:info+local
09-night-view-food-hongdae-night-view-restaurant-2,09-night-view-food,09,hongdae-night-view-restaurant-2,홍대 야경 맛집,홍대 야경 맛집 | 젊은 분위기와 함께,info,local,홍대에서 젊은 분위기와 야경을 함께 즐길 수 있는 맛집을 추천합니다.,mistralai/mistral-nemotron,2026-06-02T02:14:18.684529+00:00,drop,78,intent_angle_cap:info+local
09-night-view-food-incheon-goyang-mountain-nightview,09-night-view-food,09,incheon-goyang-mountain-nightview,야경 맛집 인천 계양산,인천 계양산 야경 맛집 추천과 야경 포토스팟,info,local,계양산에서 야경을 즐기며 식사를 할 수 있는 맛집,mistralai/mistral-nemotron,2026-06-02T02:14:18.684529+00:00,drop,78,intent_angle_cap:info+local
09-night-view-food-incheon-night-view-restaurant-2,09-night-view-food,09,incheon-night-view-restaurant-2,인천 야경 맛집,인천 야경 맛집 | 사진으로 남길 만한 장소,info,local,인천에서 야경을 배경으로 사진 찍기에 좋은 맛집을 소개합니다.,mistralai/mistral-nemotron,2026-06-02T02:14:18.684529+00:00,drop,78,intent_angle_cap:info+local
09-night-view-food-incheon-songdo-night-view-restaurant,09-night-view-food,09,incheon-songdo-night-view-restaurant,인천 송도 야경 맛집,인천 송도 야경 맛집 | 도시 풍경과 함께,info,local,인천 송도에서 도시 풍경과 야경을 함께 즐길 수 있는 맛집을 소개합니다.,mistralai/mistral-nemotron,2026-06-02T02:14:18.684529+00:00,drop,78,intent_angle_cap:info+local
09-night-view-food-itaewon-night-view-restaurant,09-night-view-food,09,itaewon-night-view-restaurant,야경 맛집 이태원,이태원 야경이 유명한 맛집 추천,info,local,이태원 야경 맛집 정보와 후기,mistralai/mistral-nemotron,2026-06-02T02:14:18.684529+00:00,drop,78,intent_angle_cap:info+local
09-night-view-food-itaewon-night-view-restaurant-2,09-night-view-food,09,itaewon-night-view-restaurant-2,이태원 야경 맛집,이태원 야경 맛집 | 국제적인 분위기,info,local,이태원에서 국제적인 분위기와 야경을 함께 감상할 수 있는 맛집을 소개합니다.,mistralai/mistral-nemotron,2026-06-02T02:14:18.684529+00:00,drop,78,intent_angle_cap:info+local
09-night-view-food-jeju-night-view-restaurant-2,09-night-view-food,09,jeju-night-view-restaurant-2,제주도 야경 맛집,제주도 야경 맛집 | 바다와 함께하는 저녁,info,local,제주도에서 바다와 야경을 함께 감상할 수 있는 맛집을 소개합니다.,mistralai/mistral-nemotron,2026-06-02T02:14:18.684529+00:00,drop,78,intent_angle_cap:info+local
09-night-view-food-jeju-sungsan-nightview-restaurant,09-night-view-food,09,jeju-sungsan-nightview-restaurant,야경 맛집 제주도 성산일출봉,제주도 성산일출봉 근처 야경 맛집 추천,info,local,성산일출봉에서 내려다보이는 야경과 함께하는 맛집,mistralai/mistral-nemotron,2026-06-02T02:14:18.684529+00:00,drop,78,intent_angle_cap:info+local
09-night-view-food-seoul-yeouido-nightview-restaurant,09-night-view-food,09,seoul-yeouido-nightview-restaurant,야경 맛집 서울 여의도,서울 여의도 야경 맛집 추천과 로맨틱 분위기,info,local,여의도 야경과 함께하는 로맨틱한 맛집 추천,mistralai/mistral-nemotron,2026-06-02T02:14:18.684529+00:00,drop,78,intent_angle_cap:info+local
09-night-view-food-sinchon-night-view-restaurant,09-night-view-food,09,sinchon-night-view-restaurant,야경 맛집 신촌,신촌 야경이 유명한 맛집 추천,info,local,신촌 야경 맛집 정보와 후기,mistralai/mistral-nemotron,2026-06-02T02:14:18.684529+00:00,drop,78,intent_angle_cap:info+local
09-night-view-food-sinchon-night-view-restaurant-2,09-night-view-food,09,sinchon-night-view-restaurant-2,신촌 야경 맛집,신촌 야경 맛집 | 대학가 분위기,info,local,신촌에서 대학가 분위기와 야경을 함께 즐길 수 있는 맛집을 추천합니다.,mistralai/mistral-nemotron,2026-06-02T02:14:18.684529+00:00,drop,78,intent_angle_cap:info+local
09-night-view-food-suwon-hwaseong-nightview-restaurant,09-night-view-food,09,suwon-hwaseong-nightview-restaurant,야경 맛집 수원 화성행궁,수원 화성행궁 야경 맛집 추천과 야경 포인트,info,local,화성행궁 야경을 감상할 수 있는 맛집 추천,mistralai/mistral-nemotron,2026-06-02T02:14:18.684529+00:00,drop,78,intent_angle_cap:info+local
09-night-view-food-suwon-night-view-restaurant,09-night-view-food,09,suwon-night-view-restaurant,수원 야경 맛집,수원 야경 맛집 | 성곽 야경과 함께,info,local,수원에서 성곽 야경과 함께 즐길 수 있는 맛집을 소개합니다.,mistralai/mistral-nemotron,2026-06-02T02:14:18.684529+00:00,drop,78,intent_angle_cap:info+local
09-night-view-food-ulsan-night-view-restaurant,09-night-view-food,09,ulsan-night-view-restaurant,울산 야경 맛집,울산 야경 맛집 | 해운대와 함께하는 저녁,info,local,울산에서 해운대와 야경을 함께 즐길 수 있는 맛집을 소개합니다.,mistralai/mistral-nemotron,2026-06-02T02:14:18.684529+00:00,drop,78,intent_angle_cap:info+local
09-night-view-food-gangnam-night-view-restaurant,09-night-view-food,09,gangnam-night-view-restaurant,강남 야경 맛집 추천,강남 야경이 아름다운 맛집 추천 10곁,info,local,강남 야경과 함께 즐길 수 있는 맛집 정보,mistralai/mistral-nemotron,2026-06-02T02:14:18.684529+00:00,drop,74,intent_angle_cap:info+local
09-night-view-food-incheon-night-view-restaurant,09-night-view-food,09,incheon-night-view-restaurant,야경 맛집 인천 추천,인천 야경이 아름다운 맛집 추천,info,local,인천 야경 맛집 정보와 후기,mistralai/mistral-nemotron,2026-06-02T02:14:18.684529+00:00,drop,74,intent_angle_cap:info+local
09-night-view-food-jeju-night-view-restaurant,09-night-view-food,09,jeju-night-view-restaurant,야경 맛집 제주도 추천,제주도 야경이 유명한 맛집 추천,info,local,제주도 야경 맛집 정보와 후기,mistralai/mistral-nemotron,2026-06-02T02:14:18.684529+00:00,drop,74,intent_angle_cap:info+local
09-night-view-food-seoul-night-view-restaurant,09-night-view-food,09,seoul-night-view-restaurant,야경 맛집 서울 추천,서울 야경이 유명한 맛집 추천,info,local,서울 야경 맛집 정보와 후기,mistralai/mistral-nemotron,2026-06-02T02:14:18.684529+00:00,drop,74,intent_angle_cap:info+local
09-night-view-food-seoul-night-view-restaurant-2,09-night-view-food,09,seoul-night-view-restaurant-2,서울 야경 맛집 추천,서울 야경 맛집 추천 10곳 | 분위기 좋은 장소,info,local,서울에서 야경을 감상하기 좋은 맛집 10곳을 추천합니다.,mistralai/mistral-nemotron,2026-06-02T02:14:18.684529+00:00,drop,74,intent_angle_cap:info+local
09-night-view-food-songdo-night-view-restaurants,09-night-view-food,09,songdo-night-view-restaurants,야경 맛집 서울 성수동 추천,서울 성수동 야경 맛집 추천과 후기,info,local,서울 성수동에서 야경을 즐기기 좋은 맛집을 추천합니다.,mistralai/mistral-nemotron,2026-06-02T02:14:18.684529+00:00,drop,74,intent_angle_cap:info+local
09-seoul-food-yongsan-military-cafe,09-seoul-food,09,yongsan-military-cafe,용산역 군인 친화 카페,용산역에서 군인을 위한 카페 추천 10곳,review,local,용산역에서 군인들을 위한 카페,mistralai/mistral-nemotron,2026-06-02T02:14:18.684529+00:00,drop,78,intent_angle_cap:review+local
09-seoul-food-gangnam-business-lounge,09-seoul-food,09,gangnam-business-lounge,강남역 비즈니스 라운지 추천,강남역 비즈니스 라운지 추천 4선 | 회의·면접 공간,review,local,강남역에서 비즈니스 라운지를 추천,mistralai/mistral-nemotron,2026-06-02T02:14:18.684529+00:00,drop,74,intent_angle_cap:review+local
09-seoul-food-gangnam-business-lunch,09-seoul-food,09,gangnam-business-lunch,강남역 비즈니스 랜치 추천,강남역에서의 비즈니스 랜치 추천 10곳,review,local,강남역 nearby에서 비즈니스 랜치에 적합한 맛집 10곳,mistralai/mistral-nemotron,2026-06-02T02:14:18.684529+00:00,drop,74,intent_angle_cap:review+local
09-seoul-food-gangnam-hanwoo-restaurant,09-seoul-food,09,gangnam-hanwoo-restaurant,서울 강남역 한우 전문점 추천,강남역 한우 전문점 추천 5선 | 급식과 지방차이 비교,review,local,강남역에서 한우 전문점을 비교합니다.,mistralai/mistral-nemotron,2026-06-02T02:14:18.684529+00:00,drop,74,intent_angle_cap:review+local
09-seoul-food-gangnam-longtable-cafe,09-seoul-food,09,gangnam-longtable-cafe,서울 강남역 롱테이블 카페 추천,강남역 롱테이블 카페 추천 5선 | 팀 미팅에 좋은 장소,review,local,강남역에서 롱테이블이 있는 카페를 비교합니다.,mistralai/mistral-nemotron,2026-06-02T02:14:18.684529+00:00,drop,74,intent_angle_cap:review+local
09-seoul-food-gangnam-office-buffet,09-seoul-food,09,gangnam-office-buffet,강남역 비즈니스 뷔페 추천,강남역 비즈니스 뷔페 추천 5선 | 회식·면접 장소,review,local,강남역에서 비즈니스 친화적인 뷔페 매장 비교,mistralai/mistral-nemotron,2026-06-02T02:14:18.684529+00:00,drop,74,intent_angle_cap:review+local
09-seoul-food-hongdae-dessert-cafe,09-seoul-food,09,hongdae-dessert-cafe,서울 홍대 디저트 카페 추천,홍대 디저트 카페 추천 8선 | 인스타 감성 있는 곳,review,local,홍대에서 맛있는 디저트와 감성 있는 카페를 소개합니다.,mistralai/mistral-nemotron,2026-06-02T02:14:18.684529+00:00,drop,74,intent_angle_cap:review+local
09-seoul-food-hongdae-insta-filter-cafe,09-seoul-food,09,hongdae-insta-filter-cafe,홍대 카페 인스타그램 필터 추천,홍대 인스타 필터 카페 추천 7선 | 사진 잘 나오는 장소를 알려드립니다,review,local,홍대 카페 중 인스타그램 필터 효과가 좋은 장소,mistralai/mistral-nemotron,2026-06-02T02:14:18.684529+00:00,drop,74,intent_angle_cap:review+local
09-seoul-food-itaewon-party-spot,09-seoul-food,09,itaewon-party-spot,서울 이태원 파티 장소 추천,이태원 파티 장소 추천 5선 | 외국인 친화적 클럽,review,local,이태원에서 즐길 수 있는 파티 장소와 클럽을 비교합니다.,mistralai/mistral-nemotron,2026-06-02T02:14:18.684529+00:00,drop,74,intent_angle_cap:review+local
09-seoul-food-shinchon-instagram-cafe,09-seoul-food,09,shinchon-instagram-cafe,서울 신촌 인스타그램 카페 추천,신촌 인스타그램 카페 추천 6선 | SNS에 올리기 좋은 곳,review,local,신촌에서 SNS용으로 인기 있는 카페를 소개합니다.,mistralai/mistral-nemotron,2026-06-02T02:14:18.684529+00:00,drop,74,intent_angle_cap:review+local
09-seoul-food-yongsan-date-cafe,09-seoul-food,09,yongsan-date-cafe,용산역 데이트 카페 추천,용산역에서 데이트하기 좋은 카페 10곳,review,local,용산역 주변에서 롬컨티크한 분위기의 데이트 카페,mistralai/mistral-nemotron,2026-06-02T02:14:18.684529+00:00,drop,74,intent_angle_cap:review+local
09-seoul-food-gangnam-starbucks,09-seoul-food,09,gangnam-starbucks,강남역 스타벅스,강남역 주변 스타벅스 추천 5곳,review,local,강남역 근처에서 스타벅스 커피를 즐길 수 있는 곳,mistralai/mistral-nemotron,2026-06-02T02:14:18.684529+00:00,drop,73,intent_angle_cap:review+local
09-seoul-food-sseongsu-brunch-menu,09-seoul-food,09,sseongsu-brunch-menu,성수동 브런치 인기 메뉴,성수동 브런치 인기 메뉴 TOP 5 | 2023년 추천,review,local,성수동 브런치 매장에서 인기 있는 메뉴 추천,mistralai/mistral-nemotron,2026-06-02T02:14:18.684529+00:00,drop,43,intent_angle_cap:review+local
09-solo-food-myeongdong-honbap-cafe,09-solo-food,09,myeongdong-honbap-cafe,혼밥 카페 추천 명동,명동에서 혼밥하기 좋은 카페 추천 7곳,info,local,명동의 혼밥에 적합한 카페 리스트,mistralai/mistral-nemotron,2026-06-02T02:14:18.684529+00:00,drop,78,intent_angle_cap:info+local
09-solo-food-seongnam-bundang-alone-korean-restaurant,09-solo-food,09,seongnam-bundang-alone-korean-restaurant,혼밥 한식집 성남 분당구,혼밥 한식집 성남 분당구 인기 메뉴와 분위기,info,local,성남 분당구에서 혼밥에 적합한 한식집 추천.,mistralai/mistral-nemotron,2026-06-02T02:14:18.684529+00:00,drop,78,intent_angle_cap:info+local
09-solo-food-seongnam-bundang-honbap,09-solo-food,09,seongnam-bundang-honbap,혼밥 맛집 성남 분당구,"성남 분당구 혼밥 맛집 추천, 혼자도 즐거운 식사장소",info,local,분당구에서 혼밥하기 좋은 맛집 리스트,mistralai/mistral-nemotron,2026-06-02T02:14:18.684529+00:00,drop,78,intent_angle_cap:info+local
09-solo-food-seoul-gangnam-seobuk-honbap,09-solo-food,09,seoul-gangnam-seobuk-honbap,혼밥 맛집 서울 강남역,혼자도 즐기는 서울 강남역 혼밥 맛집 추천,info,local,강남역에서 혼밥하기 좋은 맛집 정보,mistralai/mistral-nemotron,2026-06-02T02:14:18.684529+00:00,drop,78,intent_angle_cap:info+local
09-solo-food-songdo-korean-solo,09-solo-food,09,songdo-korean-solo,혼밥 한식집 인천 송도,"송도 혼밥 한식집 추천, 한 그릇으로 즐기는 식사",info,local,송도에서 혼밥으로 즐길 수 있는 한식집 추천입니다.,mistralai/mistral-nemotron,2026-06-02T02:14:18.684529+00:00,drop,78,intent_angle_cap:info+local
09-solo-food-suwon-gyeonseon-alone-cafe,09-solo-food,09,suwon-gyeonseon-alone-cafe,혼밥 카페 추천 수원 권선구,혼밥 카페 추천 수원 권선구 인스타그램 핫플과 메뉴,info,local,수원 권선구에서 혼밥에 적합한 카페 추천과 인스타그램 핫플.,mistralai/mistral-nemotron,2026-06-02T02:14:18.684529+00:00,drop,78,intent_angle_cap:info+local
09-solo-food-suwon-kwonseon-honbap,09-solo-food,09,suwon-kwonseon-honbap,혼밥 맛집 수원 권선구,"수원 권선구 혼밥 맛집 추천, 혼자도 즐거운 식사",info,local,권선구에서 혼밥하기 좋은 맛집 리스트,mistralai/mistral-nemotron,2026-06-02T02:14:18.684529+00:00,drop,78,intent_angle_cap:info+local
10-asian-cuisine-japan-oden-broth,10-asian-cuisine,10,japan-oden-broth,일본 오뎅 국물 레시피,일본 오뎅 국물 레시피와 재료,howto,howto,일본 오뎅 국물 레시피와 필요한 재료 안내,mistralai/mistral-nemotron,2026-06-02T02:14:18.684529+00:00,drop,96,intent_angle_cap:howto+howto
10-asian-cuisine-japan-oden-sauce,10-asian-cuisine,10,japan-oden-sauce,일본 오뎅 소스 레시피,일본 오뎅 소스 레시피와 재료,howto,howto,일본 오뎅 소스 레시피와 필요한 재료 안내,mistralai/mistral-nemotron,2026-06-02T02:14:18.684529+00:00,drop,96,intent_angle_cap:howto+howto
10-asian-cuisine-japan-ramen-broth,10-asian-cuisine,10,japan-ramen-broth,일본 라멘 국물 레시피,일본 라멘 국물 레시피와 재료,howto,howto,집에서 만드는 일본 라멘 국물 레시피,mistralai/mistral-nemotron,2026-06-02T02:14:18.684529+00:00,drop,96,intent_angle_cap:howto+howto
10-asian-cuisine-japan-tonkatsu-sauce,10-asian-cuisine,10,japan-tonkatsu-sauce,일본 돈가스 소스 레시피,일본 돈가스 소스 레시피와 재료,howto,howto,일본 돈가스 소스 레시피와 필요한 재료 안내,mistralai/mistral-nemotron,2026-06-02T02:14:18.684529+00:00,drop,96,intent_angle_cap:howto+howto
10-asian-cuisine-japanese-donburi,10-asian-cuisine,10,japanese-donburi,일본 돈부리 레시피,일본식 돈부리 레시피와 팁,howto,howto,일본 돈부리를 만드는 방법,mistralai/mistral-nemotron,2026-06-02T02:14:18.684529+00:00,drop,96,intent_angle_cap:howto+howto
10-asian-cuisine-japanese-jamonasi,10-asian-cuisine,10,japanese-jamonasi,일본 자모나시 레시피,일본식 자모나시 레시피와 재료 설명,howto,howto,일본 자모나시를 만드는 방법,mistralai/mistral-nemotron,2026-06-02T02:14:18.684529+00:00,drop,96,intent_angle_cap:howto+howto
10-asian-cuisine-japanese-oden-stew,10-asian-cuisine,10,japanese-oden-stew,일본 오뎅 스튜 레시피,일본식 오뎅 스튜를 만드는 방법과 재료,howto,howto,일본 오뎅 스튜를 집에서 재현하는 레시피,mistralai/mistral-nemotron,2026-06-02T02:14:18.684529+00:00,drop,96,intent_angle_cap:howto+howto
10-asian-cuisine-japanese-udon-soup,10-asian-cuisine,10,japanese-udon-soup,일본 우동 국물 레시피,집에서 간단히 만드는 일식 우동 국물 레시피,howto,howto,일본 우동 국물 레시피와 조리법 안내,mistralai/mistral-nemotron,2026-06-02T02:14:18.684529+00:00,drop,96,intent_angle_cap:howto+howto
10-asian-cuisine-malaysia-nasi-lemak,10-asian-cuisine,10,malaysia-nasi-lemak,말레이시아 나시 레막 레시피,말레이시아식 나시 레막을 만드는 단계별 방법,howto,howto,말레이시아의 대표적인 아침 요리 나시 레막 레시피,mistralai/mistral-nemotron,2026-06-02T02:14:18.684529+00:00,drop,96,intent_angle_cap:howto+howto
10-asian-cuisine-malaysia-satay-sauce,10-asian-cuisine,10,malaysia-satay-sauce,말레이시아 사텐 소스 레시피,말레이시아 사텐 소스 레시피와 조리법,howto,howto,말레이시아 사텐 소스 레시피와 조리법 설명,mistralai/mistral-nemotron,2026-06-02T02:14:18.684529+00:00,drop,96,intent_angle_cap:howto+howto
10-asian-cuisine-malaysia-sate-aye,10-asian-cuisine,10,malaysia-sate-aye,말레이시아 사텐 아예 레시피,말레이시아식 사텐 아예 레시피와 조리법,howto,howto,말레이시아 사텐 아예를 만드는 방법,mistralai/mistral-nemotron,2026-06-02T02:14:18.684529+00:00,drop,96,intent_angle_cap:howto+howto
10-asian-cuisine-malaysia-sate-bang,10-asian-cuisine,10,malaysia-sate-bang,말레이시아 사텐 바캉 레시피,말레이시아식 사텐 바캉 레시피와 조리법,howto,howto,말레이시아 사텐 바캉을 만드는 방법,mistralai/mistral-nemotron,2026-06-02T02:14:18.684529+00:00,drop,96,intent_angle_cap:howto+howto
10-asian-cuisine-malaysian-chicken-sate,10-asian-cuisine,10,malaysian-chicken-sate,말레이시아 사텐 닭고기 레시피,말레이시아 사텐 닭고기 레시피와 팁,howto,howto,말레이시아 사텐 닭고기 직접 만드는 방법,mistralai/mistral-nemotron,2026-06-02T02:14:18.684529+00:00,drop,96,intent_angle_cap:howto+howto
10-asian-cuisine-malaysian-prawn-sate,10-asian-cuisine,10,malaysian-prawn-sate,말레이시아 사텐 게 레시피,말레이식 게 사텐 레시피와 조리법,howto,howto,말레이시아 사텐 게 직접 만드는 방법,mistralai/mistral-nemotron,2026-06-02T02:14:18.684529+00:00,drop,96,intent_angle_cap:howto+howto
10-asian-cuisine-philippines-adobo-sauce,10-asian-cuisine,10,philippines-adobo-sauce,필리핀 아도보 소스 레시피,필리핀 아도보 소스 레시피와 재료,howto,howto,필리핀 아도보 소스 레시피와 필요한 재료 안내,mistralai/mistral-nemotron,2026-06-02T02:14:18.684529+00:00,drop,96,intent_angle_cap:howto+howto
10-asian-cuisine-philippines-curry-sauce,10-asian-cuisine,10,philippines-curry-sauce,필리핀 카레 소스 레시피,필리핀 카레 소스 레시피와 재료,howto,howto,필리핀 카레 소스 레시피와 필요한 재료 안내,mistralai/mistral-nemotron,2026-06-02T02:14:18.684529+00:00,drop,96,intent_angle_cap:howto+howto
10-asian-cuisine-philippines-lechon-manisa,10-asian-cuisine,10,philippines-lechon-manisa,필리핀 레초 데 마니사 레시피,필리핀 레초 데 마니사 레시피와 재료,howto,howto,필리핀 레초 데 마니사 레시피 안내,mistralai/mistral-nemotron,2026-06-02T02:14:18.684529+00:00,drop,96,intent_angle_cap:howto+howto
10-asian-cuisine-soy-egg-recipe,10-asian-cuisine,10,soy-egg-recipe,중국 간장 삶은 계란 레시피,간장 삶은 계란 홈메이드 레시피와 팁,howto,howto,간장 삶은 계란 직접 만드는 방법,mistralai/mistral-nemotron,2026-06-02T02:14:18.684529+00:00,drop,96,intent_angle_cap:howto+howto
10-asian-cuisine-thai-jongjai-recipe,10-asian-cuisine,10,thai-jongjai-recipe,태국 쫑자이 레시피,간편한 태국 쫑자이 레시피와 재료 안내,howto,howto,태국 쫑자이 직접 조리하는 방법,mistralai/mistral-nemotron,2026-06-02T02:14:18.684529+00:00,drop,96,intent_angle_cap:howto+howto
10-asian-cuisine-thai-jongjai-sauce,10-asian-cuisine,10,thai-jongjai-sauce,태국 쫑자이 소스 레시피,태국 쫑자이 소스 레시피와 조리법,howto,howto,태국 쫑자이 소스 레시피와 조리법 설명,mistralai/mistral-nemotron,2026-06-02T02:14:18.684529+00:00,drop,96,intent_angle_cap:howto+howto
10-asian-cuisine-thai-kao-pad,10-asian-cuisine,10,thai-kao-pad,타이 카오 파드 레시피,타이식 카오 파드 레시피와 팁,howto,howto,타이 카오 파드를 집에서 만드는 방법,mistralai/mistral-nemotron,2026-06-02T02:14:18.684529+00:00,drop,96,intent_angle_cap:howto+howto
10-asian-cuisine-thai-pad-thai,10-asian-cuisine,10,thai-pad-thai,태국 파타야 레시피,태국 파타야 레시피와 조리법,howto,howto,홈메이드 태국 파타야 레시피,mistralai/mistral-nemotron,2026-06-02T02:14:18.684529+00:00,drop,96,intent_angle_cap:howto+howto
10-asian-cuisine-thai-tom-kha,10-asian-cuisine,10,thai-tom-kha,태국 톰캉 레시피,태국식 톰캉 레시피와 조리법,howto,howto,태국 톰캉 직접 조리하는 방법,mistralai/mistral-nemotron,2026-06-02T02:14:18.684529+00:00,drop,96,intent_angle_cap:howto+howto
10-asian-cuisine-thai-tom-yum,10-asian-cuisine,10,thai-tom-yum,타이 톰야 레시피,타이식 톰야 레시피와 팁,howto,howto,타이 톰야를 집에서 만드는 방법,mistralai/mistral-nemotron,2026-06-02T02:14:18.684529+00:00,drop,96,intent_angle_cap:howto+howto
10-asian-cuisine-thai-tomkang-sauce,10-asian-cuisine,10,thai-tomkang-sauce,태국 톰캉 소스 레시피,태국 톰캉 소스 레시피와 조리법,howto,howto,태국 톰캉 소스 레시피와 조리법 설명,mistralai/mistral-nemotron,2026-06-02T02:14:18.684529+00:00,drop,96,intent_angle_cap:howto+howto
10-asian-cuisine-vietnam-juice-recipe,10-asian-cuisine,10,vietnam-juice-recipe,베트남 쥬스 레시피 재료,베트남 쥬스 레시피와 필요한 재료,howto,howto,베트남 쥬스 레시피와 필요한 재료 안내,mistralai/mistral-nemotron,2026-06-02T02:14:18.684529+00:00,drop,96,intent_angle_cap:howto+howto
10-asian-cuisine-vietnamese-banh-mi,10-asian-cuisine,10,vietnamese-banh-mi,베트남 바인미 레시피,베트남식 바인미를 만드는 단계별 방법,howto,howto,베트남 바인미를 집에서 만드는 레시피,mistralai/mistral-nemotron,2026-06-02T02:14:18.684529+00:00,drop,96,intent_angle_cap:howto+howto
10-asian-cuisine-vietnamese-meat-dish,10-asian-cuisine,10,vietnamese-meat-dish,베트남 고기 레시피,베트남식 고기 요리 레시피와 팁,howto,howto,베트남 고기 요리를 만드는 방법,mistralai/mistral-nemotron,2026-06-02T02:14:18.684529+00:00,drop,96,intent_angle_cap:howto+howto
10-asian-cuisine-vietnamese-pepered-crab,10-asian-cuisine,10,vietnamese-pepered-crab,베트남 프노 게 레시피,베트남식 게 프노 레시피와 팁,howto,howto,베트남 게 프노 직접 조리하는 방법,mistralai/mistral-nemotron,2026-06-02T02:14:18.684529+00:00,drop,96,intent_angle_cap:howto+howto
10-asian-cuisine-vietnamese-pho-nasi-gomtang,10-asian-cuisine,10,vietnamese-pho-nasi-gomtang,베트남 프노 나시 곰탕 레시피,베트남 프노 나시 곰탕 레시피와 조리 팁,howto,howto,베트남 스타일 프노 나시 곰탕을 집에서 만드는 방법,mistralai/mistral-nemotron,2026-06-02T02:14:18.684529+00:00,drop,96,intent_angle_cap:howto+howto
10-asian-cuisine-japanese-oden-ingredients,10-asian-cuisine,10,japanese-oden-ingredients,일본 오뎅 스튜 재료,일본 오뎅 스튜 재료와 조리법,howto,howto,일본 오뎅 스튜 재료와 직접 만드는 방법,mistralai/mistral-nemotron,2026-06-02T02:14:18.684529+00:00,drop,84,intent_angle_cap:howto+howto
10-baking-guide-macadamia-nut-baking,10-baking-guide,10,macadamia-nut-baking,베이킹용 마카다미아 견과류 활용법,베이킹용 마카다미아 견과류 활용법과 레시피,howto,howto,마카다미아 견과류를 활용한 베이킹 방법을 소개합니다.,mistralai/mistral-nemotron,2026-06-02T02:14:18.684529+00:00,drop,96,intent_angle_cap:howto+howto
10-baking-guide-using-essences-in-baking,10-baking-guide,10,using-essences-in-baking,베이킹용 향료 활용법,베이킹에 적합한 향료 활용법과 레시피,howto,howto,베이킹에 적합한 향료의 활용법과 레시피,mistralai/mistral-nemotron,2026-06-02T02:14:18.684529+00:00,drop,96,intent_angle_cap:howto+howto
10-baking-guide-using-fruit-in-baking,10-baking-guide,10,using-fruit-in-baking,베이킹용 과일 활용법,베이킹에 적합한 과일 활용법과 레시피,howto,howto,베이킹에 적합한 과일의 활용법과 레시피,mistralai/mistral-nemotron,2026-06-02T02:14:18.684529+00:00,drop,96,intent_angle_cap:howto+howto
10-baking-guide-using-nuts-in-baking,10-baking-guide,10,using-nuts-in-baking,베이킹용 견과류 활용법,베이킹에 적합한 견과류 활용법과 레시피,howto,howto,베이킹에 적합한 견과류의 활용법과 레시피,mistralai/mistral-nemotron,2026-06-02T02:14:18.684529+00:00,drop,96,intent_angle_cap:howto+howto
10-baking-guide-using-salt-in-baking,10-baking-guide,10,using-salt-in-baking,베이킹용 식염 활용법,베이킹에 사용하는 식염 활용법과 레시피,howto,howto,베이킹에 적합한 식염의 활용법과 레시피,mistralai/mistral-nemotron,2026-06-02T02:14:18.684529+00:00,drop,96,intent_angle_cap:howto+howto
10-baking-guide-using-spices-in-baking,10-baking-guide,10,using-spices-in-baking,베이킹용 향신료 활용법,베이킹에 사용하는 향신료 활용법과 레시피,howto,howto,베이킹에 적합한 향신료의 활용법과 레시피,mistralai/mistral-nemotron,2026-06-02T02:14:18.684529+00:00,drop,96,intent_angle_cap:howto+howto
10-baking-guide-using-vegetables-in-baking,10-baking-guide,10,using-vegetables-in-baking,베이킹용 야채 활용법,베이킹에 사용하는 야채 활용법과 레시피,howto,howto,베이킹에 적합한 야채의 활용법과 레시피,mistralai/mistral-nemotron,2026-06-02T02:14:18.684529+00:00,drop,96,intent_angle_cap:howto+howto
10-baking-guide-vinegar-baking,10-baking-guide,10,vinegar-baking,베이킹용 식초 활용법,베이킹용 식초 활용법과 레시피,howto,howto,베이킹에 사용되는 식초의 활용법을 알아봅니다.,mistralai/mistral-nemotron,2026-06-02T02:14:18.684529+00:00,drop,96,intent_angle_cap:howto+howto
10-baking-guide-baking-pie-crust-tips,10-baking-guide,10,baking-pie-crust-tips,베이킹용 무한정명 파이 크러스트,베이킹용 무한정명 파이 크러스트 만드는 법,howto,howto,파이를 만들 때 무한정명으로 만드는 크러스트 레시피,mistralai/mistral-nemotron,2026-06-02T02:14:18.684529+00:00,drop,84,intent_angle_cap:howto+howto
10-baking-guide-milk-substitute-baking,10-baking-guide,10,milk-substitute-baking,베이킹용 우유 대체제,베이킹용 우유 대체제와 활용법,howto,howto,베이킹에 사용할 수 있는 우유 대체제를 알아봅니다.,mistralai/mistral-nemotron,2026-06-02T02:14:18.684529+00:00,drop,84,intent_angle_cap:howto+howto
10-baking-guide-oven-baking-temperature,10-baking-guide,10,oven-baking-temperature,베이킹 오븐 온도 조절법,오븐 베이킹 온도 조절과 정확한 시간 설정,howto,howto,베이킹 시 오븐 온도 조절 방법과 팁,mistralai/mistral-nemotron,2026-06-02T02:14:18.684529+00:00,drop,84,intent_angle_cap:howto+howto
10-baking-guide-oven-temperature-settings,10-baking-guide,10,oven-temperature-settings,베이킹용 오븐 온도 설정법,베이킹용 오븐 온도 설정과 조리법,howto,howto,베이킹을 위한 오븐 온도 설정과 조리 팁,mistralai/mistral-nemotron,2026-06-02T02:14:18.684529+00:00,drop,84,intent_angle_cap:howto+howto
10-cooking-tips-no-kimchi-jjigae,10-cooking-tips,10,no-kimchi-jjigae,김치가 없는 김치찌개,김치가 없어도 만드는 김치찌개 레시피,howto,howto,김치가 없어도 만들 수 있는 김치찌개 레시피,mistralai/mistral-nemotron,2026-06-02T02:14:18.684529+00:00,drop,96,intent_angle_cap:howto+howto
10-cooking-tips-easy-fish-cleaning-tips,10-cooking-tips,10,easy-fish-cleaning-tips,손질하기 쉬운 생선 별별 방법,생선 손질하기 쉬운 방법 별별 팁과 요리법,howto,howto,초보자도 쉽게 따라할 수 있는 생선 손질 방법,mistralai/mistral-nemotron,2026-06-02T02:14:18.684529+00:00,drop,92,intent_angle_cap:howto+howto
10-cooking-tips-make-gosuyonggi,10-cooking-tips,10,make-gosuyonggi,고수용기 만드는 방법,집에서도 쉽게 만드는 고수용기 레시피,howto,howto,집에서 간편하게 만들 수 있는 고수용기 조리법,mistralai/mistral-nemotron,2026-06-02T02:14:18.684529+00:00,drop,92,intent_angle_cap:howto+howto
10-cooking-tips-easy-korean-food-for-beginners,10-cooking-tips,10,easy-korean-food-for-beginners,초보자도 할 수 있는 한식 요리,초보자도 쉽게 따라할 수 있는 한식 요리 기본,howto,howto,한식 초보자들을 위한 간단한 요리 팁,mistralai/mistral-nemotron,2026-06-02T02:14:18.684529+00:00,drop,84,intent_angle_cap:howto+howto
10-cooking-tips-easy-korean-one-pot-meal,10-cooking-tips,10,easy-korean-one-pot-meal,간편한 한식 한그릇 요리,바쁜 아침에도 가능한 한식 한그릇 요리,howto,howto,간편한 한식 한그릇 요리 레시피,mistralai/mistral-nemotron,2026-06-02T02:14:18.684529+00:00,drop,84,intent_angle_cap:howto+howto
10-cooking-tips-healthy-korean-desserts,10-cooking-tips,10,healthy-korean-desserts,건강한 한식 디저트,건강한 한식 디저트와 간단한 조리법,howto,howto,건강한 한식 디저트 레시피를 배워보자.,mistralai/mistral-nemotron,2026-06-02T02:14:18.684529+00:00,drop,84,intent_angle_cap:howto+howto
10-cooking-tips-healthy-korean-home-cooking,10-cooking-tips,10,healthy-korean-home-cooking,건강한 한식 집밥 비결,건강한 한식 집밥 만들기 비결과 요리법,howto,howto,건강한 한식 집밥을 위한 실용적인 팁,mistralai/mistral-nemotron,2026-06-02T02:14:18.684529+00:00,drop,84,intent_angle_cap:howto+howto
10-cooking-tips-korean-cooking-technique,10-cooking-tips,10,korean-cooking-technique,한식 요리 기술,한식 요리에 필수적인 기술과 노하우,howto,howto,한식 요리 전문가의 기술과 팁을 학습하는 방법,mistralai/mistral-nemotron,2026-06-02T02:14:18.684529+00:00,drop,84,intent_angle_cap:howto+howto
10-cooking-tips-korean-stew-recipe,10-cooking-tips,10,korean-stew-recipe,한식 스튜 요리법,추운 날씨에 생각은 한식 스튜 요리법,howto,howto,간편한 재료로 만드는 한식 스튜,mistralai/mistral-nemotron,2026-06-02T02:14:18.684529+00:00,drop,84,intent_angle_cap:howto+howto
10-cooking-tips-korean-stew-recipes,10-cooking-tips,10,korean-stew-recipes,한식 스튜 조리법,한식 스튜 조리법과 맛있는 요리법,howto,howto,한식 스튜 조리법을 알아보자.,mistralai/mistral-nemotron,2026-06-02T02:14:18.684529+00:00,drop,84,intent_angle_cap:howto+howto
10-cooking-tips-sauce-recipe,10-cooking-tips,10,sauce-recipe,양념장 만드는 법,고추장부터 간장까지 양념장의 만드는 법 총정리,howto,howto,다양한 양념장을 만드는 단계별 가이드,mistralai/mistral-nemotron,2026-06-02T02:14:18.684529+00:00,drop,84,intent_angle_cap:howto+howto
10-dessert-making-easy-pineapple-tart-recipe,10-dessert-making,10,easy-pineapple-tart-recipe,간편 파인애플 타르트 레시피,간편 파인애플 타르트 레시피: 상큼한 디저트,howto,howto,파인애플로 상큼한 맛을 내는 간편한 타르트,mistralai/mistral-nemotron,2026-06-02T02:14:18.684529+00:00,drop,96,intent_angle_cap:howto+howto
10-dessert-making-easy-tarte-tatin-recipe,10-dessert-making,10,easy-tarte-tatin-recipe,간편 타르트 타타린 레시피,10분 만에 만드는 간편 타르트 타타린 레시피,howto,howto,바캉스에 좋은 간편한 과일 타르트 레시피,mistralai/mistral-nemotron,2026-06-02T02:14:18.684529+00:00,drop,96,intent_angle_cap:howto+howto
10-dessert-making-fruit-dessert-recipe,10-dessert-making,10,fruit-dessert-recipe,과일 디저트 레시피,과일로 만드는 건강한 디저트 레시피,howto,howto,과일을 활용한 건강한 디저트 레시피 모음,mistralai/mistral-nemotron,2026-06-02T02:14:18.684529+00:00,drop,96,intent_angle_cap:howto+howto
10-dessert-making-home-cafe-dessert-recipe,10-dessert-making,10,home-cafe-dessert-recipe,홈카페 디저트 레시피,홈카페에서 즐기는 디저트 레시피,howto,howto,홈카페를 꾸미는 데 필요한 디저트 레시피 모음,mistralai/mistral-nemotron,2026-06-02T02:14:18.684529+00:00,drop,96,intent_angle_cap:howto+howto
10-dessert-making-homemade-baked-cheese-recipe,10-dessert-making,10,homemade-baked-cheese-recipe,홈메이드 베이크드 치즈 레시피,홈메이드 베이크드 치즈 레시피: 부드러운 디저트,howto,howto,치즈와 설탕으로 완성하는 부드러운 디저트,mistralai/mistral-nemotron,2026-06-02T02:14:18.684529+00:00,drop,96,intent_angle_cap:howto+howto
10-dessert-making-homemade-caramel-pudding-recipe,10-dessert-making,10,homemade-caramel-pudding-recipe,홈메이드 카라멜 푸딩 레시피,홈메이드 카라멜 푸딩 레시피: 달콤한 디저트,howto,howto,카라멜 소스로 완성하는 부드러운 푸딩,mistralai/mistral-nemotron,2026-06-02T02:14:18.684529+00:00,drop,96,intent_angle_cap:howto+howto
10-dessert-making-homemade-chocolate-mousse-recipe,10-dessert-making,10,homemade-chocolate-mousse-recipe,홈메이드 초콜릿 무스 레시피,홈메이드 초콜릿 무스 레시피: 풍성한 디저트,howto,howto,초콜릿과 생크림으로 완성하는 풍성한 무스,mistralai/mistral-nemotron,2026-06-02T02:14:18.684529+00:00,drop,96,intent_angle_cap:howto+howto
10-dessert-making-homemade-ice-cream-recipe,10-dessert-making,10,homemade-ice-cream-recipe,홈메이드 아이스크림 레시피,홈메이드 아이스크림 레시피: 간편하고 맛있는 디저트,howto,howto,과일이나 초콜릿으로 간편하게 만드는 아이스크림,mistralai/mistral-nemotron,2026-06-02T02:14:18.684529+00:00,drop,96,intent_angle_cap:howto+howto
10-dessert-making-homemade-tiramisu-recipe,10-dessert-making,10,homemade-tiramisu-recipe,홈카페용 티라미수 레시피,홈카페에서 손이 가는 티라미수 레시피,howto,howto,커피와 마스카포네 치즈로 완성하는 홈카페 티라미수,mistralai/mistral-nemotron,2026-06-02T02:14:18.684529+00:00,drop,96,intent_angle_cap:howto+howto
10-dessert-making-ice-cream-dessert-recipe,10-dessert-making,10,ice-cream-dessert-recipe,아이스크림 디저트 레시피,아이스크림으로 만드는 상큼한 디저트 레시피,howto,howto,아이스크림을 활용한 다양한 디저트 레시피 소개,mistralai/mistral-nemotron,2026-06-02T02:14:18.684529+00:00,drop,96,intent_angle_cap:howto+howto
10-dessert-making-japanese-sweets-recipe,10-dessert-making,10,japanese-sweets-recipe,스이츠 디저트 레시피,일본식 스이츠 디저트 레시피,howto,howto,일본식 스이츠 디저트 레시피 모음,mistralai/mistral-nemotron,2026-06-02T02:14:18.684529+00:00,drop,96,intent_angle_cap:howto+howto
10-dessert-making-mini-dessert-recipe,10-dessert-making,10,mini-dessert-recipe,미니 디저트 레시피,미니 크기의 귀여운 디저트 레시피,howto,howto,미니 크기의 귀여운 디저트 레시피 소개,mistralai/mistral-nemotron,2026-06-02T02:14:18.684529+00:00,drop,96,intent_angle_cap:howto+howto
10-dessert-making-ovenless-dessert-recipe,10-dessert-making,10,ovenless-dessert-recipe,오븐 없는 디저트 레시피,오븐 없이도 만드는 간편 디저트 레시피,howto,howto,오븐 없이도 간편하게 만드는 디저트 레시피 소개,mistralai/mistral-nemotron,2026-06-02T02:14:18.684529+00:00,drop,96,intent_angle_cap:howto+howto
10-dessert-making-pound-cake-without-oven,10-dessert-making,10,pound-cake-without-oven,오븐 없이 파운드 케이크 만들기,오븐 없이도 만드는 파운드 케이크 레시피,howto,howto,전자레인지로도 가능한 간편한 파운드 케이크,mistralai/mistral-nemotron,2026-06-02T02:14:18.684529+00:00,drop,96,intent_angle_cap:howto+howto
10-dessert-making-rainbow-cupcake-recipe,10-dessert-making,10,rainbow-cupcake-recipe,무지개 컵케이크 레시피,무지개 컵케이크 레시피: 아이들이 좋아하는 디저트,howto,howto,색상별 혼합법과 장식법으로 완성하는 무지개 컵케이크,mistralai/mistral-nemotron,2026-06-02T02:14:18.684529+00:00,drop,96,intent_angle_cap:howto+howto
10-dessert-making-rosewater-pound-cake-recipe,10-dessert-making,10,rosewater-pound-cake-recipe,로즈워터 파운드 케이크 레시피,로즈워터 파운드 케이크 레시피: 향기로운 디저트,howto,howto,로즈워터로 풍미를 더하는 특이한 파운드 케이크,mistralai/mistral-nemotron,2026-06-02T02:14:18.684529+00:00,drop,96,intent_angle_cap:howto+howto
10-dessert-making-socks-dessert-recipe,10-dessert-making,10,socks-dessert-recipe,양말 디저트 레시피,양말로 만드는 특별한 디저트 레시피,howto,howto,양말을 활용한 특별한 디저트 레시피 소개,mistralai/mistral-nemotron,2026-06-02T02:14:18.684529+00:00,drop,96,intent_angle_cap:howto+howto
10-dessert-making-sugar-free-dessert-recipe,10-dessert-making,10,sugar-free-dessert-recipe,무설탕 디저트 레시피,설탕 없이도 달콤한 무설탕 디저트 레시피,howto,howto,무설탕 디저트 레시피 모음,mistralai/mistral-nemotron,2026-06-02T02:14:18.684529+00:00,drop,96,intent_angle_cap:howto+howto
10-dessert-making-vanilla-dessert-recipe,10-dessert-making,10,vanilla-dessert-recipe,바닐라 디저트 레시피,바닐라 향의 달콤한 디저트 레시피,howto,howto,바닐라 향의 다양한 디저트 레시피 모음,mistralai/mistral-nemotron,2026-06-02T02:14:18.684529+00:00,drop,96,intent_angle_cap:howto+howto
10-dessert-making-vanilla-pound-cake-recipe,10-dessert-making,10,vanilla-pound-cake-recipe,바닐라 파운드 케이크 레시피,바닐라 파운드 케이크 레시피: 고급스러운 간식,howto,howto,바닐라 추출물로 풍미를 더하는 파운드 케이크,mistralai/mistral-nemotron,2026-06-02T02:14:18.684529+00:00,drop,96,intent_angle_cap:howto+howto
10-dessert-making-weekend-dessert-recipe,10-dessert-making,10,weekend-dessert-recipe,주말 디저트 레시피,주말에 즐기는 특별한 디저트 레시피,howto,howto,주말에 즐기기 좋은 특별한 디저트 레시피 소개,mistralai/mistral-nemotron,2026-06-02T02:14:18.684529+00:00,drop,96,intent_angle_cap:howto+howto
10-dessert-making-whipped-cream-dessert-recipe,10-dessert-making,10,whipped-cream-dessert-recipe,생크림 디저트 레시피,생크림으로 만드는 달콤한 디저트 레시피,howto,howto,생크림을 활용한 다양한 디저트 레시피 소개,mistralai/mistral-nemotron,2026-06-02T02:14:18.684529+00:00,drop,96,intent_angle_cap:howto+howto
10-dessert-making-crying-dessert-recipe,10-dessert-making,10,crying-dessert-recipe,우는 디저트 만들기,"우는 디저트 만들기, 달콤한 감성템",howto,howto,감성적인 우는 디저트 만들기 방법과 레시피 공유,mistralai/mistral-nemotron,2026-06-02T02:14:18.684529+00:00,drop,84,intent_angle_cap:howto+howto
10-food-trend-food-trend-regional-2024,10-food-trend,10,food-trend-regional-2024,2024 인기 푸드 트렌드 지역별,2024년 인기 푸드 트렌드 지역별: 먹거리 업계 변화 분석,info,issue,2024년 지역별 인기 푸드 트렌드 분석,mistralai/mistral-nemotron,2026-06-02T02:14:18.684529+00:00,drop,62,intent_angle_cap:info+issue
10-food-trend-foodtech-innovation-2024,10-food-trend,10,foodtech-innovation-2024,2024년 푸드테크 혁신,2024년 푸드테크 산업의 혁신과 동향,info,issue,2024년 푸드테크 산업의 혁신과 최신 동향 분석,mistralai/mistral-nemotron,2026-06-02T02:14:18.684529+00:00,drop,62,intent_angle_cap:info+issue
10-food-trend-organic-food-trends-2024,10-food-trend,10,organic-food-trends-2024,유기농 푸드 트렌드 2024,2024년 유기농 푸드 주요 트렌드,info,issue,2024년 유기농 음식의 주요 트렌드와 소비 동향 분석,mistralai/mistral-nemotron,2026-06-02T02:14:18.684529+00:00,drop,62,intent_angle_cap:info+issue
10-food-trend-trendy-food-brand-2024,10-food-trend,10,trendy-food-brand-2024,2024 인기 식품 브랜드,2024년 인기 식품 브랜드: 먹거리 업계 변화 분석,info,issue,2024년 인기 있는 식품 브랜드 분석,mistralai/mistral-nemotron,2026-06-02T02:14:18.684529+00:00,drop,62,intent_angle_cap:info+issue
10-food-trend-trendy-food-packaging-2024,10-food-trend,10,trendy-food-packaging-2024,유행하는 푸드 패키징 2024,2024년 유행하는 푸드 패키징 디자인,info,issue,2024년 인기 있는 푸드 패키징 디자인과 트렌드 분석,mistralai/mistral-nemotron,2026-06-02T02:14:18.684529+00:00,drop,62,intent_angle_cap:info+issue
10-global-cuisine-moroccan-couscous-recipe,10-global-cuisine,10,moroccan-couscous-recipe,모로코 쿠스쿠스 레시피,모로코 쿠스쿠스 레시피와 간편한 조리법,howto,howto,모로코 쿠스쿠스를 만드는 레시피와 간편한 조리법.,mistralai/mistral-nemotron,2026-06-02T02:14:18.684529+00:00,drop,96,intent_angle_cap:howto+howto
10-global-cuisine-new-zealand-pie-recipe,10-global-cuisine,10,new-zealand-pie-recipe,뉴질랜드 파이 레시피,뉴질랜드 파이 레시피와 간단한 조리법,howto,howto,뉴질랜드 파이를 만드는 레시피와 간단한 조리법.,mistralai/mistral-nemotron,2026-06-02T02:14:18.684529+00:00,drop,96,intent_angle_cap:howto+howto
10-global-cuisine-new-zealand-pumpkin-pie-recipe,10-global-cuisine,10,new-zealand-pumpkin-pie-recipe,뉴질랜드 호박 파이 레시피,뉴질랜드 호박 파이 레시피와 간단한 조리법,howto,howto,뉴질랜드 호박 파이 만드는 법과 재료 준비,mistralai/mistral-nemotron,2026-06-02T02:14:18.684529+00:00,drop,96,intent_angle_cap:howto+howto
10-global-cuisine-peruvian-ceviche-recipe,10-global-cuisine,10,peruvian-ceviche-recipe,페루 세비체 레시피,페루 세비체 레시피와 간단한 조리법,howto,howto,페루 세비체를 만드는 레시피와 간단한 조리법.,mistralai/mistral-nemotron,2026-06-02T02:14:18.684529+00:00,drop,96,intent_angle_cap:howto+howto
10-global-cuisine-ramen-like-restaurant-recipe,10-global-cuisine,10,ramen-like-restaurant-recipe,일본 라멘 집에서 먹는 맛있는 레시피,일본 라멘 집 같은 맛을 내는 집에서 만드는 레시피,howto,howto,일본 라멘 집 같은 맛을 제대로 내는 집에서 만드는 레시피,mistralai/mistral-nemotron,2026-06-02T02:14:18.684529+00:00,drop,96,intent_angle_cap:howto+howto
10-global-cuisine-russian-borscht-recipe,10-global-cuisine,10,russian-borscht-recipe,러시아 보르시치 레시피,러시아 보르시치 레시피와 간편한 조리법,howto,howto,러시아 보르시치를 만드는 레시피와 간편한 조리법.,mistralai/mistral-nemotron,2026-06-02T02:14:18.684529+00:00,drop,96,intent_angle_cap:howto+howto
10-global-cuisine-south-african-braai-recipe,10-global-cuisine,10,south-african-braai-recipe,남아프리카 브라아이 레시피,남아프리카 브라아이 레시피와 간편한 조리법,howto,howto,남아프리카 브라아이를 만드는 레시피와 간편한 조리법.,mistralai/mistral-nemotron,2026-06-02T02:14:18.684529+00:00,drop,96,intent_angle_cap:howto+howto
10-global-cuisine-spaghetti-pasta-recipe,10-global-cuisine,10,spaghetti-pasta-recipe,스파게티 파스타 레시피,스파게티 파스타 레시피와 간단한 조리법,howto,howto,스파게티 파스타 만드는 법과 재료 준비,mistralai/mistral-nemotron,2026-06-02T02:14:18.684529+00:00,drop,96,intent_angle_cap:howto+howto
10-global-cuisine-spanish-flavorful-paella-recipe,10-global-cuisine,10,spanish-flavorful-paella-recipe,스페인 감칠맛 파엘라 레시피,스페인 감칠맛 파엘라 레시피와 간단한 조리법,howto,howto,스페인 감칠맛 파엘라 만드는 법과 재료 준비,mistralai/mistral-nemotron,2026-06-02T02:14:18.684529+00:00,drop,96,intent_angle_cap:howto+howto
10-global-cuisine-spanish-paella-recipe,10-global-cuisine,10,spanish-paella-recipe,스페인 파엘라 레시피,스페인 파엘라 레시피와 간편한 조리법,howto,howto,스페인 파엘라를 만드는 레시피와 간편한 조리법.,mistralai/mistral-nemotron,2026-06-02T02:14:18.684529+00:00,drop,96,intent_angle_cap:howto+howto
10-global-cuisine-tanzanian-ugali-recipe,10-global-cuisine,10,tanzanian-ugali-recipe,탄자니아 우가리 레시피,탄자니아 우가리 레시피와 간편한 조리법,howto,howto,탄자니아 우가리를 만드는 레시피와 간편한 조리법.,mistralai/mistral-nemotron,2026-06-02T02:14:18.684529+00:00,drop,96,intent_angle_cap:howto+howto
10-global-cuisine-thai-green-curry,10-global-cuisine,10,thai-green-curry,태국 그린 커리 레시피,태국 그린 커리 레시피와 간단한 조리법,howto,howto,태국 그린 커리를 만드는 레시피와 간단한 조리법.,mistralai/mistral-nemotron,2026-06-02T02:14:18.684529+00:00,drop,96,intent_angle_cap:howto+howto
10-global-cuisine-thai-green-curry-ingredients-and-recipe,10-global-cuisine,10,thai-green-curry-ingredients-and-recipe,태국 그린 커리 재료와 조리법,태국 그린 커리 재료와 간단한 레시피,howto,howto,태국 그린 커리 재료와 조리법,mistralai/mistral-nemotron,2026-06-02T02:14:18.684529+00:00,drop,96,intent_angle_cap:howto+howto
10-global-cuisine-turkish-kebab-recipe,10-global-cuisine,10,turkish-kebab-recipe,터키 케밥 레시피,터키 케밥 레시피와 간단한 조리법,howto,howto,터키 케밥을 만드는 레시피와 간단한 조리법.,mistralai/mistral-nemotron,2026-06-02T02:14:18.684529+00:00,drop,96,intent_angle_cap:howto+howto
10-global-cuisine-turkish-kurdma-recipe,10-global-cuisine,10,turkish-kurdma-recipe,터키 쿠르드마 레시피,터키 쿠르드마 레시피와 간단한 조리법,howto,howto,터키 쿠르드마 만드는 법과 재료 준비,mistralai/mistral-nemotron,2026-06-02T02:14:18.684529+00:00,drop,96,intent_angle_cap:howto+howto
10-global-cuisine-vietnamese-pho-recipe,10-global-cuisine,10,vietnamese-pho-recipe,베트남 포 레시피,베트남 포 레시피와 간단한 조리법,howto,howto,베트남 포를 만드는 레시피와 간단한 조리법.,mistralai/mistral-nemotron,2026-06-02T02:14:18.684529+00:00,drop,96,intent_angle_cap:howto+howto
10-global-cuisine-vietnamese-pho-sauce-recipe,10-global-cuisine,10,vietnamese-pho-sauce-recipe,베트남 포 소스 레시피,베트남 포 소스 레시피와 간단한 조리법,howto,howto,베트남 포 소스 만드는 법과 재료 준비,mistralai/mistral-nemotron,2026-06-02T02:14:18.684529+00:00,drop,96,intent_angle_cap:howto+howto
10-global-cuisine-kimchi-jjigae-recipe-tips,10-global-cuisine,10,kimchi-jjigae-recipe-tips,한국식 김치찌개 만드는 법과 팁,한국식 김치찌개 만드는 법과 맛을 결정하는 비법,howto,howto,진한 맛을 내는 한국식 김치찌개 만드는 법과 팁,mistralai/mistral-nemotron,2026-06-02T02:14:18.684529+00:00,drop,92,intent_angle_cap:howto+howto
10-global-cuisine-donishikibo-recipe,10-global-cuisine,10,donishikibo-recipe,도니스키보 레시피,도니스키보 간단한 레시피와 재료,howto,howto,도니스키보 만드는 법과 재료 준비,mistralai/mistral-nemotron,2026-06-02T02:14:18.684529+00:00,drop,91,intent_angle_cap:howto+howto
10-global-cuisine-studding-recipe,10-global-cuisine,10,studding-recipe,스터딩 레시피,스터딩 레시피와 간단한 조리법,howto,howto,스터딩 만드는 법과 재료 준비,mistralai/mistral-nemotron,2026-06-02T02:14:18.684529+00:00,drop,91,intent_angle_cap:howto+howto
10-global-cuisine-indian-curry-recipe-2,10-global-cuisine,10,indian-curry-recipe-2,인도 카레 재료와 조리법,인도 카레 만드는 법과 재료 설명,howto,howto,인도 카레에 필요한 재료와 조리법,mistralai/mistral-nemotron,2026-06-02T02:14:18.684529+00:00,drop,84,intent_angle_cap:howto+howto
10-global-cuisine-mexican-taco-recipe,10-global-cuisine,10,mexican-taco-recipe,멕시코 타코 재료와 조리법,멕시코 타코 만드는 법과 재료 가이드,howto,howto,멕시코 타코에 필요한 재료와 조리법,mistralai/mistral-nemotron,2026-06-02T02:14:18.684529+00:00,drop,84,intent_angle_cap:howto+howto
10-global-cuisine-moroccan-couscous-recipe-2,10-global-cuisine,10,moroccan-couscous-recipe-2,모로코 쿠스쿠스 재료와 조리법,모로코 쿠스쿠스 만드는 법과 재료 설명,howto,howto,모로코 쿠스쿠스 재료와 조리법,mistralai/mistral-nemotron,2026-06-02T02:14:18.684529+00:00,drop,84,intent_angle_cap:howto+howto
10-global-cuisine-spanish-paella-recipe-2,10-global-cuisine,10,spanish-paella-recipe-2,스페인 파엘라 재료와 조리법,스페인 파엘라 만드는 법과 재료 설명,howto,howto,스페인 파엘라에 필요한 재료와 조리법,mistralai/mistral-nemotron,2026-06-02T02:14:18.684529+00:00,drop,84,intent_angle_cap:howto+howto
10-global-cuisine-turkish-kebap-recipe,10-global-cuisine,10,turkish-kebap-recipe,터키 케밥 재료와 조리법,터키 케밥 만드는 법과 재료 설명,howto,howto,터키 케밥에 필요한 재료와 조리법,mistralai/mistral-nemotron,2026-06-02T02:14:18.684529+00:00,drop,84,intent_angle_cap:howto+howto
10-home-party-food-home-party-bite-sized-seafood,10-home-party-food,10,home-party-bite-sized-seafood,홈파티 간편 한입 해산물 레시피,홈파티에서 간편하게 즐길 수 있는 한입 해산물,howto,howto,홈파티용 간편 한입 해산물 레시피 모음,mistralai/mistral-nemotron,2026-06-02T02:14:18.684529+00:00,drop,96,intent_angle_cap:howto+howto
10-home-party-food-home-party-bite-sized-vegetable,10-home-party-food,10,home-party-bite-sized-vegetable,홈파티 간편 한입 야채 레시피,홈파티에서 간편하게 만들 수 있는 한입 야채,howto,howto,홈파티용 간편 한입 야채 레시피 모음,mistralai/mistral-nemotron,2026-06-02T02:14:18.684529+00:00,drop,96,intent_angle_cap:howto+howto
10-home-party-food-home-party-dessert-calculator,10-home-party-food,10,home-party-dessert-calculator,홈파티 간편 디저트 계산기,홈파티 디저트 양을 계산하는 간편한 방법,howto,howto,홈파티에 필요한 디저트 양을 계산하는 팁,mistralai/mistral-nemotron,2026-06-02T02:14:18.684529+00:00,drop,96,intent_angle_cap:howto+howto
10-home-party-food-home-party-easy-drink,10-home-party-food,10,home-party-easy-drink,홈파티 간편 한잔 레시피,홈파티에서 간편하게 즐길 수 있는 한잔 레시피,howto,howto,홈파티에서 간편하게 만들 수 있는 다양한 한잔 레시피를 공유합니다.,mistralai/mistral-nemotron,2026-06-02T02:14:18.684529+00:00,drop,96,intent_angle_cap:howto+howto
10-home-party-food-home-party-easy-one-bowl,10-home-party-food,10,home-party-easy-one-bowl,홈파티 간편 한그릇 레시피,홈파티에서 간편하게 즐길 수 있는 한그릇 레시피,howto,howto,홈파티에서 간편하게 만들 수 있는 한그릇 요리 레시피를 소개합니다.,mistralai/mistral-nemotron,2026-06-02T02:14:18.684529+00:00,drop,96,intent_angle_cap:howto+howto
10-home-party-food-home-party-easy-one-bowl-chicken,10-home-party-food,10,home-party-easy-one-bowl-chicken,홈파티 간편 한그릇 치킨 레시피,홈파티에서 간편하게 즐길 수 있는 한그릇 치킨 레시피,howto,howto,홈파티에서 간편하게 만들 수 있는 한그릇 치킨 레시피를 소개합니다.,mistralai/mistral-nemotron,2026-06-02T02:14:18.684529+00:00,drop,96,intent_angle_cap:howto+howto
10-home-party-food-home-party-easy-one-bowl-cocktail,10-home-party-food,10,home-party-easy-one-bowl-cocktail,홈파티 간편 한그릇 칵테일 레시피,홈파티에서 간편하게 즐길 수 있는 한그릇 칵테일 레시피,howto,howto,홈파티에서 간편하게 만들 수 있는 한그릇 칵테일 레시피를 소개합니다.,mistralai/mistral-nemotron,2026-06-02T02:14:18.684529+00:00,drop,96,intent_angle_cap:howto+howto
10-home-party-food-home-party-easy-one-bowl-dessert,10-home-party-food,10,home-party-easy-one-bowl-dessert,홈파티 간편 한그릇 디저트 레시피,홈파티에서 간편하게 즐길 수 있는 한그릇 디저트 레시피,howto,howto,홈파티에서 간편하게 만들 수 있는 한그릇 디저트 레시피를 소개합니다.,mistralai/mistral-nemotron,2026-06-02T02:14:18.684529+00:00,drop,96,intent_angle_cap:howto+howto
10-home-party-food-home-party-easy-one-bowl-pasta,10-home-party-food,10,home-party-easy-one-bowl-pasta,홈파티 간편 한그릇 파스타 레시피,홈파티에서 간편하게 즐길 수 있는 한그릇 파스타 레시피,howto,howto,홈파티에서 간편하게 만들 수 있는 한그릇 파스타 레시피를 소개합니다.,mistralai/mistral-nemotron,2026-06-02T02:14:18.684529+00:00,drop,96,intent_angle_cap:howto+howto
10-home-party-food-home-party-easy-one-bowl-pizza,10-home-party-food,10,home-party-easy-one-bowl-pizza,홈파티 간편 한그릇 피자 레시피,홈파티에서 간편하게 즐길 수 있는 한그릇 피자 레시피,howto,howto,홈파티에서 간편하게 만들 수 있는 한그릇 피자 레시피를 소개합니다.,mistralai/mistral-nemotron,2026-06-02T02:14:18.684529+00:00,drop,96,intent_angle_cap:howto+howto
10-home-party-food-home-party-easy-one-bowl-snack,10-home-party-food,10,home-party-easy-one-bowl-snack,홈파티 간편 한그릇 안주 레시피,홈파티에서 간편하게 즐길 수 있는 한그릇 안주 레시피,howto,howto,홈파티에서 간편하게 만들 수 있는 한그릇 안주 레시피를 소개합니다.,mistralai/mistral-nemotron,2026-06-02T02:14:18.684529+00:00,drop,96,intent_angle_cap:howto+howto
10-home-party-food-home-party-easy-one-plate,10-home-party-food,10,home-party-easy-one-plate,홈파티 간편 한접시 레시피,홈파티에서 간편하게 즐길 수 있는 한접시 레시피,howto,howto,홈파티에서 간편하게 만들 수 있는 한접시 요리 레시피를 공유합니다.,mistralai/mistral-nemotron,2026-06-02T02:14:18.684529+00:00,drop,96,intent_angle_cap:howto+howto
10-home-party-food-home-party-easy-one-plate-chicken,10-home-party-food,10,home-party-easy-one-plate-chicken,홈파티 간편 한접시 치킨 레시피,홈파티에서 간편하게 즐길 수 있는 한접시 치킨 레시피,howto,howto,홈파티에서 간편하게 만들 수 있는 한접시 치킨 레시피를 공유합니다.,mistralai/mistral-nemotron,2026-06-02T02:14:18.684529+00:00,drop,96,intent_angle_cap:howto+howto
10-home-party-food-home-party-easy-one-plate-cocktail,10-home-party-food,10,home-party-easy-one-plate-cocktail,홈파티 간편 한접시 칵테일 레시피,홈파티에서 간편하게 즐길 수 있는 한접시 칵테일 레시피,howto,howto,홈파티에서 간편하게 만들 수 있는 한접시 칵테일 레시피를 공유합니다.,mistralai/mistral-nemotron,2026-06-02T02:14:18.684529+00:00,drop,96,intent_angle_cap:howto+howto
10-home-party-food-home-party-easy-one-plate-dessert,10-home-party-food,10,home-party-easy-one-plate-dessert,홈파티 간편 한접시 디저트 레시피,홈파티에서 간편하게 즐길 수 있는 한접시 디저트 레시피,howto,howto,홈파티에서 간편하게 만들 수 있는 한접시 디저트 레시피를 공유합니다.,mistralai/mistral-nemotron,2026-06-02T02:14:18.684529+00:00,drop,96,intent_angle_cap:howto+howto
10-home-party-food-home-party-easy-one-plate-pasta,10-home-party-food,10,home-party-easy-one-plate-pasta,홈파티 간편 한접시 파스타 레시피,홈파티에서 간편하게 즐길 수 있는 한접시 파스타 레시피,howto,howto,홈파티에서 간편하게 만들 수 있는 한접시 파스타 레시피를 공유합니다.,mistralai/mistral-nemotron,2026-06-02T02:14:18.684529+00:00,drop,96,intent_angle_cap:howto+howto
10-home-party-food-home-party-easy-one-plate-snack,10-home-party-food,10,home-party-easy-one-plate-snack,홈파티 간편 한접시 안주 레시피,홈파티에서 간편하게 즐길 수 있는 한접시 안주 레시피,howto,howto,홈파티에서 간편하게 만들 수 있는 한접시 안주 레시피를 공유합니다.,mistralai/mistral-nemotron,2026-06-02T02:14:18.684529+00:00,drop,96,intent_angle_cap:howto+howto
10-home-party-food-home-party-korean-set-meal,10-home-party-food,10,home-party-korean-set-meal,홈파티 간편 한정식 레시피,홈파티에 간편하게 준비할 수 있는 한정식 메뉴,howto,howto,홈파티용 간편 한정식 레시피 모음,mistralai/mistral-nemotron,2026-06-02T02:14:18.684529+00:00,drop,96,intent_angle_cap:howto+howto
10-home-party-food-pasta-home-party,10-home-party-food,10,pasta-home-party,홈파티 파스타 레시피,홈파티에 어울리는 파스타 레시피,howto,howto,홈파티용 파스타 레시피,mistralai/mistral-nemotron,2026-06-02T02:14:18.684529+00:00,drop,96,intent_angle_cap:howto+howto
10-home-party-food-pizza-party,10-home-party-food,10,pizza-party,홈파티 간편 피자 레시피,홈파티용 간편한 피자 레시피,howto,howto,홈파티용 간편 피자 레시피,mistralai/mistral-nemotron,2026-06-02T02:14:18.684529+00:00,drop,96,intent_angle_cap:howto+howto
10-home-party-food-salad-party,10-home-party-food,10,salad-party,홈파티 간편 샐러드 레시피,홈파티용 간편한 샐러드 레시피,howto,howto,홈파티용 간편 샐러드 레시피,mistralai/mistral-nemotron,2026-06-02T02:14:18.684529+00:00,drop,96,intent_angle_cap:howto+howto
10-home-party-food-smoothie-party,10-home-party-food,10,smoothie-party,홈파티 간편 스무디 레시피,홈파티용 간편한 스무디 레시피,howto,howto,홈파티용 간편 스무디 레시피,mistralai/mistral-nemotron,2026-06-02T02:14:18.684529+00:00,drop,96,intent_angle_cap:howto+howto
10-ingredient-info-vegetable-storage-tips,10-ingredient-info,10,vegetable-storage-tips,채소 보관하는 방법과 팁,채소 보관하는 방법과 실용적 팁,howto,tip,채소를 신선하게 보관하는 방법을 실용적인 팁과 함께 설명합니다.,mistralai/mistral-nemotron,2026-06-02T02:14:18.684529+00:00,drop,92,intent_angle_cap:howto+tip
10-ingredient-info-bulk-food-healthy-tips,10-ingredient-info,10,bulk-food-healthy-tips,대용량 식재료 건강한 선택법,대용량 식재료를 건강하게 선택하는 법,howto,tip,대용량 식재료를 건강하게 선택하는 팁,mistralai/mistral-nemotron,2026-06-02T02:14:18.684529+00:00,drop,84,intent_angle_cap:howto+tip
10-ingredient-info-choosing-best-butcher,10-ingredient-info,10,choosing-best-butcher,좋은 정육점 고르는 법,신선한 고기를 팔는 좋은 정육점 고르는 법,howto,tip,좋은 정육점을 고르는 팁과 방법,mistralai/mistral-nemotron,2026-06-02T02:14:18.684529+00:00,drop,84,intent_angle_cap:howto+tip
10-ingredient-info-organic-food-online-purchase-guide,10-ingredient-info,10,organic-food-online-purchase-guide,유기농 식재료 온라인 구매 가이드,유기농 식재료 온라인 구매 가이드와 추천 사이트,howto,tip,온라인으로 유기농 식재료를 구매하는 방법을 단계별로 설명합니다.,mistralai/mistral-nemotron,2026-06-02T02:14:18.684529+00:00,drop,84,intent_angle_cap:howto+tip
10-korean-recipe-korean-dangmyeon-stir-fry,10-korean-recipe,10,korean-dangmyeon-stir-fry,한식 당면볶음 레시피,한식 당면볶음 레시피: 간편한 노하우와 재료 조합,howto,howto,한국식 당면볶음의 간단한 조리법과 팁을 공개합니다.,mistralai/mistral-nemotron,2026-06-02T02:14:18.684529+00:00,drop,96,intent_angle_cap:howto+howto
10-korean-recipe-korean-easy-banchan,10-korean-recipe,10,korean-easy-banchan,한식 간편 반찬 레시피,한식 간편 반찬 레시피: 바쁜 아침에도 가능한 3가지 조리법,howto,howto,바쁜 아침에도 쉽게 준비할 수 있는 한식 반찬 레시피입니다.,mistralai/mistral-nemotron,2026-06-02T02:14:18.684529+00:00,drop,96,intent_angle_cap:howto+howto
10-korean-recipe-korean-kimbap-roll-recipe,10-korean-recipe,10,korean-kimbap-roll-recipe,한식 김밥 롤 레시피,김밥 롤 레시피와 다양한 재료 조합,howto,howto,김밥 롤 기본 레시피와 다양한 재료 조합,mistralai/mistral-nemotron,2026-06-02T02:14:18.684529+00:00,drop,96,intent_angle_cap:howto+howto
10-korean-recipe-korean-rice-cake-recipe,10-korean-recipe,10,korean-rice-cake-recipe,한식 떡 레시피,전통 한식 떡 레시피와 다양한 종류,howto,howto,전통 한식 떡 레시피와 다양한 종류,mistralai/mistral-nemotron,2026-06-02T02:14:18.684529+00:00,drop,96,intent_angle_cap:howto+howto
10-korean-recipe-korean-soup-recipes,10-korean-recipe,10,korean-soup-recipes,한식 국물 요리 레시피,한식 국물 요리 레시피와 다양한 변형 방법,howto,howto,"된장국, 김치국, 곰탕 등 한식 국물 요리 레시피",mistralai/mistral-nemotron,2026-06-02T02:14:18.684529+00:00,drop,96,intent_angle_cap:howto+howto
10-korean-recipe-sundubu-jjigae-recipe,10-korean-recipe,10,sundubu-jjigae-recipe,한식 순두부찌개 레시피,순두부찌개 레시피와 다양한 변형 방법,howto,howto,순두부찌개 기본 레시피와 다양한 변형 방법,mistralai/mistral-nemotron,2026-06-02T02:14:18.684529+00:00,drop,96,intent_angle_cap:howto+howto
10-korean-recipe-tteokbokki-recipe,10-korean-recipe,10,tteokbokki-recipe,한식 떡볶이 레시피,떡볶이 레시피와 다양한 소스와 재료 조합,howto,howto,떡볶이 기본 레시피와 다양한 소스와 재료 조합,mistralai/mistral-nemotron,2026-06-02T02:14:18.684529+00:00,drop,96,intent_angle_cap:howto+howto
10-korean-recipe-tteokguk-recipe,10-korean-recipe,10,tteokguk-recipe,한식 떡국 레시피,떡국 레시피와 다양한 변형 방법,howto,howto,떡국 기본 레시피와 다양한 변형 방법,mistralai/mistral-nemotron,2026-06-02T02:14:18.684529+00:00,drop,96,intent_angle_cap:howto+howto
10-korean-recipe-various-korean-stew-recipes,10-korean-recipe,10,various-korean-stew-recipes,한식 찌개 레시피 다양한 종류,다양한 한식 찌개 레시피 모음,howto,howto,"김치찌개, 된장찌개, 순두부찌개 등 다양한 한식 찌개 레시피",mistralai/mistral-nemotron,2026-06-02T02:14:18.684529+00:00,drop,96,intent_angle_cap:howto+howto
10-korean-recipe-various-korean-stew-recipes-2,10-korean-recipe,10,various-korean-stew-recipes-2,한식찌개 레시피 다양한 종류,한식찌개 레시피: 다양한 종류와 조리법,howto,howto,한국식 찌개의 다양한 종류와 조리법을 소개합니다.,mistralai/mistral-nemotron,2026-06-02T02:14:18.684529+00:00,drop,96,intent_angle_cap:howto+howto
10-korean-recipe-hanseok-vegetarian-menu,10-korean-recipe,10,hanseok-vegetarian-menu,한식 채식 메뉴 레시피,한식 채식 메뉴 레시피 다양한 조합,info,howto,채식주의자를 위한 한식 메뉴 레시피,mistralai/mistral-nemotron,2026-06-02T02:14:18.684529+00:00,drop,90,intent_angle_cap:info+howto
10-korean-recipe-korean-full-course-meal,10-korean-recipe,10,korean-full-course-meal,한식 정식 메뉴 구성과 레시피,한식 정식 메뉴 구성과 대표 레시피 안내,info,howto,전통적인 한식 정식 메뉴 구성과 조리 방법,mistralai/mistral-nemotron,2026-06-02T02:14:18.684529+00:00,drop,90,intent_angle_cap:info+howto
10-korean-recipe-seasonal-korean-traditional-food,10-korean-recipe,10,seasonal-korean-traditional-food,한국 전통 제철 음식 레시피,계절별로 즐기는 한국 전통 제철 음식 레시피,info,howto,"봄, 여름, 가을, 겨울에 맞는 제철 한식 레시피",mistralai/mistral-nemotron,2026-06-02T02:14:18.684529+00:00,drop,90,intent_angle_cap:info+howto
10-meat-cooking-chicken-songpyeon-recipe,10-meat-cooking,10,chicken-songpyeon-recipe,닭고기 송편 레시피,닭고기로 만드는 송편 레시피,howto,howto,닭고기로 만드는 송편 레시피,mistralai/mistral-nemotron,2026-06-02T02:14:18.684529+00:00,drop,96,intent_angle_cap:howto+howto
10-meat-cooking-chicken-steak-recipe,10-meat-cooking,10,chicken-steak-recipe,닭고기 스테이크 레시피,닭고기 스테이크 레시피와 조리법,howto,howto,간편한 닭고기 스테이크 레시피와 조리법,mistralai/mistral-nemotron,2026-06-02T02:14:18.684529+00:00,drop,96,intent_angle_cap:howto+howto
10-meat-cooking-chicken-stir-fry-recipe,10-meat-cooking,10,chicken-stir-fry-recipe,닭고기 볶음 레시피,닭고기 볶음 레시피와 조리법,howto,howto,간편한 닭고기 볶음 레시피와 조리법,mistralai/mistral-nemotron,2026-06-02T02:14:18.684529+00:00,drop,96,intent_angle_cap:howto+howto
10-meat-cooking-chicken-sundae-recipe,10-meat-cooking,10,chicken-sundae-recipe,닭고기 순대 레시피,닭고기로 만드는 순대 레시피,howto,howto,닭고기로 만드는 순대 레시피,mistralai/mistral-nemotron,2026-06-02T02:14:18.684529+00:00,drop,96,intent_angle_cap:howto+howto
10-meat-cooking-chicken-tangsuyuk-recipe,10-meat-cooking,10,chicken-tangsuyuk-recipe,닭고기 탕수육 레시피,집에서 만드는 닭고기 탕수육 레시피,howto,howto,닭고기 탕수육을 만드는 상세한 레시피,mistralai/mistral-nemotron,2026-06-02T02:14:18.684529+00:00,drop,96,intent_angle_cap:howto+howto
10-meat-cooking-chicken-thigh-soy-stew-recipe,10-meat-cooking,10,chicken-thigh-soy-stew-recipe,닭다리살 장조림 레시피,닭다리살로 만드는 장조림 레시피,howto,howto,닭다리살과 장을 활용한 조림 요리 레시피,mistralai/mistral-nemotron,2026-06-02T02:14:18.684529+00:00,drop,96,intent_angle_cap:howto+howto
10-meat-cooking-chicken-umami-recipe,10-meat-cooking,10,chicken-umami-recipe,닭고기 감칠맛 레시피,닭고기 감칠맛 레시피와 조리법,howto,howto,간편한 닭고기 감칠맛 레시피와 조리법,mistralai/mistral-nemotron,2026-06-02T02:14:18.684529+00:00,drop,96,intent_angle_cap:howto+howto
10-meat-cooking-dak-galbi-sauce-recipe,10-meat-cooking,10,dak-galbi-sauce-recipe,닭갈비 소스 레시피,닭갈비 소스 만드는 법과 재료,howto,howto,닭갈비 소스 재료와 조리법,mistralai/mistral-nemotron,2026-06-02T02:14:18.684529+00:00,drop,96,intent_angle_cap:howto+howto
10-meat-cooking-diet-chicken-breast-recipe,10-meat-cooking,10,diet-chicken-breast-recipe,닭가슴살 다이어트 레시피,다이어트용 닭가슴살 간편 레시피 모음,howto,howto,저칼로리 닭가슴살 요리를 위한 건강한 레시피,mistralai/mistral-nemotron,2026-06-02T02:14:18.684529+00:00,drop,96,intent_angle_cap:howto+howto
10-meat-cooking-easy-kalbi-jjim-recipe,10-meat-cooking,10,easy-kalbi-jjim-recipe,갈비찜 레시피 간편하게,집에서 간편하게 만드는 갈비찜 레시피,howto,howto,갈비찜을 쉽게 만들 수 있는 레시피,mistralai/mistral-nemotron,2026-06-02T02:14:18.684529+00:00,drop,96,intent_angle_cap:howto+howto
10-meat-cooking-garlic-chicken-recipe,10-meat-cooking,10,garlic-chicken-recipe,닭고기 마늘구이 레시피,닭고기 마늘구이 레시피와 조리법,howto,howto,간편한 닭고기 마늘구이 레시피와 조리법,mistralai/mistral-nemotron,2026-06-02T02:14:18.684529+00:00,drop,96,intent_angle_cap:howto+howto
10-meat-cooking-home-dakgalbi-recipe,10-meat-cooking,10,home-dakgalbi-recipe,닭갈비 레시피 집에서,집에서 만드는 닭갈비 레시피,howto,howto,닭갈비 요리를 집에서 만드는 방법,mistralai/mistral-nemotron,2026-06-02T02:14:18.684529+00:00,drop,96,intent_angle_cap:howto+howto
10-meat-cooking-pork-bulgoogi-recipe,10-meat-cooking,10,pork-bulgoogi-recipe,돼지고기 불고기 레시피,집에서 만드는 돼지고기 불고기 레시피,howto,howto,돼지고기로 만드는 불고기 레시피,mistralai/mistral-nemotron,2026-06-02T02:14:18.684529+00:00,drop,96,intent_angle_cap:howto+howto
10-meat-cooking-pork-dumpling-recipe,10-meat-cooking,10,pork-dumpling-recipe,간편한 돼지고기 군만두 레시피,간편한 돼지고기 군만두 레시피 재료와 만드는 법,howto,howto,간편하게 만들 수 있는 돼지고기 군만두 레시피,mistralai/mistral-nemotron,2026-06-02T02:14:18.684529+00:00,drop,96,intent_angle_cap:howto+howto
10-meat-cooking-pork-garlic-grill-recipe,10-meat-cooking,10,pork-garlic-grill-recipe,돼지고기 마늘구이 레시피,간편한 돼지고기 마늘구이 레시피,howto,howto,간편한 돼지고기 마늘구이 레시피,mistralai/mistral-nemotron,2026-06-02T02:14:18.684529+00:00,drop,96,intent_angle_cap:howto+howto
10-meat-cooking-pork-giantic-recipe,10-meat-cooking,10,pork-giantic-recipe,돼지고기 갠적 레시피,돼지고기 갠적 레시피와 조리법,howto,howto,간편한 돼지고기 갠적 레시피와 조리법,mistralai/mistral-nemotron,2026-06-02T02:14:18.684529+00:00,drop,96,intent_angle_cap:howto+howto
10-meat-cooking-pork-kimchi-stew-recipe,10-meat-cooking,10,pork-kimchi-stew-recipe,돼지고기 김치찌개 레시피,돼지고기와 김치로 만드는 찌개 레시피,howto,howto,김치와 돼지고기를 활용한 찌개 레시피,mistralai/mistral-nemotron,2026-06-02T02:14:18.684529+00:00,drop,96,intent_angle_cap:howto+howto
10-meat-cooking-pork-kimchi-stir-fry-recipe,10-meat-cooking,10,pork-kimchi-stir-fry-recipe,돼지고기 김치볶음 레시피,간편한 돼지고기 김치볶음 레시피,howto,howto,간편한 돼지고기 김치볶음 레시피,mistralai/mistral-nemotron,2026-06-02T02:14:18.684529+00:00,drop,96,intent_angle_cap:howto+howto
10-meat-cooking-pork-meat-soup-recipe,10-meat-cooking,10,pork-meat-soup-recipe,돼지고기 육개장 레시피,간편한 돼지고기 육개장 레시피,howto,howto,간편한 돼지고기 육개장 레시피,mistralai/mistral-nemotron,2026-06-02T02:14:18.684529+00:00,drop,96,intent_angle_cap:howto+howto
10-meat-cooking-pork-plum-soy-recipe,10-meat-cooking,10,pork-plum-soy-recipe,돼지고기 매실장 레시피,간편한 돼지고기 매실장 레시피,howto,howto,간편한 돼지고기 매실장 레시피,mistralai/mistral-nemotron,2026-06-02T02:14:18.684529+00:00,drop,96,intent_angle_cap:howto+howto
10-meat-cooking-pork-sundubu-stew-recipe,10-meat-cooking,10,pork-sundubu-stew-recipe,돼지고기 순두부탕 레시피,집에서 만드는 돼지고기 순두부탕 레시피,howto,howto,돼지고기와 순두부를 활용한 국물 요리 레시피,mistralai/mistral-nemotron,2026-06-02T02:14:18.684529+00:00,drop,96,intent_angle_cap:howto+howto
10-meat-cooking-poussin-recipe,10-meat-cooking,10,poussin-recipe,닭고기 필렌치노 레시피,닭고기 필렌치노 레시피와 조리법,howto,howto,이탈리아식 닭고기 필렌치노 레시피와 조리법,mistralai/mistral-nemotron,2026-06-02T02:14:18.684529+00:00,drop,96,intent_angle_cap:howto+howto
10-meat-cooking-so-boro-tang-recipe,10-meat-cooking,10,so-boro-tang-recipe,소고기 소보로탕 레시피,집에서 간편한 소고기 소보로탕 레시피,howto,howto,간편하게 집에서 만드는 소고기 소보로탕 레시피,mistralai/mistral-nemotron,2026-06-02T02:14:18.684529+00:00,drop,96,intent_angle_cap:howto+howto
10-meat-cooking-soy-sauce-bulgogi-recipe,10-meat-cooking,10,soy-sauce-bulgogi-recipe,소고기 융단불고기 레시피,융단불고기 레시피 초보자도 쉽게 만드는 법,howto,howto,한국식 소고기 융단불고기 레시피와 조리법,mistralai/mistral-nemotron,2026-06-02T02:14:18.684529+00:00,drop,96,intent_angle_cap:howto+howto
10-meat-cooking-soy-sauce-pork-recipe,10-meat-cooking,10,soy-sauce-pork-recipe,돼지고기 간장장 레시피,돼지고기 간장장 레시피와 조리법,howto,howto,간편한 돼지고기 간장장 레시피와 조리법,mistralai/mistral-nemotron,2026-06-02T02:14:18.684529+00:00,drop,96,intent_angle_cap:howto+howto
10-meat-cooking-taiwanese-pork-recipe,10-meat-cooking,10,taiwanese-pork-recipe,돼지고기 대만의 맛,대만식 돼지고기 요리 레시피 모음,howto,howto,대만에서 인기 있는 돼지고기 요리 레시피,mistralai/mistral-nemotron,2026-06-02T02:14:18.684529+00:00,drop,96,intent_angle_cap:howto+howto
10-meat-cooking-beef-mushroom-tang-yung-recipe,10-meat-cooking,10,beef-mushroom-tang-yung-recipe,소고기 버섯탱영레시피,간편한 소고기 버섯탱영 레시피,howto,howto,간편한 소고기 버섯탱영 레시피,mistralai/mistral-nemotron,2026-06-02T02:14:18.684529+00:00,drop,91,intent_angle_cap:howto+howto
10-meat-cooking-chicken-thigh-roll-recipe,10-meat-cooking,10,chicken-thigh-roll-recipe,닭다리살 롤레시피,집에서 만드는 닭다리살 롤 레시피,howto,howto,닭다리살을 롤로 만드는 레시피,mistralai/mistral-nemotron,2026-06-02T02:14:18.684529+00:00,drop,91,intent_angle_cap:howto+howto
10-meat-cooking-pork-rib-grill-recipe,10-meat-cooking,10,pork-rib-grill-recipe,돼지갈비구이 레시피,집에서 만드는 돼지갈비구이 레시피,howto,howto,돼지갈비를 구워 먹는 레시피,mistralai/mistral-nemotron,2026-06-02T02:14:18.684529+00:00,drop,91,intent_angle_cap:howto+howto
10-meat-cooking-ura-man-recipe,10-meat-cooking,10,ura-man-recipe,우라만 레시피,우라만 만드는 방법과 재료,howto,howto,간편한 우라만 레시피와 재료,mistralai/mistral-nemotron,2026-06-02T02:14:18.684529+00:00,drop,91,intent_angle_cap:howto+howto
10-meat-cooking-oven-baked-chicken-wings,10-meat-cooking,10,oven-baked-chicken-wings,치킨 날개 굽는 법 오븐,오븐으로 만드는 맛있는 치킨 날개 굽는 법,howto,howto,오븐을 이용한 치킨 날개 구이의 상세한 조리법,mistralai/mistral-nemotron,2026-06-02T02:14:18.684529+00:00,drop,84,intent_angle_cap:howto+howto
10-meat-cooking-soy-butter-eel-recipe,10-meat-cooking,10,soy-butter-eel-recipe,간장장어 요리법 간장 버터장어,간장 버터로 만드는 간장장어 요리법,howto,howto,간장과 버터를 활용한 간장장어 요리법,mistralai/mistral-nemotron,2026-06-02T02:14:18.684529+00:00,drop,84,intent_angle_cap:howto+howto
10-restaurant-review-busan-eel-soup-matzip,10-restaurant-review,10,busan-eel-soup-matzip,부산 장어탕 맛집 추천,부산 장어탕 맛집 추천 2024,review,local,부산에서 맛볼 수 있는 장어탕 맛집 추천,mistralai/mistral-nemotron,2026-06-02T02:14:18.684529+00:00,drop,66,intent_angle_cap:review+local
10-restaurant-review-busan-saetugim-matzip,10-restaurant-review,10,busan-saetugim-matzip,부산 새우튀김 맛집 추천,부산 새우튀김 맛집 추천 2024,review,local,부산에서 맛볼 수 있는 새우튀김 맛집 추천,mistralai/mistral-nemotron,2026-06-02T02:14:18.684529+00:00,drop,66,intent_angle_cap:review+local
10-restaurant-review-incheon-eel-grill-matzip,10-restaurant-review,10,incheon-eel-grill-matzip,인천 장어구이 맛집 추천,인천 장어구이 맛집 추천 2024,review,local,인천에서 맛볼 수 있는 장어구이 맛집 추천,mistralai/mistral-nemotron,2026-06-02T02:14:18.684529+00:00,drop,66,intent_angle_cap:review+local
10-restaurant-review-shinchon-zero-pay,10-restaurant-review,10,shinchon-zero-pay,신촌 제로페이 맛집 추천,신촌 제로페이 맛집 추천 2024 최신 리뷰,review,local,신촌 제로페이 맛집 추천 2024 최신 리뷰,mistralai/mistral-nemotron,2026-06-02T02:14:18.684529+00:00,drop,66,intent_angle_cap:review+local
10-restaurant-review-yongsan-dinner-spots,10-restaurant-review,10,yongsan-dinner-spots,용산구 저녁 먹거리 추천,용산구 저녁 먹거리 추천 2024 신규 맛집,review,local,용산구 저녁 먹거리 추천 2024 신규 맛집 리뷰,mistralai/mistral-nemotron,2026-06-02T02:14:18.684529+00:00,drop,66,intent_angle_cap:review+local
10-restaurant-review-dongjak-district-food-2023,10-restaurant-review,10,dongjak-district-food-2023,동작구 맛집 추천 2023,2023년 동작구 맛집 추천과 리뷰,review,local,동작구에서 2023년 가장 인기 있는 맛집 리뷰,mistralai/mistral-nemotron,2026-06-02T02:14:18.684529+00:00,drop,43,intent_angle_cap:review+local
10-restaurant-review-incheon-airport-food,10-restaurant-review,10,incheon-airport-food,2023년 인천 공항 근처 맛집,2023년 인천 공항 근처 맛집 리뷰,review,local,인천 공항 근처에서 2023년 가장 인기 있는 맛집 리뷰,mistralai/mistral-nemotron,2026-06-02T02:14:18.684529+00:00,drop,43,intent_angle_cap:review+local
10-seafood-cooking-simple-seafood-pancake,10-seafood-cooking,10,simple-seafood-pancake,해물파전 간편 레시피,해물파전 간편 레시피: 집에서 쉽게 만드는 법,howto,howto,집에서도 쉽게 만드는 해물파전 간편 레시피,mistralai/mistral-nemotron,2026-06-02T02:14:18.684529+00:00,drop,96,intent_angle_cap:howto+howto
10-seafood-cooking-simple-seafood-pie,10-seafood-cooking,10,simple-seafood-pie,해물파이 간편 레시피,해물파이 간편 레시피: 집에서 쉽게 만드는 법,howto,howto,집에서도 쉽게 만드는 해물파이 간편 레시피,mistralai/mistral-nemotron,2026-06-02T02:14:18.684529+00:00,drop,96,intent_angle_cap:howto+howto
10-seafood-cooking-simple-seafood-salad,10-seafood-cooking,10,simple-seafood-salad,해물무침 간편 레시피,해물무침 간편 레시피: 집에서 쉽게 만드는 법,howto,howto,집에서도 쉽게 만드는 해물무침 간편 레시피,mistralai/mistral-nemotron,2026-06-02T02:14:18.684529+00:00,drop,96,intent_angle_cap:howto+howto
10-seafood-cooking-simple-seafood-stew,10-seafood-cooking,10,simple-seafood-stew,해물볶음탕 간편 레시피,해물볶음탕 간편 레시피: 집에서 쉽게 만드는 법,howto,howto,집에서도 쉽게 만드는 해물볶음탕 간편 레시피,mistralai/mistral-nemotron,2026-06-02T02:14:18.684529+00:00,drop,96,intent_angle_cap:howto+howto
10-seafood-cooking-simple-seafood-stir,10-seafood-cooking,10,simple-seafood-stir,해물볶음 간편 레시피,해물볶음 간편 레시피: 집에서 쉽게 만드는 법,howto,howto,집에서도 쉽게 만드는 해물볶음 간편 레시피,mistralai/mistral-nemotron,2026-06-02T02:14:18.684529+00:00,drop,96,intent_angle_cap:howto+howto
10-seafood-cooking-simple-seafood-sushi,10-seafood-cooking,10,simple-seafood-sushi,해물초밥 간편 레시피,해물초밥 간편 레시피: 집에서 쉽게 만드는 법,howto,howto,집에서도 쉽게 만드는 해물초밥 간편 레시피,mistralai/mistral-nemotron,2026-06-02T02:14:18.684529+00:00,drop,96,intent_angle_cap:howto+howto
10-seafood-cooking-simple-squid-grill,10-seafood-cooking,10,simple-squid-grill,오징어 구이 간편 레시피,오징어 구이 간편 레시피: 맛있게 구워먹는 법,howto,howto,맛있게 오징어를 구워먹는 간편 레시피,mistralai/mistral-nemotron,2026-06-02T02:14:18.684529+00:00,drop,96,intent_angle_cap:howto+howto
10-seafood-cooking-squid-canned-recipe,10-seafood-cooking,10,squid-canned-recipe,오징어 통조림 레시피,오징어 통조림 레시피와 간편한 요리법,howto,howto,오징어 통조림을 이용한 간단한 요리법과 레시피,mistralai/mistral-nemotron,2026-06-02T02:14:18.684529+00:00,drop,96,intent_angle_cap:howto+howto
10-seafood-cooking-squid-grilling-recipe,10-seafood-cooking,10,squid-grilling-recipe,오징어 구이 레시피,오징어 구이 레시피와 간편한 조리법,howto,howto,오징어 구이의 간단한 레시피와 조리 팁,mistralai/mistral-nemotron,2026-06-02T02:14:18.684529+00:00,drop,96,intent_angle_cap:howto+howto
10-seafood-cooking-seafood-pancake-recipe,10-seafood-cooking,10,seafood-pancake-recipe,해물파전 레시피,해물파전 레시피와 맛있는 비결,howto,howto,해물파전의 조리법과 맛을 내는 비결,mistralai/mistral-nemotron,2026-06-02T02:14:18.684529+00:00,drop,91,intent_angle_cap:howto+howto
10-seafood-cooking-seafood-sushi-recipe,10-seafood-cooking,10,seafood-sushi-recipe,해물초밥 레시피,해물초밥 레시피와 맛있는 비결,howto,howto,해물초밥의 조리법과 맛을 내는 비결,mistralai/mistral-nemotron,2026-06-02T02:14:18.684529+00:00,drop,91,intent_angle_cap:howto+howto
10-seafood-cooking-cooking-seafood-pie,10-seafood-cooking,10,cooking-seafood-pie,해물 파이 만들기,해물 파이 만들기와 맛있는 비결,howto,howto,해물 파이의 조리법과 맛을 내는 비결,mistralai/mistral-nemotron,2026-06-02T02:14:18.684529+00:00,drop,84,intent_angle_cap:howto+howto
10-seafood-cooking-easy-seafood-fried,10-seafood-cooking,10,easy-seafood-fried,해물튀김 간편 조리법,해물튀김 간편 조리법 | 바삭하게 지는 법,howto,howto,해물튀김 간편 조리법,mistralai/mistral-nemotron,2026-06-02T02:14:18.684529+00:00,drop,84,intent_angle_cap:howto+howto
10-seafood-cooking-easy-seafood-jeon,10-seafood-cooking,10,easy-seafood-jeon,해물파전 간단 조리법,해물파전 간단 조리법 | 바삭한 식감 비결,howto,howto,해물파전 간단 조리법,mistralai/mistral-nemotron,2026-06-02T02:14:18.684529+00:00,drop,84,intent_angle_cap:howto+howto
10-seafood-cooking-easy-seafood-jeongol,10-seafood-cooking,10,easy-seafood-jeongol,해물전골 간편 조리법,해물전골 간편 조리법 | 고소한 국물 비결,howto,howto,해물전골 간편 조리법,mistralai/mistral-nemotron,2026-06-02T02:14:18.684529+00:00,drop,84,intent_angle_cap:howto+howto
10-seafood-cooking-easy-seafood-pie,10-seafood-cooking,10,easy-seafood-pie,해물파이 간편 조리법,해물파이 간편 조리법 | 오븐·프라이팬 활용법,howto,howto,해물파이 간편 조리법,mistralai/mistral-nemotron,2026-06-02T02:14:18.684529+00:00,drop,84,intent_angle_cap:howto+howto
10-seafood-cooking-easy-seafood-soup,10-seafood-cooking,10,easy-seafood-soup,해물탕 간단 조리법,해물탕 간단 조리법 | 농축된 국물 만드는 법,howto,howto,해물탕 간단 조리법,mistralai/mistral-nemotron,2026-06-02T02:14:18.684529+00:00,drop,84,intent_angle_cap:howto+howto
10-seafood-cooking-easy-seafood-steamed-dish,10-seafood-cooking,10,easy-seafood-steamed-dish,해물 찜 간편 만들기,해물찜 간편 만드는 법 | 초간단 조리법,howto,howto,해물찜 간편 레시피,mistralai/mistral-nemotron,2026-06-02T02:14:18.684529+00:00,drop,84,intent_angle_cap:howto+howto
10-seafood-cooking-easy-seafood-stir-fry-soup,10-seafood-cooking,10,easy-seafood-stir-fry-soup,해물볶음탕 간편 조리법,해물볶음탕 간편 조리법 | 간장·술 활용법,howto,howto,해물볶음탕 간편 조리법,mistralai/mistral-nemotron,2026-06-02T02:14:18.684529+00:00,drop,84,intent_angle_cap:howto+howto
10-seafood-cooking-how-to-make-crab-sauce,10-seafood-cooking,10,how-to-make-crab-sauce,게장 만드는 법,게장 만드는 법과 맛있는 비결,howto,howto,게장을 만드는 올바른 법과 맛을 내는 비결,mistralai/mistral-nemotron,2026-06-02T02:14:18.684529+00:00,drop,84,intent_angle_cap:howto+howto
10-seafood-cooking-how-to-make-seafood-fried,10-seafood-cooking,10,how-to-make-seafood-fried,해물튀김 만드는 법,해물튀김 만드는 법과 맛있는 비결,howto,howto,해물튀기의 조리법과 맛을 내는 비결,mistralai/mistral-nemotron,2026-06-02T02:14:18.684529+00:00,drop,84,intent_angle_cap:howto+howto
10-seafood-cooking-how-to-make-seafood-pasta,10-seafood-cooking,10,how-to-make-seafood-pasta,해물 파스타 만드는 법,해물 파스타 만드는 법과 맛있는 조합,howto,howto,해물 파스타의 기본 조리법과 다양한 재료 조합,mistralai/mistral-nemotron,2026-06-02T02:14:18.684529+00:00,drop,84,intent_angle_cap:howto+howto
10-seafood-cooking-how-to-make-seafood-soup,10-seafood-cooking,10,how-to-make-seafood-soup,해물탕 만드는 법,해물탕 만드는 법과 맛있는 비결,howto,howto,해물탕의 기본 조리법과 맛을 내는 비결,mistralai/mistral-nemotron,2026-06-02T02:14:18.684529+00:00,drop,84,intent_angle_cap:howto+howto
10-seafood-cooking-seafood-pasta-sauce-2,10-seafood-cooking,10,seafood-pasta-sauce-2,해물 파스타 소스 조리법,해물파스타 소스 만드는 법 | 진한 맛내기 비결,howto,howto,해물파스타 소스 조리법,mistralai/mistral-nemotron,2026-06-02T02:14:18.684529+00:00,drop,84,intent_angle_cap:howto+howto
10-seafood-cooking-simple-seafood-pickled,10-seafood-cooking,10,simple-seafood-pickled,해물장아찌 간편 조리법,해물장아찌 간편 조리법: 집에서 쉽게 만드는 법,howto,howto,집에서도 쉽게 만드는 해물장아찌 간편 조리법,mistralai/mistral-nemotron,2026-06-02T02:14:18.684529+00:00,drop,84,intent_angle_cap:howto+howto
10-seafood-cooking-simple-seafood-soup,10-seafood-cooking,10,simple-seafood-soup,해물탕 간편 조리법,해물탕 간편 조리법: 집에서 쉽게 만드는 법,howto,howto,집에서도 쉽게 만드는 해물탕 간편 조리법,mistralai/mistral-nemotron,2026-06-02T02:14:18.684529+00:00,drop,84,intent_angle_cap:howto+howto
10-seafood-cooking-cooking-seafood-stir-fry,10-seafood-cooking,10,cooking-seafood-stir-fry,해물볶음 만들기,해물볶음 만들기와 맛있는 비결,howto,howto,해물볶음의 조리법과 맛을 내는 비결,mistralai/mistral-nemotron,2026-06-02T02:14:18.684529+00:00,drop,79,intent_angle_cap:howto+howto
10-seafood-cooking-how-to-cook-seafood-ribs,10-seafood-cooking,10,how-to-cook-seafood-ribs,해물갈비 조리법,해물갈비 조리법과 맛있는 비결,howto,howto,해물갈비의 올바른 조리법과 맛있게 만드는 비결,mistralai/mistral-nemotron,2026-06-02T02:14:18.684529+00:00,drop,79,intent_angle_cap:howto+howto
10-seafood-cooking-seafood-hotpot-recipe,10-seafood-cooking,10,seafood-hotpot-recipe,해물전골 조리법,해물전골 조리법과 맛있는 비결,howto,howto,해물전골의 조리법과 맛을 내는 비결,mistralai/mistral-nemotron,2026-06-02T02:14:18.684529+00:00,drop,79,intent_angle_cap:howto+howto
10-seafood-cooking-seafood-pickled-recipe,10-seafood-cooking,10,seafood-pickled-recipe,해물장아찌 조리법,해물장아찌 조리법과 맛있는 비결,howto,howto,해물장아찌의 조리법과 맛을 내는 비결,mistralai/mistral-nemotron,2026-06-02T02:14:18.684529+00:00,drop,79,intent_angle_cap:howto+howto
10-seafood-cooking-seafood-salad-recipe,10-seafood-cooking,10,seafood-salad-recipe,해물무침 조리법,해물무침 조리법과 맛있는 비결,howto,howto,해물무침의 조리법과 맛을 내는 비결,mistralai/mistral-nemotron,2026-06-02T02:14:18.684529+00:00,drop,79,intent_angle_cap:howto+howto
10-seafood-cooking-seafood-spicy-soup-recipe,10-seafood-cooking,10,seafood-spicy-soup-recipe,해물볶음탕 조리법,해물볶음탕 조리법과 맛있는 비결,howto,howto,해물볶음탕의 조리법과 맛을 내는 비결,mistralai/mistral-nemotron,2026-06-02T02:14:18.684529+00:00,drop,79,intent_angle_cap:howto+howto
10-seafood-cooking-seafood-steamed-recipe,10-seafood-cooking,10,seafood-steamed-recipe,해물찜 조리법,해물찜 조리법과 맛있는 비결,howto,howto,해물찜의 조리법과 맛을 내는 비결,mistralai/mistral-nemotron,2026-06-02T02:14:18.684529+00:00,drop,79,intent_angle_cap:howto+howto
10-vegetarian-recipe-seasonal-korean-vegetarian-recipes,10-vegetarian-recipe,10,seasonal-korean-vegetarian-recipes,채식 레시피 채식 계절별 한식 레시피,계절별 건강한 채식 한식 레시피,howto,howto,계절별 건강한 채식 한식 레시피,mistralai/mistral-nemotron,2026-06-02T02:14:18.684529+00:00,drop,96,intent_angle_cap:howto+howto
10-vegetarian-recipe-seasonal-vegan-desserts,10-vegetarian-recipe,10,seasonal-vegan-desserts,채식 레시피 계절별 채식 디저트 레시피,계절별로 즐기는 건강한 채식 디저트 레시피,howto,howto,계절별로 즐기는 건강한 채식 디저트 레시피,mistralai/mistral-nemotron,2026-06-02T02:14:18.684529+00:00,drop,96,intent_angle_cap:howto+howto
10-vegetarian-recipe-seasonal-vegetable-one-pot-recipes,10-vegetarian-recipe,10,seasonal-vegetable-one-pot-recipes,채식 레시피 제철 채소로 만드는 한 그릇 요리,제철 채소로 만드는 한 그릇 채식 레시피,howto,howto,제철 채소로 만드는 한 그릇 채식 레시피,mistralai/mistral-nemotron,2026-06-02T02:14:18.684529+00:00,drop,96,intent_angle_cap:howto+howto
10-vegetarian-recipe-seasonal-vegetarian-snacks,10-vegetarian-recipe,10,seasonal-vegetarian-snacks,채식 레시피 채식 계절별 간식 레시피,계절별 건강한 채식 간식 레시피,howto,howto,계절별 건강한 채식 간식 레시피,mistralai/mistral-nemotron,2026-06-02T02:14:18.684529+00:00,drop,96,intent_angle_cap:howto+howto
10-vegetarian-recipe-snack-vegetarian-recipes,10-vegetarian-recipe,10,snack-vegetarian-recipes,채식 레시피 건강한 간식,건강한 간식용 채식 레시피 6가지,howto,howto,영양이 풍부한 간단한 채식 간식 레시피,mistralai/mistral-nemotron,2026-06-02T02:14:18.684529+00:00,drop,96,intent_angle_cap:howto+howto
10-vegetarian-recipe-vegan-cheese-recipes,10-vegetarian-recipe,10,vegan-cheese-recipes,채식 레시피 채식 치즈 활용 요리,채식 치즈를 활용한 다양한 채식 레시피,howto,howto,채식 치즈를 활용한 다양한 채식 레시피,mistralai/mistral-nemotron,2026-06-02T02:14:18.684529+00:00,drop,96,intent_angle_cap:howto+howto
10-vegetarian-recipe-vegan-recipes-for-beginners,10-vegetarian-recipe,10,vegan-recipes-for-beginners,채식 레시피 비건 초보자를 위한,비건 레시피 초보자들을 위한 간단한 방법,howto,howto,비건 레시피 초보자들을 위한 간단한 방법,mistralai/mistral-nemotron,2026-06-02T02:14:18.684529+00:00,drop,96,intent_angle_cap:howto+howto
10-vegetarian-recipe-vegetable-tofu-recipes,10-vegetarian-recipe,10,vegetable-tofu-recipes,채식 레시피 채소와 두부 조화롭게 먹는 법,채소와 두부를 조화롭게 활용한 채식 레시피,howto,howto,채소와 두부를 조화롭게 활용한 채식 레시피,mistralai/mistral-nemotron,2026-06-02T02:14:18.684529+00:00,drop,96,intent_angle_cap:howto+howto
10-vegetarian-recipe-vegetarian-instant-noodles-recipes,10-vegetarian-recipe,10,vegetarian-instant-noodles-recipes,채식 레시피 채식 간편면 활용 레시피,건강한 채식 간편면을 활용한 다양한 레시피,howto,howto,건강한 채식 간편면을 활용한 다양한 레시피,mistralai/mistral-nemotron,2026-06-02T02:14:18.684529+00:00,drop,96,intent_angle_cap:howto+howto
10-vegetarian-recipe-make-dairy-free-milk,10-vegetarian-recipe,10,make-dairy-free-milk,채식 레시피 우유 대체품 직접 만드는 방법,채식 레시피 우유 대체품 직접 만들어 먹는 법,howto,howto,우유 대체품인 코코넛 밀크나 오트 밀크 직접 만드는 법,mistralai/mistral-nemotron,2026-06-02T02:14:18.684529+00:00,drop,92,intent_angle_cap:howto+howto
10-vegetarian-recipe-simple-vegetarian-recipes,10-vegetarian-recipe,10,simple-vegetarian-recipes,채식 레시피 무난한 조리 방법,무난한 조리 방법으로 만드는 채식 레시피 7가지,howto,howto,초보자도 쉽게 따라 할 수 있는 무난한 채식 레시피,mistralai/mistral-nemotron,2026-06-02T02:14:18.684529+00:00,drop,92,intent_angle_cap:howto+howto
11-accommodation-recommendations-jeonju-hanok-guesthouse,11-accommodation-recommendations,11,jeonju-hanok-guesthouse,전주 한옥마을 근처 게스트하우스,전주 한옥마을 근처 게스트하우스 추천 (외국인 관광용),review,local,전주 한옥마을 근처 게스트하우스,mistralai/mistral-nemotron,2026-06-02T02:14:18.684529+00:00,drop,78,intent_angle_cap:review+local
11-accommodation-recommendations-seongnam-bundang-theme-hotel,11-accommodation-recommendations,11,seongnam-bundang-theme-hotel,성남 분당구 테마 호텔,분당구에서 테마별로 즐기는 호텔 추천 7선,review,local,성남 분당구 테마별 호텔 정보,mistralai/mistral-nemotron,2026-06-02T02:14:18.684529+00:00,drop,78,intent_angle_cap:review+local
11-accommodation-recommendations-suwon-hwaseong-stay,11-accommodation-recommendations,11,suwon-hwaseong-stay,수원 화성행궁 근처 숙소,화성행궁 근처 역사적인 분위기 숙소 추천,review,local,수원 화성행궁 인근에서 역사적인 분위기의 숙소,mistralai/mistral-nemotron,2026-06-02T02:14:18.684529+00:00,drop,78,intent_angle_cap:review+local
11-accommodation-recommendations-ujeongbu-osan-stay,11-accommodation-recommendations,11,ujeongbu-osan-stay,의정부 오산동 숙소,의정부 오산동 인근 숙소 추천 (저렴한 5곳),review,local,의정부 오산동 인근 숙소 정보,mistralai/mistral-nemotron,2026-06-02T02:14:18.684529+00:00,drop,78,intent_angle_cap:review+local
11-accommodation-recommendations-yongin-baekseok-family-pension,11-accommodation-recommendations,11,yongin-baekseok-family-pension,용인 백석동 펜션 가족 여행,백석동 펜션으로 가족 여행 가기 (추천 6선),review,local,용인 백석동 펜션 가족 여행 추천,mistralai/mistral-nemotron,2026-06-02T02:14:18.684529+00:00,drop,78,intent_angle_cap:review+local
11-accommodation-recommendations-busan-haeundae-pension-summer,11-accommodation-recommendations,11,busan-haeundae-pension-summer,부산 해운대 펜션 여름 방학 추천,해운대 펜션 여름 방학 가족 여행 추천 7개,review,local,부산 해운대에서 여름 방학에 가족과 함께 갈 수 있는 펜션,mistralai/mistral-nemotron,2026-06-02T02:14:18.684529+00:00,drop,74,intent_angle_cap:review+local
11-accommodation-recommendations-daegu-dalseo-unique-stay,11-accommodation-recommendations,11,daegu-dalseo-unique-stay,대구 달서구 이색 숙소 추천,대구 달서구 이색 숙소 추천과 체험하기,review,local,달서구 특색 있는 숙소 리뷰와 예약 방법,mistralai/mistral-nemotron,2026-06-02T02:14:18.684529+00:00,drop,74,intent_angle_cap:review+local
11-accommodation-recommendations-jeju-ambara-beach-stay,11-accommodation-recommendations,11,jeju-ambara-beach-stay,제주도 암바라 해변 숙소 추천,암바라 해변에서 바다를 보는 숙소 추천,review,local,제주도 암바라 해변 인근에서 바다 뷰가 좋은 숙소,mistralai/mistral-nemotron,2026-06-02T02:14:18.684529+00:00,drop,74,intent_angle_cap:review+local
11-accommodation-recommendations-jeju-seogwipo-beach-accommodation,11-accommodation-recommendations,11,jeju-seogwipo-beach-accommodation,제주도 서귀포 해변가 숙소 추천,제주도 서귀포 해변가 숙소 추천 - 바다 보이는 곳,review,local,제주도 서귀포 해변가에서 바다를 볼 수 있는 숙소 추천,mistralai/mistral-nemotron,2026-06-02T02:14:18.684529+00:00,drop,74,intent_angle_cap:review+local
11-accommodation-recommendations-pocheon-myungji-stay,11-accommodation-recommendations,11,pocheon-myungji-stay,포천 명지동 숙소 추천,포천 명지동 인근 숙소 추천 (가성비·위치),review,local,포천 명지동 인근 숙소 추천,mistralai/mistral-nemotron,2026-06-02T02:14:18.684529+00:00,drop,74,intent_angle_cap:review+local
11-accommodation-recommendations-pyeongtaek-godeok-stay,11-accommodation-recommendations,11,pyeongtaek-godeok-stay,평택 고덕동 숙소 추천,평택 고덕동 인근 숙소 추천 (가성비·위치),review,local,평택 고덕동 인근 숙소 추천,mistralai/mistral-nemotron,2026-06-02T02:14:18.684529+00:00,drop,74,intent_angle_cap:review+local
11-accommodation-recommendations-ulsan-unique-stay,11-accommodation-recommendations,11,ulsan-unique-stay,울산 이색 숙소 추천,울산에서 특별한 밤을 보내는 이색 숙소 6선,review,local,울산의 독특한 테마 숙소 추천,mistralai/mistral-nemotron,2026-06-02T02:14:18.684529+00:00,drop,74,intent_angle_cap:review+local
11-domestic-travel-destinations-daejeon-yuseong-guide,11-domestic-travel-destinations,11,daejeon-yuseong-guide,대전 유성구 추천,대전 유성구에서 추천하는 관광지와 카페,info,local,유성구에서 즐길 수 있는 관광지를 소개합니다.,mistralai/mistral-nemotron,2026-06-02T02:14:18.684529+00:00,drop,74,intent_angle_cap:info+local
11-domestic-travel-destinations-gangneung-east-coast-guide,11-domestic-travel-destinations,11,gangneung-east-coast-guide,강릉 동해안 추천,강릉 동해안에서 추천하는 관광지와 음식,info,local,강릉 동해안에서 즐길 수 있는 관광지를 소개합니다.,mistralai/mistral-nemotron,2026-06-02T02:14:18.684529+00:00,drop,74,intent_angle_cap:info+local
11-domestic-travel-destinations-incheon-songdo-beach,11-domestic-travel-destinations,11,incheon-songdo-beach,인천 송도 해변 추천,"인천 송도 해변 추천, 가족 여행 장소",info,local,인천 송도 해변에서 가족과 함께 즐길 수 있는 장소 안내,mistralai/mistral-nemotron,2026-06-02T02:14:18.684529+00:00,drop,74,intent_angle_cap:info+local
11-domestic-travel-destinations-incheon-songdo-guide,11-domestic-travel-destinations,11,incheon-songdo-guide,인천 송도 추천,인천 송도에서 추천하는 관광지와 카페,info,local,송도에서 즐길 수 있는 관광지를 소개합니다.,mistralai/mistral-nemotron,2026-06-02T02:14:18.684529+00:00,drop,74,intent_angle_cap:info+local
11-domestic-travel-destinations-sejong-family-travel,11-domestic-travel-destinations,11,sejong-family-travel,세종시 가족 여행지 추천,"세종시 가족 여행지 추천, 아이들과 함께 하는 장소",info,local,세종시에서 가족과 함께 즐길 수 있는 추천 여행지 안내,mistralai/mistral-nemotron,2026-06-02T02:14:18.684529+00:00,drop,74,intent_angle_cap:info+local
11-domestic-travel-destinations-seoul-autumn-spots,11-domestic-travel-destinations,11,seoul-autumn-spots,서울 가을 명소 추천,"서울 가을 명소 추천 7곳, 단풍 명소",info,local,서울에서 가을철 단풍을 감상할 수 있는 명소 안내,mistralai/mistral-nemotron,2026-06-02T02:14:18.684529+00:00,drop,74,intent_angle_cap:info+local
11-domestic-travel-destinations-suwon-hwaseong-night-view,11-domestic-travel-destinations,11,suwon-hwaseong-night-view,수원 화성 야경 추천,"수원 화성 야경 추천, 로맨틱한 장소 5곳",info,local,수원 화성에서 야경을 감상할 수 있는 추천 장소 안내,mistralai/mistral-nemotron,2026-06-02T02:14:18.684529+00:00,drop,74,intent_angle_cap:info+local
11-domestic-travel-destinations-ulsan-chuseok-spots,11-domestic-travel-destinations,11,ulsan-chuseok-spots,울산 추석 명소 추천,"울산 추석 명소 추천, 가을 감상 장소 4곳",info,local,울산에서 추석 명절에 방문할 수 있는 추천 장소 안내,mistralai/mistral-nemotron,2026-06-02T02:14:18.684529+00:00,drop,74,intent_angle_cap:info+local
11-domestic-travel-destinations-ulsan-chuseok-view,11-domestic-travel-destinations,11,ulsan-chuseok-view,울산 추석 명소 야경 추천,울산 추석 명소 야경 추천 3곳 + 교통 안내,info,local,울산 추석 명소 야경 추천과 교통 정보를 알려드립니다.,mistralai/mistral-nemotron,2026-06-02T02:14:18.684529+00:00,drop,74,intent_angle_cap:info+local
11-domestic-travel-destinations-gangwon-recommend-2023,11-domestic-travel-destinations,11,gangwon-recommend-2023,2023 강원도 추천 여행지,2023 강원도 추천 여행지 10가지,info,local,2023년 강원도에서 방문해야 할 최신 여행지 안내,mistralai/mistral-nemotron,2026-06-02T02:14:18.684529+00:00,drop,43,intent_angle_cap:info+local
11-domestic-travel-destinations-jeju-autumn-foliage-2023,11-domestic-travel-destinations,11,jeju-autumn-foliage-2023,제주도 2023 가을 단풍 명소,제주도 가을 단풍 명소 2023 추천,info,local,2023년 제주에서도 찾아볼 수 있는 가을 단풍 명소 추천,mistralai/mistral-nemotron,2026-06-02T02:14:18.684529+00:00,drop,43,intent_angle_cap:info+local
11-domestic-travel-destinations-seoul-incheon-airport-autumn-intersection,11-domestic-travel-destinations,11,seoul-incheon-airport-autumn-intersection,서울 인천공항 2023 가을철 네거리,서울 인천공항 가을철 네거리 사진 명소 추천,info,local,서울 인천공항에서 가을철 네거리를 사진 명소로 활용하는 방법,mistralai/mistral-nemotron,2026-06-02T02:14:18.684529+00:00,drop,43,intent_angle_cap:info+local
11-domestic-travel-destinations-suwon-hwaseong-autumn-night-view-2023,11-domestic-travel-destinations,11,suwon-hwaseong-autumn-night-view-2023,수원 화성 2023 가을야경,수원 화성 가을야경 2023 사진 명소 추천,info,local,수원 화성에서 가을에 즐길 수 있는 야경 명소 추천,mistralai/mistral-nemotron,2026-06-02T02:14:18.684529+00:00,drop,43,intent_angle_cap:info+local
11-overseas-travel-overseas-currency-guide,11-overseas-travel,11,overseas-currency-guide,해외여행 현지 통화 사용법,해외여행 현지 통화 사용법 완벽 가이드,howto,howto,해외여행 시 현지 통화를 효과적으로 사용하는 방법,mistralai/mistral-nemotron,2026-06-02T02:14:18.684529+00:00,drop,84,intent_angle_cap:howto+howto
11-overseas-travel-us-travel-local-medical-facilities,11-overseas-travel,11,us-travel-local-medical-facilities,미국 여행 현지 의료시설 이용법,미국 여행 현지 의료시설 이용법과 응급 안내,howto,howto,미국 여행 시 현지 의료시설 이용 방법과 응급 안내,mistralai/mistral-nemotron,2026-06-02T02:14:18.684529+00:00,drop,84,intent_angle_cap:howto+howto
11-overseas-travel-destinations-japan-december-travel-2,11-overseas-travel-destinations,11,japan-december-travel-2,일본 여행지 12월 추천,"12월에 가기 좋은 일본 여행지, 눈꽃 명소와 이벤트",info,start,12월 일본 여행지 추천 및 이벤트 정보,mistralai/mistral-nemotron,2026-06-02T02:14:18.684529+00:00,drop,74,intent_angle_cap:info+start
11-overseas-travel-destinations-japan-february-travel-2,11-overseas-travel-destinations,11,japan-february-travel-2,일본 여행지 2월 추천,"2월에 가기 좋은 일본 여행지, 설레는 설날 명소",info,start,2월 일본 여행지 추천 및 설날 명소 정보,mistralai/mistral-nemotron,2026-06-02T02:14:18.684529+00:00,drop,74,intent_angle_cap:info+start
11-overseas-travel-destinations-japan-july-travel-2,11-overseas-travel-destinations,11,japan-july-travel-2,일본 여행지 7월 추천,"7월에 가기 좋은 일본 여행지, 여름 축제와 명소",info,start,7월 일본 여행지 추천 및 여름 축제 정보,mistralai/mistral-nemotron,2026-06-02T02:14:18.684529+00:00,drop,74,intent_angle_cap:info+start
11-overseas-travel-destinations-japan-march-travel-2,11-overseas-travel-destinations,11,japan-march-travel-2,일본 여행지 3월 추천,"3월에 가기 좋은 일본 여행지, 꽃놀이 명소와 기온 정보",info,start,3월 일본 여행지 추천 및 꽃놀이 명소 정보,mistralai/mistral-nemotron,2026-06-02T02:14:18.684529+00:00,drop,74,intent_angle_cap:info+start
11-overseas-travel-destinations-southeast-asia-april-travel-2,11-overseas-travel-destinations,11,southeast-asia-april-travel-2,동남아 여행지 4월 추천,"4월에 가기 좋은 동남아 여행지, 관광지와 기온 정보",info,start,4월 동남아 여행지 추천 및 기온 정보,mistralai/mistral-nemotron,2026-06-02T02:14:18.684529+00:00,drop,74,intent_angle_cap:info+start
11-overseas-travel-destinations-southeast-asia-february-travel-2,11-overseas-travel-destinations,11,southeast-asia-february-travel-2,동남아 여행지 2월 추천,"2월에 가기 좋은 동남아 여행지, 관광지와 기온 정보",info,start,2월 동남아 여행지 추천 및 기온 정보,mistralai/mistral-nemotron,2026-06-02T02:14:18.684529+00:00,drop,74,intent_angle_cap:info+start
11-overseas-travel-destinations-southeast-asia-summer-travel,11-overseas-travel-destinations,11,southeast-asia-summer-travel,동남아 여행지 여름 추천,여름 동남아 여행지 추천과 날씨 안내,info,start,여름에 즐길 수 있는 동남아 여행지와 날씨 정보,mistralai/mistral-nemotron,2026-06-02T02:14:18.684529+00:00,drop,74,intent_angle_cap:info+start
11-overseas-travel-destinations-usa-april-travel-2,11-overseas-travel-destinations,11,usa-april-travel-2,미국 여행지 4월 추천,"4월에 가기 좋은 미국 여행지, 봄 명소와 기온 정보",info,start,4월 미국 여행지 추천 및 봄 명소 정보,mistralai/mistral-nemotron,2026-06-02T02:14:18.684529+00:00,drop,74,intent_angle_cap:info+start
11-overseas-travel-destinations-usa-august-travel-2,11-overseas-travel-destinations,11,usa-august-travel-2,미국 여행지 8월 추천,"8월에 가기 좋은 미국 여행지, 여름 여행 명소 추천",info,start,8월 미국 여행지 추천 및 여름 명소 정보,mistralai/mistral-nemotron,2026-06-02T02:14:18.684529+00:00,drop,74,intent_angle_cap:info+start
11-overseas-travel-destinations-usa-autumn-travel,11-overseas-travel-destinations,11,usa-autumn-travel,미국 여행지 가을 추천,가을 미국 여행지 추천과 날씨 안내,info,start,가을에 즐길 수 있는 미국 여행지와 날씨 정보,mistralai/mistral-nemotron,2026-06-02T02:14:18.684529+00:00,drop,74,intent_angle_cap:info+start
11-overseas-travel-destinations-usa-january-travel,11-overseas-travel-destinations,11,usa-january-travel,미국 여행지 1월 추천,1월에 가기 좋은 미국 여행지와 추천 리스트,info,start,1월에 방문하기 좋은 미국 여행지와 추천 리스트,mistralai/mistral-nemotron,2026-06-02T02:14:18.684529+00:00,drop,74,intent_angle_cap:info+start
11-travel-blogging-travel-blog-click-tips,11-travel-blogging,11,travel-blog-click-tips,여행블로그 클릭 유도법,여행블로그 클릭 유도법 7가지,howto,tip,여행블로그 글 클릭률을 높이는 방법,mistralai/mistral-nemotron,2026-06-02T02:14:18.684529+00:00,drop,84,intent_angle_cap:howto+tip
11-travel-blogging-travel-blog-instagram-promotion,11-travel-blogging,11,travel-blog-instagram-promotion,여행블로그 인스타그램 프로모션,여행블로그 인스타그램 프로모션 전략,howto,tip,인스타그램을 활용한 여행블로그 프로모션 방법,mistralai/mistral-nemotron,2026-06-02T02:14:18.684529+00:00,drop,84,intent_angle_cap:howto+tip
11-travel-blogging-travel-blog-posting-time,11-travel-blogging,11,travel-blog-posting-time,여행블로그 게시물 작성 최적 시간,여행블로그 게시물 작성 최적 시간 및 전략,howto,tip,여행블로그 게시물을 작성할 최적의 시간과 전략,mistralai/mistral-nemotron,2026-06-02T02:14:18.684529+00:00,drop,84,intent_angle_cap:howto+tip
11-travel-blogging-travel-blog-writing-time,11-travel-blogging,11,travel-blog-writing-time,여행블로그 글 작성 시간,여행블로그 글 작성 시간 효율적으로 줄이는 법,howto,tip,여행블로그 글 작성 시간을 줄이는 전략,mistralai/mistral-nemotron,2026-06-02T02:14:18.684529+00:00,drop,84,intent_angle_cap:howto+tip
11-travel-blogging-travel-blog-title,11-travel-blogging,11,travel-blog-title,여행블로그 글 제목 짓는 법,여행블로그 글 제목 짓는 법과 예시,howto,howto,여행블로그 글 제목을 효과적으로 짓는 방법,mistralai/mistral-nemotron,2026-06-02T02:14:18.684529+00:00,drop,84,intent_angle_cap:howto+howto
11-travel-essentials-travel-simple-snacks,11-travel-essentials,11,travel-simple-snacks,여행용 간편 간식 추천,여행용 간편 간식 추천 10가지,compare,howto,여행 중 간편하게 먹을 수 있는 간식 추천,mistralai/mistral-nemotron,2026-06-02T02:14:18.684529+00:00,drop,80,intent_angle_cap:compare+howto
11-travel-essentials-travel-simple-storage-bag,11-travel-essentials,11,travel-simple-storage-bag,여행용 간편 수납백 추천,여행용 간편 수납백 추천과 활용법,compare,howto,여행 중 효율적으로 물건을 수납할 수 있는 백 추천,mistralai/mistral-nemotron,2026-06-02T02:14:18.684529+00:00,drop,80,intent_angle_cap:compare+howto
11-travel-itinerary-travel-schedule-moving,11-travel-itinerary,11,travel-schedule-moving,여행 일정표 이동 시간 계산,여행 일정표 이동 시간 계산법,howto,howto,여행 일정표 이동 시간 계산법,mistralai/mistral-nemotron,2026-06-02T02:14:18.684529+00:00,drop,96,intent_angle_cap:howto+howto
11-travel-itinerary-winter-4-day-travel,11-travel-itinerary,11,winter-4-day-travel,겨울 휴가 4일 일정,겨울 휴가 4일 여행 일정,howto,howto,겨울 휴가 4일 여행 일정,mistralai/mistral-nemotron,2026-06-02T02:14:18.684529+00:00,drop,96,intent_angle_cap:howto+howto
11-travel-itinerary-write-travel-schedule,11-travel-itinerary,11,write-travel-schedule,여행 일정표 작성법,여행 일정표 작성법: 최적의 시간과 경로 배분,howto,howto,여행 일정표 작성 방법,mistralai/mistral-nemotron,2026-06-02T02:14:18.684529+00:00,drop,96,intent_angle_cap:howto+howto
11-travel-itinerary-germany-7day-trip,11-travel-itinerary,11,germany-7day-trip,독일 여행 7일 일정 추천,"독일 여행 7일 일정: 베를린, 뮌헨, 프랑크푸르트",howto,howto,독일 7일 여행 일정 안내,mistralai/mistral-nemotron,2026-06-02T02:14:18.684529+00:00,drop,92,intent_angle_cap:howto+howto
11-travel-itinerary-osaka-5day-itinerary,11-travel-itinerary,11,osaka-5day-itinerary,일본 오사카 5일 일정 추천,"일본 오사카 5일 여행 일정 추천, 효율적인 여행 팁",howto,howto,오사카 5일 여행 일정과 주요 명소를 소개합니다,mistralai/mistral-nemotron,2026-06-02T02:14:18.684529+00:00,drop,92,intent_angle_cap:howto+howto
11-travel-itinerary-share-travel-schedule,11-travel-itinerary,11,share-travel-schedule,여행 일정표 공유 방법,여행 일정표 공유 방법: 팀과 가족과의 협업,howto,howto,여행 일정표 공유 방법,mistralai/mistral-nemotron,2026-06-02T02:14:18.684529+00:00,drop,92,intent_angle_cap:howto+howto
11-travel-itinerary-travel-schedule-budget,11-travel-itinerary,11,travel-schedule-budget,여행 일정표 예산 관리 팁,여행 일정표 예산 관리 팁과 방법,howto,howto,여행 일정표 예산 관리 팁과 방법,mistralai/mistral-nemotron,2026-06-02T02:14:18.684529+00:00,drop,92,intent_angle_cap:howto+howto
11-travel-itinerary-southeast-asia-5-day,11-travel-itinerary,11,southeast-asia-5-day,동남아 5일 여행지 추천,동남아 5일 여행지 추천,howto,howto,동남아 5일 여행지 추천,mistralai/mistral-nemotron,2026-06-02T02:14:18.684529+00:00,drop,80,intent_angle_cap:howto+howto
11-travel-safety-health-management-during-travel,11-travel-safety,11,health-management-during-travel,여행 중 건강 관리 방법,"여행 중 건강 관리 방법, 체력 관리를 위한 팁",howto,tip,여행 중 체력을 유지하는 건강 관리 방법,mistralai/mistral-nemotron,2026-06-02T02:14:18.684529+00:00,drop,92,intent_angle_cap:howto+tip
11-travel-safety-local-attraction-safety-tips,11-travel-safety,11,local-attraction-safety-tips,행중 현지 관광지 안전 팁,여행 중 현지 관광지 안전 팁과 주의사항,howto,tip,여행 시 현지 관광지 방문 시 주의할 점과 안전 조치,mistralai/mistral-nemotron,2026-06-02T02:14:18.684529+00:00,drop,92,intent_angle_cap:howto+tip
11-travel-safety-local-traffic-accident-response,11-travel-safety,11,local-traffic-accident-response,현지 교통사고 대응 방법,"현지 교통사고 대응 방법, 안전하게 대처하는 법",howto,tip,해외에서 교통사고를 당했을 때 대응하는 방법,mistralai/mistral-nemotron,2026-06-02T02:14:18.684529+00:00,drop,92,intent_angle_cap:howto+tip
11-travel-safety-lost-phone-response-guide,11-travel-safety,11,lost-phone-response-guide,휴대폰 분실 시 대응 방법,휴대폰 분실 시 즉시 해야 할 대처 방법,howto,tip,여행 중 휴대폰 분실을 대비한 대응 방법과 예방 팁,mistralai/mistral-nemotron,2026-06-02T02:14:18.684529+00:00,drop,92,intent_angle_cap:howto+tip
11-travel-safety-overseas-local-transport-tips,11-travel-safety,11,overseas-local-transport-tips,해외 여행 현지 교통 이용 팁,해외 여행에서 현지 교통 수단을 안전하게 이용하는 법,howto,tip,해외 여행 시 현지 교통 수단을 이용할 때 주의해야 할 사항,mistralai/mistral-nemotron,2026-06-02T02:14:18.684529+00:00,drop,92,intent_angle_cap:howto+tip
11-travel-safety-tour-bus-safety-tips,11-travel-safety,11,tour-bus-safety-tips,행중 현지 관광버스 안전 팁,여행 중 현지 관광버스 안전 팁과 주의사항,howto,tip,여행 시 현지 관광버스 이용 시 주의할 점과 안전 조치,mistralai/mistral-nemotron,2026-06-02T02:14:18.684529+00:00,drop,92,intent_angle_cap:howto+tip
11-travel-safety-travel-bad-weather-handling,11-travel-safety,11,travel-bad-weather-handling,여행 중 악천후 대응 방법,여행 중 악천후 시 안전하게 대처하는 방법,howto,tip,"여행 중 비, 바람, 강화우 등 악천후에 대응하는 팁",mistralai/mistral-nemotron,2026-06-02T02:14:18.684529+00:00,drop,92,intent_angle_cap:howto+tip
11-travel-safety-travel-local-accident-handling,11-travel-safety,11,travel-local-accident-handling,여행 중 현지 교통사고 시 대처 방법,여행 중 현지 교통사고 시 대처 방법과 주의사항,howto,tip,여행 중 현지 교통사고가 발생했을 때 대응 방법,mistralai/mistral-nemotron,2026-06-02T02:14:18.684529+00:00,drop,92,intent_angle_cap:howto+tip
11-travel-safety-travel-lost-phone-handling,11-travel-safety,11,travel-lost-phone-handling,여행 중 휴대폰 분실 시 대기 방법,여행 중 휴대폰 분실 시 대처 방법과 주의사항,howto,tip,여행 중 휴대폰을 분실했을 때 대응 방법과 예방 팁,mistralai/mistral-nemotron,2026-06-02T02:14:18.684529+00:00,drop,92,intent_angle_cap:howto+tip
11-travel-safety-travel-safe-subway-area,11-travel-safety,11,travel-safe-subway-area,여행 중 현지 역세권 안전한 이동 방법,여행 중 현지 역세권에서 안전하게 이동하는 방법,howto,tip,여행 중 역세권을 안전하게 이동하는 팁,mistralai/mistral-nemotron,2026-06-02T02:14:18.684529+00:00,drop,92,intent_angle_cap:howto+tip
11-travel-safety-basic-local-language-travel,11-travel-safety,11,basic-local-language-travel,해외 여행 중 현지 언어 기본 표현,"해외 여행 중 현지 언어 기본 표현, 안전하게 소통하는 법",howto,tip,해외 여행 중 현지 언어로 기본적인 표현을 사용하는 방법,mistralai/mistral-nemotron,2026-06-02T02:14:18.684529+00:00,drop,84,intent_angle_cap:howto+tip
11-travel-safety-overseas-bank-card-usage,11-travel-safety,11,overseas-bank-card-usage,해외에서 은행 카드 사용법,"해외에서 은행 카드 사용법, 안전하게 결제하는 법",howto,tip,해외에서 은행 카드를 안전하게 사용하는 방법,mistralai/mistral-nemotron,2026-06-02T02:14:18.684529+00:00,drop,84,intent_angle_cap:howto+tip
11-travel-safety-safe-free-wifi-travel,11-travel-safety,11,safe-free-wifi-travel,여행 중 무료 와이파이 안전하게 사용하기,"여행 중 무료 와이파이 안전하게 사용하기, 해킹 방지법",howto,tip,여행 중 무료 와이파이를 안전하게 사용하는 방법,mistralai/mistral-nemotron,2026-06-02T02:14:18.684529+00:00,drop,84,intent_angle_cap:howto+tip
11-travel-safety-travel-emergency-medicine-kit,11-travel-safety,11,travel-emergency-medicine-kit,여행 중 응급약 세트 만들기,"여행 중 응급약 세트, 꼭 필요한 약품 목록",howto,tip,여행 중 응급 상황을 대비한 필수 약품 세트 구성 방법,mistralai/mistral-nemotron,2026-06-02T02:14:18.684529+00:00,drop,84,intent_angle_cap:howto+tip
11-travel-tips-travel-mobile-phone-tips,11-travel-tips,11,travel-mobile-phone-tips,여행 중 휴대폰 사용 팁,여행 중 휴대폰 사용 팁: 로밍 설정과 앱 추천,howto,tip,여행 중 휴대폰을 효과적으로 사용하는 방법,mistralai/mistral-nemotron,2026-06-02T02:14:18.684529+00:00,drop,92,intent_angle_cap:howto+tip
11-travel-tips-travel-money-management,11-travel-tips,11,travel-money-management,여행 중 현금 관리 방법,해외 여행 시 현금 관리 및 교환하는 법,howto,tip,여행 중에 현금을 안전하게 관리하는 다양한 방법,mistralai/mistral-nemotron,2026-06-02T02:14:18.684529+00:00,drop,92,intent_angle_cap:howto+tip
11-travel-tips-travel-phone-tips,11-travel-tips,11,travel-phone-tips,여행 중 휴대전화 사용 팁,여행 중 휴대전화 사용 팁과 추천 앱,howto,tip,여행 중 휴대전화 효율적으로 사용하기,mistralai/mistral-nemotron,2026-06-02T02:14:18.684529+00:00,drop,92,intent_angle_cap:howto+tip
11-travel-tips-travel-security-tips,11-travel-tips,11,travel-security-tips,여행 중 보안 팁,여행 중 보안 팁: 소지품 안전하게 관리하기,howto,tip,여행 중 소지품을 안전하게 관리하는 방법,mistralai/mistral-nemotron,2026-06-02T02:14:18.684529+00:00,drop,92,intent_angle_cap:howto+tip
11-travel-tips-local-transport-card-guide,11-travel-tips,11,local-transport-card-guide,여행 중 현지 교통 카드 사용법,여행 중 현지 교통 카드 사용법과 추천 지역,howto,tip,여행 중 현지 교통 카드 사용 방법,mistralai/mistral-nemotron,2026-06-02T02:14:18.684529+00:00,drop,84,intent_angle_cap:howto+tip
11-travel-tips-local-transport-cost-saving-tips,11-travel-tips,11,local-transport-cost-saving-tips,여행 중 현지 교통비 절약,해외 여행 시 현지 교통비 절약하는 법,howto,tip,해외 여행지에서 현지 교통비를 절약하는 팁,mistralai/mistral-nemotron,2026-06-02T02:14:18.684529+00:00,drop,84,intent_angle_cap:howto+tip
11-travel-tips-travel-lost-items,11-travel-tips,11,travel-lost-items,여행 중 소지품 잃어버릴 때 대처법,여행 중 소지품 잃어버릴 때 대처법: 안전 조치,howto,tip,여행 중 소지품을 잃어버렸을 때 대처하는 방법,mistralai/mistral-nemotron,2026-06-02T02:14:18.684529+00:00,drop,84,intent_angle_cap:howto+tip
11-travel-videos-travel-video-essential-equipment,11-travel-videos,11,travel-video-essential-equipment,여행영상 촬영 필수 장비,여행영상 촬영을 위한 필수 장비 총 정리,howto,howto,초보자도 쉽게 따라할 수 있는 여행영상 촬영 장비 가이드,mistralai/mistral-nemotron,2026-06-02T02:14:18.684529+00:00,drop,84,intent_angle_cap:howto+howto
11-travel-videos-travel-video-filter,11-travel-videos,11,travel-video-filter,여행영상 보정 필터 활용법,여행영상 보정 필터 사용하는 기술,howto,howto,여행 영상을 보정할 때 필터 사용법,mistralai/mistral-nemotron,2026-06-02T02:14:18.684529+00:00,drop,84,intent_angle_cap:howto+howto
11-travel-videos-travel-video-instagram-story,11-travel-videos,11,travel-video-instagram-story,여행영상 인스타그램 스토리 활용법,인스타그램 스토리에 활용하기 좋은 여행영상 제작법,howto,howto,인스타그램 스토리를 위한 여행영상 제작 방법,mistralai/mistral-nemotron,2026-06-02T02:14:18.684529+00:00,drop,84,intent_angle_cap:howto+howto
11-travel-videos-travel-video-lighting-techniques,11-travel-videos,11,travel-video-lighting-techniques,여행영상 촬영 조명 기술,여행영상 촬영 시 조명 기술을 활용하는 법,howto,howto,여행영상 촬영 시 조명 기술을 활용하는 방법,mistralai/mistral-nemotron,2026-06-02T02:14:18.684529+00:00,drop,84,intent_angle_cap:howto+howto
11-travel-videos-travel-video-marketing-strategy,11-travel-videos,11,travel-video-marketing-strategy,여행영상 제작 마케팅,여행영상 제작을 위한 마케팅 전략,howto,howto,여행영상 제작을 위한 효과적인 마케팅 전략,mistralai/mistral-nemotron,2026-06-02T02:14:18.684529+00:00,drop,84,intent_angle_cap:howto+howto
11-travel-videos-travel-video-narration,11-travel-videos,11,travel-video-narration,여행영상 내레이션 작성법,여행영상 내레이션 작성하는 기본 원리,howto,howto,여행 영상에 어울리는 내레이션 글쓰기 방법,mistralai/mistral-nemotron,2026-06-02T02:14:18.684529+00:00,drop,84,intent_angle_cap:howto+howto
11-travel-videos-travel-video-production-ideas,11-travel-videos,11,travel-video-production-ideas,여행영상 제작 아이디어,독창적인 여행영상 제작 아이디어,howto,howto,독창적인 여행영상 제작 아이디어와 영감,mistralai/mistral-nemotron,2026-06-02T02:14:18.684529+00:00,drop,84,intent_angle_cap:howto+howto
11-travel-videos-travel-video-script-writing,11-travel-videos,11,travel-video-script-writing,여행영상 대본 작성법,여행영상 대본을 작은 건작법 총정리,howto,howto,효과적인 여행영상 대본 작성 방법,mistralai/mistral-nemotron,2026-06-02T02:14:18.684529+00:00,drop,84,intent_angle_cap:howto+howto
11-travel-videos-travel-video-shooting-locations,11-travel-videos,11,travel-video-shooting-locations,여행영상 촬영 위치,여행영상 촬영을 위한 최적의 위치 선택,howto,howto,여행지별로 최적의 촬영 위치를 찾아보세요,mistralai/mistral-nemotron,2026-06-02T02:14:18.684529+00:00,drop,84,intent_angle_cap:howto+howto
11-travel-videos-travel-video-title-write,11-travel-videos,11,travel-video-title-write,여행영상 제목 작성법,여행영상 제목 작성하는 핵심 원칙,howto,howto,여행 영상에 어울리는 제목을 만드는 방법,mistralai/mistral-nemotron,2026-06-02T02:14:18.684529+00:00,drop,84,intent_angle_cap:howto+howto
11-travel-videos-travel-video-youtube-thumbnail-2,11-travel-videos,11,travel-video-youtube-thumbnail-2,여행영상 유튜브 썸네일 디자인,유튜브 썸네일 디자인으로 여행영상 클릭률 높이기,howto,howto,유튜브 썸네일 디자인 팁,mistralai/mistral-nemotron,2026-06-02T02:14:18.684529+00:00,drop,84,intent_angle_cap:howto+howto
12-academic-research-overseas-publication-of-literary-works,12-academic-research,12,overseas-publication-of-literary-works,문학 작품 해외 발간 방법,문학 작품 해외 발간 방법과 절차,howto,tip,문학 작품 해외 발간 방법과 절차 설명,mistralai/mistral-nemotron,2026-06-04T01:15:00.927640+00:00,drop,74,intent_angle_cap:howto+tip
12-academic-research-science-experiment-data-organization,12-academic-research,12,science-experiment-data-organization,과학 실험 자료 정리 방법,과학 실험 자료를 정리하는 방법과 팁,howto,tip,과학 실험 자료 정리를 위한 팁,mistralai/mistral-nemotron,2026-06-04T01:15:00.927640+00:00,drop,74,intent_angle_cap:howto+tip
12-academic-research-science-experiment-presentation,12-academic-research,12,science-experiment-presentation,과학 실험 결과 발표 방법,과학 실험 결과 효과적으로 발표하는 방법,howto,tip,과학 실험 결과를 효과적으로 발표하는 팁,mistralai/mistral-nemotron,2026-06-04T01:15:00.927640+00:00,drop,74,intent_angle_cap:howto+tip
12-academic-research-science-experiment-report,12-academic-research,12,science-experiment-report,과학 실험 레포트 작성 팁,과학 실험 레포트 작성하는 방법과 팁,howto,tip,과학 실험 레포트 작성을 위한 팁,mistralai/mistral-nemotron,2026-06-04T01:15:00.927640+00:00,drop,74,intent_angle_cap:howto+tip
12-academic-research-science-experiment-video,12-academic-research,12,science-experiment-video,과학 실험 동영상 제작 방법,과학 실험 동영상 제작하는 방법과 팁,howto,tip,과학 실험 동영상 제작 방법,mistralai/mistral-nemotron,2026-06-04T01:15:00.927640+00:00,drop,74,intent_angle_cap:howto+tip
12-academic-research-scientific-experiment-design,12-academic-research,12,scientific-experiment-design,과학 연구 실험 설계 방법,과학 연구 실험 설계 방법과 주의사항,howto,tip,과학 연구 실험 설계 방법과 주의사항 설명,mistralai/mistral-nemotron,2026-06-04T01:15:00.927640+00:00,drop,74,intent_angle_cap:howto+tip
12-academic-research-scientific-experiment-result-analysis,12-academic-research,12,scientific-experiment-result-analysis,과학 실험 결과 분석 방법,과학 실험 결과 분석 방법과 팁,howto,tip,과학 실험 결과 분석 방법과 팁 제공,mistralai/mistral-nemotron,2026-06-04T01:15:00.927640+00:00,drop,74,intent_angle_cap:howto+tip
12-academic-research-scientific-journal-selection,12-academic-research,12,scientific-journal-selection,과학 연구 저널 선정 팁,과학 연구 저널 선정 시 고려할 점과 팁,howto,tip,과학 연구 저널을 선정할 때 유의해야 할 점과 실용적인 팁을 제공합니다.,mistralai/mistral-nemotron,2026-06-04T01:15:00.927640+00:00,drop,74,intent_angle_cap:howto+tip
12-academic-research-scientific-paper-writing-tips,12-academic-research,12,scientific-paper-writing-tips,과학 논문 작성 팁,과학 논문 작성 팁과 효과적인 구조,howto,tip,과학 논문 작성 팁과 효과적인 구조 설명,mistralai/mistral-nemotron,2026-06-04T01:15:00.927640+00:00,drop,74,intent_angle_cap:howto+tip
12-academic-research-scientific-research-proposal-writing,12-academic-research,12,scientific-research-proposal-writing,과학 연구 프로포절 작성 방법,과학 연구 프로포절 작성 방법과 예시,howto,tip,과학 연구 프로포절 작성 방법과 예시 설명,mistralai/mistral-nemotron,2026-06-04T01:15:00.927640+00:00,drop,74,intent_angle_cap:howto+tip
12-academic-research-literary-creation-techniques,12-academic-research,12,literary-creation-techniques,문학 작품 창작 기술,문학 작품 창작 기술과 기법 종합 안정,howto,tip,문학 작품 창작 기술과 기법 종합 정리,mistralai/mistral-nemotron,2026-06-04T01:15:00.927640+00:00,drop,66,intent_angle_cap:howto+tip
12-common-knowledge-dictionary-simple-home-beauty-tips,12-common-knowledge-dictionary,12,simple-home-beauty-tips,간단한 가정 미용법,간단한 가정 미용법 - 집에서 할 수 있는 스킨케어,howto,howto,집에서도 쉽게 따라할 수 있는 미용법을 알려드립니다.,mistralai/mistral-nemotron,2026-06-04T01:15:00.927640+00:00,drop,66,intent_angle_cap:howto+howto
12-cultural-exploration-modern-korean-culture-social-problems,12-cultural-exploration,12,modern-korean-culture-social-problems,한국 현대문화와 사회적 문제,한국 현대문화에서의 사회적 문제 분석,info,issue,한국 현대문화에서의 사회적 문제와 영향 분석,mistralai/mistral-nemotron,2026-06-04T01:15:00.927640+00:00,drop,52,intent_angle_cap:info+issue
12-cultural-exploration-modern-korean-culture-tech-innovation,12-cultural-exploration,12,modern-korean-culture-tech-innovation,한국 현대문화와 기술 혁신,한국 현대문화의 기술 혁신 사례,info,issue,한국 현대문화에서 나타나는 기술 혁신 사례와 분석,mistralai/mistral-nemotron,2026-06-04T01:15:00.927640+00:00,drop,52,intent_angle_cap:info+issue
12-cultural-exploration-modern-korean-culture-traditional-festivals,12-cultural-exploration,12,modern-korean-culture-traditional-festivals,한국 현대문화와 전통 축제,한국 현대문화에서의 전통 축제 분석,info,issue,한국 현대문화에서의 전통 축제와 변화 분석,mistralai/mistral-nemotron,2026-06-04T01:15:00.927640+00:00,drop,52,intent_angle_cap:info+issue
12-cultural-exploration-modern-korean-culture-youth-culture,12-cultural-exploration,12,modern-korean-culture-youth-culture,한국 현대문화와 청년 문화,한국 현대문화에서의 청년 문화 분석,info,issue,한국 현대문화에서의 청년 문화와 변화 분석,mistralai/mistral-nemotron,2026-06-04T01:15:00.927640+00:00,drop,52,intent_angle_cap:info+issue
12-cultural-exploration-movie-drama-impact-korean-culture,12-cultural-exploration,12,movie-drama-impact-korean-culture,한국 현대문화의 영화와 드라마 영향력,한국 현대문화에 영화와 드라마가 미친 영향 분석,info,issue,영화와 드라마가 한국 현대문화에 미친 영향력을 분석합니다.,mistralai/mistral-nemotron,2026-06-04T01:15:00.927640+00:00,drop,52,intent_angle_cap:info+issue
12-cultural-exploration-sns-impact-korean-culture,12-cultural-exploration,12,sns-impact-korean-culture,한국 현대문화의 SNS 영향,한국 현대문화에 SNS가 미친 영향 분석,info,issue,SNS가 한국 현대문화에 미친 영향력을 분석합니다.,mistralai/mistral-nemotron,2026-06-04T01:15:00.927640+00:00,drop,52,intent_angle_cap:info+issue
12-cultural-exploration-korean-modern-design-trend-2024,12-cultural-exploration,12,korean-modern-design-trend-2024,한국 현대 디자인 트렌드,2024년 한국 현대 디자인 트렌드 전망,info,issue,올해 한국에서 인기 있는 디자인 트렌드,mistralai/mistral-nemotron,2026-06-04T01:15:00.927640+00:00,drop,44,intent_angle_cap:info+issue
12-cultural-exploration-korean-modern-food-trend-2024,12-cultural-exploration,12,korean-modern-food-trend-2024,한국 현대 음식 문화 트렌드,2024년 한국 현대 음식 문화 트렌드 분석,info,issue,최근 한국 음식 문화 트렌드와 발전 방향,mistralai/mistral-nemotron,2026-06-04T01:15:00.927640+00:00,drop,44,intent_angle_cap:info+issue
12-cultural-exploration-korean-modern-media-consumption-2024,12-cultural-exploration,12,korean-modern-media-consumption-2024,한국 현대 미디어 소비 현황,2024년 한국 현대 미디어 소비 현황 분석,info,issue,최근 한국에서 미디어 소비 동향 분석,mistralai/mistral-nemotron,2026-06-04T01:15:00.927640+00:00,drop,44,intent_angle_cap:info+issue
12-cultural-exploration-modern-culture-youth-job-trend-2024,12-cultural-exploration,12,modern-culture-youth-job-trend-2024,한국 현대 문화와 청년 취업 트렌드,2024년 한국 현대 문화와 청년 취업 트렌드,info,issue,최근 한국 청년 취업 트렌드와 현대 문화와의 관계 분석,mistralai/mistral-nemotron,2026-06-04T01:15:00.927640+00:00,drop,44,intent_angle_cap:info+issue
12-cultural-exploration-korean-contemporary-art-exhibition,12-cultural-exploration,12,korean-contemporary-art-exhibition,한국 현대예술 전시회 추천,2024년 한국 현대예술 전시회 최신 추천,info,issue,2024년 한국 현대예술 전시회를 추천합니다.,mistralai/mistral-nemotron,2026-06-04T01:15:00.927640+00:00,drop,40,intent_angle_cap:info+issue
12-culture-criticism-artwork-analysis-method,12-culture-criticism,12,artwork-analysis-method,미술 작품 분석법,미술 작품 분석법: 어떻게 해석할까?,howto,howto,미술 작품을 분석하는 방법과 해석,mistralai/mistral-nemotron,2026-06-02T02:14:18.684529+00:00,drop,66,intent_angle_cap:howto+howto
12-culture-criticism-kpop-dance-critique,12-culture-criticism,12,kpop-dance-critique,K팝 댄스 분석,K팝 댄스의 비평과 분석 기술,howto,howto,K팝 댄스 분석 방법,mistralai/mistral-nemotron,2026-06-02T02:14:18.684529+00:00,drop,66,intent_angle_cap:howto+howto
12-culture-criticism-kpop-lyrics-critique,12-culture-criticism,12,kpop-lyrics-critique,K팝 가사 해석 비평,K팝 가사 해석을 통한 비평 기술,howto,howto,K팝 가사 해석을 통한 비평 방법,mistralai/mistral-nemotron,2026-06-02T02:14:18.684529+00:00,drop,66,intent_angle_cap:howto+howto
12-culture-criticism-modern-art-deconstruction,12-culture-criticism,12,modern-art-deconstruction,현대 미술 작품 해체 분석,현대 미술 작품의 구조적 해체 분석,howto,howto,현대 미술 작품 해체 분석 기법,mistralai/mistral-nemotron,2026-06-02T02:14:18.684529+00:00,drop,66,intent_angle_cap:howto+howto
12-culture-criticism-modern-art-historical-context,12-culture-criticism,12,modern-art-historical-context,현대 미술 작품의 역사적 배경,현대 미술 작품의 역사적 배경 분석,howto,howto,현대 미술 작품의 역사적 배경 분석,mistralai/mistral-nemotron,2026-06-02T02:14:18.684529+00:00,drop,66,intent_angle_cap:howto+howto
12-culture-criticism-modern-art-social-impact,12-culture-criticism,12,modern-art-social-impact,현대 미술 작품의 사회적 영향,현대 미술 작품의 사회적 영향 분석,howto,howto,현대 미술 작품의 사회적 영향 분석,mistralai/mistral-nemotron,2026-06-02T02:14:18.684529+00:00,drop,66,intent_angle_cap:howto+howto
12-culture-criticism-movie-character-analysis,12-culture-criticism,12,movie-character-analysis,영화 캐릭터 분석법,영화 캐릭터를 분석하는 기술,howto,howto,영화 캐릭터 분석법,mistralai/mistral-nemotron,2026-06-02T02:14:18.684529+00:00,drop,66,intent_angle_cap:howto+howto
12-culture-criticism-movie-direction-analysis,12-culture-criticism,12,movie-direction-analysis,영화 연출 기법 분석법,영화 연출 기법을 분석하는 기술,howto,howto,영화 연출 기법 분석법,mistralai/mistral-nemotron,2026-06-02T02:14:18.684529+00:00,drop,66,intent_angle_cap:howto+howto
12-culture-criticism-movie-ost-production,12-culture-criticism,12,movie-ost-production,영화 OST 제작 과정 분석,영화 OST 제작 과정 분석: 어떻게 만들어지는가?,howto,howto,영화 OST의 제작 과정과 분석,mistralai/mistral-nemotron,2026-06-02T02:14:18.684529+00:00,drop,66,intent_angle_cap:howto+howto
12-culture-criticism-movie-scene-interpretation,12-culture-criticism,12,movie-scene-interpretation,영화 장면 해석 비평,영화 장면 해석을 통한 비평 기술,howto,howto,영화 장면 해석을 통한 비평 방법,mistralai/mistral-nemotron,2026-06-02T02:14:18.684529+00:00,drop,66,intent_angle_cap:howto+howto
12-culture-criticism-movie-storytelling-analysis,12-culture-criticism,12,movie-storytelling-analysis,영화 스토리텔링 분석법,영화 스토리텔링을 분석하는 기술,howto,howto,영화 스토리텔링 분석법,mistralai/mistral-nemotron,2026-06-02T02:14:18.684529+00:00,drop,66,intent_angle_cap:howto+howto
12-essay-guide-essay-quotation-guide,12-essay-guide,12,essay-quotation-guide,논술 본론 인용 방법,논술 본론에서 인용 자재 활용법과 주의할 점,howto,howto,논술 본론에서 인용 자료를 효과적으로 활용하는 방법,mistralai/mistral-nemotron,2026-06-04T01:15:00.927640+00:00,drop,74,intent_angle_cap:howto+howto
12-essay-guide-essay-topic-analysis,12-essay-guide,12,essay-topic-analysis,논술에서 주제 파악하는 방법,논술에서 주제를 정확히 파악하는 핵심 방법,howto,howto,논술에서 주제를 정확히 이해하고 분석하는 방법,mistralai/mistral-nemotron,2026-06-04T01:15:00.927640+00:00,drop,74,intent_angle_cap:howto+howto
12-essay-guide-expressing-originality-essay,12-essay-guide,12,expressing-originality-essay,논술 독창성 표현 방법,논술에서 독창성을 표현하는 방법과 예시,howto,howto,논술에서 독창성을 표현하는 방법과 예시,mistralai/mistral-nemotron,2026-06-04T01:15:00.927640+00:00,drop,74,intent_angle_cap:howto+howto
12-essay-guide-using-examples-essay,12-essay-guide,12,using-examples-essay,논술 예시 활용 방법,논술에서 적절한 예시를 활용하는 방법,howto,howto,논술에서 예시를 효과적으로 활용하는 방법,mistralai/mistral-nemotron,2026-06-04T01:15:00.927640+00:00,drop,74,intent_angle_cap:howto+howto
12-essay-guide-counterargument-rebuttal-essay,12-essay-guide,12,counterargument-rebuttal-essay,논술 반론과 반박 기술,논술에서 반론과 반박 기술을 적용하는 법,howto,howto,논술에서 반론과 반박 기술을 적용하는 방법,mistralai/mistral-nemotron,2026-06-04T01:15:00.927640+00:00,drop,66,intent_angle_cap:howto+howto
12-essay-guide-essay-conclusion-strategy,12-essay-guide,12,essay-conclusion-strategy,논술 결론 효과적으로 작성하기,논술 결론을 효과적으로 작성하는 핵심 전략,howto,howto,논술 결론의 핵심 구성 요소와 효과적인 작성 방법,mistralai/mistral-nemotron,2026-06-04T01:15:00.927640+00:00,drop,66,intent_angle_cap:howto+howto
12-essay-guide-essay-example-usage,12-essay-guide,12,essay-example-usage,논술에서 예시 사용법,논술에서 예시를 효과적으로 사용하는 실전법,howto,howto,논술에서 예시를 적절하게 활용하는 법,mistralai/mistral-nemotron,2026-06-04T01:15:00.927640+00:00,drop,66,intent_angle_cap:howto+howto
12-essay-guide-essay-handwriting-practice,12-essay-guide,12,essay-handwriting-practice,논술 글씨 쓰기 연습법,논술 글씨 쓰기 연습법으로 깨끗한 필기 습관 기르기,howto,howto,논술에서 중요시되는 정전한 글씨 쓰기 연습 방법,mistralai/mistral-nemotron,2026-06-04T01:15:00.927640+00:00,drop,66,intent_angle_cap:howto+howto
12-essay-guide-essay-resource-efficiency,12-essay-guide,12,essay-resource-efficiency,논술에서 자료 활용 효율성 높이기,논술에서 자료 활용 효율성을 높이는 핵심법,howto,howto,논술에서 자료 활용 효율성을 높이는 핵심법,mistralai/mistral-nemotron,2026-06-04T01:15:00.927640+00:00,drop,66,intent_angle_cap:howto+howto
12-essay-guide-expanding-ideas-essay,12-essay-guide,12,expanding-ideas-essay,논술 아이디어 확장 기술,논술에서 아이디어를 창의적으로 확장하는 기술,howto,howto,논술에서 아이디어를 확장하는 방법과 예시,mistralai/mistral-nemotron,2026-06-04T01:15:00.927640+00:00,drop,66,intent_angle_cap:howto+howto
12-essay-guide-improving-writing-skills-essay,12-essay-guide,12,improving-writing-skills-essay,논술 서술력 높이기 법,논술에서 서술력을 향상시키는 법과 예시,howto,howto,논술에서 서술력을 향상시키는 방법과 예시,mistralai/mistral-nemotron,2026-06-04T01:15:00.927640+00:00,drop,66,intent_angle_cap:howto+howto
12-essay-guide-logical-flow-connection-essay,12-essay-guide,12,logical-flow-connection-essay,논술 논리적 흐름 연결법,논술에서 논리적 흐름을 자연스럽게 연결하는 법,howto,howto,논술에서 논리적 흐름을 연결하는 방법과 예시,mistralai/mistral-nemotron,2026-06-04T01:15:00.927640+00:00,drop,66,intent_angle_cap:howto+howto
12-essay-guide-logical-structure-body-essay,12-essay-guide,12,logical-structure-body-essay,논술 본론 논리 구조,논술 본론 논리 구조가이드 및 실전 활용법,howto,howto,논술 본론에서 논리적인 구조를 만드는 방법,mistralai/mistral-nemotron,2026-06-04T01:15:00.927640+00:00,drop,66,intent_angle_cap:howto+howto
12-essay-guide-maintaining-logical-consistency-essay,12-essay-guide,12,maintaining-logical-consistency-essay,논술 논리적 일관성 유지법,논술에서 논리적 일관성을 유지하는 법,howto,howto,논술에서 논리적 일관성을 유지하는 방법과 예시,mistralai/mistral-nemotron,2026-06-04T01:15:00.927640+00:00,drop,66,intent_angle_cap:howto+howto
12-essay-guide-summarize-conclusion-essay,12-essay-guide,12,summarize-conclusion-essay,논술 결론 요약 기술,논술 결론에서 핵심 아이디어 요약 기술,howto,howto,논술 결론을 효과적으로 요약하는 기술과 팁,mistralai/mistral-nemotron,2026-06-04T01:15:00.927640+00:00,drop,66,intent_angle_cap:howto+howto
12-essay-guide-using-citations-essay,12-essay-guide,12,using-citations-essay,논술 인용 자료 활용법,논술에서 인용 자료를 효과적으로 활용하는 법,howto,howto,논술에서 인용 자료를 활용하는 방법과 팁,mistralai/mistral-nemotron,2026-06-04T01:15:00.927640+00:00,drop,66,intent_angle_cap:howto+howto
12-essay-guide-writing-topic-sentences-essay,12-essay-guide,12,writing-topic-sentences-essay,논술 중심 문장 작성법,논술에서 중심 문장을 강렬한 효과로 작성하는 법,howto,howto,논술에서 중심 문장을 작성하는 방법,mistralai/mistral-nemotron,2026-06-04T01:15:00.927640+00:00,drop,66,intent_angle_cap:howto+howto
12-history-facts-medieval-european-castle-defense,12-history-facts,12,medieval-european-castle-defense,중세 유럽 성벽 구조,중세 유럽 성벽의 구조와 방어 전략,info,start,중세 유럽 성벽의 건축 기술과 방어 방법,mistralai/mistral-nemotron,2026-06-02T02:14:18.684529+00:00,drop,60,intent_angle_cap:info+start
12-history-facts-roman-empire-culture-impact,12-history-facts,12,roman-empire-culture-impact,로마 제국 문화와 영향력,로마 제국의 문화와 영향력: 현대 사회에 미치는 영향,info,start,로마 제국의 문화적 영향과 현대 사회와의 연결고리,mistralai/mistral-nemotron,2026-06-02T02:14:18.684529+00:00,drop,60,intent_angle_cap:info+start
12-history-facts-roman-empire-culture-influence,12-history-facts,12,roman-empire-culture-influence,로마 제국의 문화와 영향력,로마 제국의 문화적 영향력과 유산 분석,info,start,로마 제국의 문화적 영향력과 현대 사회에 미친 영향,mistralai/mistral-nemotron,2026-06-02T02:14:18.684529+00:00,drop,60,intent_angle_cap:info+start
12-history-facts-roman-empire-foundation,12-history-facts,12,roman-empire-foundation,로마 제국의 건국 과정,로마 제국의 건국 과정과 초창기 역사 분석,info,start,로마 제국의 건국과정과 초기 역사적 사건,mistralai/mistral-nemotron,2026-06-02T02:14:18.684529+00:00,drop,60,intent_angle_cap:info+start
12-history-facts-silla-goguryeo-baekje-war-strategy,12-history-facts,12,silla-goguryeo-baekje-war-strategy,한국 삼국시대 전쟁 전략,삼국시대 주요 전쟁과 승패를 결정한 전략 분석,info,start,삼국시대의 전쟁에서 사용된 승전 전략과 전략적 실패 사례,mistralai/mistral-nemotron,2026-06-02T02:14:18.684529+00:00,drop,60,intent_angle_cap:info+start
12-history-facts-world-history-important-events,12-history-facts,12,world-history-important-events,세계 역사 중요한 사건,세계 역사를 바꿨던 중요한 사건들,info,start,세계 역사를 바꾼 주요 사건과 그 배경을 정리했습니다.,mistralai/mistral-nemotron,2026-06-02T02:14:18.684529+00:00,drop,60,intent_angle_cap:info+start
12-humanities-knowledge-humanities-vs-social-science-2,12-humanities-knowledge,12,humanities-vs-social-science-2,인문학 vs 사회과학,"인문학과 사회과학 차이점, 어떤 게 다른가?",compare,compare,인문학과 사회과학의 비교 분석,mistralai/mistral-nemotron,2026-06-04T01:15:00.927640+00:00,drop,60,intent_angle_cap:compare+compare
13-dog-play-dog-toy-treat-serve,13-dog-play,13,dog-toy-treat-serve,강아지 장난감 간식 함께 주는 방법,강아지 장난감과 간식 함께 주는 방법과 팁,howto,howto,강아지 장난감과 간식을 함께 주는 방법과 팁,mistralai/mistral-nemotron,2026-06-04T01:15:00.927640+00:00,drop,92,intent_angle_cap:howto+howto
13-dog-play-dog-tunnel-play-method,13-dog-play,13,dog-tunnel-play-method,강아지 터널놀이 방법,강아지 터널놀이 방법과 터널 장난감 추천,howto,howto,강아지와 터널놀이를 즐기기 위한 방법,mistralai/mistral-nemotron,2026-06-04T01:15:00.927640+00:00,drop,92,intent_angle_cap:howto+howto
13-dog-play-dog-water-play-method,13-dog-play,13,dog-water-play-method,강아지 물놀이 방법,강아지 물놀이 방법과 주의사항,howto,howto,강아지와 물놀이를 즐기기 위한 올바른 방법,mistralai/mistral-nemotron,2026-06-04T01:15:00.927640+00:00,drop,92,intent_angle_cap:howto+howto
13-dog-play-dog-whirligig-play-method,13-dog-play,13,dog-whirligig-play-method,강아지 물레방아 놀이 방법,강아지 물레방아 놀이 방법과 물레방아 장난감 추천,howto,howto,강아지와 물레방아 놀이를 즐기기 위한 방법,mistralai/mistral-nemotron,2026-06-04T01:15:00.927640+00:00,drop,92,intent_angle_cap:howto+howto
13-dog-play-dog-toy-education-method,13-dog-play,13,dog-toy-education-method,강아지 장난감_contents_교육_방법,강아지 장난감으로 교육하는 방법과 팁,howto,howto,강아지 장난감을 이용한 교육 방법과 유용한 팁,mistralai/mistral-nemotron,2026-06-04T01:15:00.927640+00:00,drop,91,intent_angle_cap:howto+howto
13-dog-play-dog-ball-play-training,13-dog-play,13,dog-ball-play-training,강아지 볼놀이 훈련법,강아지 볼놀이 훈련법과 볼 장난감 추천,howto,howto,강아지와 볼놀이를 시작하기 위한 훈련법,mistralai/mistral-nemotron,2026-06-04T01:15:00.927640+00:00,drop,84,intent_angle_cap:howto+howto
13-dog-training-dog-water-play-training,13-dog-training,13,dog-water-play-training,강아지 물 놀이 훈련 방법,강아지 물 놀이 훈련 방법 | 물에 적응시키는 법,howto,howto,강아지가 물 놀이를 하는 방법을 알려드립니다.,mistralai/mistral-nemotron,2026-06-04T01:15:00.927640+00:00,drop,92,intent_angle_cap:howto+howto
13-dog-training-dog-water-play-training-2,13-dog-training,13,dog-water-play-training-2,강아지 물놀이 훈련 방법,강아지 물놀이 훈련하는 방법,howto,howto,강아지 물놀이 훈련하는 방법을 소개합니다.,mistralai/mistral-nemotron,2026-06-04T01:15:00.927640+00:00,drop,92,intent_angle_cap:howto+howto
13-dog-training-dog-training-biggest-mistakes,13-dog-training,13,dog-training-biggest-mistakes,강아지 훈련 시 가장 큰 실수,강아지 훈련 시 가장 큰 실수와 대처법,howto,tip,강아지 훈련 시 가장 큰 실수와 대처법을 안내합니다.,mistralai/mistral-nemotron,2026-06-04T01:15:00.927640+00:00,drop,84,intent_angle_cap:howto+tip
13-dog-training-dog-urination-habit-fix,13-dog-training,13,dog-urination-habit-fix,강아지 오줌 배변 습관 고치는 법,강아지 오줌 배변 습관 고치는 법 | 집에서도 잘 하는 법,howto,tip,강아지가 오줌 배변 습관을 고치는 방법을 알려드립니다.,mistralai/mistral-nemotron,2026-06-04T01:15:00.927640+00:00,drop,84,intent_angle_cap:howto+tip
13-dog-training-dog-urination-training,13-dog-training,13,dog-urination-training,강아지 소변 배변 습관 고치는 법,강아지 소변 배변 습관 고치는 법 | 집에서도 잘 하는 법,howto,tip,강아지가 소변 배변 습관을 고치는 방법을 알려드립니다.,mistralai/mistral-nemotron,2026-06-04T01:15:00.927640+00:00,drop,84,intent_angle_cap:howto+tip
13-pet-communication-dog-training-commands,13-pet-communication,13,dog-training-commands,강아지 훈련 명령어,효과적인 강아지 훈련을 위한 명령어 활용법,howto,howto,기본적 명령어(앉아·기다려 등)부터 고급 훈련법까지 단계별 설명,mistralai/mistral-nemotron,2026-06-04T01:15:00.927640+00:00,drop,84,intent_angle_cap:howto+howto
13-pet-communication-pet-emergency-training,13-pet-communication,13,pet-emergency-training,펫 이머전스 훈련,반려동물 응급상황 대처하는 법,howto,howto,반려동물 응급상황을 대처하는 방법과 준비사항,mistralai/mistral-nemotron,2026-06-04T01:15:00.927640+00:00,drop,84,intent_angle_cap:howto+howto
13-pet-communication-pet-meal-time-training,13-pet-communication,13,pet-meal-time-training,펫 식사 시간 훈련,반려동물 식사 시간 규칙 세우는 법,howto,howto,식사 거부·식사 시간 지시 등 식사 관련 훈련법,mistralai/mistral-nemotron,2026-06-04T01:15:00.927640+00:00,drop,84,intent_angle_cap:howto+howto
13-pet-etiquette-dog-park-manners,13-pet-etiquette,13,dog-park-manners,반려견 공원 예절,반려견 공원 이용 시 예절과 팁,howto,tip,반려견 공원 이용 시 준수해야 할 예절과 주의사항,mistralai/mistral-nemotron,2026-06-04T01:15:00.927640+00:00,drop,96,intent_angle_cap:howto+tip
13-pet-etiquette-dog-park-pee-manners,13-pet-etiquette,13,dog-park-pee-manners,반려견 공원 소변 예절,반려견 공원에서 소변 예절해야 하는 이유와 방법,howto,tip,공원에서 반려견 소변 예절에 대한 실용적인 방법 소개,mistralai/mistral-nemotron,2026-06-04T01:15:00.927640+00:00,drop,96,intent_angle_cap:howto+tip
13-pet-etiquette-dog-pool-manners,13-pet-etiquette,13,dog-pool-manners,반려견 수영장 예절,반려견과 함께 수영장을 이용할 때 예절과 팁,howto,tip,반려견과 수영장을 이용할 때 필요한 예절과 안전 팁.,mistralai/mistral-nemotron,2026-06-04T01:15:00.927640+00:00,drop,96,intent_angle_cap:howto+tip
13-pet-etiquette-dog-rehab-manners,13-pet-etiquette,13,dog-rehab-manners,반려견 재활센터 예절,반려견 재활센터 이용 시 예절과 팁,howto,tip,반려견 재활센터 이용 시 준수해야 할 예절과 주의사항,mistralai/mistral-nemotron,2026-06-04T01:15:00.927640+00:00,drop,96,intent_angle_cap:howto+tip
13-pet-etiquette-dog-resort-manners,13-pet-etiquette,13,dog-resort-manners,반려견 리조트 예절,반려견과 함께하는 리조트 이용 예절과 팁,howto,tip,반려견과 리조트에서 즐기기 위한 예절과 주의사항.,mistralai/mistral-nemotron,2026-06-04T01:15:00.927640+00:00,drop,96,intent_angle_cap:howto+tip
13-pet-etiquette-dog-restaurant-manners,13-pet-etiquette,13,dog-restaurant-manners,반려견 레스토랑 예절,반려견과 함께 레스토랑 이용 시 예절과 팁,howto,tip,반려견을 동반한 레스토랑 이용 시 예절과 준비 사항,mistralai/mistral-nemotron,2026-06-04T01:15:00.927640+00:00,drop,96,intent_angle_cap:howto+tip
13-pet-etiquette-dog-school-manners,13-pet-etiquette,13,dog-school-manners,반려견 학교 예절,반려견과 함께 학교 이용 시 예절과 팁,howto,tip,반려견과 함께 학교를 이용할 때의 예절과 주의사항,mistralai/mistral-nemotron,2026-06-04T01:15:00.927640+00:00,drop,96,intent_angle_cap:howto+tip
13-pet-etiquette-dog-treasure-hunt-manners,13-pet-etiquette,13,dog-treasure-hunt-manners,반려견 보물찾기 예절,반려견과 보물찾기 이벤트 예절과 준비물,howto,tip,반려견과 보물찾기 이벤트에 참여할 때 필요한 예절과 준비물.,mistralai/mistral-nemotron,2026-06-04T01:15:00.927640+00:00,drop,96,intent_angle_cap:howto+tip
13-pet-etiquette-dog-vet-manners,13-pet-etiquette,13,dog-vet-manners,반려견 병원 예절,반려견 병원 이용 시 예절과 팁,howto,tip,반려견 병원 이용 시 준수해야 할 예절과 준비 사항,mistralai/mistral-nemotron,2026-06-04T01:15:00.927640+00:00,drop,96,intent_angle_cap:howto+tip
13-pet-etiquette-dog-young-manners,13-pet-etiquette,13,dog-young-manners,반려견 청년 예절,반려견 청년과 함께할 때 예절과 팁,howto,tip,반려견 청년과 함께할 때의 예절과 주의사항,mistralai/mistral-nemotron,2026-06-04T01:15:00.927640+00:00,drop,96,intent_angle_cap:howto+tip
13-pet-etiquette-pet-celebration-etiquette,13-pet-etiquette,13,pet-celebration-etiquette,반려동물 축하 예절,반려동물 축하 예절과 기념일 기획 팁,howto,tip,반려동물 축하 예절과 기념일 기획 팁을 안내합니다.,mistralai/mistral-nemotron,2026-06-04T01:15:00.927640+00:00,drop,96,intent_angle_cap:howto+tip
13-pet-etiquette-pet-greeting-etiquette,13-pet-etiquette,13,pet-greeting-etiquette,반려동물 인사 예절,반려동물과 인사할 때 지켜야 할 예절과 주의사항,howto,tip,반려동물과 인사할 때 지켜야 할 예절과 주의사항을 안내합니다.,mistralai/mistral-nemotron,2026-06-04T01:15:00.927640+00:00,drop,96,intent_angle_cap:howto+tip
13-pet-etiquette-pet-military-visit-manners,13-pet-etiquette,13,pet-military-visit-manners,반려동물 군대 예절,반려동물과 함께하는 군대 방문 예절과 주의사항,howto,tip,반려동물과 군대를 방문할 때 주의해야 할 예절과 안전 팁.,mistralai/mistral-nemotron,2026-06-04T01:15:00.927640+00:00,drop,96,intent_angle_cap:howto+tip
13-pet-etiquette-pet-moving-etiquette,13-pet-etiquette,13,pet-moving-etiquette,반려동물 이사 예절,반려동물과 함께 이사할 때 지켜야 할 예절과 팁,howto,tip,반려동물과 함께 이사할 때 지켜야 할 예절과 팁을 안내합니다.,mistralai/mistral-nemotron,2026-06-04T01:15:00.927640+00:00,drop,96,intent_angle_cap:howto+tip
13-pet-etiquette-pet-photo-etiquette,13-pet-etiquette,13,pet-photo-etiquette,반려동물 사진 촬영 예절,반려동물 사진 촬영 시 지켜야 할 예절과 팁,howto,tip,반려동물 사진 촬영 시 지켜야 할 예절과 팁을 안내합니다.,mistralai/mistral-nemotron,2026-06-04T01:15:00.927640+00:00,drop,96,intent_angle_cap:howto+tip
13-pet-etiquette-roommate-pet-etiquette,13-pet-etiquette,13,roommate-pet-etiquette,반려동물 룸메이트 예절,반려동물과 룸메이트 생활을 할 때 주의사항,howto,tip,반려동물과 룸메이트 생활을 할 때 지켜야 할 예절과 주의사항을 안내합니다.,mistralai/mistral-nemotron,2026-06-04T01:15:00.927640+00:00,drop,96,intent_angle_cap:howto+tip
13-pet-etiquette-dog-etiquette-training,13-pet-etiquette,13,dog-etiquette-training,강아지 예절 교육 방법,강아지 예절 교육 방법과 기본 매너 배우는 법,howto,tip,강아지 예절 교육 방법과 기본 매너를 배우는 방법을 안내합니다.,mistralai/mistral-nemotron,2026-06-04T01:15:00.927640+00:00,drop,92,intent_angle_cap:howto+tip
13-pet-etiquette-airport-pet-manners,13-pet-etiquette,13,airport-pet-manners,공항 반려동물 동반 예절,공항에서 반려동물 동반할 때 지켜야 할 예절,howto,tip,공항에서 반려동물과 함께 이동하는 예절,mistralai/mistral-nemotron,2026-06-04T01:15:00.927640+00:00,drop,84,intent_angle_cap:howto+tip
13-pet-etiquette-cafe-dog-accompany-manners,13-pet-etiquette,13,cafe-dog-accompany-manners,카페 반려견 동반 예절,카페에서 반려견 동반 예절: 주인의 책임과 고려사항,howto,tip,카페에서 반려견을 동반할 때의 예절과 주의사항,mistralai/mistral-nemotron,2026-06-04T01:15:00.927640+00:00,drop,84,intent_angle_cap:howto+tip
13-pet-etiquette-dog-park-etiquette,13-pet-etiquette,13,dog-park-etiquette,공원 반려견 예절,공원에서 반려견을 데리고 갈 때 지켜야 할 예절,howto,tip,공원에서 반려견을 데리고 갈 때 지켜야 할 예절을 안내합니다.,mistralai/mistral-nemotron,2026-06-04T01:15:00.927640+00:00,drop,84,intent_angle_cap:howto+tip
13-pet-etiquette-dog-travel-manners,13-pet-etiquette,13,dog-travel-manners,반려견 여행 예절,반려견과 함께 여행할 때 지켜야 할 예절,howto,tip,반려견과 함께 여행하는 예절,mistralai/mistral-nemotron,2026-06-04T01:15:00.927640+00:00,drop,84,intent_angle_cap:howto+tip
13-pet-etiquette-pet-adoption-etiquette,13-pet-etiquette,13,pet-adoption-etiquette,반려동물 분양 예절,반려동물 분양 시 지켜야 할 예절과 절차,howto,tip,반려동물을 분양할 때 지켜야 할 예절과 절차를 안내합니다.,mistralai/mistral-nemotron,2026-06-04T01:15:00.927640+00:00,drop,84,intent_angle_cap:howto+tip
13-pet-etiquette-pet-certification-shot-manners,13-pet-etiquette,13,pet-certification-shot-manners,반려동물 인증샷 예절,반려동물 인증샷 찍을 때 지켜야 할 예절,howto,tip,반려동물 인증샷 촬영 예절,mistralai/mistral-nemotron,2026-06-04T01:15:00.927640+00:00,drop,84,intent_angle_cap:howto+tip
13-pet-etiquette-pet-funeral-manners,13-pet-etiquette,13,pet-funeral-manners,반려동물 장례식 예절,반려동물 장례식 예절과 준비사항,howto,tip,반려동물 장례식 예절 가이드,mistralai/mistral-nemotron,2026-06-04T01:15:00.927640+00:00,drop,84,intent_angle_cap:howto+tip
13-pet-etiquette-pet-rehab-manners,13-pet-etiquette,13,pet-rehab-manners,반려동물 재활센터 예절,반려동물 재활센터 방문 시 지켜야 할 예절,howto,tip,반려동물 재활센터에서의 예절과 주의사항,mistralai/mistral-nemotron,2026-06-04T01:15:00.927640+00:00,drop,84,intent_angle_cap:howto+tip
13-pet-etiquette-pet-trial-manners,13-pet-etiquette,13,pet-trial-manners,반려동물 재판 예절,반려동물 재판 시 지켜야 할 예절과 준비사항,howto,tip,반려동물 관련 재판 시 예절과 법적 절차,mistralai/mistral-nemotron,2026-06-04T01:15:00.927640+00:00,drop,84,intent_angle_cap:howto+tip
14-camping-cooking-camping-snacks-recipe,14-camping-cooking,14,camping-snacks-recipe,캠핑용 간식 만들기,캠핑에서 직접 만들 수 있는 간식 레시피,howto,howto,캠핑에서 쉽게 만들 수 있는 간식 레시피를 소개합니다.,mistralai/mistral-nemotron,2026-06-04T01:15:00.927640+00:00,drop,96,intent_angle_cap:howto+howto
14-camping-cooking-camping-sweet-potato-stew,14-camping-cooking,14,camping-sweet-potato-stew,캠핑용 고구마 스튜 레시피,캠핑에서 만드는 고구마 스튜 레시피,howto,howto,캠핑용 고구마 스튜 만드는 법과 재료,mistralai/mistral-nemotron,2026-06-04T01:15:00.927640+00:00,drop,96,intent_angle_cap:howto+howto
14-camping-cooking-camping-tonkatsu-recipe,14-camping-cooking,14,camping-tonkatsu-recipe,캠핑용 간편 돈까스 레시피,캠핑에서 간단하게 만드는 돈까스 레시피,howto,howto,캠핑용 간편 돈까스 레시피와 조리 팁,mistralai/mistral-nemotron,2026-06-04T01:15:00.927640+00:00,drop,96,intent_angle_cap:howto+howto
14-camping-cooking-camping-tuna-grill-recipe,14-camping-cooking,14,camping-tuna-grill-recipe,캠핑용 간편 참치구이 레시피,캠핑용 간편 참치구이 레시피와 조리 방법,howto,howto,캠핑에서 간편하게 만드는 참치구이 레시피와 조리 방법을 안내합니다.,mistralai/mistral-nemotron,2026-06-04T01:15:00.927640+00:00,drop,96,intent_angle_cap:howto+howto
14-camping-cooking-camping-vegetable-tteokbokki,14-camping-cooking,14,camping-vegetable-tteokbokki,캠핑용 야채떡볶이 레시피,캠핑에서 만드는 야채떡볶이 레시피,howto,howto,캠핑용 야채떡볶이 만드는 법과 재료,mistralai/mistral-nemotron,2026-06-04T01:15:00.927640+00:00,drop,96,intent_angle_cap:howto+howto
14-camping-cooking-easy-camping-doenjang-kimchi-stew,14-camping-cooking,14,easy-camping-doenjang-kimchi-stew,캠핑용 간편된장김치찌개 레시피,캠핑에서 쉽게 만드는 된장김치찌개 레시피,howto,howto,캠핑용 된장김치찌개 만드는 법과 재료,mistralai/mistral-nemotron,2026-06-04T01:15:00.927640+00:00,drop,96,intent_angle_cap:howto+howto
14-camping-cooking-easy-camping-doenjang-soup,14-camping-cooking,14,easy-camping-doenjang-soup,캠핑용 간편 된장국 레시피,캠핑에서 쉽게 만드는 된장국 레시피,howto,howto,캠핑용 된장국 만드는 법과 재료,mistralai/mistral-nemotron,2026-06-04T01:15:00.927640+00:00,drop,96,intent_angle_cap:howto+howto
14-camping-cooking-easy-camping-doenjang-stew,14-camping-cooking,14,easy-camping-doenjang-stew,캠핑용 간편 된장찌개 레시피,캠핑에서 쉽게 만드는 된장찌개 레시피,howto,howto,캠핑용 된장찌개 만드는 법과 재료,mistralai/mistral-nemotron,2026-06-04T01:15:00.927640+00:00,drop,96,intent_angle_cap:howto+howto
14-camping-cooking-easy-camping-kimchi-pancake,14-camping-cooking,14,easy-camping-kimchi-pancake,캠핑용 간편 김치전 레시피,캠핑에서 간단히 만드는 김치전 레시피,howto,howto,캠핑용 김치전 만드는 법과 재료,mistralai/mistral-nemotron,2026-06-04T01:15:00.927640+00:00,drop,96,intent_angle_cap:howto+howto
14-camping-cooking-easy-camping-omelette,14-camping-cooking,14,easy-camping-omelette,쉬운 캠핑 오믈렛 레시피,캠핑에서 쉽게 만드는 오믈렛 레시피,howto,howto,캠핑용 오믈렛 만드는 법과 재료,mistralai/mistral-nemotron,2026-06-04T01:15:00.927640+00:00,drop,96,intent_angle_cap:howto+howto
14-camping-cooking-easy-camping-pasta,14-camping-cooking,14,easy-camping-pasta,캠핑용 간단한 파스타 레시피,캠핑에서 쉽게 만드는 간단한 파스타 레시피,howto,howto,캠핑용 파스타 만드는 법과 재료,mistralai/mistral-nemotron,2026-06-04T01:15:00.927640+00:00,drop,96,intent_angle_cap:howto+howto
14-camping-cooking-easy-camping-sandwich,14-camping-cooking,14,easy-camping-sandwich,캠핑용 간편 샌드위치 레시피,캠핑에서 쉽게 만드는 간편 샌드위치 레시피,howto,howto,캠핑용 샌드위치 만드는 법과 재료,mistralai/mistral-nemotron,2026-06-04T01:15:00.927640+00:00,drop,96,intent_angle_cap:howto+howto
14-camping-cooking-easy-camping-soybean-cake-grill,14-camping-cooking,14,easy-camping-soybean-cake-grill,캠핑용 간편 참기름 두부 구이 레시피,캠핑에서 쉽게 만드는 참기름 두부 구이 레시피,howto,howto,캠핑용 참기름 두부 구이 만드는 법과 재료,mistralai/mistral-nemotron,2026-06-04T01:15:00.927640+00:00,drop,96,intent_angle_cap:howto+howto
14-camping-cooking-easy-chinese-recipe-camping,14-camping-cooking,14,easy-chinese-recipe-camping,캠핑용 간편 중식 레시피,캠핑에서 쉽게 만들 수 있는 중식 레시피 모음,howto,howto,캠핑에서 간편하게 만들 수 있는 중식 레시피를 소개합니다.,mistralai/mistral-nemotron,2026-06-04T01:15:00.927640+00:00,drop,96,intent_angle_cap:howto+howto
14-camping-cooking-easy-japanese-recipe-camping,14-camping-cooking,14,easy-japanese-recipe-camping,캠핑용 간편 일식 레시피,캠핑에서 쉽게 만들 수 있는 일식 레시피 모음,howto,howto,캠핑에서 간편하게 만들 수 있는 일식 레시피를 소개합니다.,mistralai/mistral-nemotron,2026-06-04T01:15:00.927640+00:00,drop,96,intent_angle_cap:howto+howto
14-camping-cooking-easy-korean-recipe-camping,14-camping-cooking,14,easy-korean-recipe-camping,캠핑용 간편 한식 레시피,캠핑에서 쉽게 만들 수 있는 한식 레시피 모음,howto,howto,캠핑에서 간편하게 만들 수 있는 한식 레시피를 소개합니다.,mistralai/mistral-nemotron,2026-06-04T01:15:00.927640+00:00,drop,96,intent_angle_cap:howto+howto
14-camping-cooking-easy-salad-recipe-camping,14-camping-cooking,14,easy-salad-recipe-camping,캠핑용 간편 샐러드 레시피,캠핑에서 쉽게 만들 수 있는 샐러드 레시피 모음,howto,howto,캠핑에서 간편하게 만들 수 있는 샐러드 레시피를 소개합니다.,mistralai/mistral-nemotron,2026-06-04T01:15:00.927640+00:00,drop,96,intent_angle_cap:howto+howto
14-camping-cooking-easy-snack-recipe-camping,14-camping-cooking,14,easy-snack-recipe-camping,캠핑용 간편 분식 레시피,캠핑에서 쉽게 만들 수 있는 분식 레시피 모음,howto,howto,캠핑에서 간편하게 만들 수 있는 분식 레시피를 소개합니다.,mistralai/mistral-nemotron,2026-06-04T01:15:00.927640+00:00,drop,96,intent_angle_cap:howto+howto
14-camping-cooking-easy-stew-recipe-camping,14-camping-cooking,14,easy-stew-recipe-camping,캠핑용 간편 스튜 레시피,캠핑에서 쉽게 만들 수 있는 스튜 레시피 모음,howto,howto,캠핑에서 간편하게 만들 수 있는 스튜 레시피를 소개합니다.,mistralai/mistral-nemotron,2026-06-04T01:15:00.927640+00:00,drop,96,intent_angle_cap:howto+howto
14-camping-cooking-easy-western-recipe-camping,14-camping-cooking,14,easy-western-recipe-camping,캠핑용 간편 양식 레시피,캠핑에서 쉽게 만들 수 있는 양식 레시피 모음,howto,howto,캠핑에서 간편하게 만들 수 있는 양식 레시피를 소개합니다.,mistralai/mistral-nemotron,2026-06-04T01:15:00.927640+00:00,drop,96,intent_angle_cap:howto+howto
14-camping-cooking-camping-snack-recipes,14-camping-cooking,14,camping-snack-recipes,캠핑용 간식 만들어 먹기,캠핑용 간식 쉽게 만들어 먹는 법,howto,howto,캠핑용 간식 만드는 법과 재료,mistralai/mistral-nemotron,2026-06-04T01:15:00.927640+00:00,drop,84,intent_angle_cap:howto+howto
14-camping-gear-mosquito-net-2024,14-camping-gear,14,mosquito-net-2024,캠핑용 모기장 추천 2024,2024년 캠핑용 모기장 추천 7가지,compare,review,여름 캠핑에 필수적인 모기장 추천,mistralai/mistral-nemotron,2026-06-04T01:15:00.927640+00:00,drop,70,intent_angle_cap:compare+review
14-camping-gear-portable-light-2024,14-camping-gear,14,portable-light-2024,캠핑용 휴대용 라이트 추천 2024,2024년 캠핑용 휴대용 라이트 추천 7가지,compare,review,야외 활동에 최적인 휴대용 라이트 추천,mistralai/mistral-nemotron,2026-06-04T01:15:00.927640+00:00,drop,70,intent_angle_cap:compare+review
14-camping-gear-easy-camping-tent-2024,14-camping-gear,14,easy-camping-tent-2024,캠핑용 간편 텐트 2024 추천,2024년 캠핑용 간편 텐트 추천 7가지,compare,review,캠핑 초보자도 쉽게 설칠 수 있는 간편 텐트 7종 추천,mistralai/mistral-nemotron,2026-06-04T01:15:00.927640+00:00,drop,66,intent_angle_cap:compare+review
14-camping-sites-pet-friendly-camping-spot,14-camping-sites,14,pet-friendly-camping-spot,캠핑장 동반 동물 규정,캠핑장에서 반려동물을 동반할 수 있는 장소,info,local,반려동물을 동반할 수 있는 캠핑장 정보,mistralai/mistral-nemotron,2026-06-04T01:15:00.927640+00:00,drop,78,intent_angle_cap:info+local
14-camping-sites-rest-zone-near-camping,14-camping-sites,14,rest-zone-near-camping,캠핑장 주변 휴양림,캠핑장 근처 휴양림 추천,info,local,캠핑장에서 가깝게 즐길 수 있는 휴양림,mistralai/mistral-nemotron,2026-06-04T01:15:00.927640+00:00,drop,78,intent_angle_cap:info+local
14-camping-sites-swimming-pool-near-camping,14-camping-sites,14,swimming-pool-near-camping,캠핑장 주변 수영장,캠핑장 근처 수영장 추천,info,local,캠핑장에서 가깝게 즐길 수 있는 수영장,mistralai/mistral-nemotron,2026-06-04T01:15:00.927640+00:00,drop,78,intent_angle_cap:info+local
14-camping-sites-tourist-spot-near-camping,14-camping-sites,14,tourist-spot-near-camping,캠핑장 주변 관광 명소,캠핑장 근처 관광 명소 추천,info,local,캠핑장에서 가깝게 즐길 수 있는 관광 명소,mistralai/mistral-nemotron,2026-06-04T01:15:00.927640+00:00,drop,78,intent_angle_cap:info+local
14-camping-sites-ulsan-camping-nearby-restaurant,14-camping-sites,14,ulsan-camping-nearby-restaurant,울산 캠핑장 근처 식당,울산 캠핑장 주변 맛집 추천,info,local,울산 캠핑장에서 가까운 맛집,mistralai/mistral-nemotron,2026-06-04T01:15:00.927640+00:00,drop,78,intent_angle_cap:info+local
14-camping-sites-cafe-near-camping,14-camping-sites,14,cafe-near-camping,캠핑장 주변 카페 추천,캠핑장 근처 카페 추천,info,local,캠핑장에서 가깝게 즐길 수 있는 카페,mistralai/mistral-nemotron,2026-06-04T01:15:00.927640+00:00,drop,74,intent_angle_cap:info+local
14-camping-sites-gangneung-beach-camping,14-camping-sites,14,gangneung-beach-camping,강릉 해수욕장 캠핑장 추천,강릉 해수욕장 인근 캠핑장 추천 5곳,info,local,강릉 해수욕장에서 가까운 캠핑장 추천,mistralai/mistral-nemotron,2026-06-04T01:15:00.927640+00:00,drop,74,intent_angle_cap:info+local
14-camping-sites-gyeongnam-forest-camping,14-camping-sites,14,gyeongnam-forest-camping,경남 산림 캠핑장 추천,경남 산림 캠핑장 추천과 자연 경험,info,local,경남 산림 캠핑장 추천,mistralai/mistral-nemotron,2026-06-04T01:15:00.927640+00:00,drop,74,intent_angle_cap:info+local
14-car-camping-essentials-car-camping-table-tips,14-car-camping-essentials,14,car-camping-table-tips,차박용 식탁 활용 팁,차박용 식탁 활용에 대한 실용적인 팁,howto,tip,차박용 식탁을 효율적으로 활용하는 팁 공유,mistralai/mistral-nemotron,2026-06-04T01:15:00.927640+00:00,drop,92,intent_angle_cap:howto+tip
14-car-camping-essentials-car-camping-cooking-tools,14-car-camping-essentials,14,car-camping-cooking-tools,차박용 조리도구 선택,"차박용 조리도구 선택 가이드, 간편한 요리 위한 필수템",howto,tip,차박에서 간편하게 요리할 수 있는 조리도구 선택 방법,mistralai/mistral-nemotron,2026-06-04T01:15:00.927640+00:00,drop,84,intent_angle_cap:howto+tip
14-car-camping-essentials-car-camping-toolbox-setup,14-car-camping-essentials,14,car-camping-toolbox-setup,차박용 툴박스 구성법,"차박용 툴박스 구성법, 긴급 상황 대비 필수",howto,tip,차박용 툴박스의 구성 방법과 필수 도구,mistralai/mistral-nemotron,2026-06-04T01:15:00.927640+00:00,drop,84,intent_angle_cap:howto+tip
14-car-camping-essentials-winter-car-camping-clothing,14-car-camping-essentials,14,winter-car-camping-clothing,겨울 차박 추천 옷차림,"추운 겨울 차박 추천 옷차림, 따뜻하게 잠들이는 법",howto,tip,겨울 차박을 위한 따뜻한 옷차림 가이드,mistralai/mistral-nemotron,2026-06-04T01:15:00.927640+00:00,drop,84,intent_angle_cap:howto+tip
14-car-camping-trip-car-warm-towel,14-car-camping-trip,14,car-warm-towel,차박용 차량 보온타월 추천,차박용 차량 보온타월 추천 및 사용법,howto,howto,차박용 차량 보온타월 추천 제품과 사용법을 알려드립니다.,mistralai/mistral-nemotron,2026-06-04T01:15:00.927640+00:00,drop,80,intent_angle_cap:howto+howto
14-hiking-gear-hiking-waterproof-bag-recommend,14-hiking-gear,14,hiking-waterproof-bag-recommend,등산용 방수 가방 추천,비 오는 날 등산에 필수인 방수 가방 추천,review,review,비 오는 날 등산 시 필요한 방수 가방 추천입니다.,mistralai/mistral-nemotron,2026-06-04T01:15:00.927640+00:00,drop,74,intent_angle_cap:review+review
14-hiking-gear-hiking-waterproof-clothing-recommend,14-hiking-gear,14,hiking-waterproof-clothing-recommend,등산용 방수 옷 추천,비 오는 날 등산에 필수인 방수 옷 추천,review,review,비 오는 날 등산 시 필요한 방수 옷 추천입니다.,mistralai/mistral-nemotron,2026-06-04T01:15:00.927640+00:00,drop,74,intent_angle_cap:review+review
14-hiking-gear-hiking-waterproof-glove-recommend,14-hiking-gear,14,hiking-waterproof-glove-recommend,등산용 방수장갑 추천,비 오는 날 등산에 필수인 방수장갑 추천,review,review,비 오는 날 등산 시 필요한 방수장갑 추천입니다.,mistralai/mistral-nemotron,2026-06-04T01:15:00.927640+00:00,drop,74,intent_angle_cap:review+review
14-hiking-gear-hiking-waterproof-shoe-recommend,14-hiking-gear,14,hiking-waterproof-shoe-recommend,등산용 방수 신발 추천,비 오는 날 등산에 필수인 방수 신발 추천,review,review,비 오는 날 등산 시 필요한 방수 신발 추천입니다.,mistralai/mistral-nemotron,2026-06-04T01:15:00.927640+00:00,drop,74,intent_angle_cap:review+review
14-hiking-gear-winter-hiking-gloves-recommend,14-hiking-gear,14,winter-hiking-gloves-recommend,겨울 등산 장갑 추천,겨울 등산 장갑 추천: 추위를 이기는 방한 장갑,review,review,겨울 등산에 적합한 방한 장갑을 추천합니다.,mistralai/mistral-nemotron,2026-06-04T01:15:00.927640+00:00,drop,74,intent_angle_cap:review+review
14-hiking-gear-winter-hiking-ski-pole-recommend,14-hiking-gear,14,winter-hiking-ski-pole-recommend,겨울 등산 스키폴 추천,겨울 등산에 필수인 스키폴 추천 리뷰,review,review,겨울 등산에 적합한 스키폴 추천 리뷰입니다.,mistralai/mistral-nemotron,2026-06-04T01:15:00.927640+00:00,drop,74,intent_angle_cap:review+review
14-hiking-gear-hiking-disinfectant-recommend,14-hiking-gear,14,hiking-disinfectant-recommend,등산용소독제추천,등산용 소독제 추천과 사용법,review,review,등산용 소독제의 추천 제품과 사용법을 소개합니다,mistralai/mistral-nemotron,2026-06-04T01:15:00.927640+00:00,drop,73,intent_angle_cap:review+review
14-hiking-guide-water-supply-tips-for-hiking,14-hiking-guide,14,water-supply-tips-for-hiking,등산로 수원 보충 방법,등산로에서 수원 보충을 위한 방법,howto,howto,등산로에서 수원 보충 팁,mistralai/mistral-nemotron,2026-06-04T01:15:00.927640+00:00,drop,92,intent_angle_cap:howto+howto
14-hiking-health-prevent-overheating-hiking,14-hiking-health,14,prevent-overheating-hiking,등산 시 발열방지 방법,등산 시 과열을 방지하는 방법과 팁,howto,tip,등산 중 과열을 방지하는 방법과 팁,mistralai/mistral-nemotron,2026-06-04T01:15:00.927640+00:00,drop,92,intent_angle_cap:howto+tip
14-hiking-health-temperature-control-hiking,14-hiking-health,14,temperature-control-hiking,등산 시 체온조절 방법,등산 시 체온을 조절하는 방법과 팁,howto,tip,등산 중 체온을 조절하는 방법과 팁,mistralai/mistral-nemotron,2026-06-04T01:15:00.927640+00:00,drop,92,intent_angle_cap:howto+tip
14-hiking-health-toe-protection-hiking-2,14-hiking-health,14,toe-protection-hiking-2,등산 시 발가락 보호 방법,등산 시 발가락 보호 방법과 신발 선택,howto,tip,등산 중 발가락 보호 방법과 신발 선택,mistralai/mistral-nemotron,2026-06-04T01:15:00.927640+00:00,drop,92,intent_angle_cap:howto+tip
14-hiking-health-weight-distribution-hiking,14-hiking-health,14,weight-distribution-hiking,등산 시 몸무게 분산 팁,등산 시 몸무게를 분산하는 방법과 팁,howto,tip,등산 중 몸무게를 분산하여 부담을 줄이는 방법,mistralai/mistral-nemotron,2026-06-04T01:15:00.927640+00:00,drop,92,intent_angle_cap:howto+tip
14-hiking-health-between-toes-hiking,14-hiking-health,14,between-toes-hiking,등산 시 발가락 사이 보호법,등산 시 발가락 사이 보호법과 편안한 신발 착용법,howto,tip,등산 중 발가락 사이 보호법과 편안한 신발 착용법,mistralai/mistral-nemotron,2026-06-04T01:15:00.927640+00:00,drop,84,intent_angle_cap:howto+tip
14-outdoor-fashion-winter-camping-shoes,14-outdoor-fashion,14,winter-camping-shoes,겨울 캠핑 신발 추천,겨울 캠핑에 필요한 신발 추천 5가지,howto,tip,겨울 캠핑에 필요한 신발 추천 및 특징,mistralai/mistral-nemotron,2026-06-04T01:15:00.927640+00:00,drop,80,intent_angle_cap:howto+tip
14-outdoor-fashion-winter-fishing-fashion,14-outdoor-fashion,14,winter-fishing-fashion,겨울 낚시 패션 추천,겨울 낚시에 꼭 필요한 패션 아이템 추천,howto,tip,겨울 낚시에 필요한 패션 아이템 추천 및 특징,mistralai/mistral-nemotron,2026-06-04T01:15:00.927640+00:00,drop,80,intent_angle_cap:howto+tip
14-outdoor-fashion-winter-hiking-outfit,14-outdoor-fashion,14,winter-hiking-outfit,겨울 등산 복장 코디 추천,겨울 등산 코디네이션 추천 복장 5가지,howto,tip,추운 겨울에 적합한 등산 복장 코디네이션 가이드,mistralai/mistral-nemotron,2026-06-04T01:15:00.927640+00:00,drop,80,intent_angle_cap:howto+tip
14-outdoor-fashion-winter-outdoor-colors,14-outdoor-fashion,14,winter-outdoor-colors,겨울 아웃도어 패션 색상 추천,겨울 아웃도어 패션 추천 색상과 조합,howto,tip,겨울 아웃도어 패션 색상 추천과 조합 방법,mistralai/mistral-nemotron,2026-06-04T01:15:00.927640+00:00,drop,80,intent_angle_cap:howto+tip
14-outdoor-safety-car-camping-security-tips,14-outdoor-safety,14,car-camping-security-tips,차박 시 차량 보안 방법,차박 시 차량 보안 방법과 주의할 점,howto,tip,차박 시 차량 보안을 강화하는 방법과 주의할 점을 알려드립니다.,mistralai/mistral-nemotron,2026-06-04T01:15:00.927640+00:00,drop,92,intent_angle_cap:howto+tip
14-outdoor-safety-car-camping-window-security,14-outdoor-safety,14,car-camping-window-security,차박용 창문 보안 방법,차박 시 창문 보안을 위한 팁,howto,tip,차박 시 창문을 안전하게 유지하기 위한 방법을 소개합니다.,mistralai/mistral-nemotron,2026-06-04T01:15:00.927640+00:00,drop,92,intent_angle_cap:howto+tip
14-outdoor-safety-fishing-hook-replacement,14-outdoor-safety,14,fishing-hook-replacement,낚시용 바늘 교체 방법,낚시 바늘이 닳았을 때의 교체 팁,howto,tip,낚시용 바늘이 닳거나 손상되었을 때 제대로 교체하는 방법을 설명합니다.,mistralai/mistral-nemotron,2026-06-04T01:15:00.927640+00:00,drop,92,intent_angle_cap:howto+tip
14-outdoor-safety-fishing-line-storage-tips,14-outdoor-safety,14,fishing-line-storage-tips,낚시용 라인 보관 팁,낚시용 라인 보관 팁과 관리 방법,howto,tip,낚시용 라인을 보관하고 관리하는 팁을 소개합니다.,mistralai/mistral-nemotron,2026-06-04T01:15:00.927640+00:00,drop,92,intent_angle_cap:howto+tip
14-outdoor-safety-fishing-safety-equipment-check,14-outdoor-safety,14,fishing-safety-equipment-check,낚시용 안전 장비 점검 방법,낚시용 안전 장비 점검 방법과 주의사항,howto,tip,낚시용 안전 장비를 점검하는 방법과 주의사항을 안내합니다.,mistralai/mistral-nemotron,2026-06-04T01:15:00.927640+00:00,drop,92,intent_angle_cap:howto+tip
14-outdoor-safety-hiking-fall-prevention,14-outdoor-safety,14,hiking-fall-prevention,등산 중 낙상 예방 팁,등산 중 낙상을 예방하는 팁,howto,tip,등산 중 낙상을 예방하기 위한 방법을 안내합니다.,mistralai/mistral-nemotron,2026-06-04T01:15:00.927640+00:00,drop,92,intent_angle_cap:howto+tip
14-outdoor-safety-hiking-weather-prediction-tips,14-outdoor-safety,14,hiking-weather-prediction-tips,등산 중 날씨 예측 방법,등산 중 날씨 예측 방법과 안전 대책,howto,tip,등산 중 날씨를 예측하고 안전 대책을 세우는 방법을 안내합니다.,mistralai/mistral-nemotron,2026-06-04T01:15:00.927640+00:00,drop,92,intent_angle_cap:howto+tip
14-outdoor-safety-hiking-winter-clothing-guide,14-outdoor-safety,14,hiking-winter-clothing-guide,등산 중 방한복 선택 방법,등산 중 방한복 선택 방법과 추천 브랜드,howto,tip,등산 시 적합한 방한복을 선택하는 방법과 추천 브랜드를 소개합니다.,mistralai/mistral-nemotron,2026-06-04T01:15:00.927640+00:00,drop,92,intent_angle_cap:howto+tip
14-outdoor-safety-outdoor-mosquito-net-installation,14-outdoor-safety,14,outdoor-mosquito-net-installation,아웃도어용 모기장 작은 방법,아웃도어용 모기장 작은 방법과 관리 팁,howto,tip,아웃도어용 모기장을 설치하고 관리하는 방법을 안내합니다.,mistralai/mistral-nemotron,2026-06-04T01:15:00.927640+00:00,drop,92,intent_angle_cap:howto+tip
14-outdoor-safety-camping-emergency-kit-guide,14-outdoor-safety,14,camping-emergency-kit-guide,캠핑 중 응급처치 키트 사용법,캠핑 중 응급처치 키트 사용법과 필수 구성품,howto,tip,캠핑 시 응급처치 키트 사용법과 필요한 구성품을 안내합니다.,mistralai/mistral-nemotron,2026-06-04T01:15:00.927640+00:00,drop,84,intent_angle_cap:howto+tip
14-outdoor-safety-outdoor-poison-ivy-treatment,14-outdoor-safety,14,outdoor-poison-ivy-treatment,아웃도어 활동 중 할라피전 대처법,아웃도어 활동 중 할라피전에 걸렸을 때 응급조치,howto,tip,아웃도어 활동 중 할라피전에 대응하는 법,mistralai/mistral-nemotron,2026-06-04T01:15:00.927640+00:00,drop,84,intent_angle_cap:howto+tip
01-style-2024-kpop-hair-trend,01-style,01,2024-kpop-hair-trend,2024 K-POP 헤어 트렌드,2024 K-POP 헤어 트렌드 분석,info,issue,2024년 K-POP 헤어 트렌드와 이슈,meta-llama/llama-4-scout-17b-16e-instruct,2026-06-01T12:31:11.146046+00:00,drop,34,per_l2_cap
01-style-celebrity-hair-trend-2024,01-style,01,celebrity-hair-trend-2024,2024 셀럽 헤어 트렌드,2024 셀럽들이 선택한 헤어 트렌드,info,issue,2024년 셀럽들이 선택한 헤어 트렌드와 스타일,meta-llama/llama-4-scout-17b-16e-instruct,2026-06-01T12:31:11.146046+00:00,drop,34,per_l2_cap
01-style-celebrity-skin-care-2024,01-style,01,celebrity-skin-care-2024,2024 셀럽 스킨케어 트렌드,2024 셀럽들이 선택한 스킨케어 트렌드,info,issue,2024년 셀럽들이 선택한 스킨케어 트렌드와 제품,meta-llama/llama-4-scout-17b-16e-instruct,2026-06-01T12:31:11.146046+00:00,drop,34,per_l2_cap
01-style-kpop-makeup-trend-2024,01-style,01,kpop-makeup-trend-2024,2024 K-POP 메이크업 트렌드,2024 K-POP 스타들이 선택한 메이크업 트렌드,info,issue,2024년 K-POP 스타들이 선택한 메이크업 트렌드,meta-llama/llama-4-scout-17b-16e-instruct,2026-06-01T12:31:11.146046+00:00,drop,34,per_l2_cap
02-interest-rate-info-foreign-currency-deposit-rate,02-interest-rate-info,02,foreign-currency-deposit-rate,외화예금 금리 변동 분석,외화예금 금리 변동 분석과 투자 전략,info,issue,외화예금 금리 변동 추이와 투자 전략,mistralai/mistral-nemotron,2026-06-02T02:14:18.684529+00:00,drop,52,per_l2_cap
02-interest-rate-info-foreign-currency-deposit-rate-trend,02-interest-rate-info,02,foreign-currency-deposit-rate-trend,외화예금 금리 변동 추이,외화예금 금리 변동 추이와 투자 전략,info,issue,외화예금 금리 변동 추이 및 투자 전략,mistralai/mistral-nemotron,2026-06-02T02:14:18.684529+00:00,drop,52,per_l2_cap
02-interest-rate-info-housing-deposit-savings-bank-loan,02-interest-rate-info,02,housing-deposit-savings-bank-loan,저축은행 주택청약대출 금리 비교,저축은행 주택청약대출 금리 비교 2024 최신 정보,compare,compare,2024년 저축은행별 주택청약대출 금리 비교 안내,mistralai/mistral-nemotron,2026-06-02T02:14:18.684529+00:00,drop,52,per_l2_cap
02-interest-rate-info-predict-deposit-interest-rate-base-rate-increase,02-interest-rate-info,02,predict-deposit-interest-rate-base-rate-increase,기준금리 인상 예금금리 예상 2024,2024년 기준금리 인상 시 예금금리 예측과 투자 전략,info,issue,기준금리 인상 시 예금금리 예측과 투자 전략,mistralai/mistral-nemotron,2026-06-02T02:14:18.684529+00:00,drop,44,per_l2_cap
02-interest-rate-info-savings-rate-change-trend-analysis,02-interest-rate-info,02,savings-rate-change-trend-analysis,적금금리 변동 추이 2024,2024년 적금금리 변동 추이 분석과 투자 전략,info,issue,적금금리 변동 추이 분석과 투자 전략,mistralai/mistral-nemotron,2026-06-02T02:14:18.684529+00:00,drop,44,per_l2_cap
02-real-estate-market-real-estate-market-forecast-2025,02-real-estate-market,02,real-estate-market-forecast-2025,부동산 시장 전망 2025,2025년 부동산 시장 전망과 주요 이슈,info,issue,2025년 부동산 시장 예측과 주요 동향,mistralai/mistral-nemotron,2026-06-02T02:14:18.684529+00:00,drop,49,per_l2_cap
02-real-estate-market-real-estate-trend-1h-2024,02-real-estate-market,02,real-estate-trend-1h-2024,부동산 시장 추이 2024년 상반기,2024 상반기 부동산 시장 추이 분석 및 전망,info,issue,2024년 상반기 부동산 시장 동향과 주요 이슈 분석,mistralai/mistral-nemotron,2026-06-02T02:14:18.684529+00:00,drop,49,per_l2_cap
02-real-estate-market-used-housing-trend,02-real-estate-market,02,used-housing-trend,중고주택 시장 동향 분석,2024 중고주택 시장 동향 분석과 투자 전략,info,issue,최신 중고주택 시장 동향과 투자 전략,mistralai/mistral-nemotron,2026-06-02T02:14:18.684529+00:00,drop,44,per_l2_cap
03-lifestyle-habits-lack-of-sleep-weight-gain-cause,03-lifestyle-habits,03,lack-of-sleep-weight-gain-cause,수면 부족 체중 증가 원인,수면 부족이 체중 증가에 미치는 원인과 대응법,info,issue,수면 부족이 체중 증가의 원인이 되는 이유는 무엇인가,mistralai/mistral-nemotron,2026-06-02T02:14:18.684529+00:00,drop,57,per_l2_cap
03-lifestyle-habits-picnic-equipment-recommendation,03-lifestyle-habits,03,picnic-equipment-recommendation,맛집 피크닉 장비 추천,맛집 피크닉 장비 추천 리스트,info,review,맛집 피크닉에 필요한 장비 추천과 사용법,mistralai/mistral-nemotron,2026-06-02T02:14:18.684529+00:00,drop,55,per_l2_cap
03-supplement-guide-diabetes-nutrition-recommend,03-supplement-guide,03,diabetes-nutrition-recommend,당뇨 환자 영양제 추천,당뇨 환자를 위한 영양제 추천과 복용법,info,tip,당뇨 환자를 위한 영양제 추천과 복용법,mistralai/mistral-nemotron,2026-06-02T02:14:18.684529+00:00,drop,55,per_l2_cap
03-supplement-guide-january-2026-nutrition-recommend,03-supplement-guide,03,january-2026-nutrition-recommend,2026년 1월 영양제 추천,2026년 1월 맞춤형 영양제 추천 가이드,info,start,2026년 1월 건강을 위한 맞춤형 영양제 추천,mistralai/mistral-nemotron,2026-06-02T02:14:18.684529+00:00,drop,55,per_l2_cap
03-supplement-guide-nutrition-for-women-20s,03-supplement-guide,03,nutrition-for-women-20s,20대 여성 영양제 추천,20대 여성 건강을 위한 영양제 추천,info,start,20대 여성의 건강을 위한 영양제 정보,mistralai/mistral-nemotron,2026-06-02T02:14:18.684529+00:00,drop,55,per_l2_cap
03-supplement-guide-zinc-overdose-risks,03-supplement-guide,03,zinc-overdose-risks,아연 영양제 과다 섭취,아연 영양제 과다 섭취의 위험과 대처법,info,issue,아연 영양제를 과다 섭취했을 때의 위험과 대응 방법을 알려드립니다.,mistralai/mistral-nemotron,2026-06-02T02:14:18.684529+00:00,drop,57,per_l2_cap
03-supplement-guide-zinc-skin-effect,03-supplement-guide,03,zinc-skin-effect,아연 영양제 피부 효과,아연 영양제가 피부에 미치는 효과와 추천 제품,info,issue,아연 영양제가 피부에 미치는 효과와 추천 제품,mistralai/mistral-nemotron,2026-06-02T02:14:18.684529+00:00,drop,51,per_l2_cap
04-handbags-2024-bag-trends,04-handbags,04,2024-bag-trends,가방 트렌드 추천 2024년 인기 디자인,2024년 인기 가방 트렌드 추천 최신 디자인,info,issue,2024년 가방 트렌드 인기 디자인,mistralai/mistral-nemotron,2026-06-02T02:14:18.684529+00:00,drop,62,per_l2_cap
04-handbags-bag-design-2025,04-handbags,04,bag-design-2025,가방 추천 2025년 인기 디자인,가방 추천 2025년 인기 디자인과 스타일,info,start,2025년 인기 가방 디자인과 스타일 추천,mistralai/mistral-nemotron,2026-06-02T02:14:18.684529+00:00,drop,70,per_l2_cap
04-handbags-bag-design-trend-2024,04-handbags,04,bag-design-trend-2024,가방 디자인 트렌드 2024,2024년 가방 디자인 트렌드 인기 스타일,info,issue,2024년 가방 디자인 최신 트렌드,mistralai/mistral-nemotron,2026-06-02T02:14:18.684529+00:00,drop,62,per_l2_cap
04-handbags-bag-trend-2025,04-handbags,04,bag-trend-2025,가방 디자인 트렌드 2025,가방 디자인 트렌드 2025년 인기 디자인,info,start,2025년 가방 디자인 트렌드와 인기 디자인,mistralai/mistral-nemotron,2026-06-02T02:14:18.684529+00:00,drop,70,per_l2_cap
05-game-schedule-pro-basketball-2025-regular-season,05-game-schedule,05,pro-basketball-2025-regular-season,2025 프로농구 정규시즌 일정,2025 프로농구 정규시즌 경기 일정 및 TV 중계,info,issue,2025년 프로농구 정규시즌 경기 일정 안내,mistralai/mistral-nemotron,2026-06-02T02:14:18.684529+00:00,drop,46,per_l2_cap
05-game-schedule-pro-basketball-playoff-2025,05-game-schedule,05,pro-basketball-playoff-2025,2025 프로농구 플레이오프 일정예측,2025 프로농구 플레이오프 일정예측 및 팀별 전략,info,issue,2025년 프로농구 플레이오프 일정예측과 팀별 전략을 분석합니다.,mistralai/mistral-nemotron,2026-06-02T02:14:18.684529+00:00,drop,46,per_l2_cap
05-game-schedule-pro-volleyball-final-2024,05-game-schedule,05,pro-volleyball-final-2024,2024 프로배구 파이널 일정예측,2024 프로배구 파이널 일정예측 및 우승 후보 분석,info,issue,2024년 프로배구 파이널 일정예측과 우승 후보를 분석합니다.,mistralai/mistral-nemotron,2026-06-02T02:14:18.684529+00:00,drop,46,per_l2_cap
05-game-schedule-pro-volleyball-playoff-2024,05-game-schedule,05,pro-volleyball-playoff-2024,2024 프로배구 플레이오프 일정예측,2024 프로배구 플레이오프 일정예측 및 팀별 전망,info,issue,2024년 프로배구 플레이오프 일정예측과 팀별 전망을 분석합니다.,mistralai/mistral-nemotron,2026-06-02T02:14:18.684529+00:00,drop,46,per_l2_cap
05-soccer-analysis-asia-cup-2023-win-rate,05-soccer-analysis,05,asia-cup-2023-win-rate,아시아컵 승률 분석,아시아컵 2023 팀별 승률과 상대 비교 분석,compare,compare,아시아컵 2023 참가 팀별 승률과 상대적 강점 분석,mistralai/mistral-nemotron,2026-06-02T02:14:18.684529+00:00,drop,27,per_l2_cap
05-soccer-analysis-champions-league-analysis-report,05-soccer-analysis,05,champions-league-analysis-report,2023-2024 시즌 챔피언스 리그 분석,2023-2024 시즌 챔피언스 리그 분석 리포트,info,howto,2023-2024 시즌 챔피언스 리그 분석 방법,mistralai/mistral-nemotron,2026-06-02T02:14:18.684529+00:00,drop,7,per_l2_cap
05-soccer-analysis-premier-league-analysis-report,05-soccer-analysis,05,premier-league-analysis-report,2023-2024 시즌 프리미어리그 분석,2023-2024 시즌 프리미어리그 분석 리포트,info,howto,2023-2024 시즌 프리미어리그 분석 방법,mistralai/mistral-nemotron,2026-06-02T02:14:18.684529+00:00,drop,7,per_l2_cap
05-soccer-analysis-saudi-pro-league-new-players-2024,05-soccer-analysis,05,saudi-pro-league-new-players-2024,2024년 사우디 프로리그 신규 선수 분석,2024년 사우디 프로리그 신규 선수 분석과 전망,info,review,2024년 사우디 프로리그 신규 선수 분석과 전망,mistralai/mistral-nemotron,2026-06-02T02:14:18.684529+00:00,drop,42,per_l2_cap
05-soccer-analysis-transfer-market-analysis,05-soccer-analysis,05,transfer-market-analysis,이적 시장 분석,2024-2025 이적 시장 분석 및 핫이슈,info,issue,2024-2025 이적 시장 분석,mistralai/mistral-nemotron,2026-06-02T02:14:18.684529+00:00,drop,34,per_l2_cap
05-soccer-player-hwang-hee-chan-laliga-stats,05-soccer-player,05,hwang-hee-chan-laliga-stats,황희찬 프리메라리가 2023-24 성적,황희찬 2023-24 프리메라리가 통계 및 성적,info,issue,황희찬의 2023-24 프리메라리가 시즌 통계와 성적을 확인하세요.,mistralai/mistral-nemotron,2026-06-02T02:14:18.684529+00:00,drop,19,per_l2_cap
05-sports-health-sleep-and-post-injury-recovery,05-sports-health,05,sleep-and-post-injury-recovery,스포츠 부상 후 수면과 회복,스포츠 부상 후 수면이 회복에 미치는 영향,info,issue,부상 후 수면과 회복의 관계 분석,mistralai/mistral-nemotron,2026-06-02T02:14:18.684529+00:00,drop,54,per_l2_cap
05-sports-health-soccer-goalie-injury-risk,05-sports-health,05,soccer-goalie-injury-risk,축구 키퍼 부상 위험 요소,축구 키퍼가 주의해야 할 부상 위험 요소,info,issue,축구 키퍼의 부상 위험 요인과 예방 방법,mistralai/mistral-nemotron,2026-06-02T02:14:18.684529+00:00,drop,54,per_l2_cap
06-car-travel-car-travel-destination-gyeongnam,06-car-travel,06,car-travel-destination-gyeongnam,자동차 여행지 추천 경상도,자동차 여행지 추천 경상도 2023,info,local,경상도에서 자동차로 갈 수 있는 여행지 추천,mistralai/mistral-nemotron,2026-06-02T02:14:18.684529+00:00,drop,43,per_l2_cap
06-car-travel-car-travel-rest-area-recommendation,06-car-travel,06,car-travel-rest-area-recommendation,자동차 여행 시 휴게소 추천,자동차 여행 시 추천 휴게소 2023,info,local,자동차 여행 시 추천 휴게소,mistralai/mistral-nemotron,2026-06-02T02:14:18.684529+00:00,drop,39,per_l2_cap
06-car-travel-family-car-camping,06-car-travel,06,family-car-camping,가족 단위 자동차 캠핑장 추천,가족 단위 자동차 캠핑장 추천 2023,info,local,가족 단위로 가는 자동차 캠핑장 추천,mistralai/mistral-nemotron,2026-06-02T02:14:18.684529+00:00,drop,39,per_l2_cap
06-car-travel-portable-toilet-review,06-car-travel,06,portable-toilet-review,자동차 여행용 휴대용 화장실 추천,자동차 여행용 휴대용 화장실 추천 제품 5가지,compare,compare,자동차 여행용 휴대용 화장실을 비교하여 추천합니다.,mistralai/mistral-nemotron,2026-06-02T02:14:18.684529+00:00,drop,74,per_l2_cap
06-car-travel-weekend-car-trip-spots,06-car-travel,06,weekend-car-trip-spots,주말 자동차 여행지 추천,주말에 가기 좋은 자동차 여행지 8곳,info,local,주말 자동차 여행지 추천 리스트,mistralai/mistral-nemotron,2026-06-02T02:14:18.684529+00:00,drop,74,per_l2_cap
06-ev-guide-ev-interior-temperature-guide,06-ev-guide,06,ev-interior-temperature-guide,전기차 모델별 실내 온도 조절 설정,전기차 모델별 실내 온도 조절 설정 가이드,info,howto,주요 전기차 모델별 실내 온도 조절 설정을 안내합니다.,mistralai/mistral-nemotron,2026-06-02T02:14:18.684529+00:00,drop,78,per_l2_cap
06-ev-guide-ev-noise-comparison,06-ev-guide,06,ev-noise-comparison,전기차 모델별 주행 소리 비교,전기차 모델별 주행 소리 차이 비교 리뷰,compare,compare,주요 전기차 모델별 주행 소리 차이를 비교합니다.,mistralai/mistral-nemotron,2026-06-02T02:14:18.684529+00:00,drop,78,per_l2_cap
06-ev-guide-new-ev-models-2024,06-ev-guide,06,new-ev-models-2024,2024년 전기차 신차 모델,2024년 출시 전기차 신차 모델 종합 가이드,info,start,2024년 출시되는 전기차 신차 모델 정보,mistralai/mistral-nemotron,2026-06-02T02:14:18.684529+00:00,drop,70,per_l2_cap
06-ev-guide-popular-ev-models-2023,06-ev-guide,06,popular-ev-models-2023,2023년 전기차 인기 모델 비교,2023년 전기차 인기 모델별 비교와 추천,compare,compare,2023년 출시된 전기차 인기 모델의 성능과 가격 비교 및 추천 정보,mistralai/mistral-nemotron,2026-06-02T02:14:18.684529+00:00,drop,43,per_l2_cap
07-ai-trend-ai-business-case-2024,07-ai-trend,07,ai-business-case-2024,AI 비즈니스 적용 사례 2024,2024년 AI 비즈니스 적용 성공 사례 및 노하우,info,issue,최신 AI 기술이 실제 비즈니스에 적용된 성공 사례 분석,mistralai/mistral-nemotron,2026-06-02T02:14:18.684529+00:00,drop,62,per_l2_cap
07-ai-trend-compare-ai-financial-services-2024,07-ai-trend,07,compare-ai-financial-services-2024,AI 금융 서비스 비교 2024,2024년 AI 금융 서비스 비교 및 추천,compare,compare,2024년 현재 AI 금융 서비스를 비교하여 최적의 선택을 돕습니다.,mistralai/mistral-nemotron,2026-06-02T02:14:18.684529+00:00,drop,70,per_l2_cap
07-app-review-business-messenger-recommend,07-app-review,07,business-messenger-recommend,기업용 메신저 추천,2024 기업용 메신저 추천 및 비교,compare,compare,2024년 기반의 기업용 메신저 서비스 비교와 추천,mistralai/mistral-nemotron,2026-06-02T02:14:18.684529+00:00,drop,66,per_l2_cap
07-app-review-iphone-new-app-2023,07-app-review,07,iphone-new-app-2023,2023년 아이폰 최신 앱 추천,2023년 아이폰 최신 앱 추천과 사용법,review,howto,2023년 아이폰에서 인기 있는 최신 앱을 소개,mistralai/mistral-nemotron,2026-06-02T02:14:18.684529+00:00,drop,39,per_l2_cap
07-app-review-kakao-talk-popular-channels,07-app-review,07,kakao-talk-popular-channels,카카오톡 채널 추천,2024 카카오톡 인기 채널 추천,info,review,2024년 현재 카카오톡에서 인기 있는 채널 추천,mistralai/mistral-nemotron,2026-06-02T02:14:18.684529+00:00,drop,66,per_l2_cap
07-app-review-youtube-shorts-edit-apps,07-app-review,07,youtube-shorts-edit-apps,유튜브 쇼츠 편집 앱,2024 유튜브 쇼츠 편집 앱 비교 및 추천,compare,compare,유튜브 쇼츠 편집을 위한 최적의 앱 비교 및 추천,mistralai/mistral-nemotron,2026-06-02T02:14:18.684529+00:00,drop,70,per_l2_cap
07-app-review-youtube-thumbnail-apps,07-app-review,07,youtube-thumbnail-apps,유튜브 썸네일 제작 앱,유튜브 썸네일 제작을 위한 앱 추천,compare,compare,유튜브 썸네일을 제작하는 데 도움이 되는 앱 비교,mistralai/mistral-nemotron,2026-06-02T02:14:18.684529+00:00,drop,78,per_l2_cap
07-digital-trend-digital-game-trends-2025,07-digital-trend,07,digital-game-trends-2025,디지털 게임 트렌드 2025년,2025년 디지털 게임 트렌드 전망 및 분석,info,issue,2025년 디지털 게임 트렌드 전망 및 분석,mistralai/mistral-nemotron,2026-06-02T02:14:18.684529+00:00,drop,62,per_l2_cap
07-digital-trend-digital-gaming-trends-2024,07-digital-trend,07,digital-gaming-trends-2024,디지털 게이밍 트렌드 2024년,2024년 디지털 게이밍 트렌드 전망,info,issue,2024년 디지털 게이밍 시장의 주요 트렌드 분석,mistralai/mistral-nemotron,2026-06-02T02:14:18.684529+00:00,drop,62,per_l2_cap
07-digital-trend-digital-healthcare-trends-2024,07-digital-trend,07,digital-healthcare-trends-2024,디지털 헬스케어 트렌드 2024년,2024년 디지털 헬스케어 트렌드 전망,info,issue,2024년 디지털 헬스케어 시장의 주요 트렌드 분석,mistralai/mistral-nemotron,2026-06-02T02:14:18.684529+00:00,drop,62,per_l2_cap
07-gadget-review-best-value-smartwatch-2024,07-gadget-review,07,best-value-smartwatch-2024,가성비 스마트워치 추천 2024,2024년 가성비 스마트워치 추천 10선,review,review,2024년 기준 성능 대비 가격이 좋은 스마트워치 추천,mistralai/mistral-nemotron,2026-06-02T02:14:18.684529+00:00,drop,70,per_l2_cap
07-gadget-review-galaxy-tab-s8-ultra-price,07-gadget-review,07,galaxy-tab-s8-ultra-price,갤럭시 탭 S8 울트라 가격,갤럭시 탭 S8 울트라 최저가 비교 및 구매처,info,issue,갤럭시 탭 S8 울트라의 현재 가격 상황 확인,mistralai/mistral-nemotron,2026-06-02T02:14:18.684529+00:00,drop,70,per_l2_cap
07-gadget-review-high-res-tablets-2024,07-gadget-review,07,high-res-tablets-2024,2024 초고해상도 태블릿,2024년 초고해상도 태블릿 추천 5종,review,review,2024년 출시된 4K 및 5K 해상도 지원 태블릿 비교,mistralai/mistral-nemotron,2026-06-02T02:14:18.684529+00:00,drop,70,per_l2_cap
07-gadget-review-student-tablet-2024,07-gadget-review,07,student-tablet-2024,2024 태블릿 학생용 추천,2024년 학생용 태블릿 추천 5가지 모델 비교,compare,review,2024년 학생들이 사용하기 좋은 태블릿 추천,mistralai/mistral-nemotron,2026-06-02T02:14:18.684529+00:00,drop,66,per_l2_cap
07-hardware-review-gaming-notebook-bad-metrics,07-hardware-review,07,gaming-notebook-bad-metrics,2024년 게이밍 노트북 쓸모 없는 지표,2024년 게이밍 노트북 구매시 주의할 쓸모 없는 지표,info,issue,게이밍 노트북 구매 시 주의해야 할 쓸모 없는 사양 지표를 소개합니다,mistralai/mistral-nemotron,2026-06-02T02:14:18.684529+00:00,drop,62,per_l2_cap
07-pc-build-guide-pc-build-tools-2024,07-pc-build-guide,07,pc-build-tools-2024,2024년 초보자를 위한 PC 조립 툴,2024년 초보자를 위한 PC 조립 필수 툴과 도구,info,howto,초보자가 PC 조립 시 필요한 기본 툴과 도구,mistralai/mistral-nemotron,2026-06-02T02:14:18.684529+00:00,drop,70,per_l2_cap
07-pc-build-guide-pc-component-trends-2024,07-pc-build-guide,07,pc-component-trends-2024,2024년 PC 부품 신제품 소식,2024년 PC 부품 시장의 최신 트렌드와 신제품,news,issue,2024년 PC 부품 시장에서의 최신 트렌드와 신제품 정보,mistralai/mistral-nemotron,2026-06-02T02:14:18.684529+00:00,drop,62,per_l2_cap
07-smartphone-review-best-smartphone-camera-2024,07-smartphone-review,07,best-smartphone-camera-2024,2024년 스마트폰 카메라 추천,2024년 최고의 스마트폰 카메라 추천,info,review,2024년 가장 좋은 스마트폰 카메라 비교,mistralai/mistral-nemotron,2026-06-02T02:14:18.684529+00:00,drop,66,per_l2_cap
07-smartphone-review-smartphone-accessories-recommend-2024,07-smartphone-review,07,smartphone-accessories-recommend-2024,2024년 스마트폰 액세서리 추천,2024년 스마트폰 액세서리 추천 제품,compare,compare,2024년 최신 스마트폰에 맞는 액세서리 추천,mistralai/mistral-nemotron,2026-06-02T02:14:18.684529+00:00,drop,66,per_l2_cap
07-smartphone-review-smartphone-trends-2025,07-smartphone-review,07,smartphone-trends-2025,2025년 스마트폰 트렌드 전망,2025년 스마트폰 시장 주요 트렌드 전망,info,issue,2025년 스마트폰 시장에서 예상되는 주요 트렌드 분석,mistralai/mistral-nemotron,2026-06-02T02:14:18.684529+00:00,drop,62,per_l2_cap
08-beauty-trend-popular-nail-art-2024,08-beauty-trend,08,popular-nail-art-2024,2024년 인기 네일 아트,2024년 인기 네일 아트와 디자인,info,issue,2024년 인기 있는 네일 아트와 디자인,mistralai/mistral-nemotron,2026-06-02T02:14:18.684529+00:00,drop,62,per_l2_cap
08-beauty-trend-popular-perfect-mask-2024,08-beauty-trend,08,popular-perfect-mask-2024,2024년 인기 퍼펙트 마스크,2024년 인기 퍼펙트 마스크와 사용법,info,issue,2024년 인기 있는 퍼펙트 마스크와 사용 팁,mistralai/mistral-nemotron,2026-06-02T02:14:18.684529+00:00,drop,62,per_l2_cap
08-beauty-trend-winter-beauty-trend-2024,08-beauty-trend,08,winter-beauty-trend-2024,2024 겨울 뷰티 트렌드,2024 겨울 뷰티 트렌드와 추천 제품,info,issue,2024년 겨울에 한정된 뷰티 트렌드와 추천 제품 소개,mistralai/mistral-nemotron,2026-06-02T02:14:18.684529+00:00,drop,62,per_l2_cap
08-cosmetic-ingredient-analysis-cosmetic-ingredient-lanolin,08-cosmetic-ingredient-analysis,08,cosmetic-ingredient-lanolin,화장품 성분 라놀린 유해성,화장품 성분 라놀린 유해성과 피부 타입별 주의점,info,issue,라놀린 화장품 성분의 유해성과 피부 타입별 주의점 설명,mistralai/mistral-nemotron,2026-06-02T02:14:18.684529+00:00,drop,70,per_l2_cap
08-makeup-tutorial-cockroach-makeup-products,08-makeup-tutorial,08,cockroach-makeup-products,바퀴벌레 메이크업,바퀴벌레로 만든 메이크업 제품과 사용법,info,issue,바퀴벌레로 만드는 메이크업 제품과 사용 방법,mistralai/mistral-nemotron,2026-06-02T02:14:18.684529+00:00,drop,65,per_l2_cap
08-makeup-tutorial-korean-makeup-trends-2023,08-makeup-tutorial,08,korean-makeup-trends-2023,한국형 메이크업 트렌드 2023,2023년 한국형 메이크업 트렌드 분석,info,issue,2023년 한국에서 유행하는 메이크업 트렌드,mistralai/mistral-nemotron,2026-06-02T02:14:18.684529+00:00,drop,35,per_l2_cap
08-treatment-information-best-hair-color-2024,08-treatment-information,08,best-hair-color-2024,미용실 컬러 추천,2024 미용실에서 추천하는 헤어 컬러,info,issue,2024년 미용실에서 인기 있는 헤어 컬러를 소개합니다.,mistralai/mistral-nemotron,2026-06-02T02:14:18.684529+00:00,drop,58,per_l2_cap
08-treatment-information-best-haircut-styles-2024,08-treatment-information,08,best-haircut-styles-2024,미용실 커트 추천 스타일,2024 미용실에서 추천하는 헤어 커트 스타일,info,issue,2024년 가장 인기 있는 미용실 헤어 커트 스타일을 소개합니다.,mistralai/mistral-nemotron,2026-06-02T02:14:18.684529+00:00,drop,62,per_l2_cap
08-treatment-information-popular-hair-styles-2024,08-treatment-information,08,popular-hair-styles-2024,2024 인기 미용실 스타일,2024년 인기 미용실 헤어스타일 TOP 5,info,issue,2024년 인기 미용실 헤어스타일 트렌드를 소개합니다.,mistralai/mistral-nemotron,2026-06-02T02:14:18.684529+00:00,drop,62,per_l2_cap
09-brunch-cafe-brunch-cafe-instagram,09-brunch-cafe,09,brunch-cafe-instagram,브런치 카페 인스타그램 필터,인스타그램에 올리기 좋은 브런치 카페와 필터 추천,info,issue,인스타그램에 올리기 좋은 브런치 카페와 필터 추천,mistralai/mistral-nemotron,2026-06-02T02:14:18.684529+00:00,drop,70,per_l2_cap
09-brunch-cafe-seoul-brunch-cafe,09-brunch-cafe,09,seoul-brunch-cafe,서울 브런치 카페 추천,서울에서 맛있는 브런치를 즐길 수 있는 인기 브런치 카페,review,local,서울 중심에 위치한 인기 브런치 카페 소개와 리뷰,mistralai/mistral-nemotron,2026-06-02T02:14:18.684529+00:00,drop,74,per_l2_cap
09-cafe-recommend-weird-cafe-menu,09-cafe-recommend,09,weird-cafe-menu,카페에서 이해할 수 없는 메뉴 추천,카페에서 이해할 수 없는 메뉴 추천,info,issue,카페에서 이해할 수 없는 메뉴 추천,mistralai/mistral-nemotron,2026-06-02T02:14:18.684529+00:00,drop,66,per_l2_cap
09-incheon-food-incheon-junggu-date-cafe,09-incheon-food,09,incheon-junggu-date-cafe,인천 중구 데이트 카페 추천,"인천 중구 데이트 카페 추천 7곳, 로맨틱한 분위기 카페",review,local,인천 중구에서 로맨틱한 분위기의 데이트 카페를 소개합니다.,mistralai/mistral-nemotron,2026-06-02T02:14:18.684529+00:00,drop,74,per_l2_cap
09-partyroom-cafe-partyroom-cafe-couple-recommend,09-partyroom-cafe,09,partyroom-cafe-couple-recommend,파티룸 카페 커플 추천,커플이 가기 좋은 파티룸 카페와 분위기,compare,review,커플이 함께 가기 좋은 파티룸 카페와 분위기 비교,mistralai/mistral-nemotron,2026-06-02T02:14:18.684529+00:00,drop,74,per_l2_cap
09-partyroom-cafe-partyroom-cafe-dessert-recommend,09-partyroom-cafe,09,partyroom-cafe-dessert-recommend,파티룸 카페 디저트 추천,파티룸 카페에서 즐길 만한 디저트 추천,review,tip,파티룸 카페에서 즐길 만한 디저트 추천과 조합 방법,mistralai/mistral-nemotron,2026-06-02T02:14:18.684529+00:00,drop,74,per_l2_cap
09-partyroom-cafe-partyroom-cafe-drink-recommend,09-partyroom-cafe,09,partyroom-cafe-drink-recommend,파티룸 카페 음료 추천,파티룸 카페에서 즐길 만한 음료 추천,review,tip,파티룸 카페에서 즐길 수 있는 음료 추천과 조합 방법,mistralai/mistral-nemotron,2026-06-02T02:14:18.684529+00:00,drop,74,per_l2_cap
09-partyroom-cafe-partyroom-cafe-interior-recommend,09-partyroom-cafe,09,partyroom-cafe-interior-recommend,파티룸 카페 인테리어 추천,인테리어가 아름다운 파티룸 카페 추천,review,tip,인테리어가 아름다운 파티룸 카페 추천과 특징,mistralai/mistral-nemotron,2026-06-02T02:14:18.684529+00:00,drop,74,per_l2_cap
09-partyroom-cafe-partyroom-cafe-theme-recommend,09-partyroom-cafe,09,partyroom-cafe-theme-recommend,파티룸 카페 테마별 추천,테마별 추천 파티룸 카페와 분위기 비교,compare,review,원하는 테마에 맞는 파티룸 카페 추천과 분위기 비교,mistralai/mistral-nemotron,2026-06-02T02:14:18.684529+00:00,drop,74,per_l2_cap
10-food-styling-dessert-styling-self-development,10-food-styling,10,dessert-styling-self-development,디저트 스타일링 자기계발,디저트 스타일링으로 취미를 업무로 만드는 법,info,issue,디저트 스타일링을 통해 전문가로 성장하는 방법,mistralai/mistral-nemotron,2026-06-02T02:14:18.684529+00:00,drop,70,per_l2_cap
10-food-styling-food-styling-trend-2024,10-food-styling,10,food-styling-trend-2024,푸드 스타일링 트렌드 2024,2024년 푸드 스타일링 트렌드 전망,info,issue,2024년도 푸드 스타일링에서 예상되는 트렌드,mistralai/mistral-nemotron,2026-06-02T02:14:18.684529+00:00,drop,62,per_l2_cap
10-food-styling-recommended-background-for-food-styling,10-food-styling,10,recommended-background-for-food-styling,푸드 스타일링 배경 추천,푸드 스타일링 배경 추천과 활용법,info,compare,푸드 스타일링에 적합한 배경 추천,mistralai/mistral-nemotron,2026-06-02T02:14:18.684529+00:00,drop,74,per_l2_cap
10-food-styling-recommended-lighting-for-food-styling,10-food-styling,10,recommended-lighting-for-food-styling,푸드 스타일링 조명 추천,푸드 스타일링 조명 추천과 활용법,info,compare,푸드 스타일링에 적합한 조명 추천,mistralai/mistral-nemotron,2026-06-02T02:14:18.684529+00:00,drop,74,per_l2_cap
10-food-styling-recommended-props-for-food-styling,10-food-styling,10,recommended-props-for-food-styling,푸드 스타일링 소품 추천,푸드 스타일링 소품 추천과 활용법,info,compare,푸드 스타일링에 적합한 소품 추천,mistralai/mistral-nemotron,2026-06-02T02:14:18.684529+00:00,drop,74,per_l2_cap
11-domestic-travel-korean-natural-park-recommendation,11-domestic-travel,11,korean-natural-park-recommendation,한국 자연 공원 추천,한국 자연 공원 여행지 추천,info,local,한국에서 즐길 수 있는 자연 공원 여행지,mistralai/mistral-nemotron,2026-06-02T02:14:18.684529+00:00,drop,74,per_l2_cap
11-domestic-travel-seoul-hangang-sunset-spots,11-domestic-travel,11,seoul-hangang-sunset-spots,서울 주변 한강 노을 명소,서울 주변 한강 노을 명소 추천 2023,info,local,서울 인근에서 한강 노을 감상하기 좋은 명소 모음,mistralai/mistral-nemotron,2026-06-02T02:14:18.684529+00:00,drop,43,per_l2_cap
11-domestic-travel-winter-festival-recommend,11-domestic-travel,11,winter-festival-recommend,한국 겨울 축제 추천,가족과 함께 즐기는 한국 겨울 축제 추천,compare,compare,겨울 축제별 특징과 가족 여행에 적합한 행사 비교,mistralai/mistral-nemotron,2026-06-02T02:14:18.684529+00:00,drop,74,per_l2_cap
11-overseas-travel-overseas-language-basics,11-overseas-travel,11,overseas-language-basics,해외여행 현지 언어 기본 표현,해외여행 현지 언어 기본 표현과 필수 문장,info,issue,해외여행 시 현지 언어의 기본 표현과 필수 문장,mistralai/mistral-nemotron,2026-06-02T02:14:18.684529+00:00,drop,70,per_l2_cap
11-overseas-travel-southeast-asia-travel-local-food,11-overseas-travel,11,southeast-asia-travel-local-food,동남아 여행 현지 음식 추천,동남아 여행 현지 음식 추천과 맛집,info,review,동남아 여행 시 추천하는 현지 음식과 맛집 정보,mistralai/mistral-nemotron,2026-06-02T02:14:18.684529+00:00,drop,74,per_l2_cap
11-overseas-travel-top-overseas-destinations-2025,11-overseas-travel,11,top-overseas-destinations-2025,해외 여행지 추천 2025,2025년 추천 해외 여행지와 특징 안내,info,start,2025년에 추천하는 해외 여행지 리스트와 주요 특징,mistralai/mistral-nemotron,2026-06-02T02:14:18.684529+00:00,drop,70,per_l2_cap
11-travel-diaries-seoul-hanriver-nightview,11-travel-diaries,11,seoul-hanriver-nightview,서울 한강 야경 명소 추천,서울 한강 야경 명소 추천: 사진 찍기 좋은 장소,info,local,서울 한강에서 야경을 즐길 수 있는 최적의 명소,mistralai/mistral-nemotron,2026-06-02T02:14:18.684529+00:00,drop,74,per_l2_cap
11-travel-diaries-shanghai-travel-guide,11-travel-diaries,11,shanghai-travel-guide,상하이 여행 명소와 현지 후기,상하이 여행 명소와 실제 현지 후기 공유,info,review,상하이 여행 명소와 실제 현지 후기 공유,mistralai/mistral-nemotron,2026-06-02T02:14:18.684529+00:00,drop,78,per_l2_cap
11-travel-diaries-tokyo-travel-guide,11-travel-diaries,11,tokyo-travel-guide,도쿄 여행지 추천과 현지 후기,도쿄 여행지 추천과 실제 현지 후기 공유,info,review,도쿄 여행지 추천과 실제 현지 후기 공유,mistralai/mistral-nemotron,2026-06-02T02:14:18.684529+00:00,drop,78,per_l2_cap
11-travel-information-jeju-autumn-travel,11-travel-information,11,jeju-autumn-travel,제주도 가을 여행지 추천,2024 제주도 가을 여행지 추천 10곳,info,local,제주도의 아름다운 가을 풍경을 즐길 수 있는 여행지,mistralai/mistral-nemotron,2026-06-02T02:14:18.684529+00:00,drop,66,per_l2_cap
11-travel-information-travel-trend-2024,11-travel-information,11,travel-trend-2024,2024 여행 트렌드 분석,2024년 여행 트렌드 전망과 핫플레이스 리스트,info,issue,2024년 여행 시장을 지배할 주요 트렌드와 인기 지역 분석,mistralai/mistral-nemotron,2026-06-02T02:14:18.684529+00:00,drop,62,per_l2_cap
12-education-information-university-rankings-2024,12-education-information,12,university-rankings-2024,2024년 대학 순위 분석,2024년 대학 순위 분석: 주요 지표와 변화,info,issue,2024년 대학 순위 분석과 주요 지표,mistralai/mistral-nemotron,2026-06-04T01:15:00.927640+00:00,drop,44,per_l2_cap
12-humanities-knowledge-humanities-ai,12-humanities-knowledge,12,humanities-ai,인문학과 인공지능,인문학과 인공지능의 관계와 미래 전망,info,issue,인공지능과 인문학의 상호작용에 대한 분석,mistralai/mistral-nemotron,2026-06-04T01:15:00.927640+00:00,drop,47,per_l2_cap
12-humanities-knowledge-humanities-book-recommend,12-humanities-knowledge,12,humanities-book-recommend,인문학 도서 추천,"인문학 도서 추천, 초보자도 쉽게 읽을 수 있는 책",info,issue,인문학 입문서 추천,mistralai/mistral-nemotron,2026-06-04T01:15:00.927640+00:00,drop,48,per_l2_cap
12-humanities-knowledge-humanities-lecture-recommend,12-humanities-knowledge,12,humanities-lecture-recommend,인문학 강연 추천,인문학 강연 추천 2024년 최신 목록,info,issue,최근 인기 있는 인문학 강연 모음,mistralai/mistral-nemotron,2026-06-04T01:15:00.927640+00:00,drop,40,per_l2_cap
12-humanities-knowledge-humanities-youtube-channel,12-humanities-knowledge,12,humanities-youtube-channel,인문학 유튜브 채널 추천,"인문학 유튜브 채널 추천, 영상 학습할 때",info,issue,인문학을 영상으로 배울 수 있는 채널,mistralai/mistral-nemotron,2026-06-04T01:15:00.927640+00:00,drop,48,per_l2_cap
12-knowledge-column-reading-brain-effect,12-knowledge-column,12,reading-brain-effect,독서가 두뇌에 미치는 효과,독서가 두뇌 발달과 기억력 향상에 미치는 효과,info,issue,독서가 두뇌 발달과 기억력 향상에 미치는 효과,mistralai/mistral-nemotron,2026-06-04T01:15:00.927640+00:00,drop,52,per_l2_cap
12-knowledge-column-reading-improves-concentration,12-knowledge-column,12,reading-improves-concentration,독서가 집중력 향상에 도움이 될까,독서가 집중력 향상에 도움이 되는 3가지 이유,info,issue,독서가 집중력 향상에 실제 도움이 되는지 탐구해봅니다,mistralai/mistral-nemotron,2026-06-04T01:15:00.927640+00:00,drop,52,per_l2_cap
12-knowledge-column-trends-cultural-industry-growth-2025,12-knowledge-column,12,trends-cultural-industry-growth-2025,문화산업 성장 주요 동향,2025년 문화산업 성장 주요 동향 5가지,info,issue,2025년 문화산업의 주요 성장 동향을 분석합니다,mistralai/mistral-nemotron,2026-06-04T01:15:00.927640+00:00,drop,44,per_l2_cap
12-science-knowledge-human-body-bacteria,12-science-knowledge,12,human-body-bacteria,생물학 인간 몸속 박테리아,인간 몸속 박테리아의 종류와 건강에 미치는 영향,info,issue,인간 몸속 박테리아의 역할과 건강 영향 분석,mistralai/mistral-nemotron,2026-06-02T02:14:18.684529+00:00,drop,52,per_l2_cap
12-science-knowledge-seawater-temperature-impact,12-science-knowledge,12,seawater-temperature-impact,지구과학 해수 온도 상승 영향,해수 온도 상승이 바다 생태계에 미치는 영향,info,issue,해수 온도 상승의 생태계 영향 분석,mistralai/mistral-nemotron,2026-06-02T02:14:18.684529+00:00,drop,52,per_l2_cap
12-science-knowledge-space-exploration-robotics,12-science-knowledge,12,space-exploration-robotics,천문학 우주 탐사 로봇 기술,우주 탐사를 위한 로봇 기술 발전 현황,info,issue,우주 탐사 로봇 기술의 최신 발전 현황,mistralai/mistral-nemotron,2026-06-02T02:14:18.684529+00:00,drop,52,per_l2_cap
13-cat-behavior-cat-vomiting-after-meal,13-cat-behavior,13,cat-vomiting-after-meal,고양이 식사 후 토하는 이유,고양이 식사 후 토하는 경우 주의할 점,info,issue,고양이가 식사 후 토하는 경우의 원인과 대응 방법,mistralai/mistral-nemotron,2026-06-04T01:15:00.927640+00:00,drop,70,per_l2_cap
13-cat-food-cat-food-new-product-2024,13-cat-food,13,cat-food-new-product-2024,고양이 사료 브랜드 신제품,2024년 고양이 사료 신제품 분석: 새로운 성분·트렌드 소개,info,start,2024년 출시된 고양이 사료 신제품 리뷰,mistralai/mistral-nemotron,2026-06-04T01:15:00.927640+00:00,drop,70,per_l2_cap
13-cat-food-cat-refuses-food-reasons,13-cat-food,13,cat-refuses-food-reasons,고양이 사료 먹이지 않는 이유,고양이가 사료를 먹지 않는 이유와 해결법: 건강·성분·반응 확인,howto,issue,고양이가 사료를 거부하는 이유와 해결 방법,mistralai/mistral-nemotron,2026-06-04T01:15:00.927640+00:00,drop,70,per_l2_cap
13-cat-playground-cat-playground-health,13-cat-playground,13,cat-playground-health,고양이 놀이터 건강 효과,고양이 놀이터 건강 효과: 스트레스 해소법,info,issue,고양이 놀이터의 건강 효과와 스트레스 해소법,mistralai/mistral-nemotron,2026-06-04T01:15:00.927640+00:00,drop,70,per_l2_cap
13-cat-playground-cat-playground-weight-limit,13-cat-playground,13,cat-playground-weight-limit,고양이 놀이터 무게 제한,고양이 놀이터 무게 제한과 안전 조치법,info,issue,고양이 놀이터 무게 제한과 안전 조치 방법,mistralai/mistral-nemotron,2026-06-04T01:15:00.927640+00:00,drop,70,per_l2_cap
13-cat-playground-pet-products-with-cat-playground,13-cat-playground,13,pet-products-with-cat-playground,고양이 놀이터 애완용품,고양이 놀이터와 함께 사용하는 애완용품,info,issue,고양이 놀이터와 함께 사용하는 추가 애완용품 추천,mistralai/mistral-nemotron,2026-06-04T01:15:00.927640+00:00,drop,70,per_l2_cap
13-dog-health-dog-joint-health-food,13-dog-health,13,dog-joint-health-food,강아지 관절 건강 식품,강아지 관절 건강에 좋은 음식 추천,compare,compare,강아지 관절 건강을 유지하는 데 도움되는 음식,mistralai/mistral-nemotron,2026-06-04T01:15:00.927640+00:00,drop,78,per_l2_cap
13-dog-health-dog-liver-supplements,13-dog-health,13,dog-liver-supplements,강아지 간 건강 보조제,강아지 간 건강 보조제 추천과 사용법,compare,compare,강아지 간 건강을 위한 보조제 추천과 사용 방법,mistralai/mistral-nemotron,2026-06-04T01:15:00.927640+00:00,drop,78,per_l2_cap
13-pet-care-tips-cat-nail-grinder-tools,13-pet-care-tips,13,cat-nail-grinder-tools,고양이 발톱 갈기 도구 추천,고양이 발톱 갈기 도구 추천과 사용법,compare,compare,고양이 발톱 갈기 위한 최적의 도구 비교,mistralai/mistral-nemotron,2026-06-04T01:15:00.927640+00:00,drop,74,per_l2_cap
13-pet-care-tips-dog-yawn-meaning-observation,13-pet-care-tips,13,dog-yawn-meaning-observation,강아지 하품 뜻과 관찰법,강아지 하품의 뜻과 정상적인지 관찰하는 법,info,start,강아지 하품의 의미와 정상적인지 확인하는 방법,mistralai/mistral-nemotron,2026-06-04T01:15:00.927640+00:00,drop,78,per_l2_cap
13-pet-care-tips-foods-to-avoid-for-dogs,13-pet-care-tips,13,foods-to-avoid-for-dogs,강아지 음식 금기,강아지에게 해로운 음식과 금기 사항,info,issue,강아지에게 위험한 음식에 대한 정보,mistralai/mistral-nemotron,2026-06-04T01:15:00.927640+00:00,drop,70,per_l2_cap
13-pet-communication-pet-touch-prohibited-areas,13-pet-communication,13,pet-touch-prohibited-areas,펫 터치 금기 영역,반려동물을 만질 때 주의할 부위,checklist,issue,강아지·고양이 touches을 피해야 하는 민감한 부위와 이유,mistralai/mistral-nemotron,2026-06-04T01:15:00.927640+00:00,drop,70,per_l2_cap
13-pet-hospital-cheapest-pet-insurance-2024,13-pet-hospital,13,cheapest-pet-insurance-2024,펫 보험 최저가 비교,펫 보험 최저가 비교: 2024년 최신 상위 5개,compare,compare,2024년 반려동물 보험 최저가 비교와 추천,mistralai/mistral-nemotron,2026-06-04T01:15:00.927640+00:00,drop,70,per_l2_cap
13-pet-hospital-pet-hospital-free-clinic-event,13-pet-hospital,13,pet-hospital-free-clinic-event,반려동물 병원 무료 진료 이벤트,반려동물 병원 무료 진료 이벤트 정보,info,issue,반려동물 병원 무료 진료 이벤트 정보,mistralai/mistral-nemotron,2026-06-04T01:15:00.927640+00:00,drop,70,per_l2_cap
13-pet-insurance-cat-insurance-exclusion,13-pet-insurance,13,cat-insurance-exclusion,고양이 보험 실비 보상 예외 사항,고양이 보험 실비 보상에서 제외되는 예외 사항,info,issue,고양이 보험에서 실비 보상되지 않는 예외 사항을 알려드립니다.,mistralai/mistral-nemotron,2026-06-04T01:15:00.927640+00:00,drop,70,per_l2_cap
13-pet-insurance-pet-insurance-faq,13-pet-insurance,13,pet-insurance-faq,펫 보험 가입 시 가장 많이 묻는 질문,펫 보험 가입 시 가장 많이 묻는 질문과 답변,info,issue,펫 보험 가입 시 자주 묻는 질문과 답변을 정리했습니다.,mistralai/mistral-nemotron,2026-06-04T01:15:00.927640+00:00,drop,70,per_l2_cap
14-fishing-tips-recommended-boat-equipment,14-fishing-tips,14,recommended-boat-equipment,낚시용 보조 조선 장비 추천,낚시 초보자도 쉽게 사용할 수 있는 보조 조선 장비,info,review,낚시터에서 보조 조선 장비를 선택하는 기준과 추천 모델,mistralai/mistral-nemotron,2026-06-04T01:15:00.927640+00:00,drop,74,per_l2_cap
14-hiking-community-hiking-club-recommend-2024,14-hiking-community,14,hiking-club-recommend-2024,2024 등산 동호회 추천,2024년 인기 있는 등산 동호회 추천 5선,info,local,올해 가장 활발한 등산 동호회를 소개합니다.,mistralai/mistral-nemotron,2026-06-04T01:15:00.927640+00:00,drop,66,per_l2_cap
