resume: 9개 L2 스킵 (이미 50개 이상)
L2 201/210개 × L3 50개 목표 (provider=nvidia, model=mistralai/mistral-nemotron, batch=15, state=taxonomy.db)

[01-movie] 이슈/연예 > 영화 ...
  · 한국 영화 명대사 모음
  · 한국 영화 감상법
  · 한국 영화 역사 연표
  · 한국 영화 OTT 추천
  · 한국 영화 개봉 예약 팁
  · 한국 영화 촬영지 여행지
  · 한국 영화 평론가 추천
  · 한국 영화 관객 반응
  · 한국 영화 제작 비밀
  · 한국 영화 해외 반응
  · 한국 영화 장르 추천

[01-photo-essay] 이슈/연예 > 화보 ...
  · 예능인 화보 사진집 2024
  · 드라마 배우 화보 2024
  · K-POP 아이돌 화보 2024 추천
  · 연예인 화보 촬영 비하인드
  · 2024 연예인 화보카드 추천
  · 연예인 화보 리뷰와 평가
  · 화보 사진집 구매 가이드
  · 2024 연예인 화보 예정작
  · 연예인 화보 사진 편집 팁

[01-award] 이슈/연예 > 수상 ...
  · 올해 영화상 수상작 순위
  · 바이브 어워즈 2024 최다 수상
  · MAMA 2024 후보 명단
  · 금태연상 수상 작품 추천
  · 청룡영화상 2024 수상자
  · 대종상 수상 작품 분석
  · 백상예술대상 2024 수상작
  · 소울뮤직어워즈 2024
  · 가요대상 2024 후보 명단
  · 제49회 청룡영화상 후보
  · 한국대중음악상 수상 목록
  · 서울가요대상 2024 후보
  · 제16회 한국드라마어워즈
  · 2024 MBC 연예대상 수상자
  · 제37회 서울음악대상
  · 제59회 백상예술대상 드라마 부문
  · 제28회 부일영화상 수상작
  · 제50회 대종상 영화제 수상자
  · 제13회 아시아모델어워즈
  · 제15회 한국뮤직어워즈
  · 2024 올해의 가수상 수상자 예측
  · 드라마 부문 신인상 수상자 비교
  · 2024 연예대상 최우수상 후보 분석
  · 시상식 수상의 순위 결정 요인
  · 2024 시상식 수상 연설 분석
  · 2024 감독상 수상작 분석
  · 2024 남우주연상 수상자 비교
  · 2024 여우주연상 수상자 소감 분석
  · 2024 인기스타상 수상자 예시
  · 시상식 수상작 작품 분석 방법
  · 2024 조연상 수상자 캐릭터 분석
  · 2024 예능 부문 대상 수상자 예측
  · 시상식 수상작의 상업적 성공 요인
  · 2024 음악 부문 대상 수상자 분석
  · 시상식 수상자 인터뷰 요약
  · 2024 신인 예술인상 수상자 소개
  · 시상식 수상작의 사운드트랙 분석
  · 2024 연출상 수상자 분석
  · 시상식 수상작의 스토리 구조 분석
  · 2024 각본상 수상작 분석
  · 2024 골든디스크상 후보 명단
  · 2024 MBC 드라마상 수상작
  · 2024 KBS 연예대상 수상자
  · 2024 TV아워즈 수상자 목록
  · 2024 신인상 수상자 비교 분석
  · 2024 드라마 부문 대상 수상자
  · 2024 최우수상 수상자 예시
  · 2024 우수상 수상자 소개
  · 2024 수상작 작품 분석 방법
  · 2024 수상작 사운드트랙 분석

[01-comeback] 이슈/연예 > 컴백 ...
  · 2024년 1월 컴백 아이돌 그룹
  · 2024년 2월 컴백 연예인 목록
  · 방탄소년단 컴백 2024년
  · 트와이스 컴백 2024년
  · 블랙핑크 컴백 2024년
  · NCT 컴백 2024년
  · EXO 컴백 2024년
  · 세븐틴 컴백 2024년
  · aespa 컴백 2024년
  · ITZY 컴백 2024년
  · TXT 컴백 2024년
  · 스테이씨 컴백 2024년
  · NewJeans 컴백 2024년
  · LE SSERAFIM 컴백 2024년
  · IVe 컴백 2024년
  · a present 컴백 2024년
  · 어벤저스 컴백 2024년
  · TREASURE 컴백 2024년
  · ENHYPEN 컴백 2024년
  · CRAVITY 컴백 2024년
  · 2024년 3월 컴백 그룹 예고
  · 2024년 4월 컴백 솔로 가수
  · 2024년 5월 컴백 걸그룹 예약
  · 2024년 6월 컴백 보이그룹
  · 2024년 컴백 아이돌 신곡
  · 2024년 컴백 시기별 예고
  · 2024년 컴백 아이돌 예상 순위
  · 2024년 컴백 아이돌 예고 영상
  · 2024년 컴백 아이돌 앨범 추천
  · 2024년 컴백 아이돌 복장 리스트
  · 2024년 컴백 아이돌 무대 분석
  · 2024년 컴백 아이돌 팬미팅 예약
  · 2024년 컴백 아이돌 굿즈 판매처
  · 2024년 컴백 아이돌 팬사인회 예약
  · 2024년 컴백 아이돌 콘서트 예약
  · 2024년 컴백 아이돌 앨범 예약 판매
  · 2024년 컴백 아이돌 팬카페 정보
  · 2024년 컴백 아이돌 팬아트 추천
  · 2024년 컴백 아이돌 팬메일 작성법
  · 2024년 컴백 아이돌 팬클럽 가입 방법
  · 2024년 7월 컴백 아이돌 그룹
  · 2024년 8월 컴백 솔로 가수
  · 2024년 컴백 아이돌 무대 의상
  · 2024년 컴백 아이돌 굿즈 구매처
  · 2024년 아이유 컴백 예정
  · BTS 컴백 2024년 7월
  · 2024년 방탄소년단 컴백
  · 2024년 TWICE 컴백
  · 2024년 NCT DREAM 컴백
  · 2024년 ITZY 컴백 의상 분석
  · 2024년 aespa 컴백 무대
  · 2024년 EXO 컴백 팬미팅
  · 2024년 블랙핑크 컴백 콘서트
  · 2024년 NewJeans 컴백 앨범 예약
  · 2024년 LE SSERAFIM 컴백 굿즈

[01-stargram] 이슈/연예 > 스타그램 ...
  · 연예인 인스타그램 일상
  · 인스타그램 스타그램 추천 계정
  · 스타그램 팝업스토어 정보
  · 스타그램 피드 미니멀 디자인
  · 스타그램 해시태그 활용법
  · 스타그램 피드 순위 알고리즘
  · 스타그램 추천 계정 찾기
  · 스타그램 피드 갈색 테마
  · 스타그램 피드 파스텔 컬러
  · 스타그램 피드 깔끔한 테마
  · 스타그램 피드 자연 테마
  · 스타그램 피드 연애 테마
  · 스타그램 피드 여행 테마
  · 스타그램 피드 식물 테마
  · 스타그램 피드 미니멀 테마
  · 스타그램 피드 다크 테마
  · 스타그램 피드 핀크 테마
  · 스타그램 피드 블루 테마
  · 스타그램 피드 그린 테마
  · 스타그램 피드 레드 테마
  · 스타그램 인스타그램 필터 추천
  · 스타그램 피드 테마 추천
  · 스타그램 인스타그램 스토리 활용법
  · 스타그램 인스타그램 라이브 팁
  · 스타그램 인스타그램 해시태그 활용
  · 스타그램 인스타그램 팔로워 증가법
  · 스타그램 인스타그램 프로필 최적화
  · 스타그램 인스타그램 피드 디자인
  · 스타그램 인스타그램 콘텐츠 계획
  · 스타그램 인스타그램 협업 방법
  · 스타그램 인스타그램 광고 활용
  · 스타그램 인스타그램 분석 도구
  · 스타그램 인스타그램 알고리즘 이해
  · 스타그램 인스타그램 스토리 힌트
  · 스타그램 인스타그램 비즈니스 계정 활용
  · 스타그램 인스타그램 스토리 하이라이트
  · 스타그램 인스타그램 라이브 이벤트
  · 스타그램 인스타그램 팔로워 관리법
  · 스타그램 인스타그램 콘텐츠 아이디어
  · 스타그램 추천 계정 파종
  · 연예인 스타그램 일상 소품
  · 스타그램 추천 계정 2024
  · 스타그램 사연 이벤트 후기
  · 스타그램 필터 사용법
  · 스타그램 팔로워 증가 팁
  · 스타그램 해시태그 최적화
  · 스타그램 유입 분석
  · 스타그램 비즈니스 계정 활용법
  · 스타그램 광고 활용법
  · 스타그램 스토리 하이라이트 팁

[01-ent-news] 이슈/연예 > 연예뉴스 ...
  · 2023 국제 가요제 현대적 평가
  · 2024 드라마 유행어 활용법
  · 2024 예능 프로그램 제작 비용
  · 2023 K-POP 아이돌 그룹 컴백 일정
  · 2024 연예인 도전 프로그램 추천
  · 2023 연예인 실명 사용 프로그램
  · 2024 예능 프로그램 MC 능력 평가
  · 2023 드라마 제작 비용 비교
  · 2024 예능 프로그램 스태프 인터뷰
  · 2023 K-POP 아이돌 그룹 데뷔 일정
  · 2024 연예인 개인 브랜드 전략
  · 2024 예능 프로그램 제작 과정
  · 2023 K-POP 아이돌 그룹 메시지 해석
  · 2024 연예인 persoonal 브랜드 분석
  · 2023 드라마 OTT 서비스 순위
  · 2024 예능 프로그램 오디션 전략
  · 2023 K-POP 아이돌 그룹 팬클럽 활동
  · 2024 연예인 개인 브랜드 마케팅
  · 2023 드라마 시청자 반응 분석
  · 2025년 예능 프로그램 출연자 추천
  · K-POP 그룹 뮤직비디오 해외 반응
  · 2023년 드라마 시청률 1위 이유
  · 예능 프로그램 제작 과정 분석
  · 연예인 SNS 마케팅 전략
  · OTT 서비스 드라마 추천 2024
  · 예능 프로그램 게스트 캐스팅 비결
  · K-POP 아이돌 그룹 팬미팅 필수 팁
  · 2024년 드라마 OTT 전속 계약 효과
  · 연예인 개인 브랜드 이미지 관리법
  · 2023년 예능 프로그램 트렌드 분석
  · K-POP 아이돌 그룹 해체 이유 분석
  · 2024년 드라마 시청자 반응 분석 방법
  · 예능 프로그램 오프닝 제작 과정
  · 2025년 K-POP 아이돌 그룹 컴백 일정
  · 연예인 인터뷰 질의응답 가이드
  · OTT 서비스 예능 프로그램 추천 2024
  · 예능 프로그램 MC 연습법
  · K-POP 아이돌 팬클럽 이벤트 기획법
  · 2024 연예인 공개 연애 사례
  · K-POP 아이돌 팬사인회 예약 방법
  · 드라마 시청률 고위험 요소 분석
  · 예능 프로그램 유튜브 편집 효과
  · 연예인 장기 휴식 후 컴백 전략
  · 2025년 예능 프로그램 트렌드
  · K-POP 아이돌 무대 연습 비밀
  · 드라마 OTT 서비스 비교 분석
  · 연예인 개인 브랜드 이미지 분석
  · 2024년 드라마 제작 비용 분석
  · K-POP 아이돌 그룹 데뷔 준비 과정
  · K-POP 아이돌 그룹 해체 후 활동
  · 드라마 OTT 서비스 전속 계약 효과

[02-stock-investment] 경제 > 주식 투자 ...
  · 주식 초보 투자 방법
  · 주식 차트 분석 기술
  · 주식 종목 선정 방법
  · 주식 투자 전략 예시
  · 주식 매매 타이밍 파악
  · 주식 포트폴리오 구성
  · 주식 시장 분석 방법
  · 주식 투자 심리 관리
  · 주식 투자 기초 용어
  · 주식 투자 리스크 관리
  · 주식 투자 성공 사례
  · 주식 투자 실패 사례
  · 주식 투자 정보 확인
  · 주식 투자 세금 계산
  · 주식 투자 앱 비교
  · 주식 투자 책 추천
  · 주식 투자 유튜브 채널
  · 주식 투자 커뮤니티
  · 주식 투자 펀드 비교
  · 주식 투자 뉴스 분석
  · 주식 투자 백만장자 사례
  · 주식 투자 초보자 필독 자료
  · 주식 투자 장단점 비교
  · 주식 투자 실전 전략
  · 주식 투자 장기 vs 단기 비교
  · 주식 투자 심리 컨트롤
  · 주식 투자 초보자 실습 팁
  · 주식 투자 고수 유튜버 추천
  · 주식 투자 세금 최적화
  · 주식 투자 앱 주요 기능 비교
  · 주식 투자 실패 원인 분석
  · 주식 투자 고수 인터뷰
  · 주식 투자 표시 분석
  · 주식 투자 초보자 질의응답
  · 주식 투자 뉴스 속보 확인 방법
  · 주식 투자 고수 트레이딩 전략
  · 주식 투자 뉴스 이슈 분석
  · 주식 초보자 따라하기 투자
  · 주식 투자 성공하는 습관
  · 주식 시장 분석 추천 도구
  · 주식 투자 심리 테스트
  · 주식 투자 포트폴리오 예시
  · 주식 투자 뉴스 이슈 요약
  · 주식 투자 초보자 실전 팁
  · 주식 투자 유망 종목 탐색 방법
  · 주식 투자 장기 전략 핵심 요소
  · 주식 투자 실패 사전 예방법
  · 주식 투자 회사 분석 방법
  · 주식 투자 트렌드 분석 방법
  · 주식 투자 종목 비교 방법

[02-real-estate-market] 경제 > 부동산 시장 ...
  · 중고주택 시장 동향 분석
  · 아파트 투자 팁
  · 오피스텔 투자 리스크 평가
  · 부동산 세금 최적화 방법
  · 신도시 부동산 투자 가이드
  · 상가 투자 전 유의사항
  · 주택담보대출 최신 정보
  · 부동산 투자 초기 비용 계산
  · 전세 투자 리스크 관리
  · 부동산 중개사 선택 팁
  · 부동산 투자 심사 체크리스트
  · 부동산 시장 전망 2025
  · 부동산 투자 수익률 계산 방법
  · 부동산 투자 유형 비교
  · 부동산 투자 초기 검토 체크리스트
  · 부동산 투자 실패 사례 분석
  · 부동산 투자 저변 확대 정책
  · 부동산 투자 지역별 분석
  · 부동산 투자 전 유의사항
  · 부동산 투자 초기 비용 절감 팁
  · 서울 아파트 월세 시장 추이
  · 신규 아파트 분양 공간별 가격 비교
  · 오피스텔 월세 투자 수익률 계산 방법
  · 주택담보대출 금리 인하 시나리오
  · 상가 임대차 계약시 유의사항
  · 세종시 신도시 부동산 투자 전망
  · 부동산 투자초보자 첫번째 부동산 고르는법
  · 2024년 주택담보대출 최저금리 은행 비교
  · 부동산 투자 세금 절세 전략
  · 아파트 전세 투자 장단점 분석
  · 신도시 부동산 투자 리스크 관리 방법
  · 월세 대출 신용등급 영향
  · 오피스텔 투자 비용 회수 기간 계산
  · 주택담보대출 상환기간 선택 팁
  · 부동산 투자 지역별 수익률 비교
  · 월세 수익형 부동산 쇼핑몰
  · 부동산 투자 유동성 관리 방법
  · 상가 월세 투자 수익률 높이는 법
  · 2024년 부동산 시장 주요 이슈
  · 부동산 투자 초보자를 위한 강의 추천
  · 서울 강남 아파트 가격 전망
  · 오피스텔 투자 수익률 계산법
  · 2024년 부동산 투자 가이드
  · 월세 수익형 부동산 조회 시스템
  · 부동산 투자 초보자 강의 추천
  · 2024년 주택담보대출 최저금리 비교
  · 부동산 시장 추이 2024년 상반기
  · 초보자를 위한 부동산 투자기초
  · 부동산 투자 수익률 계산기
  · 서울 아파트 월세 시장 분석
  · 신규 아파트 분양 가격 비교방법
  · 오피스텔 월세 투자 전망
  · 상가 임대차 계약시 주의점
  · 세종시 신도시 부동산 투자 리스크

[02-interest-rate-info] 경제 > 금리 정보 ...
  · 적금 금리 상한선 확인 방법
  · 신용카드 연회비 면제 조건
  · 예금금리 상향 시 재테크 전략
  · 부동산 금리 인상 영향 분석
  · 신용등급 향상 금리 혜택
  · 학생대출 저금리 조건
  · 기준금리 인하 예고 시 재테크
  · 신혼부부 주택청약 대출 금리
  · 금리상승 시 예금 최적화 방법
  · 전세자금대출 최저금리 은행
  · 금리인하 시 부동산 투자
  · 청년희망타운 대출 조건
  · 금리변동형 대출 리스크 관리
  · 가계부채 금리 부담 줄이는 법
  · 은행별 주택청약대출 금리 비교
  · 국가주택대출 금리 혜택
  · 외화예금 금리 변동 추이
  · 금리인상 시 채권 투자 팁
  · 공공기관 저리대출 조건
  · 금리인상 예금금리 비교
  · 주택청약대출 최저금리 요건
  · 기준금리 인하 예고 재테크 대책
  · 신용등급에 따른 대출금리 차이
  · 정부지원 저리대출 조건 및 절차
  · 금리변동형 주택담보대출 리스크 관리
  · 예금금리 변동 추이 분석
  · 저금리 시대 적금 최적화 전략
  · 청년희망주택 대출금리 비교
  · 외화예금 금리 변동 분석
  · 신용카드 무이자 할부 조건
  · 가계부채 금리 부담 줄이기
  · 공공기관 저리대출 지원 조건
  · 금리인하 시 예금 최적화 방법
  · 신혼부부 주택청약 대출 조건
  · 기준금리 인상 예금금리 예측
  · 저신용자 대출 최저금리 은행
  · 금리인상 시 부동산 투자 전략
  · 적금금리 최신 비교 2024년
  · 예금금리 인하 대처법 2024
  · 청년희망대출 최저금리 조건
  · 주택청약대출 금리 비교 2024
  · 금리인상 시 주택담보대출 리스크 관리
  · 기준금리 인상 예금금리 예상 2024
  · 금리인하 시 채권 투자 팁 2024
  · 적금금리 변동 추이 2024
  · 저금리 시대 예금 최적화 방법
  · 기준금리 인하 예고 재테크 전략
  · 저축은행 주택청약대출 금리 비교
  · 금리 변동형 대출 변경 가능 조건
  · 개인사업자 대출 최저금리 은행
  · 금리 인상 시 예금 전략
  · 저금리 시대 적금 상품 비교
  · 주택담보대출 리파이낸스 방법
  · 금리 인하 시 채권 투자 팁
  · 청년희망타운 대출 금리 인하 가능

[02-inflation] 경제 > 물가 상승 ...
  · 가격 인상 물가 상승 대처법
  · 2024 식품물가 상승 전망
  · 주유소 가격 비교 앱 추천
  · 전기요금 인상 시 절약 팁
  · 물가 상승 생활비 절감 팁
  · 물가 상승 주택임대료 인상
  · 물가 상승 저소득층 지원 정책
  · 물가 상승 무기명 선물 추천
  · 물가 상승 대용량 구매 팁
  · 물가 상승 통장 이자 비교
  · 물가 상승 일회용품 대안
  · 물가 상승 해외 여행 팁
  · 물가 상승으로 인한 교육비 절감
  · 물가 상승 시 의류 할인 전략
  · 물가 상승 건강식품 추천
  · 물가 상승 연말정산 팁
  · 물가 상승 시 귀금속 투자 팁
  · 물가 상승 시 가구 교체 팁
  · 물가 상승 시 실용가전 선택법
  · 물가 상승 시 무료 체험 기회 활용
  · 물가 상승 성과급 증액 방법
  · 물가 상승 알바 시급 비교
  · 물가 상승 자녀 교육비 절약 팁
  · 물가 상승 무료 건강검진 추천
  · 물가 상승 무료 문화생활 방법
  · 물가 상승 무료 운동시설 추천
  · 물가 상승 무료 강의 추천
  · 물가 상승 무료 공부자료 추천
  · 물가 상승 무료 미용실 추천
  · 물가 상승 무료 의료 서비스 추천
  · 물가 상승 무료 재테크 강의 추천
  · 물가 상승 무료 금융상담 추천
  · 물가 상승 무료 취업지원 추천
  · 물가 상승 무료 주택정비 추천
  · 물가 상승 무료 법무지원 추천
  · 물가 상승 무료 자녀동아리 추천
  · 물가 상승 무료 재활용품 판매처 추천
  · 물가 상승 무료 공무원 수습직원 팁
  · 물가 상승 무료 청소년 취업 지원
  · 물가 상승 무료 노인일자리 지원
  · 물가 상승 시 안전한 예금 상품
  · 물가 상승 시 장바구니 비용 절약
  · 물가 상승 시 공과금 절감
  · 물가 상승 시 대형마트 할인 이벤트
  · 물가 상승 시 식자재 대용량 구매
  · 물가 상승 시 건강보험료 절감
  · 물가 상승 시 통신요금 비교
  · 물가 상승 시 저렴한 레저 즐기기
  · 물가 상승 시 무료 문화생활 즐기기
  · 물가 상승 시 교육비 절감
  · 물가 상승 시 무료 강의 추천
  · 물가 상승 시 무료 재테크 강의 추천
  · 물가 상승 시 무료 금융상담 추천
  · 물가 상승 시 무료 취업지원 추천

[02-economic-policy] 경제 > 경제 정책 ...
  · 정부 재정정책 영향
  · 물가상승률 대책
  · 소상공인 지원 정책
  · 주택 청약 정책 변화
  · 임대주택 보장제도
  · 청년 주택 지원 정책
  · 은퇴 연금 정책
  · 기업 세제 혜택
  · 소비자 물가 지수
  · 효율적 세금 절감 방법
  · 노인 복지 정책
  · 환경 보존 정책
  · 중소기업 지원 금융
  · 공공 서비스 혁신
  · 청년 취업 지원 프로그램
  · 정부 경제회복 대응 정책
  · 소득 공급 재정 정책
  · 주택 정책 변화
  · 고용 촉진 정책
  · 정부 주거비 지원 정책
  · 청년 임대주택 정책 변경
  · 자영업자 세금 감면 혜택
  · 기업 인력 지원 정책
  · 물가 안정화 정책
  · 은퇴 준비 정책 지원
  · 중소기업 지원 대출 조건
  · 청년 창업 지원 정책
  · 물가 상승 대처 정책
  · 소상공인 지원 대출 신청
  · 주택 보증금 지원 정책
  · 취업 지원금 정책
  · 자녀 교육비 지원 정책
  · 근로장려금 신청 방법
  · 소득세 감면 정책
  · 고용 보장 정책
  · 청년 주거비 지원 정책
  · 저소득층 복지 지원 정책
  · 기업 세제 혁신 정책
  · 청년 일자리 지원 프로그램
  · 정부 재정정책 최신 변화
  · 물가상승률 대처 방법
  · 청년 주택 청약 조건 확인
  · 은퇴 연금 세금 절감 팁
  · 중소기업 지원 정책 변경사항
  · 물가 상승 시 재테크 전략
  · 주택 청약 정책 비교
  · 청년 임대주택 지원 조건
  · 청년 창업 지원 혜택
  · 중소기업 지원 대출 신청 자격
  · 청년 창업 지원금 신청 방법
  · 2024 물가 상승 대비 재테크 전략

[02-financial-planning-methods] 경제 > 재테크 방법 ...
  · 초보자 주식 투자 방법
  · 적금보다 재테크 더 좋은 방법
  · 부동산 투자 초보자 가이드
  · 주식과 부동산 비교
  · 원금 보장형 투자 상품
  · 월 100만원 재테크 방법
  · 2025년 투자 트렌드
  · 주식 초보자 종목 추천
  · 주식 차트 분석 방법
  · 부동산 투자 지역 분석
  · 투자 포트폴리오 구성 방법
  · 부동산 투자 자금 마련 방법
  · 주식 투자 종목 분석 방법
  · 부동산 투자 세금 혜택
  · 부동산 투자 성공 전략
  · 주식 투자 장기 vs.short-term
  · 주식 투자 가장 좋은 시기
  · 부동산 투자 세액 공제 방법
  · REITs 투자 초보자 가이드
  · 월 50만원으로 시작하는 재테크
  · 주식 투자 적정 금액 계산
  · 적립식 투자 vs 일시불 투자 비교
  · 주식 투자 종목 고르는 방법
  · 부동산 투자 세금 절약 방법
  · 주식 투자 감정 관리 방법
  · 부동산 투자 지역 선택 방법
  · 주식 투자 초기 자본 마련 방법
  · 부동산 투자 성공 사례
  · 주식 투자 매매 전략
  · 부동산 투자 리스크 평가 방법
  · 부동산 투자 기반 자산 구성 방법
  · 주식 투자 분석 도구 비교
  · 부동산 투자 비용 계산 방법
  · 주식 투자 신규 가입 혜택 비교
  · 주식 투자 초보자 전략
  · 부동산 투자 세금 절약 팁
  · 주식 차트 읽는 법
  · 주식 투자 포트폴리오 구성
  · 주식 투자 종목 선택 방법
  · 부동산 투자 지역 전망
  · 주식 투자 수익률 높이는 방법
  · 부동산 투자 세금 신고 방법
  · 부동산 투자 부동산 종류 비교
  · 월 30만원으로 시작하는 재테크
  · 주식 매매 시 최적 거래 시간
  · 아파트 투자 vs 원룸 투자
  · 한국 주택청약 자격 확인 방법
  · 신한은행 저축예금 금리 비교
  · 2025년 부동산 투자 전망
  · 주식 분산 투자와 포트폴리오
  · 주식 차트 분석 기본 방법

[02-investment-products] 경제 > 투자 상품 ...
  · 주식 초보자 투자 방법
  · 2024년 ETF 추천 상품
  · 2024년 첫 주택 구매 팁
  · 공시가격 부동산 투자
  · 해외 주가 투자 가이드
  · 2024년 주식 시장 전망
  · 부동산 대출 비교
  · 2024년 부동산 시장 분석
  · ETF 공시가격 확인 방법
  · 해외 부동산 투자 가이드
  · 2024년 주식 차트 분석
  · 부동산 대출 이자율 비교
  · 주식 투자 기본 용어
  · ETF 투자 기본 가이드
  · 해외 주식 투자 팁
  · 2024년 주식 투자 트렌드
  · 부동산 투자 체크리스트
  · 주식 채권 포트폴리오 구성법
  · 2024년 REITs 투자 시작 방법
  · 미국 ETF 추천 2024
  · 종합자산관리계좌 장단점
  · 2024년 해외부동산 투자 국가
  · 바이낸스 크립토 투자 방법
  · 2024년 주가 지수 ETF 추천
  · 주식 투자 손실 줄이는 법
  · 2024년 부동산 대출 조건 비교
  · 적금과 예금 차이점
  · 2024년 주식 연습 게시판 추천
  · 부동산 투자 수익률 계산법
  · 2024년 금리 인상 영향 분석
  · 2024년 해외 주식 투자 추천
  · 부동산 투자 세금 절약법
  · 2024년 주식 배당금 높은 종목
  · 주식 투자 실시간 차트 분석법
  · 2024년 부동산 공시가격 확인 방법
  · 해외 부동산 투자 세금 주의점
  · 2024년 주당 배당 금액 높은 주식
  · 해외 REITs 투자 방법
  · 2024년 주식 투자 초보자 팁
  · 해외 P2P 대출 투자
  · 2024년 해외 부동산 투자 추천 국가
  · 해외 주식 투자 세금 주의사항
  · 2024년 주식 시세 차트 분석법
  · 해외 부동산 투자 리스크 관리
  · 2024년 부동산 시장 전망
  · 주식 투자 손실 최소화 방법
  · 주식 투자 기본 포트폴리오 구성
  · 2024년 ETF 투자 추천 종목
  · 해외 주식 투자 플랫폼 비교
  · 2024년 주식 투자 실습 가상계좌 추천

[02-asset-management] 경제 > 자산 관리 ...
  · 주식 투자 초보자 가이드
  · 부동산 투자Successful Way
  · 금리 변동률 영향
  · 물가 상승 대응 전략
  · 재테크 정책 분석
  · 부동산 시세 조회
  · 물가 상승 부동산
  · 주식 장세 분석
  · 부동산 세금 계산
  · 금리 인하 기대
  · 물가 안정화
  · 주식 종목 추천
  · 금리 인하 영향
  · 물가 상승 주식
  · 주식 수익률 분석
  · 부동산 중개인 선택
  · 금리 인상 주식
  · 초보자 주택 담보 대출 방법
  · 대출 이자 절약하는 방법
  · 부동산 매매 세금 절감 방법
  · 월급쟁이 재테크 기본
  · 금리 인상 대비 주식 전략
  · 주식 분석 도구 추천
  · 주식 종목 선택 방법
  · 2024년 부동산 정책 변화
  · 부동산 투자 지역 선택 팁
  · 주식 단기 수익 전략
  · 금리 인하 부동산 효과
  · 부동산 투자 확인해야 할 점
  · 주식 투자 처음 시작 방법
  · 초보자 자산관리 기본 원칙
  · 월급쟁이 자산분배 전략
  · 부동산 투자 자산관리
  · 금리변동 자산관리 대처
  · 퇴직금 자산관리 팁
  · 2024 자산관리 트렌드
  · 주식투자 자산관리 연계
  · 가계부 자산관리 활용법
  · NISA 자산관리 전략
  · 자산관리 앱 추천
  · 부동산 자산관리 세금 팁
  · 자산관리 기록 방법
  · 자산관리 도구 추천
  · 자산관리 실패 사례
  · 자동차 자산관리 팁
  · 자산관리 크레딧 관리
  · 자산관리 저금리 대응
  · 자산관리 전문가 상담
  · 자산관리 목표 설정법
  · 자산관리 리스크 관리

[02-financial-news] 경제 > 금융 뉴스 ...
  · 코스피 오래된 주가 차트
  · 2023년 주가 하락 종목
  · 주식 매수할 때 체크리스트
  · 2024년 주가 전망
  · 주식 초보자 필독서 추천
  · 부동산 전세 사기 대처법
  · 2023년 서울 아파트 매매가 동향
  · 금리 인상 부동산 영향
  · 2024 물가 상승 전망
  · 물가 상승시 대처법
  · 2023년 대출 금리 비교
  · 정책금리 변동 이유
  · 대출 신용등급 올리는 방법
  · 2023년 연금 개편 안내
  · 재테크 초보자 필수 가이드
  · ETF 초보자 추천 종목
  · 2024년 재테크 트렌드
  · 코스닥 신규 상장 예정주
  · 주식 투자 자산배분 전략
  · 2023년 인기 코스피 종목
  · 2024년 연금 개편 세부 내용
  · 주식 매매 전략
  · 부동산 전세 대출 조건 비교
  · 2023년 주택임대차 3법 개정
  · 부동산 전세 금리 변동 추이
  · 2024년 부동산 정책 전망
  · 주식 초보자 필수 체크리스트
  · 부동산 전세 사기 예방법
  · 2023년 부동산 매매가 동향
  · 부동산 전세금 대출 신청 방법
  · 2024년 전세권 제도 개정 내용
  · 주식 투자 요금제 비교
  · 부동산 전세금 보증서 발급 방법
  · 2023년 주택 복지 정책
  · 주식 투자 모의 거래 방법
  · 코스피 주가 추이 분석
  · 2024년 ETF 추천 종목
  · 주식 투자 현황 확인
  · 부동산 매매 절차 안내
  · 2024년 금리 전망
  · 금리 인상 대처법
  · 2024년 물가 상승 전망
  · 2024년 대출 금리 비교
  · 대출 신용등급 높이기
  · 2024년 주가 지수 추이 전망
  · ETF 투자 전략 초보자 가이드
  · 2024년 물가 상승 영향 분석
  · 2024년 부동산 정책 최신 동향
  · 대출 금리 비교 방법
  · 코스닥 신규 상장 예정된 종목

[02-economic-indicators] 경제 > 경제 지표 ...
  · 인플레이션 지수 계산 방법
  · 소비자 물가지수 최신 분석
  · GDP 성장률 예측 방법
  · 실업률 데이터 해석
  · 환율 변동 요인 분석
  · 금리 상승 경제 영향
  · 주택가격지수 최신 동향
  · 물가상승률 비교
  · 소비지출 지표 분석
  · 국가채무 비교
  · 경제 성장률 추이
  · 소득 불평등 지표
  · 수출입 통계 해석
  · 인플레이션 대응 전략
  · 경제 지표 예측 방법
  · 금리 인하 효과 분석
  · 주택 임대 시장에서 물가 영향
  · 경제 지표 비교 분석
  · 물가 상승 대응 팁
  · 한국 경제 지표 실시간 확인 방법
  · GDP 성장률 주요 요인 분석
  · 소비자 물가지수 변동 예상
  · 실업률 2024년 동향 분석
  · 환율 변동에 따른 수출 영향
  · 금리 인하 이후 부동산 시장 변화
  · 주택 가격 지수 2024년 비교
  · 물가 상승 대응 재테크 전략
  · 국가채무 부담 대비 GDP 비율
  · 2024년 경제 성장률 전망
  · 수출입 통계 해외 시장 분석
  · 인플레이션 대처 투자 포트폴리오
  · 2024년 경제 지표 예측 포털
  · 금리 상승 부동산 시장 영향
  · 주택 임대 수요와 경제 지표 관계
  · 물가 상승에 강한 업종 분석
  · 소비자 물가지수 산출 방법
  · 전세 시장 동향과 경제 지표 연계
  · 2024년 주택 시장 전망 경제 지표
  · 소비자물가지수 계산 방법
  · GDP 성장률 주요 지표
  · 실업률 데이터 활용 방법
  · 주택 임대 시장 동향
  · 2024년 물가상승률 전망
  · 소비자물가지수 해석 방법
  · 실업률 데이터 실시간 확인
  · 환율 변동 대응 전략
  · 주택가격지수 변동 요인
  · 소비지출 지표 활용법
  · 수출입 통계 분석
  · 인플레이션 대응 투자
  · 2024년 경제 지표 전망

[02-global-economy] 경제 > 글로벌 경제 ...
  · 미국 금리 인상 영향 한국 시장
  · 유럽 재정위기 최신 동향
  · 중국 부동산 시장 전망
  · 미국 통화 긴축 정책 분석
  · 세계 원자재 가격 전망
  · 미국 주택가격 인상 원인
  · 유럽 에너지 위기 해결 방안
  · 중국 소비장벽 영향 한국 수출
  · 미국 채무 상한 협상 현황
  · 세계 교통수단 가격 비교
  · 미국 ITA 운영 송장 쓰기
  · 유럽 쇼핑 세금 환급 방법
  · 중국 통화 유동성 정책 분석
  · 미국 주택임대료 전망
  · 유럽 관광비 절약 팁
  · 중국 수출 규제 강화 현황
  · 미국 서비스 요금 비교
  · 유럽 항공권 할인 팁
  · 미국 주택 구매 절차
  · 유럽 물가 상승 영향
  · 미국 연준 금리 인하 시점 전망
  · 유럽 주요 도시 물가 비교
  · 중국 주택시장 부양책 효과
  · 미국 비자 신청 재테크 팁
  · 유럽 관광지 최저가 항공권 찾기
  · 미국 IT 기업 채용 동향
  · 유럽 환율 변동 패턴 분석
  · 중국 소매업 부진 원인
  · 미국 주택 임대약정 작성 팁
  · 유럽 최저임금 국가 비교
  · 미국 주식 시장 단기 전망
  · 유럽 국가별 세금 환급 방법
  · 중국 수출 규제 강화 영향
  · 미국 대학교 학비 비교
  · 유럽 관광지 교통비 절약 방법
  · 미국 투자 이민 최신 동향
  · 유럽 최저가 항공권 예약 방법
  · 중국 부동산 시장 부양책 효과
  · 미국 주택 구매 재테크 팁
  · 유럽 관광지 최적 여행 계절
  · 미국 달러 강화 원인 분석
  · 유럽 중앙은행 금리 정책 변화
  · 중국 경제 성장률 예측 2025
  · 미국 Fed 금리 인하 시점 예측
  · 유럽 자동차 시장 전망 2024
  · 유럽 에너지 가격 전망 2024
  · 미국 인플레이션 전망 2024
  · 유럽 여행 세금 환급 최신 방법
  · 중국 부동산 시장 부동산 정책
  · 미국 주택 임대료 상승 원인
  · 유럽 항공권 저렴하게 예약 팁
  · 미국 Fed 금리 policies
  · 유럽 국가별 최저임금 비교
  · 미국 주식 시장 2024 전망

[02-tax-info] 경제 > 세금 정보 ...
  · 소득세 신고 방법
  · 주식 매매 세금 계산기
  · 부동산 양도세 절세 팁
  · 종합소득세 과세 기준
  · 소액주주 배당세 면제
  · 부동산 등기세 계산
  · 개인사업자 사업소득세
  · 세금 신고 마감일
  · 주식 투자 세금 절감
  · 부동산 취득세 감면
  · 소득세 과세 과급
  · 증권사 매매세율 비교
  · 세금 환급 신청 방법
  · 부동산 등록세 계산기
  · 소득세 과표액 계산
  · 주식 배당금 세금
  · 부동산 양도세 감면
  · 소득세 감면 신청
  · 주식 투자 세금 신고
  · 부동산 세금 공제
  · 소득세 과세 대상이 아닌 소득
  · 부동산 양도세 대리 신고 방법
  · 부동산 취득세 계산기 사용법
  · 소득세 과세 기준 변경 소식
  · 부동산 양도세 공제 방법
  · 소득세 과세 기준 계산 방법
  · 주식 매매 세금 절세 팁
  · 소득세 과세 기준 적용 예시
  · 소득세 과세 기준 변경 영향 분석
  · 부동산 양도세 과세 기준
  · 개인사업자 소득세 계산
  · 세금 환급 신청 기한
  · 주식 매매 세금 절세 방법
  · 주식 매매 세금 계산 방법
  · 부동산 양도세 공제 조건
  · 소액주주 배당세 과세 기준
  · 소득세 과세 기준 계산하기
  · 세금 신고 기한 확인 방법
  · 소득세 과세 대상 소득 예외
  · 개인사업자 세금 신고 필수 체크리스트
  · 부동산 양도세 대리 신고 비용
  · 주식 배당세 공제 방법
  · 부동산 양도세 계산기 사용법
  · 부동산 등기세 감면 조건
  · 소득세 과세 대상 소득 예시
  · 소득세 과세 기준 예시 계산
  · 부동산 양도세 신고 방법 비교
  · 소득세 신고 마감일 2024
  · 주식 배당세 과세 기준 2024
  · 소액주주 배당세 공제 조건
  · 개인사업자 세금 신고 체크리스트

[02-financial-planning] 경제 > 재무 설계 ...
  · 30대 재무 설계 초기 단계
  · 40대 재테크 전략
  · 주부 재무 설계 팁
  · 초보자 재무 설계 단계
  · 월급족 재무 설계 방법
  · 자산 증식 재무 설계
  · 자녀 교육비 재무 설계
  · 퇴직 준비 재무 설계
  · 부동산 투자 재무 설계
  · 주식 투자 재무 설계
  · 저축 계좌 비교 재무 설계
  · 보험 선택 재무 설계
  · 부채 관리 재무 설계
  · 해외 투자 재무 설계
  · 금융 상품 비교 재무 설계
  · 자산 배분 재무 설계
  · 세금 절세 재무 설계
  · 가계부 관리 재무 설계
  · 재무 설계 전문가 상담
  · 재무 설계 필수 도구
  · 월급으로 재테크 시작하기
  · 30대 초반 재무 설계 방법
  · 주식투자 초보자 재테크 팁
  · 퇴직 연금 재무 설계 방법
  · 저축 계좌 비교 재테크
  · 보험 선택 재테크 팁
  · 부채 관리 재테크 방법
  · 해외 투자 재테크 전략
  · 금융 상품 비교 재테크 팁
  · 자산 배분 재테크 전략
  · 세금 절세 재테크 팁
  · 가계부 관리 재테크 방법
  · 재무 설계 성공 사례
  · 재무 설계 기본 원칙
  · 재무 설계 체크리스트
  · 재무 설계 오류 피하는 방법
  · 재무 설계 목표 설정 방법
  · 재무 설계 시작하기
  · 월급족 월별 재무 설계 방법
  · 혼자로 시작하는 재무 설계 팁
  · 30대 재테크 초보자 가이드
  · 주부 재테크 팁
  · 월급 300만원 재테크 방법
  · 투자 초보자 자산 배분 방법
  · 부동산 투자 재테크 전략
  · 주식 투자 자산 배분 방법
  · 저축과 투자 비교 재무 설계
  · 보험 가입 재무 설계 전략
  · 월급으로 부동산 투자 재테크
  · 주식 투자 재테크 초기 단계
  · 저축 통장 비교 재무 설계
  · 해외 투자 재테크 팁
  · 부채 상환 재무 설계 방법

[02-economic-knowledge] 경제 > 경제 상식 ...
  · 물가 상승 대처 방법
  · 금리 인상 주택담보대출 영향
  · 주식 투자 기본 원리
  · 부동산 투자 팁
  · 금리 정책 변화와 경제 영향
  · 재정 정책과 경제 성장
  · 부동산 시장 전망 2023
  · 금리 인하와 주택 시장 영향
  · 재테크 초보자 주당 추천
  · 금리 정책과 주식 시장
  · 물가 상승과 소득 영향
  · 재정 정책과 주식 시장
  · 부동산 투자 기본 용어
  · 금리 인상과 부동산 시장
  · 물가 상승 시 생필품 절약 방법
  · 금리 인상 후 대출 환급 방법
  · 주식 투자 초보자 종목 선택법
  · 부동산 투자 적금 계획 세우기
  · 금리 인하와 주택 대출 비교
  · 재정 정책과 개인 소득 영향
  · 부동산 시장 2023 하반기 전망
  · 주식 시장금리 정책 분석
  · 물가 상승과 소득 격차 영향
  · 부동산 투자 유럽 시장 전망
  · 금리 인하와 주택 시장 전망
  · 주식 투자 2024 전망
  · 부동산 투자 미국 시장 분석
  · 금리 인상과 주택 대출 리스크
  · 주식 시장 서양 경제 분석
  · 물가 상승과 소득 증진 전략
  · 재정 정책과 부동산 시장 영향
  · 통장 이자 계산법
  · 부동산 등기부등본 확인 방법
  · 금리 인상과 채권 투자
  · 부동산 세금 절세 방법
  · 주식 매수 시점 판단 방법
  · 부동산 담보대출 계산기
  · 금리 인하와 예금 이자
  · 주식 투자 손절 조건
  · 주식 차트 패턴 분석
  · 부동산 중개 수수료 절약
  · 주식 배당금 계산법
  · 부동산 전세 보증금 분쟁
  · 주식 투자 부채비율 분석
  · 부동산 임대소득 세금
  · 주식 투자 ESG 분석
  · 부동산 계약서 작성 팁
  · 주식 투자 단기매매 전략
  · 초보자를 위한 경제 용어 설명
  · 물가 상승 시 생활비 절감 방법
  · 금리 인하와 주택 대출 상환 금액 비교
  · 재정 정책이 개인 재테크에 미치는 영향
  · 정책 금리 변경과 주식 시장 반응
  · 부동산 중개 수수료 계산법
  · 주식 투자 종목 선정 기본 원칙

[02-retech-strategy] 경제 > 재테크 전략 ...
  · 초보자 주식 투자법
  · 2025 부동산 장기 투자
  · 저금리 시대 적금 비교
  · 물가 상승 대응 투자
  · 정부 주택 보증 지원
  · EFT 투자 초보자 가이드
  · 2025년 부동산 시장 전망
  · 저축을 통한 재테크
  · 주식 트레이딩 전략
  · 금리 인상 대응 전략
  · 부동산 시장 분석 방법
  · 주식 초보자 팁
  · 2025년 경제 정책 전망
  · 저축은행 예금 비교
  · 2025년 부동산 투자 지역
  · 월급쟁이 월급 투자법
  · 주식 초보자 포트폴리오
  · 저금리 시대 재테크
  · 2026년 주식 시장 전망
  · 저축은행 비교
  · 2026년 부동산 시장 분석
  · 주식 차트 분석법
  · 2026년 경제 정책 영향
  · 부동산 투자 지역 비교
  · 주식 초보자 패널티
  · 2026년 부동산 장단점
  · 저금리 예금 추천
  · 2026년 부동산 투자 전략
  · 주식 초보자 ETN
  · 2026년 부동산 투자 비용
  · 주식 초보자 배당주
  · 2026년 부동산 투자 성용도
  · 월급쟁이 부동산 투자 시작법
  · 2026년 주식 투자 유망 종목
  · 저금리 시대 투자 대안 추천
  · 부동산 투자 검증 방법
  · 2026년 주택담보대출 비교
  · 주식 초보자가 알아야 할 용어
  · 월급으로 월 50만원 투자 방법
  · 2026년 부동산 투자 지역 추천
  · 적금과 예금 차이와 선택법
  · 부동산 투자 안정성 확인 방법
  · 2026년 저축은행 예금 금리 비교
  · 주식 트레이딩 초보자 가이드
  · 저금리 시대 적금 추천
  · 2026년 주식 투자 전략
  · 2026년 금리 인상 대응 재테크
  · 주식 투자 기본 분석법
  · 2026년 부동산 투자 리스크 관리
  · 저금리 시대 투자 포트폴리오 구성

[03-diet-meal-plan] 건강/다이어트 > 다이어트 식단 ...
  · 초보자 다이어트 식단
  · 저탄수화물 다이어트 식단
  · 간편 다이어트 식단
  · 프로테인 다이어트 식단
  · 제철 음식 다이어트 식단
  · 소화 잘 되는 다이어트 식단
  · 저지방 다이어트 식단
  · 간식 다이어트 식단
  · 저칼로리 다이어트 식단
  · 한식 다이어트 식단
  · 차 다이어트 식단
  · 식사 대용 다이어트 식단
  · 고단백 다이어트 식단
  · 저염 다이어트 식단
  · 저당 다이어트 식단
  · 아침 다이어트 식단
  · 저녁 다이어트 식단
  · 점심 다이어트 식단
  · 임신 후 다이어트 식단
  · 청소년 다이어트 식단
  · 비건 다이어트 식단
  · 생리 기간 다이어트 식단
  · 제주도 현지 음식 다이어트 식단
  · 분식 다이어트 식단
  · 근육 증강 다이어트 식단
  · 간편 아침 다이어트 레시피
  · 초고단백 저탄수 다이어트 식단
  · 임산부 건강 다이어트 식단
  · 저칼로리 고단백 간식
  · 저탄수 식품 대용 다이어트 식단
  · 비만 체질 다이어트 식단
  · 당뇨병 다이어트 식단
  · 고혈압 다이어트 식단
  · 단기 다이어트 식단
  · 한식 저탄수 다이어트 식단
  · 식사 대체 다이어트 식단
  · 저칼로리 저탄수 다이어트 식단
  · 야식 다이어트 식단
  · 고지방 저탄수 다이어트 식단
  · 간편 저탄수 다이어트 식단
  · 초보자 고단백 저탄수 다이어트 식단
  · 저칼로리 고단백 요리 다이어트 식단
  · 저탄수화물 고단백 아침 식단
  · 고단백 저탄수화물 저녁 식단
  · 저탄수화물 고단백 점심 식단
  · 저탄수화물 고단백 야식 식단
  · 저탄수화물 고단백 간편 식단
  · 저탄수화물 고단백 간편 아침 식단
  · 저탄수화물 고단백 간편 점심 식단
  · 저탄수화물 고단백 간편 저녁 식단
  · 저탄수화물 고단백 간편 야식 식단
  · 저탄수화물 고단백 간편 간식 식단
  · 저탄수화물 고단백 식사 대체 식단

[03-exercise-routine] 건강/다이어트 > 운동 루틴 ...
  · 초보자 위한 근력운동 루틴
  · 달리기 초보자 운동 계획
  · 집에서 하는 고강도 간격 운동
  · 여성 위한 근력운동 루틴
  · 달리기 초보자 있습니다
  · 집에서 하는 스트레칭 루틴
  · 여름 체지방 감소 운동
  · 사무실 근육통 해소 운동
  · 달리기 체력 향상 운동
  · 집에서 하는 복근 운동
  · 달리기 부상 예방 운동
  · 집에서 하는 버피 운동
  · 달리기 속도 향상 운동
  · 집에서 하는 요가 루틴
  · 달리기 인체 공학 운동
  · 집에서 하는 스트레스 해소 운동
  · 달리기 호흡법 운동
  · 집에서 하는 등근육 운동
  · 달리기 정기 운동 효과
  · 집에서 하는 하체 근력 운동
  · 초보자 근력 운동 루틴
  · 근력운동 루틴 맞춤
  · 달리기 초보자 3개월 계획
  · 고강도 간격 운동 효과
  · 비만 체질 운동 루틴
  · 직장인 근력 운동 팁
  · Dalcomhome 복근 운동
  · 운동 전후 스트레칭
  · 가을 운동 루틴
  · 운동 부상 예방법
  · 운동 동기 부여 방법
  · 근력 운동 식단
  · 운동 효과 측정 방법
  · 운동과 수면 질 향상
  · 운동 전후 영양소 섭취
  · 집에서 하는 하체 운동
  · 초보자 근력운동 시작 방법
  · 달리기 초보자 장비 추천
  · 2023 가을 홈트레이닝 루틴
  · 근력운동 식단과 영양소
  · 무게 운동 초보자 동기 부여
  · 달리기 부상 관리 방법
  · 직장인 근력 운동 계획
  · 2023년 가을 달리기 이벤트
  · 2023년 겨울 실내 운동 추천
  · 달리기 효과적인 호흡법
  · 2023년 봄 근력 운동 루틴
  · 달리기 부상 예방 스트레칭
  · 2023년 여름 수영 체력 운동
  · 달리기 초보자 6개월 계획
  · 2023년 가을 달리기 준비 팁
  · 달리기 체력 향상 식단
  · 2023년 겨울 실외 운동 추천

[03-supplement-guide] 건강/다이어트 > 영양제 정보 ...
  · 비타민D 영양제 효능
  · 오메가3 장점 부작용
  · 멀티비타민 추천 2026
  · 콜라겐 복용 시기
  · 프로바이오틱스 피부 효과
  · 아연 영양제 과다 섭취
  · 마그네슘 부작용
  · 영양제 빈속 복용
  · 철분 영양제 선택법
  · 영양제 함께 먹으면 안되는 것
  · B복합영양제 효능
  · 영양제 복용 시간
  · 아연 영양제 효능
  · 비타민C 영양제 추천
  · 영양제 복용 주의사항
  · 영양제 비교 가이드
  · 영양제 부작용 관리
  · 영양제 복용 주기
  · 영양제 복용 효율성
  · 영양제 복용 효과
  · 비타민D 영양제 모닝 루틴
  · 오메가3 심장 건강 효과
  · 콜라겐 보충제 피부 탄력
  · 프로바이오틱스 장 건강
  · 아연 영양제 면역력 향상
  · 마그네슘 수면 개선
  · 비타민C 감기 예방
  · 철분 영양제 철분분자형 비교
  · 비타민B12 부작용 관리
  · 영양제 복용 안전성 점검
  · 영양제 부작용 예방 팁
  · 영양제 복용 기본 규칙
  · 영양제 복용 최적 조합
  · 영양제 복용 실패 사례
  · 영양제 복용 성공 이야기
  · 영양제 복용 실수 방지법
  · 2026년 1월 영양제 추천
  · 20대 여성 영양제 추천
  · 당뇨 환자 영양제 추천
  · 영양제 휴약기간 필요성
  · 비타민C 영양제 브랜드 비교
  · 오메가3 영양제 최적 복용 시간
  · 철분 영양제 부작용 완화법
  · 비타민C와 철분 함께 먹는 부작용
  · 마그네슘 영양제 수면 개선 효과
  · 콜라겐 영양제 물에 타서 먹을 때 효과
  · 비타민D 영양제 과다 복용 증상
  · 아연 영양제 피부 효과
  · B복합영양제 아침 복용 효율성
  · 영양제 복용 중 약물 상호작용 주의
  · 오메가3 영양제 뇌 건강 효과
  · 비타민E 영양제 식사 후 복용 효율성
  · 영양제 복용 중 임신 시 주의사항
  · 비타민B12 영양제 피로 회복 효과
  · 칼슘 영양제 음료와 함께 복용 효율성

[03-disease-prevention] 건강/다이어트 > 질병 예방 ...
  · 당뇨병 예방 운동
  · 고혈압 식단 매뉴얼
  · 간 건강을 위한 식품
  · 심장병 예방 방법
  · 위장 건강을 위한 발효 음식
  · 면역력 높이는 영양제 추천
  · 암 예방을 위한 금연 방법
  · 뇌졸중 예방 운동 동영상
  · 기침 예방을 위한 생활습관
  · 관절 건강을 위한 스트레칭
  · 눈 건강을 위한 비타민
  · 피로 회복을 위한 음료 추천
  · 감기 예방을 위한 재택 작업법
  · 수면 장애 예방을 위한 습관
  · 심리적 스트레스 관리법
  · 비만 예방을 위한 식습관
  · 알레르기 예방을 위한 음식 조합
  · 노화 방지를 위한 안티 에이징 팁
  · 두통 예방을 위한 자세 교정법
  · 면역력 향상 식단
  · 당뇨병 예방 식단표
  · 고혈압 예방 운동법
  · 간 건강을 위한 해장국 레시피
  · 심장병 예방을 위한 보조식품
  · 위 건강에 좋은 김치 종류
  · 면역력 높이는 아침 식단
  · 암 예방을 위한 운동 시간
  · 뇌졸중 예방 생활습관
  · 기침 예방을 위한 초간단 요리
  · 관절 건강을 위한 요가 포즈
  · 눈 건강을 위한 안경 선택법
  · 피로 회복을 위한 음료 조합
  · 감기 예방을 위한 집밥 레시피
  · 수면 장애 예방을 위한 침대 선택
  · 스트레스 해소에 좋은 음악 리스트
  · 비만 예방을 위한 식단표
  · 알레르기 예방을 위한 실내 청소법
  · 노화 방지를 위한 오메가3 음식
  · 두통 예방을 위한 스트레칭 방법
  · 면역력 향상하는 아침 습관
  · 당뇨병 예방 최적 운동법
  · 고혈압 조절 효과적 식단
  · 간 건강을 위한 추천 식품
  · 심장병 예방 일상 생활법
  · 감기 예방을 위한 생활습관
  · 감기 예방 재택 운동법
  · 심장병 예방을 위한 식단 조합
  · 알레르기 예방을 위한 실내 공기 정화 방법
  · 당뇨병 예방에 좋은 간식 추천
  · 수면 장애 예방을 위한 아침 습관
  · 고혈압 예방 운동 동영상 추천
  · 간 건강을 위한 음료 조합
  · 노화 방지를 위한 스킨케어 팁
  · 스트레스 해소를 위한 명상 방법

[03-sleep-health] 건강/다이어트 > 수면 건강 ...
  · 수면 부족 해결 방법
  · 깊은 수면 유도 음원
  · 수면 질 개선 영양제
  · 수면 시간 관리 앱
  · 수면 중 이빨 갈기 해결법
  · 낮잠의 최적 시간
  · 수면 환경 개선 팁
  · 수면 호흡 정지증 치료법
  · 수면 중 다리 경련 해결
  · 수면 시간 부족 증상
  · 수면 습관 교정 프로그램
  · 수면 중 간부장 현상
  · 수면 중 무뤼도 현상
  · 수면 중 통증을 줄이는 방법
  · 수면 중 꿈을 보는 이유
  · 수면 중 간부장 예방법
  · 수면 중 간부장 증상
  · 수면 중 간부장 완화 운동
  · 수면 중 간부장 치료제
  · 수면 중 간부장 음식
  · 수면 부족 예방법
  · 수면 중 이불 차는 이유
  · 수면 중 간부장 완화 방법
  · 수면 중 발가락 간부장 예방
  · 수면 중 발 뾰족한 이유
  · 수면 중 다리 저림 해결
  · 수면 중 허리 통증 완화
  · 수면 중 손 저림 원인
  · 수면 중 발가락 저림 해결
  · 수면 중 고추장 꿈 의미
  · 수면 중 발가락 구르는 이유
  · 수면 중 손목 통증 해결
  · 수면 중 발 손가락 간부장
  · 수면 중 발가락 당기는 이유
  · 수면 중 발가락 마비 해결
  · 수면 중 발가락 간질림 원인
  · 수면 중 발가락 당기는 운동
  · 수면 중 발가락 아픈 이유
  · 수면 중 발가락 저림 운동
  · 수면 중 발가락 당기는 방법
  · 수면 중 졸림 극복 방법
  · 수면 중 발가락 구르는 원인
  · 수면 중 이불 차는 해결법
  · 수면 중 발가락 아픈 원인
  · 수면 중 발가락 구르는 운동
  · 수면 중 발가락 마비 예방법
  · 수면 중 발가락 저림 원인
  · 수면 중 발가락 간부장 완화법
  · 수면 중 손발 저림 해결 방법
  · 수면 중 허리 통증 예방 운동
  · 수면 중 발트가 구르는 이유
  · 수면 중 이불 차는 문제 해결
  · 수면 중 손목 통증 완화 방법

[03-weight-management] 건강/다이어트 > 체중 관리 ...
  · 초보자를 위한 체중 감량
  · 고령자 체중 감소 방법
  · 임신 후 체중 관리
  · 간편한 식단으로 체중 조절
  · 직장인 체중 감소 전략
  · 저탄수화물 식단 체중 감소
  · 간편운동 체중 감소
  · 체중 감소 보조제 효과
  · 체중 감소 운동 플랜
  · 체중 관리 식품 추천
  · 체중 감소 실패 원인
  · 체중 조절을 위한 수면 관리
  · 체중 감소 후 유지 방법
  · 체중 감소 후 반탄력 방지
  · 체중 감소 후 식단 관리
  · 체중 감소 후 운동 관리
  · 체중 감소 후 스트레스 관리
  · 체중 감소 후 건강 검진
  · 체중 감소 후 사회생활 관리
  · 체중 감소 후 외모 관리
  · 체중감량 운동 초보자
  · 간편 체중감량 식단
  · 체중감량 보조제 효과
  · 직장인 체중감량법
  · 임신 중 체중관리
  · 체중감량 운동 플랜
  · 저탄수화물 체중감량
  · 체중감량 실패 원인
  · 체중감량 후 유지법
  · 체중감량 후 반탄력 방지
  · 고령자 체중감량법
  · 체중감량 후 식단 관리
  · 체중감량 후 운동 관리
  · 체중감량 후 스트레스 관리
  · 체중감량 후 건강 검진
  · 체중감량 후 사회생활 관리
  · 체중감량 후 외모 관리
  · 체중감량 보조제 추천
  · 체중감량 식단 일주일 계획
  · 바쁜 직장인 체중 감소 식단
  · 임신 중 체중 관리 팁
  · 저탄수화물 체중 감량 식단
  · 체중 감소 보조제 추천
  · 체중 감소 아침 식단
  · 체중 감소 간편 레시피
  · 체중 감소 운동 추천
  · 체중 감소 보조제 비교
  · 체중 감소 실패 방지법
  · 체중 감소 후 운동 플랜
  · 체중 감소 초보자 운동 루틴
  · 체중 감소 식단 예시
  · 체중 감소 보조제 부작용
  · 체중 감소 운동 효과 비교
  · 체중 감소 식단 레시피
  · 체중 감소 운동 초보자 가이드

[03-health-tips] 건강/다이어트 > 건강 팁 ...
  · 아침 공복에 좋은 아침 운동
  · 간단한 집에서 할 수 있는 다이어트 운동
  · 30분 운동으로 하루 1000칼로리 소모
  · 견갑골 운동으로 유연성 향상
  · 무게 없는 다이어트 효과적인 운동
  · 집에서 할 수 있는 등근육 운동
  · 인터벌 트레이닝으로 체지방 감소
  · 목과 등 통증 완화하는 스트레칭
  · 집에서 할 수 있는 복근 운동
  · 다이어트 운동으로 체지방 감소 방법
  · 집에서 할 수 있는 골반 운동
  · 집에서 할 수 있는 폐활량 늘리는 운동
  · 집에서 할 수 있는 다리 운동
  · 집에서 할 수 있는 허리 운동
  · 집에서 할 수 있는 팔 운동
  · 집에서 할 수 있는 어깨 운동
  · 집에서 할 수 있는 손목 운동
  · 집에서 할 수 있는 발목 운동
  · 집에서 할 수 있는 다이어트 다리 운동
  · 집에서 할 수 있는 복부 근력 운동
  · 집에서 간편하게 하는 아침 운동
  · 직장에서 Pohza 할 수 있는 운동
  · 스트레스 해소 운동 추천
  · 집에서 스스로 할 수 있는 요가 운동
  · 체중 감량 운동 효과적인 방법
  · 집에서 할 수 있는 무게 없는 운동
  · 집에서 할 수 있는 인터벌 트레이닝
  · 집에서 할 수 있는 스트레칭 운동
  · 집에서 쉽게 할 수 있는 건강한 아침 운동
  · 직장에서 간편한 스트레칭 운동 방법
  · 집에서 무게 없이 하는 다리 운동
  · 집에서 하는 복부 근력 운동 추천
  · 집에서 하는 손목 통증 완화 운동
  · 집에서 하는 허리 통증 개선 운동
  · 집에서 하는 발목 근력 강화 운동
  · 집에서 하는 포스트 운동 스트레칭
  · 집에서 하는 간단한 호흡 운동법
  · 집에서 하는 체중 감량 운동법
  · 집에서 하는 유연성 향상 스트레칭
  · 집에서 하는 골반 운동법
  · 집에서 하는 목 통증 완화 운동법
  · 집에서 하는 간단한 요가 포즈
  · 집에서 하는 체력 향상 운동법
  · 집에서 하는 발가락 운동법
  · 집에서 하는 손가락 운동법
  · 전체 몸 근육을 쓰는 운동
  · 간편한 아침 운동 루틴
  · 직장에서 할 수 있는 스트레칭
  · 집에서 하는 허리 운동
  · 집에서 하는 팔 운동
  · 집에서 하는 어깨 운동
  · 집에서 하는 발목 운동
  · 집에서 하는 다리 운동

[03-fitness] 건강/다이어트 > 피트니스 ...
  · 집에서 할 수 있는 기술적인 운동
  · 초보자용 근력 운동 가이드
  · 여성을 위한 인터벌 트레이닝
  · 피트니스 식단 플랜
  · 다이어트와 함께하는 운동 루틴
  · 근육 증가를 위한 운동 팁
  · 체지방 감소 운동 방법
  · 피트니스 클럽에서 하는 운동
  · 스마트폰으로 하는 운동 앱 추천
  · 피트니스 웨어 추천
  · 피트니스 트래이너와 함께하는 운동
  · 피트니스 보조제 비교
  · 피트니스와 스포츠 영양학
  · 피트니스와 스트레스 관리
  · 피트니스와 수면의 관계
  · 피트니스와 마음가짐
  · 피트니스와 건강한 습관
  · 피트니스와 커피의 관계
  · 피트니스와 수영의 효과
  · 피트니스와 요가 결합 운동
  · 재택 근로자를 위한 운동 루틴
  · 근력 운동 초보자용 직접 체크리스트
  · 여성 피트니스 운동복 추천
  · 유산소 운동으로 체지방 감소하는 법
  · 근육 증가를 위한 식단 플랜
  · 2025년 피트니스 트렌드
  · 피트니스와 간편한 아침운동
  · 피트니스와 근력 운동 효과 비교
  · 피트니스와 그룹 운동 효과
  · 피트니스와 신체 측정 방법
  · 피트니스와 초보자용 운동 팔로우업
  · 피트니스와 근력 운동 루틴 비교
  · 피트니스와 운동 부상 예방 팁
  · 피트니스와 완전 초보자용 운동 가이드
  · 피트니스와 운동 효과를 높이는 팁
  · 피트니스와 신체 균형 운동 추천
  · 피트니스와 운동 루틴 조절 방법
  · 집에서 혼자 할 수 있는 근력 운동
  · 초보자용 피트니스 운동 루틴
  · 여성을 위한 다이어트 운동법
  · 근육증가 식단과 운동법
  · 피트니스와 무게 운동 비교
  · 피트니스 보조제 추천과 사용법
  · 피트니스와 스트레스 해소 운동
  · 피트니스와 수면 향상 운동
  · 피트니스와 간편한 아침 운동
  · 홈트레이닝으로 체지방 감소
  · 피트니스 보조제 효과와 안전성
  · 피트니스와 프로틴 섭취 시점
  · 피트니스와 근력 운동 부상 예방
  · 피트니스와 HIIT 운동 효과
  · 피트니스와 근력 운동 보조제
  · 피트니스와 홈트레이닝 환경 구성
  · 피트니스와 운동 루틴 계획법
  · 피트니스와 유산소 운동 효과 비교

[03-diet-experience] 건강/다이어트 > 다이어트 후기 ...
  · 3개월 건강한 다이어트 후기
  · 운동 없이 다이어트 성공 체험담
  · 초보자를 위한 다이어트 팁
  · 10대 다이어트 후기
  · 골프 다이어트 효과 후기
  · 1개월 단식 다이어트 후기
  · 경제적인 다이어트 식단
  · 임신 후 다이어트 후기
  · 20대 여성 다이어트 팁
  · 간편한 다이어트 레시피
  · 간편한 다이어트 운동
  · 다이어트 실패 후기
  · 여름 다이어트 후기
  · 간편한 다이어트 간식 추천
  · 다이어트 후 체중 유지 방법
  · 간편한 다이어트 음료 추천
  · 다이어트 후 체지방 감소 후기
  · 간편한 다이어트 조리법
  · 간편한 다이어트 식단 추천
  · 다이어트 고단백 식단 후기
  · 임신 중 다이어트 팁
  · 다이어트 후 피부 탄력 유지 방법
  · 20대 남성 다이어트 후기
  · 다이어트 후 체지방 측정 방법
  · 간편한 다이어트 간식 레시피
  · 다이어트 후 체중 복원 방지법
  · 다이어트 후 피로감 극복 방법
  · 30대 여성 다이어트 후기
  · 다이어트 후 체형 유지 팁
  · 다이어트 후 스트레스 관리 방법
  · 40대 남성 다이어트 후기
  · 다이어트 후 근력 유지 방법
  · 다이어트 후 수면 개선 방법
  · 50대 여성 다이어트 후기
  · 다이어트 후 면역력 증가 방법
  · 간편한 다이어트 칵테일 레시피
  · 홈트레이닝으로 다이어트 성공 후기
  · 다이어트 전후 비교 사진 공유
  · 다이어트 중 피로감 극복 방법
  · 다이어트 후 체중 유지 팁
  · 다이어트 중 간식 추천 2024년
  · 다이어트 후 피부 탄력 회복 방법
  · 다이어트 중 스트레스 관리 팁
  · 다이어트 중 음주 영향과 대처법
  · 다이어트 중 수면 개선 팁
  · 다이어트 중 근력 유지 방법
  · 다이어트 중 간편한 식단 메뉴
  · 다이어트 중 간식 레시피 공유
  · 다이어트 중 간편한 운동 루틴
  · 다이어트 후 체중 유지 식단 플랜

[03-healthy-diet] 건강/다이어트 > 건강 식단 ...
  · 건강한 아침 식단 레시피
  · 다이어트 식단 일주일 계획
  · 중년 남자 건강 식단
  · 저탄수화물 식단 리뷰
  · 임신 중 건강 식단
  · 간편 건강 식단
  · 식물성 단백질 식단
  · 당뇨병 환자 식단
  · 영양밸런스 식단
  · 고지방 저탄수화물 식단
  · 영역 건강 식단
  · 저염 식단 레시피
  · 간편 건강 간식
  · 철분 함량 높은 식단
  · 저칼로리 식단
  · 식이섬유 풍부한 식단
  · 비건 건강 식단
  · 건강한 점심 식단
  · 건강한 저녁 식단
  · 건강한 간식 레시피
  · 건강한 간식 대용 식단
  · 다이어트 중 간식 건강 식단
  · 당뇨병 환자 고지방 식단
  · 고혈압 환자 저염 식단
  · 건강한 아침 식단 영양 비교
  · 식이섬유 풍부한 건강 식단 레시피
  · 중년 여성 건강 식단
  · 건강한 식단 주문 서비스 추천
  · 저칼로리 건강 식단 레시피
  · 건강 식단과 운동 효과
  · 건강 식단과 수면 질 향상
  · 건강 식단과 면역력 향상
  · 건강 식단과 스트레스 해소
  · 건강 식단과 피부 건강
  · 운동 후 건강 식단 레시피
  · 당뇨병 환자 저탄수화물 식단
  · 건강한 아침 식단 30분 조리법
  · 저염 식단과 고혈압 관리
  · 철분 풍부한 식단과 어지럼증
  · 식이섬유 풍부한 건강 식단과 변비 개선
  · 건강 식단과 운동 합동 효과
  · 건강 식단과 영양소 균형
  · 건강 식단과 체중 관리
  · 건강 식단과 두통 개선
  · 건강 식단과 관절 건강 유지
  · 건강한 아침 식단 추천
  · 하루 3식 건강 식단 예시
  · 건강 식단 간편 레시피
  · 건강 식단과 다이어트 효과
  · 건강 식단과 영양소 조합

[03-post-workout-recovery] 건강/다이어트 > 운동 후 회복 ...
  · 운동 후 근육통 완화 방법
  · 운동 후 스트레칭 가이드
  · 운동 후 BCAA 복용 방법
  · 운동 후ice bath 효과
  · 운동 후 수분 보충 팁
  · 운동 후 단백질 섭취 시간
  · 운동 후 근육 회복 음료
  · 운동 후 코엔자임Q10 복용
  · 운동 후 기저귀 복용 효과
  · 운동 후 근육 회복 식단
  · 운동 후 아이스팩 사용법
  · 운동 후 마사지 효과
  · 운동 후 수면과 회복
  · 운동 후 근육 통증 예방법
  · 운동 후 복합 비타민 복용
  · 운동 후 간편한 음료 추천
  · 운동 후 피해복용 방법
  · 운동 후 근육 이완 방법
  · 운동 후 근육 통증 완화 제약품
  · 운동 후 근육 회복을 위한 영양제
  · 운동 후 근육통 완화 팁
  · 운동 후 스트레칭 방법
  · 운동 후 영양제 추천 리스트
  · 운동 후 피로 회복 팁
  · 운동 후 근육 회복 식습관
  · 운동 후 근육 회복을 위한 영양소
  · 운동 후 근육 회복을 위한 마사지 방법
  · 운동 후 근육 회복을 위한 스트레칭
  · 운동 후 근육 회복을 위한 수면 팁
  · 운동 후 근육 회복을 위한 음식
  · 운동 후 근육 회복을 위한 쉬는 시간
  · 운동 후 근육통 완화 영양제 추천
  · 운동 후 스트레칭 동영상
  · 운동 후 BCAA 효과 기간
  · 운동 후 아이스팩 사용 시간
  · 운동 후 수분 보충 음료
  · 운동 후 단백질 섭취 양
  · 운동 후 근육 회복 마사지
  · 운동 후 수면 부족 영향
  · 운동 후 근육통 예방 식단
  · 운동 후 복합 비타민 효과
  · 운동 후 근육 회복을 위한 간편 음식
  · 운동 후 근육통 완화 의약품
  · 운동 후 근육 회복을 위한 드링크
  · 운동 후 근육통 완화 팩
  · 운동 후 근육 회복을 위한 의학적인 방법
  · 운동 후 근육통 완화를 위한 마사지 기구
  · 운동 후 근육 회복 BCAA 복용 시기
  · 운동 후 근육통 완화 약물
  · 운동 후 근육 회복을 위한 간편 요리
  · 운동 후 근육 회복을 위한 마사지 기구
  · 운동 후 근육통 완화 효과적인 스트레칭
  · 운동 후 근육 회복을 위한 간편 드링크

[03-obesity-management] 건강/다이어트 > 비만 관리 ...
  · 비만 BMR 계산법
  · 비만 간식이름과 칼로리
  · 비만 운동 초보자 루틴
  · 비만 간편 레시피
  · 비만 체지방률 줄이는 법
  · 비만 당뇨 예방 식단
  · 비만 수면 부족 영향
  · 비만 허리둘레 측정법
  · 비만 스트레스 관리법
  · 비만 영양제 추천
  · 비만 간편 체중 측정법
  · 비만 간식 대체법
  · 비만 운동 효과 비교
  · 비만 간편 식단 관리법
  · 비만 간편 운동 추천
  · 비만 간편 체중 감량법
  · 비만 간편 영양제 선택법
  · 비만 간편 스트레스 관리법
  · 비만 간편 수면 관리법
  · 비만 간편 체중 유지법
  · 비만 다이어트 성공 사례
  · 비만 운동 초보자 가이드
  · 비만 간편 체중 측정 앱
  · 비만 다이어트 실패 원인
  · 비만 간편 다이어트 팁
  · 비만 간편 운동 방법
  · 비만 간편 다이어트 식품
  · 비만 간편 체중 관리법
  · 비만 간편 다이어트 방법
  · 비만 간편 체중 감량 식단
  · 비만 간편 운동 효과
  · 비만 간편 체중 관리 팁
  · 비만 간편 운동 동영상 추천
  · 비만 체지방 계산법
  · 비만 간식 대체 음식
  · 비만 운동 전후 주의사항
  · 비만 수면 부족 대책
  · 비만 식단 추천 메뉴
  · 비만 체중 감소 보조제
  · 비만 운동 동영상 추천
  · 비만 체중 유지 팁
  · 비만 운동 초기 효과
  · 비만 식단 관리 앱
  · 비만 운동 효과 증대법
  · 비만 체중 감량 식단표
  · 비만 운동 시작 시 주의사항
  · 비만 체중 감량 운동법
  · 비만 운동 동기 부여법
  · 비만 체중 감량 식품
  · 비만 운동 효과 측정법
  · 비만 체중 감량 약간의 힘으로 가능
  · 비만 다이어트 식단표

[03-mental-wellness] 건강/다이어트 > 심신 건강 ...
  · 마음 건강 위한 명상법
  · 스트레스 줄이는 식단 구성
  · 우울증 예방 생활습관
  · 공포증 극복 팁
  · 스트레스 해소 음악 추천
  · 정신 건강 관리 앱 비교
  · 수면 부족 정신 건강 영향
  · 스트레스 관리 책 추천
  · 정신 건강 검진 방법
  · 스트레스 해소 필라테스 운동
  · 정신 건강 강화 습관
  · 스트레스 해소 요가 포즈
  · 정신 건강 증진 음료 추천
  · 스트레스 해소 산책 방법
  · 정신 건강 증진 아로마 테라피
  · 스트레스 해소 쓰기 방법
  · 정신 건강 증진 자연 치료
  · 스트레스 해소 미디어 활용법
  · 정신 건강 증진 사회 활동
  · 스트레스 해소 필라테스 동영상 추천
  · 직장인 스트레스 해소 법
  · 코로나 스트레스 관리
  · 수험생 스트레스 해소법
  · 스트레스 해소 카페 추천
  · 스트레스 해소 명언
  · 스트레스 해소 향수 추천
  · 스트레스 해소 동양의학
  · 스트레스 해소 무료 앱
  · 스트레스 해소 빛 치료
  · 스트레스 해소 아트 테라피
  · 스트레스 해소 공기 청정기
  · 스트레스 해소 스피치 테라피
  · 스트레스 해소 무료 온라인 웨비나
  · 스트레스 해소 무료 오디오북
  · 스트레스 해소 무료 미디어터
  · 스트레스 해소 무료 음악 다운로드
  · 스트레스 해소 무료 동영상 강좌
  · 스트레스 해소 실내 운동법
  · 스트레스 해소 먹방 추천
  · 스트레스 해소 무료 웹툰
  · 스트레스 해소 무료 게임 추천
  · 스트레스 해소 무료 데스크탑 테마
  · 스트레스 해소 무료 필기체 추천
  · 스트레스 해소 무료 영화 추천
  · 스트레스 해소 무료 음악 앱
  · 스트레스 해소 무료 포토북 추천
  · 스트레스 해소 무료 스타디오 추천
  · 스트레스 해소 무료 아트 앱
  · 스트레스 해소 무료 필름 추천
  · 스트레스 해소 무료 포토 샵 추천
  · 스트레스 해소 무료 풀러추 추천
  · 스트레스 해소 무료 필름 카메라 추천
  · 스트레스 해소 무료 필름 인스타그램 추천
  · 스트레스 해소 무료 필름 인스타그램 필터 추천
  · 스트레스 해소 무료 필름 포토샵 추천

[03-health-information] 건강/다이어트 > 건강 정보 ...
  · 혈당조절 식단표
  · 고공산성 식품 피해야 할 이유
  · 자율신경계 균형 운동
  · 간기능 검사 전 주의사항
  · 인간 파피로마 바이러스 감염증
  · 신장 결석 예방식단
  · 면역력 강화 영양소
  · 저혈압 증상 완화법
  · 위장관 건강 식품
  · 근육통 완화 스트레칭
  · 간기능 향상 음료
  · 과민성 대장 증후군 식단
  · 당뇨병 합병증 예방법
  · 심장병 예방 운동
  · 간기능 검사 결과 이해하기
  · 면역력 강화 수면법
  · 고혈압 약 복용 시 주의사항
  · 간 건강을 위한 음식
  · 면역력 강화를 위한 아침 식사
  · 혈당 조절을 위한 아침 식단
  · 간 건강을 위한 운동법
  · 면역력 강화 식단표
  · 심장병 예방을 위한 식습관
  · 고혈압 환자를 위한 운동 추천
  · 면역력 강화에 좋은 음료 레시피
  · 당뇨병 환자를 위한 식단 팁
  · 수면 부족으로 인한 건강 문제
  · 간 건강을 위한 영양소
  · 면역력 강화를 위한 운동법
  · 고혈압 환자를 위한 영양 관리
  · 간 건강을 위한 아침 습관
  · 면역력 강화를 위한 수면법
  · 당뇨병 환자를 위한 간식 추천
  · 간 건강을 위한 스트레칭 운동
  · 면역력 강화를 위한 아침 음료
  · 고혈압 환자를 위한 스트레스 관리법
  · 간 건강을 위한 야채 추천
  · 면역력 강화를 위한 영양소
  · 당뇨병 환자를 위한 운동법
  · 간기능 개선 필수 영양제
  · 면역력 강화 식물성 식품
  · 고혈압 환자 적합한 운동
  · 간 건강을 위한 저녁 식단
  · 면역력 강화 아침 운동
  · 당뇨병 환자 간식 추천
  · 심장병 예방 간단한 운동
  · 간 건강을 위한 허브 차
  · 면역력 향상 위한 수면 시간
  · 당뇨병 환자 운동 주의사항
  · 고혈압 환자 간식 추천
  · 간 건강을 위한 아침 음료
  · 면역력 강화 스트레스 관리법
  · 당뇨병 환자 간기능 검사 방법
  · 고혈압 환자 영양소 관리법
  · 간 건강을 위한 야채 레시피

[03-lifestyle-habits] 건강/다이어트 > 생활 습관 ...
  · 아침 기상 시간 건강 영향
  · 운동 전후 식단 관리 방법
  · 수면 부족 체중 증가 원인
  · 스트레스 해소 운동 종류
  · 간편 건강 점심 메뉴
  · 수면 자세 건강 영향
  · 건강한 생식기 위생 관리법
  · 직장인의 간단한 스트레칭 운동
  · 건강한 간식 대안
  · 수면 습관 개선 팁
  · 건강한 아침 식사 레시피
  · 스트레스와 수면의 관계
  · 건강한 커피 마시는 법
  · 수면 시간 부족 대처법
  · 건강한 간식 선택 기준
  · 운동 후 탄수화물 섭취 이유
  · 건강한 소화 시스템 유지법
  · 스트레스와 식욕 변화
  · 건강한 수면 환경 구축 방법
  · 직장인 건강한 아침 습관
  · 집에서 간편하게 할 수 있는 스트레칭
  · 생활 습관 개선을 위한 체크리스트
  · 직장인의 건강한 점심 메뉴
  · 스트레스 해소 운동 효과 비교
  · 맛집 피크닉 장비 추천
  · 한국 고급 맛집 예약 방법
  · 본격적인 맛집 경험 방법
  · 맛집 리뷰 작성 팁
  · 맛집 예산 관리 방법
  · 맛집 소셜미디어 노출 방법
  · 맛집 메뉴 추천 방법
  · 맛집 사진 촬영 팁
  · 맛집 예약 애플리케이션 비교
  · 맛집 예약 취소 정책 비교
  · 맛집 예약 시스템 최신 트렌드
  · 맛집 예약 시스템 비용 분석
  · 맛집 예약 시스템 체크리스트
  · 맛집 예약 시스템 사용자 리뷰
  · 맛집 예약 시스템 문제점
  · 맛집 예약 시스템 인기 서비스
  · 맛집 예약 시스템 전망
  · 맛집 예약 시스템 기술 동향
  · 맛집 예약 시스템 성공 사례
  · 맛집 예약 시스템 비교 리뷰
  · 건강한 아침 운동 루틴
  · 직장인 건강한 점심 메뉴
  · 스트레스 해소법 운동
  · 성인 수면 습관 관리
  · 건강한 수면 자세
  · 업무 스트레스 해결 운동
  · 건강한 저녁 식사 레시피
  · 수면 부족 시 대처법
  · 건강한 간식 대용품
  · 스트레칭 효과 비교
  · 건강한 수면 습관 체크리스트

[04-womens-fashion] 패션 > 여성의류 ...
  · 겨울 코디 추천 2024
  · 오피스룩 스타일링 가이드
  · 패션 브랜드 중고 거래
  · 겨울 패션 트렌드 2024
  · 패션 쇼핑몰 추천
  · 패션 스타일링 팁
  · 패션 쇼핑 팁
  · 패션 브랜드 비교
  · 패션 쇼핑 가이드
  · 패션 트렌드 분석
  · 패션 쇼핑 할인 팁
  · 패션 브랜드 인기 아이템
  · 패션 쇼핑 사이트 비교
  · 패션 스타일 분석
  · 패션 쇼핑 트렌드
  · 패션 브랜드 중고 시장
  · 패션 트렌드 리포트
  · 패션 쇼핑 할인 이벤트
  · 패션 쇼핑 사이트 추천
  · 2024 겨울 외투 추천
  · 오피스룩 블라우스 코디
  · 2024 패션 트렌드 컬러
  · 패션 쇼핑몰 할인 기간
  · 2024 겨울 패션 아이템
  · 오피스룩 코디 팁
  · 패션 쇼핑몰 비교
  · 패션 스타일링 가이드
  · 2024 겨울 아웃도어 코트 추천
  · 여름 드레스 스타일링 팁
  · 오피스룩 팰리셰 코디
  · 2024 봄 패션 아이템 트렌드
  · 여성 양말 코디 가이드
  · 가을 니트원피스 추천 2024
  · 패션 쇼핑몰 쿠폰 활용법
  · 2024 여름 트렌드 신발
  · 원피스 길이별 코디 팁
  · 겨울 부츠 스타일링 가이드
  · 2024 가을 재킷 추천
  · 패션 쇼핑몰 중고 거래 팁
  · 2024 봄 스트라이프 패션
  · 여름 린넨 원피스 추천
  · 오피스룩 팬츠 코디
  · 2024 가을 스카프 트렌드
  · 겨울 파카 코디 가이드
  · 2024 여름 미니멀 패션
  · 여성 셔츠 코디 팁
  · 2024 가을 원피스 추천
  · 2024년 가을 계절의류 추천
  · 2024년 겨울 코트 스타일링
  · 여성 니트 카디건 코디
  · 2024년 봄 래퍼드 원피스 추천
  · 여름 린넨 스커트 코디
  · 2024년 가을 재킷 스타일링
  · 겨울 트렌디한 핸드백 추천
  · 2024년 봄 캐주얼 루즈핏 팬츠 추천

[04-mens-fashion] 패션 > 남성의류 ...
  · 2024년 남성 패션 트렌드
  · 남성 정장 코디 팁
  · 남성 캐주얼 스타일 추천
  · 한국 남성 패션 브랜드 추천
  · 2024년 남성 인기 신발
  · 남성 패션 쇼핑 꿀팁
  · 2024년 남성 패션 이벤트
  · 남성 패션 브랜드 할인 정보
  · 남성 패션 코디 팁
  · 남성 패션 브랜드 리뷰
  · 남성 패션 트렌드 샵 추천
  · 남성 패션 스타일링 방법
  · 남성 패션 트렌드 예시
  · 남성 패션 트렌드 Tips
  · 남성 패션 트렌드 색상
  · 남성 패션 트렌드 브랜드
  · 남성 패션 트렌드 아이템
  · 남성 비즈니스 슈트 추천
  · 남성 캐주얼 셔츠 코디
  · 남성 겨울 코트 트렌드
  · 남성 운동화 코디 팁
  · 남성 정장 바지 스타일링
  · 남성 티셔츠 브랜드 추천
  · 남성 데님 재킷 코디
  · 남성 신사복 브랜드 비교
  · 남성 가을 패션 추천
  · 남성 슬림 핏 청바지 코디
  · 남성 레더 재킷 스타일링
  · 남성 스웨터 트렌드 2024
  · 남성 패션 액세서리 추천
  · 남성 패션 할인 정보
  · 남성 패션 셀러브리티 스타일
  · 남성 패션 인스타그램 추천
  · 2024년 남성의류 신상품 소식
  · 남성 정장 코디 가이드
  · 2024년 남성 캐주얼 스타일
  · 남성 패션 브랜드 추천 미드레인지
  · 남성 겨울 코트 추천
  · 남성 티셔츠 브랜드 비교
  · 남성 신사복 브랜드 추천
  · 남성 스웨터 코디 팁
  · 남성 가을 패션 트렌드
  · 남성 정장 브랜드 추천
  · 남성 캐주얼 신발 추천
  · 남성 겨울 패션 액세서리
  · 남성 정장 코디 전략
  · 남성 패션 쇼핑 죄책감 없는 방법
  · 남성 티셔츠 브랜드 평가
  · 남성 패션 스타일링 básicos
  · 남성 패션 트렌드 2025년 예측

[04-kids-fashion] 패션 > 아동복 ...
  · 아동복 추천 인기 브랜드
  · 신생아 옷 코디 팁
  · 아동복 할인 이벤트 2024
  · 2024년 유아복 패션 트렌드
  · 아동복 소재 추천 순위
  · 겨울 아동복 세탁 팁
  · 체형별 맞춤 아동복 매장
  · 아동복 브랜드 할인 후기
  · 낡은 아동복 업사이클링
  · 아동복 사이즈 표
  · 아동복 소독 팁
  · 2024년 최신 아동복 리뷰
  · 출산 축하 선물 아동복
  · 아동복 맞춤 패션 서비스
  · 아동복 패션 이벤트 2024
  · 아동복 세탁 방법
  · 아동복 소재 알레르기 예방
  · 2024년 아동복 패션 트렌드
  · 아동복 보행기 리뷰
  · 아동복 온라인 쇼핑 가이드
  · 아동복 겨울 외투 추천
  · 아동복 소재 비교 분석
  · 겨울 아동복 코디 팁
  · 아동복 할인 링크 공유
  · 아동복 브랜드 가격 비교
  · 아동복 사이즈 측정 방법
  · 아동복 인기 브랜드 리뷰
  · 아동복 소독 방법
  · 아동복 패션 이벤트 2023
  · 아동복 업사이클링 아이디어
  · 아동복 시즌별 추천
  · 아동복 온라인 쇼핑 팁
  · 아동복 소재 알레르기 주의
  · 아동복 세탁 오류 방지법
  · 아동복 체형별 코디 팁
  · 아동복 패션 쇼핑 매장
  · 아동복 세탁기 사용법
  · 아동복 패션 칼라 추천
  · 아동복 인기 스타일 분석
  · 아동복 겨울 신상품 추천
  · 아동복 봄철 코디 팁
  · 아동복 여름 소재 비교
  · 아동복 할인 재고 정보
  · 아동복 신생아 옷 추천
  · 아동복 맞춤형 코디 서비스
  · 아동복 체형별 추천 매장
  · 겨울 아동복 코디 방법
  · 2025년 아동복 트렌드
  · 아동복 여름 원피스 추천
  · 아동복 겨울 점퍼 추천
  · 아동복 이미지 편집 앱
  · 아동복 세탁기 사용 팁
  · 아동복 인기 브랜드 비교

[04-handbags] 패션 > 가방 ...
  · 겨울 가방 추천 인기 톡톡한 디자인
  · 여행용 크로스백 추천 편리한 디자인
  · 사무실 통근용 가방 추천 실용적인 디자인
  · 가성비 가방 추천 저렴한 브랜드
  · 캠퍼스 백팩 추천 학생용 트렌디 디자인
  · 여름 가방 추천 통풍성 좋은 디자인
  · 레더 가방 추천 고급스러운 디자인
  · 캐주얼 백팩 추천 편안한 디자인
  · 여성용 크로스백 추천 세련된 디자인
  · 남성용 브리프케이스 추천 실용적인 디자인
  · 여행용 롤링가방 추천 편리한 디자인
  · 축제용 가방 추천 화려한 디자인
  · 스포츠 가방 추천 기능적 디자인
  · 소형 가방 추천 미니멀 디자인
  · 여성용 숄더백 추천 세련된 디자인
  · 가방 세탁 팁 담가는 방법
  · 가방 보관 방법 오래 쓰는 팁
  · 가방 소재별 비교 가죽 vs 폴리에스터
  · 가방 구매 꿀팁 저렴한 가격에 사고
  · 가방 브랜드 순위 인기 있는 업체
  · 가방을 싸는 법 여행용 팩킹
  · 가방 디자인 트렌드 2024
  · 가방 구매 시 체크리스트
  · 가방 소재별 비교 가죽 폴리에스터
  · 가방 보관법 오래 쓰는 방법
  · 가방 세탁 방법 실내에서 하는 법
  · 가방 브랜드 추천 인기 있는 업체
  · 가방 구매 꿀팁 저렴한 가격에 사는 법
  · 가방 소재별 관리법 가죽 폴리에스터
  · 가방 추천 2024년 인기 모자
  · 가방 리뷰 고급 가죽백 후기
  · 가방 세탁 방법 전문 업체 추천
  · 가방 소재별 비축법 가죽 폴리에스터
  · 가방 디자인 추천 미니멀한 스타일
  · 가방 트렌드 추천 2024년 인기 디자인
  · 가방 가격 비교 저렴한 브랜드 추천
  · 가방 보관법 계절별 관리 팁
  · 가방 세탁 방법 홈클리닝 업체
  · 가방 소재별 비교 가죽 합성가죽
  · 가방 추천 2024년 인기 디자인
  · 여름 운동용 가방 추천 통기성 좋은 디자인
  · 출퇴근용 가방 추천 실용적인 디자인
  · 여행용 가방 추천 큰 용량 디자인
  · 가방 디자인 트렌드 2025
  · 가방 소재별 관리법 가죽 합성가죽
  · 가방 추천 2025년 인기 브랜드
  · 가방 트렌드 추천 2026년 인기 디자인
  · 가방 소재별 비교 나일론 면
  · 가방 추천 2025년 인기 디자인
  · 2024 가을 가방 트렌드 컬러
  · 가방 클리너 추천 저렴한 제품
  · 여행용 가방 용량 비교
  · 가방 정품 인증 방법
  · 가방 소재별 장단점
  · 가방 무게 줄이는 팁

[04-shoes] 패션 > 신발 ...
  · 2024년 겨울 신발 트렌드
  · 한국 신발 브랜드 추천
  · 여름 신발 코디 방법
  · 편한 신발 추천
  · 신발 관리 팁
  · 운동화 추천 2024
  · 저가 신발 추천
  · 신발 브랜드 비교
  · 신발 경쟁사 비교
  · 신발 쇼핑 가이드
  · 신발 사이즈 가이드
  · 신발 디자인 트렌드
  · 신발 소재 트렌드
  · 신발 색상 트렌드
  · 신발 브랜드 최신 소식
  · 신발 구매 후기
  · 신발 유지보수 방법
  · 신발 정품 확인 방법
  · 신발 구매 시 주의사항
  · 신발 보관 방법
  · 겨울 부츠 추천 2024
  · 여름 운동화 추천
  · 신발 소재별 차이
  · 신발 브랜드 할인 이벤트
  · 신발 구매 시 체크리스트
  · 신발 색상별 코디 팁
  · 신발 브랜드 신제품
  · 신발 소재 추천
  · 신발 디자인 추천
  · 신발 소재별 관리 방법
  · 신발 구매 시 가격 비교
  · 신발 브랜드 신규 런칭
  · 여름 신발 트렌드 2024
  · 겨울 신발 코디 팁
  · 편한 운동화 추천
  · 신발 브랜드 할인 정보
  · 2024 신발 신제품 소식
  · 신발 구매 체크리스트
  · 신발 소재별 추천
  · 신발 소재별 관리 팁
  · 겨울 신발 관리 방법
  · 여름 신발 코디 팁
  · 2024년 운동화 추천
  · 신발 소재별 관리법
  · 2024년 신발 트렌드
  · 2024년 신발 신제품 소식
  · 운동화 브랜드 비교
  · 신발 청소 방법
  · 겨울 신발 추천
  · 신발 할인 이벤트
  · 신발 구매 가이드

[04-accessories] 패션 > 액세서리 ...
  · 2026 패션 액세서리 트렌드
  · 2026년 겨울 액세서리 추천
  · 2026년 올해 핸드메이드 액세서리
  · 2026년 스마트 앱세서리 추천
  · 2026년 패션 액세서리 쇼핑몰
  · 2026년 패션 액세서리 코디 팁
  · 2026년 한정판 액세서리 구매
  · 2026년 패션 액세서리 청소 방법
  · 2026년 패션 액세서리 보관 방법
  · 2026년 패션 액세서리 수리 방법
  · 2026년 패션 액세서리 인기 브랜드
  · 2026년 패션 액세서리 인기 아이템
  · 2026년 패션 액세서리 구매 가이드
  · 2026년 패션 액세서리 선물 추천
  · 2026년 패션 액세서리 세일 정보
  · 2026년 패션 액세서리 커뮤니티 추천
  · 2026년 패션 액세서리 유행 예측
  · 2026년 패션 액세서리 코디 예시
  · 2026년 패션 액세서리 트렌드 분석
  · 2026년 패션 액세서리 인플루언서 추천
  · 2026년 여름 핸드백 트렌드
  · 2026년 겨울 목도리 스타일링
  · 2026년 신혼부부 결혼반지 추천
  · 2026년 블랙프라이데이 패션 액세서리
  · 2026년 핸드메이드 보석 앱세서리 추천
  · 2026년 스마트워치 건강 기능 비교
  · 2026년 한정판 시계 인기 모델
  · 2026년 패션 액세서리 보관법
  · 2026년 가을 겸용 코트 추천
  · 2026년 겨울 스카프 스타일링
  · 2026년 가을 핸드백 추천
  · 2026년 가을 모자 추천 스타일링
  · 2026년 겨울 장갑 추천 코디
  · 2026년 스포츠 시계 인기 모델 비교
  · 2026년 여름 선글라스 트렌드
  · 2026년 가을 약수목걸이 추천
  · 2026년 겨울 스카프 추천 코디
  · 2026년 스마트밴드 기능 비교
  · 2026년 가을 목도리 추천 코디
  · 2026년 겨울 귀보라기 추천 스타일링
  · 2026년 가을 목걸이 추천 스타일링
  · 2026년 겨울 모자 추천 코디
  · 2026년 곡선 목걸이 스타일링
  · 2026년 가을 손목시계 추천
  · 2026년 겨울 귀걸이 코디 예시
  · 2026년 반려동물용 액세서리 추천
  · 2026년 스마트반지 기능 비교
  · 2026년 여름 귀결림 스타일링
  · 2026년 스마트밴드 여성 추천
  · 2026년 가을 손목시계 코디
  · 2026년 겨울 보석 귀걸이 추천

[04-coordination-tips] 패션 > 코디 팁 ...
  · 여름 데일리 코디 팁
  · 오피스 캐주얼 코디
  · 몬토야 코디 방법
  · 특별한 날 코디
  · 패션 아이템 매칭
  · 2024 가을 트렌드 코디
  · 초보자 패션 코디법
  · 패션 아이템 선택법
  · 스트리트 코디 팁
  · 패션 아이템 리뷰
  · 패션 스타일링 비결
  · 패션 아이템 활용법
  · 패션 디자이너 분석
  · 패션 쇼핑 체크리스트
  · 패션 아이템 비교
  · 겨울 데일리 코디 팁
  · 오피스 스마트 코디
  · 스트리트 패션 코디
  · 가을 패션 트렌드 코디
  · 캐주얼 코디 팁
  · 2024 여름 패션 트렌드
  · 오피스 코디 패션 아이템
  · 심플 코디 팬티 스타일링
  · 대형마트 터틀넥 코디
  · 핵겨울 코디 팁
  · 이색시계 코디 팁
  · 아디다스 코디 팁
  · 신발 코디 팁
  · 남자 코디 팁
  · 여자 코디 팁
  · 패션 코디 팁
  · 2024 가을 패션 코디 추천
  · 출근용 코디 팁
  · 심플 코디 팁
  · 2025 봄 패션 트렌드 코디
  · 패션 아이템 활용 팁
  · 인기 브랜드 코디 추천
  · 2024 겨울 패션 트렌드 코디
  · 2024 패션 이슈
  · 2025 겨울 패션 트렌드 코디
  · 2024 패션 쇼핑 추천
  · 2024 가을 오피스 코디
  · 가을 데일리 코디 팁
  · 가을 캐주얼 코디
  · 가을 패션 쇼핑 추천
  · 2024 추석 코디 추천
  · 데일리 코디 로우라이즈 팬츠
  · 출근할 때 화이트 셔츠 코디
  · 여름 한복 코디 팁
  · 주말 데일리 코디 팁
  · 가을 데님 코디 팁
  · 겨울 과감한 코디 팁
  · 가을 두툼한 코디 팁

[04-fashion-trends] 패션 > 패션 트렌드 ...
  · 2024 봄 여름 패션 트렌드
  · 2024 가을 겨울 패션 트렌드
  · 2024 올해 패션 컬러 트렌드
  · 2024 하이패션 주목 브랜드
  · 2024 패션 주목할 스타일
  · 2024 패션 주목할 패브릭
  · 2024 패션 주목할 액세서리
  · 2024 패션 주목할 신발 스타일
  · 2024 패션 주목할 가방 스타일
  · 2024 패션 주목할 헤어 스타일
  · 2024 패션 주목할 메이크업 트렌드
  · 2024 패션 주목할 네일아트 트렌드
  · 2024 패션 주목할 앰배서더 브랜드
  · 2024 패션 주목할 디자이너
  · 2024 패션 주목할 패션 쇼
  · 2024 패션 주목할 패션 주간
  · 2024 패션 주목할 패션 이벤트
  · 2024 패션 주목할 패션 전시회
  · 2024 패션 주목할 패션 협업
  · 2024 패션 주목할 패션 인플루언서
  · 2024 봄 패션 트렌드 종합
  · 2024 가을 패션 트렌드 아이템
  · 2024 겨울 패션 트렌드 스웨터
  · 2024 패션 주목할 가방 트렌드
  · 2024 패션 주목할 하이패션 브랜드
  · 2024 패션 주목할 스트리트 패션
  · 2024 패션 주목할 워크웨어 트렌드
  · 2024 패션 주목할 냉장고 브랜드
  · 2024 패션 주목할 화장대 브랜드
  · 2024 패션 주목할 가구 브랜드
  · 2024 패션 주목할 인테리어 스타일
  · 2024 패션 주목할 아이디어셋 디자이너
  · 2024 패션 주목할 의류 소재
  · 2024 패션 주목할 패션 스토리
  · 2024 패션 주목할 패션 디자인
  · 2024 패션 주목할 패션 테크놀로지
  · 2024 패션 주목할 패션 마케팅
  · 2024 패션 주목할 패션 플랫폼
  · 2024 패션 주목할 패션 에디터
  · 2024 패션 주목할 패션 크리에이터
  · 2024 패션 주목할 패션 인테리어
  · 2024 패션 주목할 패션 웨어링
  · 2024 패션 주목할 패션 웨어하우스
  · 2024 패션 주목할 패션 웨어어웨이
  · 2024 패션 주목할 패션 웨어인
  · 2024 패션 주목할 패션 웨어아웃
  · 2024 패션 주목할 패션 웨어온
  · 2024 패션 주목할 스니커즈 트렌드
  · 2024 패션 주목할 총각 패션
  · 2024 패션 주목할 백팩 트렌드
  · 2024 패션 주목할 원피스 트렌드
  · 2024 패션 주목할 코트 트렌드
  · 2024 패션 주목할 노원 패션
  · 2024 패션 주목할 캐주얼 패션
  · 2024 패션 주목할 무스탕 브랜드

[04-shopping-guide] 패션 > 쇼핑 가이드 ...
  · 2023년 추운 겨울 코디
  · 겨울 날씨에 맞는 패션 팁
  · 2023년 겨울 트렌드 아이템
  · 겨울 데일리룩 코디
  · 세미 포멀 겨울 코디
  · 겨울 포멀룩 코디
  · 겨울 캐주얼룩 코디
  · 겨울 스트릿룩 코디
  · 겨울 레터링 아이템 코디
  · 겨울 모자 스타일링
  · 겨울 장갑 스타일링
  · 겨울 니트 스타일링
  · 겨울 레이어드 코디
  · 겨울 패션 쇼핑 비교
  · 겨울 패션 쇼핑 리뷰
  · 2024년 겨울 코트 추천 코디
  · 겨울 부츠 스타일링 팁
  · 겨울 핸드백 매칭 가이드
  · 겨울 스카프 스타일링 방법
  · 겨울 장갑 추천 브랜드 비교
  · 겨울 패션 아이템 할인 정보
  · 겨울 드레스 코디 가이드
  · 겨울 패션 쇼핑몰 리뷰
  · 겨울 패션 트렌드 아이템
  · 겨울 패션 색상 조합 팁
  · 겨울 패션 쇼핑 리스트 체크리스트
  · 겨울 패션 쇼핑 할인 정보
  · 겨울 패션 쇼핑 최신 트렌드
  · 겨울 패션 쇼핑 추천 아이템
  · 겨울 패션 쇼핑 코디 팁
  · 겨울 패션 쇼핑 최저가 비교
  · 겨울 패션 쇼핑 인기 아이템
  · 겨울 패션 쇼핑 특가 정보
  · 겨울 패션 쇼핑 브랜드 비교
  · 겨울 아우터 매칭 팁
  · 겨울 코디 필수 아이템
  · 겨울 패션 쇼핑 할인 기간
  · 겨울 패션 쇼핑 최대 할인
  · 겨울 패션 쇼핑 인기 브랜드
  · 겨울 패션 쇼핑 추천 사이트
  · 겨울 패션 쇼핑 할인 앱 추천
  · 겨울 패션 쇼핑 크리터리어
  · 겨울 패션 쇼핑 사이즈 가이드
  · 겨울 패션 쇼핑 후기 리뷰
  · 겨울 패션 쇼핑 필수 액세서리
  · 겨울 패션 쇼핑 인기 카테고리
  · 겨울 패션 쇼핑 무료 배송 방법
  · 겨울 패션 쇼핑 교환 및 반품 팁
  · 겨울 패션 쇼핑 선물 추천
  · 겨울 패션 쇼핑 쇼룸 리뷰
  · 겨울 패션 쇼핑 인스타그램 팁
  · 겨울 패션 쇼핑 셀럽 아이템
  · 겨울 패션 쇼핑 쇼핑몰 추천

[04-styling] 패션 > 스타일링 ...
  · 2024 가을 폴리싱 스타일링 grafting
  · 2024 가을 미니멀 패션 스타일링
  · 2024 가을 스포츠룩 스타일링
  · 2024 가을 오피스룩 스타일링
  · 2024 가을 스카프 스타일링
  · 2024 가을 트렌디한 핸드백 스타일링
  · 2024 가을 패션 트렌드 컬러 스타일링
  · 2024 가을 부츠 스타일링
  · 2024 가을 코트 스타일링
  · 2024 가을 레이어드 스타일링
  · 2024 가을 데님 스타일링
  · 2024 가을 카라 스타일링
  · 2024 가을 원피스 스타일링
  · 2024 가을 스웨터 스타일링
  · 2024 가을 모자 스타일링
  · 2024 가을 양말 스타일링
  · 2024 가을 패션 액세서리 스타일링
  · 2024 가을 스니커즈 스타일링
  · 2024 가을 패션 트렌드 스타일링
  · 2024 가을 패션 스타일링 아이템 추천
  · 2024 가을 스트릿룩 스타일링
  · 2024 가을 스포티즘 스타일링
  · 2024 가을 레더 재킷 스타일링
  · 2024 가을 트위드 소재 스타일링
  · 2024 가을 프릴 소재 스타일링
  · 2024 가을 오버핏 스타일링
  · 2024 가을 셔츠룩 스타일링
  · 2024 가을 캐주얼 스타일링
  · 2024 가을 앱솔루트 스타일링
  · 2024 가을 패션 아이템 스타일링
  · 2024 가을 패션 스타일링 코디 팁
  · 2024 가을 패션 스타일링 아이디어
  · 2024 가을 패션 스타일링 트렌드
  · 2024 가을 패션 스타일링 코디 아이디어
  · 2024 가을 레터링 스웨터 스타일링
  · 2024 가을 패션 트렌드 핸드백 스타일링
  · 2024 가을 패션 트렌드 부츠 스타일링
  · 2024 가을 패션 트렌드 코트 스타일링
  · 2024 가을 패션 트렌드 레이어드 스타일링
  · 2024 가을 패션 트렌드 데님 스타일링
  · 2024 가을 패션 트렌드 카라 스타일링
  · 2024 가을 패션 트렌드 원피스 스타일링
  · 2024 가을 패션 트렌드 스웨터 스타일링
  · 2024 가을 패션 트렌드 모자 스타일링
  · 2024 가을 패션 트렌드 양말 스타일링
  · 2024 가을 패션 트렌드 액세서리 스타일링
  · 2024 가을 패션 트렌드 스니커즈 스타일링
  · 2024 가을 패션 트렌드 스트릿룩 스타일링
  · 2024 가을 패션 트렌드 스포티즘 스타일링
  · 2024 가을 패션 트렌드 레더 재킷 스타일링
  · 2024 가을 패션 트렌드 트위드 소재 스타일링
  · 2024 가을 패션 트렌드 프릴 소재 스타일링
  · 2024 가을 패션 트렌드 오버핏 스타일링
  · 2024 가을 패션 트렌드 셔츠룩 스타일링

[04-fashion-items] 패션 > 패션 아이템 ...
  · 2024년 추석 코디 추천
  · 겨울 코트 스타일링 팁
  · 가을 신상 핸드백 리뷰
  · 오피스룩 시작하기
  · 여름 트렌디한 신발
  · 가을 코디 디자인
  · 겨울 부츠 선택 가이드
  · 가을 신상 코트 리뷰
  · 오피스룩 액세서리
  · 가을 핸드백 트렌드
  · 겨울 코트 코디 팁
  · 패션 아이템 구매 팁
  · 겨울 부츠 코디
  · 패션 아이템 관리 방법
  · 겨울 스페이스 부츠 스타일링
  · 가을 신상 핸드백 실용성 리뷰
  · 오피스룩 가을 신상 블레이저 코디
  · 겨울 패딩 코트 트렌드 2025
  · 가을 신상 니트 원피스 스타일링
  · 겨울 부츠 장시간 착용 팁
  · 가을 신상 레더 백 가격 비교
  · 오피스룩 가을 신상 스커트 코디
  · 겨울 업사이클링 패션 아이템
  · 가을 신상 미니 핸드백 실용성
  · 겨울 패션 아이템 관리에 좋은 소재
  · 가을 신상 캐주얼 슬랙스 코디
  · 겨울 신발 신품 구매 가이드
  · 오피스룩 가을 신상 니트 팬츠 코디
  · 겨울 신상 패션 아이템 구매 시 주의사항
  · 가을 신상 캐주얼 블라우스 코디
  · 겨울 신상 패션 아이템 트렌드 분석
  · 가을 신상 패션 아이템 실용성 비교
  · 겨울 신상 패션 아이템 디자인 특징
  · 2024 가을 신상 패션 아이템
  · 겨울 패션 아이템 추천
  · 가을 코디 핸드백 추천
  · 2025 봄 신상 패션 아이템
  · 겨울 코트 코디 아이디어
  · 가을 신상 블라우스 스타일링
  · 겨울 패딩 코트 관리 방법
  · 가을 신상 니트 스타일링
  · 겨울 패션 아이템 관리 팁
  · 가을 신상 캐주얼 코디
  · 가을 신상 핸드백 실용성 비교
  · 가을 신상 패션 아이템 트렌드 분석
  · 가을 신상 핸드백 추천 2024
  · 겨울 코트 관리 방법 소재별
  · 가을 신상 블레이저 코디 팁
  · 가을 신상 캐주얼 원피스 스타일링
  · 가을 코디 액세서리 추천

[04-brand-reviews] 패션 > 브랜드 리뷰 ...
  · 우리웰 대한민국 코스메틱 리뷰
  · 패션리포트 신상품 분석
  · 노블뤼드 가을 신발 추천
  · 필라멘트 플러시 코디 방법
  · 미스틱브랜드 2023 신상리스트
  · 디스코버 재빨리 리뷰
  · 라임라이트 파운드레이션 사용법
  · 레이디버그 가을 신상리뷰
  · 플라워티 크루얼트리비스트
  · 콬팬트 스니커즈 코디
  · 클리니크 초이스 브 이러사
  · 제이브라인 특가 이벤트
  · 슈미네트 워시팩 후기
  · 헤러치 패션쇼 리뷰
  · 메리제인 가을 신상
  · 엘리지아 메이크업 팁
  · 이니스프리 아이러브마스크
  · 올리브영 레이어드 메이크업
  · 아모레퍼시픽 신상 제품
  · 올리브영 가을 할인 이벤트
  · Zara 가을 신제품 후기
  · H&M 가격 대비 품질 평가
  · 무신사 신발 추천 인기 모델
  · 유니클로 가을 신상 코디
  · 에이치앤에이치 신발 리뷰
  · 오늘의데일리 신제품 후기
  · 장마담 신상품 분석
  · 무신사 할인 이벤트 정보
  · 버튼스타 가을 코디 팁
  · 아디다스 신제품 코디 방법
  · 니케 신발 리뷰 인기 모델
  · 라코스텔라 가을 신상 리뷰
  · 슈프림 신제품 후기
  · 버버리 코트 추천 리뷰
  · 루이비통 신제품 분석
  · 프라다 신제품 후기
  · 구찌 신제품 코디 팁
  · 샤넬백 리뷰 인기 모델
  · 헤르메스 신제품 후기
  · 발렌시아가 신제품 분석
  · 아디다스 가을 신발 추천
  · H&M 가을 신상 워시드 데님 코디
  · 버튼스타 가을 트렌드 아이템 추천
  · 라코스텔라 가을 신상 패션 쇼 리뷰
  · 슈프림 가을 신제품 오피셜 이미지 분석
  · 버버리 가을 신상 코트 추천 리뷰
  · 루이비통 가을 신제품 컬렉션 분석
  · 프라다 가을 신제품 후기
  · 구찌 가을 신제품 코디 팁
  · 샤넬백 가을 신상 리뷰
  · 헤르메스 가을 신제품 후기
  · 발렌시아가 가을 신제품 분석

[04-fashion-news] 패션 > 패션 뉴스 ...
  · 2024년 패션 트렌드
  · 패션 브랜드 뉴스
  · 2024년 가을 패션 트렌드
  · 패션 위크 하이라이트
  · 코디 팁 강연 동영상
  · 2024년 스포츠웨어 트렌드
  · 패션 색상 트렌드
  · 유명 코디네이터 인터뷰
  · 2024년 가방 트렌드
  · 패션 브랜드 신제품 리뷰
  · 패션 블로거 추천 아이템
  · 2024년 액세서리 트렌드
  · 패션 이슈 분석
  · 2024년 코트 트렌드
  · 패션 브랜드 협업 소식
  · 2024년 드레스 트렌드
  · 패션 브랜드 할인 이벤트
  · 2024년 자켓 트렌드
  · 패션 브랜드 리콜 소식
  · 패션 브랜드 신제품 출시
  · 2024년 가을 코디 추천
  · 2024년 가을 액세서리 추천
  · 2024년 패션 쇼 핫이슈
  · 2024년 가을 패션 이슈
  · 패션 위크 백스테이지 탐방
  · 2024년 패션 브랜드 추천
  · 패션 이벤트 입장권 추천
  · 패션 인플루언서 추천 아이템
  · 2024년 패션 브랜드 협업
  · 패션 브랜드 할인 시즌
  · 2024년 가을 신제품 패션
  · 2024년 패션 인플루언서 추천
  · 2024년 패션 브랜드 할인 시간
  · 2024년 패션 위크 백스테이지
  · 2024년 패션 브랜드 이벤트
  · 2024년 패션 인플루언서 소식
  · 2024년 패션 브랜드 할인 추천
  · 2024년 패션 브랜드 신제품 추천
  · 패션 브랜드 협업 제품 추천
  · 2024 추석 패션 트렌드
  · 2024 제주도 패션 라이프
  · 2024 패션 브랜드 할인 일정
  · 2024 패션 브랜드 이벤트
  · 2024 패션 협업 제품
  · 2024 가을 신제품 패션
  · 2024 패션 인플루언서 추천
  · 2024 패션 브랜드 할인 추천
  · 2024 패션 브랜드 신제품 추천
  · 2024 패션 브랜드 할인 시간
  · 2024 패션 브랜드 추천

[04-minimal-fashion] 패션 > 미니멀 패션 ...
  · 미니멀 코디 초보자 가이드
  · 미니멀 패션 브랜드 추천
  · 미니멀 코디 기본 아이템
  · 계절별 미니멀 코디
  · 미니멀 코디 컬러 팁
  · 미니멀 코디 팩토리 메이드
  · 미니멀 코디 가방 추천
  · 미니멀 코디 신발 추천
  · 미니멀 코디 액세서리
  · 미니멀 코디 예시 사진
  · 미니멀 코디 색상 조합
  · 미니멀 코디 소품 활용법
  · 미니멀 코디 지갑 추천
  · 미니멀 코디 겉옷 추천
  · 미니멀 코디 의류 추천
  · 미니멀 코디 마우스 패드 추천
  · 미니멀 코디 책갈피 추천
  · 미니멀 코디 핸드크림 추천
  · 미니멀 코디 퍼프 추천
  · 미니멀 코디 화장품 추천
  · 미니멀 패션 가을 코디 팁
  · 미니멀 패션 겨울 스타일링
  · 미니멀 패션 초보자 가이드
  · 미니멀 패션 아이템 추천
  · 미니멀 패션 컬러 팝업
  · 미니멀 패션 소품 활용법
  · 미니멀 패션 가방 추천
  · 미니멀 패션 신발 추천
  · 미니멀 패션 액세서리 추천
  · 미니멀 패션 예시 사진
  · 미니멀 패션 색상 조합
  · 미니멀 패션 팔레트 구성
  · 미니멀 패션 서머 루크
  · 미니멀 패션 오피스 루크
  · 미니멀 패션 캐주얼 루크
  · 미니멀 패션 스파티나 루크
  · 미니멀 패션 데일리 루크
  · 미니멀 패션 트렌드 2024
  · 미니멀 패션 가을 초보자 가이드
  · 미니멀 패션 겨울 코디 팁
  · 미니멀 패션 액세서리 2024 트렌드
  · 미니멀 패션 액세서리 2025 트렌드
  · 미니멀 패션 빈티지 코디
  · 미니멀 패션 오피스코디 가을
  · 미니멀 패션 가을 트렌드 2024
  · 미니멀 패션 겨울 트렌드 2025
  · 미니멀 패션 가을 소품 활용법
  · 미니멀 패션 겨울 소품 활용법
  · 미니멀 패션 가을 컬러 팝업
  · 미니멀 패션 겨울 컬러 팝업
  · 미니멀 패션 가을 캐주얼 루크
  · 미니멀 패션 겨울 캐주얼 루크

[04-sustainable-fashion] 패션 > 지속가능 패션 ...
  · 지속가능 패션 브랜드 추천
  · 에코 패션 필수템
  · 업사이클링 패션 팁
  · 2차 수명 옷 판매처
  · 패션 소재 비교
  · 에코백 활용법
  · 패션 리사이클링 방법
  · 지속가능 패션 이벤트
  · 패션 소비 습관 개선
  · 에코 프린팅 패션
  · 지속가능 패션 성향 테스트
  · 패션 공유 서비스 비교
  · 에코 패션 인테리어
  · 지속가능 패션 예산 관리
  · 패션 소재 재활용 방법
  · 지속가능 패션 축제
  · 패션 소재 생분해 가능성
  · 에코 패션 액세서리
  · 지속가능 패션 브랜드 소개
  · 에코 패션 초보자 가이드
  · 패션 리사이클링 서비스 비교
  · 에코 패션 소재 설명
  · 패션 공유 서비스 추천
  · 패션 공유 플랫폼 비교
  · 패션 공유 서비스 이용 후기
  · 지속가능 패션 스타일링 방법
  · 지속가능 패션 브랜드 인기템
  · 에코 패션 소재 장단점 비교
  · 패션 공유 서비스 후기
  · 에코 패션 스타일링 예시
  · 지속가능 패션 브랜드 체험단
  · 에코 패션 브랜드 추천
  · 패션 공유 서비스 시작법
  · 에코 패션 구매 팁
  · 패션 공유 서비스 가격 비교
  · 에코 패션 소재 가이드
  · 패션 공유 플랫폼 문제점
  · 지속가능 패션 브랜드 할인 정보
  · 에코 패션 관리 방법
  · 에코 패션 브랜드 후기
  · 패션 공유 플랫폼 신청 방법
  · 지속가능 패션 트렌드
  · 패션 공유 서비스 이슈
  · 에코 패션 소재 가방 추천
  · 2차 수명 옷 관리법
  · 지속가능 패션 인플루언서
  · 패션 공유 서비스 체험기
  · 에코 패션 캐리어 추천
  · 에코 패션 신발 관리법
  · 업사이클링 패션 DIY 방법
  · 에코 패션 재활용 가방 추천
  · 패션 공유 플랫폼 장단점 비교
  · 친환경 패션 소재 인증마크
  · 패션 공유 서비스 수수료 비교

[05-sports-news] 스포츠이슈 > 스포츠 뉴스 ...
  · 2024 한국 축구 일정
  · 야구 신인 드래프트 2024
  · 해외축구 중계시간표
  · K리그 전력 분석
  · 야구 경기실시간 점수
  · 한국 축구대표팀 일정
  · KBO 리그 랭킹
  · 축구 경기 해설방법
  · 야구 선수 이적소식
  · 2024 NBA 결승전 일정
  · 축구 선수 평가 방법
  · K리그 신인 선수 주목
  · 야구 경기 예측 방법
  · 해외축구 명기록
  · KBO 리그 신인왕 후보
  · 축구 경기 분석 방법
  · 야구 경기 실시간 방송
  · 해외축구 명경기 모음
  · K리그 외인 선수 분석
  · 야구 경기 전략
  · 2024 fifa 월드컵 유럽 예선 일정표
  · K리그1 2024 시즌 새로운 규칙
  · 메이저리그 2024 핫이슈 선수 분석
  · 2024 유럽 챔피언스리그 예선 일정
  · KBO 리그 2024 후반기 강팀 전력 비교
  · 2024 유로파 리그 조별 리그 일정
  · K리그2 2024 시즌 승격 경쟁 전망
  · 2024프로야구 신인 해외 진출 가능성
  · 2024년 한국 축구 국가대표팀 새로운 코치단
  · 2024년 메이저리그 한국인 선수 이적 소식
  · 2024년 K리그1 외국인 선수 전력 분석
  · 2024년 유럽 챔피언스리그 조별 리그 전망
  · 2024년 KBO리그 신인 드래프트 주목 선수
  · 2024년 프로 야구 신인왕 후보 분석
  · 2024년 K리그1 골든부츠 경쟁 전망
  · 2024년 메이저리그 한국인 선수 활약 전망
  · 2024년 K리그2 승격 경쟁 전망
  · 2024년 유럽 챔피언스리그 결승전 일정
  · 2024년 KBO리그 포스트시즌 일정
  · 2024년 메이저리그 올스타전 예측 및 분석
  · 2024 year K리그 우승 후보 상품권
  · 2024 year 야구 신인 선수 이적
  · 2024 year 유럽 챔피언스리그 예상 일정표
  · 2024 year KBO 리그 외신 선수 분석
  · 2024 year 메이저리그 한국인 선수 이적 소식
  · 2024 year 축구 월드컵 유럽 예선 전망
  · 2024 year K리그1 골든부츠 경쟁 전망
  · 2024 year 메이저리그 한국인 선수 활약 전망
  · 2024 year K리그2 승격 경쟁 전망
  · 2024 year 유럽 챔피언스리그 결승전 일정
  · 2024 year KBO리그 포스트시즌 일정
  · 2024 year 메이저리그 올스타전 예측 및 분석
  · 2024 year 축구 월드컵 아시아 예선 전망
  · 2024 year K리그1 신인왕 후보 분석
  · 2024 year 프로 야구 신인왕 후보 분석

[05-soccer-analysis] 스포츠이슈 > 축구 분석 ...
  · 프리미어리그 승률 분석
  · 월드컵 진출 팀 데이터 분석
  · 에이저바이에르 선수 전술 분석
  · 사서비스는 어떻게 공개되는가
  · 올랜도 피라타스 최대의 위기
  · 이적시장체크 바르셀로나
  · 토요타 컵 우승팀 예측
  · 이적 시장 분석
  · 유소년 축구 선수 키우기
  · 2023-2024 시즌 프리미어리그 분석
  · 사우디 프로리그 분석
  · 유로파 리그 예측
  · 아시안 챔피언스 리그 분석
  · K리그 분석
  · 클럽 월드컵 분석
  · 2023-2024 시즌 챔피언스 리그 분석
  · 스페인 프리메라 리가 분석
  · 이탈리아 세리에A 분석
  · 독일 분데스리가 분석
  · 프랑스 리그1 분석
  · 리버풀 전술 분석
  · 메시 이적 분석
  · 아시아컵 승률 분석
  · 축구 선수 코칭법
  · 월드컵 조별리그 분석
  · 유소년 축구 연습법
  · 축구 경기 전략 분석
  · 축구 선수 스카우팅 방법
  · 축구 경기 분석 프로그램
  · 축구 전술 교육 방법
  · 축구 경기 데이터 분석
  · 축구 선수 부상 관리 방법
  · 축구 경기 감독 전략
  · 축구 경기 승률 예측
  · 축구 경기 심판 분석
  · 축구 경기 관중 분석
  · 축구 경기 영상 분석
  · 축구 경기 환경 분석
  · 축구 경기 마케팅 분석
  · 축구 경기 대만 분석
  · 2024-2025 시즌 프리미어리그 승점 비교
  · 2024-2025 챔피언스리그 진출 팀 예측
  · 2024년 축구 전술 트렌드
  · 2024년 K리그 승률 높이는 방법
  · 2024년 사우디 프로리그 신규 선수 분석
  · 2024년 유로파 리그 조별리그 예상
  · 2024년 아시안 챔피언스 리그 우승 팀 예측
  · 2024년 축구 선수 부상 관리 팁
  · 2024년 아시아컵 조별리그 예상
  · 프리미어리그 2024-2025 시즌 전망
  · 프리미어리그 2024-2025 시즌 승률 높은 팀
  · 프리미어리그 2024-2025 시즌 최강 팀 비교
  · 프리미어리그 2024-2025 시즌 신인 선수 분석
  · 프리미어리그 2024-2025 시즌 주요 경기 전략 분석
  · 프리미어리그 2024-2025 시즌 주요 선수 부상 관리 팁

[05-baseball-info] 스포츠이슈 > 야구 정보 ...
  · 2024년 프로야구 시즌 일정
  · 야구 신인 선수를 발굴하는 방법
  · 2024년 야구 선수 이적 시점 공략
  · 야구 경기 예고편 제작 가이드
  · 야구 경기 중계 안정성 확인 방법
  · 2024년 프로야구 선수 연봉 비교
  · 야구 경기 결과 분석 도구 추천
  · 2024년 야구 신규 규정 설명
  · 야구 경기 현장 생중계 팁
  · 2024년 프로야구 타자 순위
  · 야구 경기에서 승률 높이기 위한 전략
  · 2024년 프로야구 투수 순위
  · 야구 경기에서 주목할 선수 분석
  · 2024년 프로야구 구단별 전력 분석
  · 야구 경기에서 감독의 전략 분석
  · 2024년 프로야구 신인 선수 전망
  · 야구 경기에서 팬 참여 이벤트
  · 2024년 프로야구 아시안 시리즈 일정
  · 야구 경기에서 최적의 응원 방법
  · 2024년 프로야구 올스타전 일정
  · 야구 경기 날씨 영향 분석
  · 2024년 야구 경기 관람 팁
  · 야구 경기 중계 앱 비교
  · 2024년 프로야구 선수 이적 시장
  · 야구 경기 전승률 높이기
  · 2024년 프로야구 신인 선수 스카우트
  · 야구 경기 응원 제품 추천
  · 2024년 프로야구 결승전 분석
  · 야구 경기 관중 수 비교
  · 2024년 프로야구 선수 부상 통계
  · 야구 경기 식사 추천 메뉴
  · 야구 경기 중계 방송 비교
  · 2024년 프로야구 팀별 전력 분석
  · 야구 경기 관람 필수 아이템
  · 2024년 프로야구 스타 선수 비교
  · 야구 경기 응원 노래 추천
  · 2024년 프로야구 신규 규정 변화
  · 야구 경기 관람 혼자 가기 팁
  · 2024년 프로야구 신인 선수 스카우팅 팁
  · 야구 경기 중계 앱 추천
  · 2024년 프로야구 신인 투수 전망
  · 야구 경기 관람할 때 가져갈 것
  · 2024년 프로야구 팀별 전력 비교
  · 2024년 프로야구 신규 규정 설명
  · 2024년 프로야구 신인 선수 발굴 방법
  · 2024년 프로야구 신인수비상 후보 분석
  · 야구 경기 중계 앱 무료 추천
  · 2024년 프로야구 외국인 선수 분석
  · 야구 경기 관중 수 높이는 방법
  · 2024년 프로야구 팀별 홈 인구 밀집도
  · 야구 경기 관람 필수 체크리스트
  · 야구 경기 응원 노래 가사 모음

[05-international-sports] 스포츠이슈 > 해외 스포츠 ...
  · 메이저리그 중계 방송 시간표
  · NBA 신인 드래프트 분석
  · 유로파리그 중계 방법
  · 프리미어리그 최신 경기 결과
  · NBA 플레이오프 일정 예상
  · 유ventus 최신 전력 분석
  · 메이저리그 명장면 모음
  · NBA 신호장비 분석
  · 라리가 최신 뉴스
  · 유로 2024 예선 일정
  · MLB 최신 뉴스
  · NBA 라이브 스트리밍 방법
  · 프리미어리그 유망주 전망
  · 유로파리그 최신 뉴스
  · 메이저리그 유망주 분석
  · NBA 명장면 모음
  · 라리가 명장면 모음
  · 유로파리그 유망주 전망
  · 메이저리그 명장면 분석
  · NBA 라이브 하이라이트 시청
  · 프리미어리그 경기 일정 2024
  · NBA 플레이오프 2024 예상
  · 라리가 신인 선수 전망
  · 유로 2024 예선 결과
  · 메이저리그 유망주 2024
  · 프리미어리그 명장면 모음
  · NBA 명장면 하이라이트
  · 유로파리그 유망주 2024
  · 메이저리그 중계 방법 2024
  · NBA 신인 드래프트 2024
  · 프리미어리그 유망주 2024
  · NBA 플레이오프 하이라이트
  · 유로파리그 명장면 모음
  · 메이저리그 최신 뉴스 2024
  · 라리가 명장면 분석
  · NBA 라이브 중계 방법
  · 프리미어리그 신인 선수 전망
  · 유벤투스 최신 경기 분석
  · 리버풀 유망주 전망
  · NBA 플레이오프 2024 하이라이트
  · 2024 프리미어리그 라인업 분석
  · NBA 플레이오프 2024 일정
  · 메이저리그 신인 유망주 2024
  · 라리가 명장면 2023
  · 유로파리그 2024 예약 방법
  · 유벤투스 최신 경기 결과
  · NBA 라이브 하이라이트 2024
  · NBA 2024 시즌 하이라이트
  · 라리가 2024 시즌 유망주
  · 메이저리그 2024 신인 유망주
  · 프리미어리그 2024 유망주
  · 유벤투스 2024 최신 경기 분석
  · 리버풀 2024 유망주 전망
  · 유로파리그 2024 명장면 모음
  · 메이저리그 2024 중계 방법

[05-player-profile] 스포츠이슈 > 선수 프로필 ...
  · 손흥민 프로필 불구하고
  · 김연아 인터뷰에서 쉽게 놓칠 수 있는 것을 모아두었습니다
  · 박세리 골프 선수의 성장 과정
  · 박지성 축구 선수의 유럽 진출 과정
  · 사나이 인터뷰에서 밝힌 신경질적인 성격
  · 박인비 골프 선수의 신기록과 경력
  · 류현진 야구 선수의 메이저리그 진출 과정
  · 김연희 피겨 선수의 은퇴 이후 활동
  · 이승우 축구 선수의 유럽 진출 과정
  · 강승현 배구 선수의 국내 인기 비결
  · 최현우 농구 선수의 NBA 진출 가능성
  · 이종범 야구 선수의 은퇴 이후 활동
  · 김철수 축구 선수의 해외 진출 과정
  · 김연아 피겨 선수의 대표적 기술
  · 류현진 야구 선수의 메이저리그 통산 기록
  · 박세리 골프 선수의 대표적 대회 우승
  · 손흥민 축구 선수의 프로 Début 기록
  · 김연아 피겨 선수의 주요 대회 메달
  · 박지성 축구 선수의 대표적 경력
  · 이승우 축구 선수의 유소년 시합 기록
  · 손흥민 프로필 요약
  · 김연아 인터뷰에서 강조한 점
  · 손흥민 축구 선수의 프로 데뷔 기록
  · 손흥민 선수 프로필 상세 분석
  · 김연아 피겨 선수 인터뷰 요약
  · 박세리 골프 선수 성장 과정 분석
  · 박지성 축구 선수 유럽 진출 과정
  · 사나이 인터뷰에서 밝힌 성격 비밀
  · 박인비 골프 선수 신기록 분석
  · 류현진 야구 선수 메이저리그 진출 과정
  · 김연희 피겨 선수 은퇴 이후 활동
  · 이승우 축구 선수 유소년 시합 기록
  · 강승현 배구 선수 국내 인기 비밀
  · 최현우 농구 선수 NBA 진출 가능성
  · 이종범 야구 선수 은퇴 이후 활동
  · 김철수 축구 선수 해외 진출 과정
  · 김연아 피겨 선수 대표적 기술 분석
  · 류현진 야구 선수 메이저리그 통산 기록
  · 박세리 골프 선수 대표적 대회 우승
  · 손흥민 축구 선수 프로 데뷔 기록
  · 김연아 피겨 선수 주요 대회 메달
  · 박지성 축구 선수 대표적 경력
  · 이승우 축구 선수 유럽 진출 과정
  · 손흥민 축구 선수 어린시절 경기 영상 분석
  · 김연아 피겨 선수 대표 기술 동영상 분석
  · 2022년 류현진 메이저리그 통산 기록 정리
  · 박세리 골프 선수 주요 대회 우승 후기 정리
  · 강승현 배구 선수 국내 인기 비결 3가지
  · 박지성 축구 선수 대표 경력 5가지 분석
  · 손흥민 현재 소속 팀
  · 김연아 대표적 기술 동영상
  · 류현진 메이저리그 통산 기록 총정리
  · 박세리 골프 우승 대회 현황
  · 강승현 배구 선수 프로필
  · 박지성 축구 선수 인터뷰 요약

[05-game-highlight] 스포츠이슈 > 경기 하이라이트 ...
  · 프리미어리그 주말 경기 하이라이트
  · K리그1 라운드별 하이라이트
  · 야구 한국시리즈 하이라이트
  · 월드컵 예선 한국 경기 하이라이트
  · 유로파 리그 하이라이트
  · 러시아 프리미어리그 하이라이트
  · MLB 올스타전 하이라이트
  · 축구 챔피언스리그 16강 하이라이트
  · 프리미어리그 골 컴필레이션
  · K리그1 신인 선수 하이라이트
  · 야구 포스트시즌 하이라이트
  · NBA 신인 선수 하이라이트
  · 월드컵 그룹리그 하이라이트
  · 유로 2024 하이라이트
  · MLB 신인 선수 하이라이트
  · 축구 챔피언스리그 8강 하이라이트
  · 프리미어리그 디펜스 하이라이트
  · K리그1 골키퍼 하이라이트
  · K리그1 주말 경기 하이라이트
  · 유로파 리그 8강 하이라이트
  · K리그2 승격 플레이오프 하이라이트
  · 유로파리그 하이라이트 2024
  · 2024 유로 하이라이트
  · EPL 2023 24 하이라이트
  · K리그2 2024 하이라이트
  · MLB 포스트시즌 하이라이트
  · NBA 정규시즌 하이라이트
  · UCL 16강 하이라이트
  · 프리미어리그 골 하이라이트
  · K리그1 디펜스 하이라이트
  · MLB 신인 선수 경기 하이라이트
  · NBA 하이라이트 오늘
  · UEFA EL 하이라이트 2024
  · 프리미어리그 하이라이트 이번주
  · MLB 주간 하이라이트
  · UEFA 유로파리그 8강 하이라이트
  · 프리미어리그 골키퍼 하이라이트
  · MLB 주말 하이라이트
  · NBA 올스타전 하이라이트
  · UEFA 유로파리그 하이라이트 2023
  · 프리미어리그 이적시장 하이라이트
  · K리그1 올해 시즌 하이라이트
  · 야구 정규시즌 하이라이트
  · 해외스포츠 주간 하이라이트
  · 올해 축구선수 최다 득점 하이라이트
  · 야구 올스타전 하이라이트
  · 프리미어리그 주중 경기 하이라이트
  · K리그2 이번주 경기 하이라이트
  · MLB 이번주 하이라이트
  · UEFA 챔피언스리그 하이라이트 이번주
  · K리그1 골 하이라이트 이번주
  · MLB 주말 경기 하이라이트
  · UEFA 유로파리그 하이라이트 이번주

[05-sports-issue] 스포츠이슈 > 스포츠 이슈 ...
  · 현재 축구 이슈 최신
  · K리그 이적 정보 2023
  · 프리미어리그 순위 분석 2023
  · 2023 월드컵 국가대표 선수단
  · 야구 경기 실시간 중계
  · MLB 신인 선수 주목
  · NBA 스태프들의 최신 논란
  · 2023 올림픽 메달 후보
  · e스포츠 대회 일정 2023
  · 골프 신인 선수 스카우팅
  · 테니스 경기 분석 2023
  · 배드민턴 국가대항전 순위
  · 수영 부문 세계 기록
  · 2023 스포츠 별 관심도 순위
  · 스포츠 관련 부상 이슈
  · 스포츠 경매 최신 정보
  · 스포츠 팬덤 현황 분석
  · 스포츠 팀 연봉 정보
  · 스포츠 경기 예매 방법
  · 스포츠 경기 실시간 통계
  · 한국 축구 국가대표 선수 이적 소식
  · 2023 K리그 최고의 MVP 후보
  · 프리미어리그 2023-24 시즌 전망
  · 야구 KBO 리그 신인 드래프트 분석
  · 2023 MLB 신인왕 후보 분석
  · NBA 반칙 논란과 규제 강화
  · 2023 올림픽 스포츠 종목별 예선 결과
  · e스포츠 대회 실시간 결과 확인 방법
  · 테니스 대회의 최신 경기 분석
  · 배드민턴 국가대표 선수단 최근 성적
  · 수영 세계 기록 업데이트와 분석
  · 2023 스포츠 별 관전 포인트
  · 스포츠 선수 부상 소식과 복기 전망
  · 스포츠 팬덤 동향과 주요 이슈
  · 스포츠 이슈와 주요 논란
  · 스포츠 경기 예고와 분석
  · K리그 이적 설문 2023
  · 프리미어리그 승점 순위 분석
  · 2023 월드컵 대표팀 평가
  · 야구 경기 실시간 스코어 확인
  · MLB 신인 선수 스카우트 리포트
  · NBA 신규 규칙 반영 논란
  · e스포츠 대회 결과 실시간 확인
  · 테니스 대회의 주요 경기 분석
  · 배드민턴 국가대표 최근 성적
  · 수영 세계 기록 최신 업데이트
  · 2023 스포츠 관심도 순위
  · K리그 이적 소식 2023
  · 프리미어리그 순위 전망 2023-24
  · KBO 리그 신인 분석 2023

[05-soccer-player] 스포츠이슈 > 축구 선수 ...
  · 손흥민 주전 경합 선수 명단
  · 김연경 축구 선수 프로필
  · 2023년 K리그 영국인 선수
  · 이강인 주전 경쟁 위치
  · 황희찬 하프타임 인터뷰
  · 해리 케인 농구 선수
  · 2024년 일본 축구 대표팀
  · 손흥민 백업 선수
  · 2023년 아시아 축구 선수 순위
  · 이강인 전술 분석
  · 황희찬 라이트백 전향 가능성
  · 손흥민 인스타그램 팔로워 순위
  · 2023년 K리그 MVP 후보
  · 이강인 FIFA 24 능력치
  · 황희찬 하이라이트 동영상
  · 손흥민 아븐게임 통계
  · 2024년 FIFA 월드컵 예선 한국 선수단
  · 이강인 유니폼 판매량 순위
  · 황희찬 1대1 수비 기술
  · 손흥민 해외 이적 소식
  · 손흥민 2024년 골동영상
  · 이강인 아시안컵 예상 라인업
  · 황희찬 프리메라리가 2023-24 성적
  · 2024년 K리그 외국인 선수
  · 손흥민 2024년 이적 소식
  · 이강인 2024년 FIFA 월드컵 예선
  · 황희찬 2024년 FA컵 최다 득점자
  · 2024년 K리그 신인 선수
  · 손흥민 2024년 프리미어리그 순위 예측
  · 이강인 2024년 챔피언스리그 진출
  · 황희찬 2024년 하프타임 인터뷰
  · 2024년 축구 선수 이적 시장 동향
  · 손흥민 2024년 영상 분석
  · 이강인 2024년 전술적 역할 변화
  · 황희찬 2024년 개인기술 강점
  · 2024년 K리그 외국인 스타에어스
  · 손흥민 2024년 MVP 후보
  · 이강인 2024년 유니폼 디자인
  · 황희찬 2024년 수비 전략 분석
  · 2024년 축구 선수 연봉 순위
  · 손흥민 2024년 프리미어리그 통계
  · 황희찬 2024년 프리 시즌 경기
  · 2024년 K리그 최다 득점자
  · 2024년 아시아 축구 선수 순위
  · 2024년 축구 선수 이적 소식
  · 2024년 K리그 MVP 후보
  · 2024년 K리그 유니폼 판매량 순위
  · 2024년 프리미어리그 한국인 선수
  · 이강인 2024년 프리 시즌 경기 분석
  · 이강인 바이에른 뮌헨 전술 역할
  · 황희찬 레알 베티스 2024 성적
  · 손흥민 토트넘 2024 언급 리스트
  · 이강인 2024년 전술적 변화 분석

[05-baseball-game] 스포츠이슈 > 야구 경기 ...
  · 2024 KBO 리그 일정
  · 야구 경기 생방송 시청 방법
  · KBO 리그 순위
  · 야구 경기 관전 팁
  · KBO 리그 MVP 후보
  · 야구 경기 예매 방법
  · KBO 리그 신인 선수 주목
  · KBO 리그 경기 결과
  · 야구 경기 예비 일정 확인 방법
  · KBO 리그Foreign Player 분석
  · 야구 경기 관전용 장비 추천
  · KBO 리그 경기 예약 취소 방법
  · KBO 리그 경기 관전 후기
  · 야구 경기 입장권 할인 방법
  · KBO 리그 경기 분석 방법
  · 야구 경기 관전용 음료 추천
  · KBO 리그 연기된 경기 일정
  · 야구 경기 무언가 생방송 시청
  · 2024 KBO 리그 포스트시즌 일정
  · KBO 리그 경기를 위한 장비 추천
  · KBO 리그 신예 투수 전망
  · 야구 경기 관전용 간식 추천
  · KBO 리그 경기 예비 선수단 명단
  · 야구 경기 중계 채널 일정
  · KBO 리그 경기 주석 해설 분석
  · 야구 경기 관전용 앱 기능 비교
  · 야구 경기 관전용 의상 추천
  · KBO 리그 경기 예비 일정 변경 사유
  · 야구 경기 관전용 앱 추천
  · KBO 리그 경기 관전용 게임 추천
  · KBO 리그 경기 예매 취소 방법
  · 야구 경기 관전용 앱 비교
  · KBO 리그 경기 관전용 앱 추천
  · 야구 경기 관전용 앱 사용 방법
  · KBO 리그 경기 관전용 앱 비교
  · 2024 KBO 리그 경기 생방송 무료 시청 방법
  · 야구 경기 관전용 의장 추천
  · 2024 KBO 리그 경기 예매 취소 환불 방법
  · 2024 KBO 리그 경기 일정 표 다운로드
  · KBO 리그 경기 관전용 음료 추천
  · 2024 KBO 리그 경기 예매 할인 방법
  · 야구 경기 관전용 의장 가성비 추천
  · KBO 리그 경기 예매 취소 사유 확인
  · 야구 경기 관전용 게임 추천
  · KBO 리그 경기 예매 취소 환불 기간
  · 2024 KBO 리그 포기된 경기 일정 확인
  · KBO 리그 경기 예매 취소 취소 방법
  · 2024 KBO 리그 경기 일정 변경 사유
  · 야구 경기 기록 분석 방법
  · 야구 경기 예매 취소 환불
  · 야구 경기 주석 해설 분석

[05-sports-marketing] 스포츠이슈 > 스포츠 마케팅 ...
  · 축구팀 스폰서십 성공 사례
  · 야구단 유니폼 스폰서십
  · 스포츠 이벤트 프로모션 전략
  · 스포츠 브랜드 소셜 미디어 마케팅
  · 스포츠 마케팅 인플루언서 활용
  · 스포츠 경기 중계 플랫폼 광고
  · 스포츠 팀 팬 커뮤니티 운영
  · 스포츠 마케팅 최신 트렌드
  · 스포츠 마케팅 ROI 측정 방법
  · 스포츠 마케팅과 CSR 연계 사례
  · 해외 스포츠 마케팅 성공 사례
  · 스포츠 마케팅과 빅데이터 활용
  · 스포츠 마케팅과 VR 기술 연계
  · 스포츠 마케팅과 팬 참여 프로그램
  · 스포츠 마케팅과 AI 활용
  · 스포츠 마케팅과 팬 경제 분석
  · 스포츠 마케팅과 메타버스 연계
  · 스포츠 마케팅과 팬덤 문화
  · 스포츠 마케팅과 NFT 활용
  · 스포츠 마케팅과 팬 이벤트 진행
  · K리그 스포츠 마케팅 전략
  · 해외 축구 마케팅 성공 사례
  · 스포츠 마케팅 팁
  · 스포츠 마케팅 트렌드 2023
  · 스포츠 마케팅 ROI 계산 방법
  · 스포츠 마케팅과 SNS 활용
  · 스포츠 마케팅과 팬 커뮤니티
  · 스포츠 마케팅과 해외 성공 사례
  · 스포츠 마케팅과 유니폼 스폰서십
  · 스포츠 마케팅과 경기 중계 플랫폼
  · 스포츠 마케팅 성공 사례 분석
  · 스포츠 브랜드 마케팅 전략
  · 스포츠 이벤트 마케팅 팁
  · 스포츠 마케팅과 AI 연계
  · 스포츠 마케팅과 소셜 미디어 활용
  · 스포츠 마케팅과 팬 이벤트 성공 사례
  · 스포츠 마케팅과 유니폼 디자인
  · 스포츠 마케팅과 스폰서십 전략
  · 스포츠 마케팅과 VR 기술 활용
  · 스포츠 마케팅과 빅데이터 분석
  · 스포츠 마케팅과 로컬 마케팅
  · 스포츠 마케팅과 인플루언서 협업
  · 스포츠 마케팅과 유니폼 광고 효과
  · 스포츠 마케팅과 경기 중계 광고
  · 스포츠 마케팅 인스타그램 활용 전략
  · 스포츠 마케팅 KBO 리그 사례 연구
  · 스포츠 마케팅 유튜브 광고 전략
  · 스포츠 마케팅 유니폼 디자인 트렌드
  · 스포츠 마케팅 체육계 화제 분석
  · 스포츠 마케팅 지역사회 협업 전략
  · 스포츠 마케팅 스폰서십 효과 분석
  · 스포츠 마케팅 팬 참여 프로그램 사례
  · 스포츠 마케팅 해외축구 클럽 사례 분석
  · 스포츠 마케팅 트위터 광고 전략
  · 스포츠 마케팅 팬 이벤트 기획 방법

[05-game-schedule] 스포츠이슈 > 경기 일정 ...
  · 2024 프리미어리그 Round 10 일정
  · K리그 2024 하계 시즌 일정표
  · 2025 프로야구 개막전 일정
  · 유로 2024 조별리그 일정
  · 2024-25 NBA 정규시즌 일정
  · 월드컵 2026 예선 한국 일정
  · 2024 아시안게임 복싱 경기 일정
  · 올림픽 2028 수영 경기 일정
  · 2025 프로배구 2025 시즌 일정
  · FA컵 2024 8강 일정
  · 2024-25NBA 플레이오프 일정
  · 2024프로배구플레이오프 일정
  · 2025 아시아 챔피언스 리그 일정
  · 2024 하계 올림픽 축구 일정
  · 2024 프로야구 컨퍼런스리그 일정
  · 2025 챔피언스리그 조별리그 일정
  · 2024프로농구플레이오프 일정
  · 2025 아시안컵 축구 일정
  · 2024 프로배구 3세트 국가대표전 일정
  · 2025 프로농구 정규시즌 일정
  · 2024 프로농구 플레이오프 일정예측
  · 2025 챔피언스리그 16강 일정
  · 2024 해외축구 주요 리그 개막 일정
  · 2025 프로야구 올스타전 일정
  · 2024 K리그 하계 시즌 중계 일정
  · 2025 아시아 챔피언스 리그 결선 일정
  · 2024 프리미어리그 10월 하이라이트 일정
  · 2025 프로배구 1월 일정
  · 2024 프로야구 포스트시즌 일정
  · 2025 유로컵 예선 한국 일정
  · 2024 프로농구 파이널 일정예측
  · 2025 프로배구 플레이오프 일정
  · 2024 해외축구 챔피언스 리그 일정
  · 2025 프로야구 개막전 중계 일정
  · 2024 프로농구 정규시즌 마무리 일정
  · 2025 프로배구 시드권 일정
  · 2024 해외축구 주요 리그 마무리 일정
  · 2025 프로야구 올스타전 중계 일정
  · 2024 프로농구 플레이오프 TV 중계 일정
  · 2024 K리그 클래식 일정표
  · 2024 프리미어리그 경마 일정
  · 2024 프로배구 플레이오프 일정예측
  · 2025 프로농구 플레이오프 일정예측
  · 2024 프로배구 파이널 일정예측
  · 2024-25 K리그 1 일정
  · 2024-25 K리그 2 일정
  · 2024-25 K리그 챔피언십 일정
  · 2024-25 K리그 컵 토너먼트 일정
  · 2024-25 K리그 재경기 일정
  · 2024-25 K리그 중계 일정
  · 2024-25 K리그 TV 중계 일정
  · 2024-25 K리그 라디오 중계 일정
  · 2024-25 K리그 해외 중계 일정
  · 2024-25 K리그 예매 일정
  · 2024-25 K리그 주말 경기 일정

[05-sports-health] 스포츠이슈 > 스포츠 건강 ...
  · 스포츠 부상 예방 스트레칭
  · 초보자 위한 러닝화 선택 팁
  · 스포츠 부상 시 응급 조치 방법
  · 여름철 스포츠 수분 보충법
  · 스포츠 부상 재활 운동 추천
  · 축구 경기 후 피로 회복법
  · 스포츠 영양제 선택 방법
  · 겨울철 실내 스포츠 추천
  · 스포츠 부상 위험도 높은 운동
  · 스포츠 부상 후 식단 관리 방법
  · 스포츠 부상 예방 보조기구
  · 스포츠 부상 후 재활 기간
  · 운동 시 올바른 호흡법
  · 스포츠 부상 후 우울증 극복법
  · 스포츠 부상 전후 비교
  · 운동 시 자외선 차단법
  · 스포츠 부상 후 휴식 기간
  · 여성 스포츠 부상 주의점
  · 스포츠 부상 후 마사지 효과
  · 스포츠 부상 재활중인 운동
  · 스포츠 부상 후 영양제 추천
  · 스포츠 부상 예방 운동법
  · 스포츠 부상 후 식단 관리 팁
  · 스포츠 부상 후 재활 운동
  · 스포츠 부상 시 응급 처치
  · 스포츠 부상 위험도 높은 종목
  · 스포츠 부상 재활 기구 추천
  · 스포츠 부상 후 운동 시 주의사항
  · 스포츠 부상 후 회복 운동
  · 스포츠 부상 후 수면과 회복
  · 스포츠 부상 후 스트레스 관리
  · 스포츠 부상 후 재활 준비물
  · 스포츠 부상 후 재활 전문가 상담
  · 스포츠 부상 후 재활 계획표
  · 스포츠 부상 재활 기간
  · 스포츠 부상 후 재활 기구 추천
  · 스포츠 부상 후 수분 보충법
  · 스포츠 부상 후 재활중인 운동
  · 스포츠 부상 후 재활 중 주의사항
  · 골프 부상 예방 스트레칭 방법
  · 등산 부상 재활 운동 가이드
  · 축구 키퍼 부상 위험 요소
  · 축구 선수 부상 재활 기간
  · 테니스 부상 예방 보조기구 추천
  · 농구 선수 부상 재활 운동
  · 배드민턴 부상 예방 운동
  · 스키 부상 응급 조치 방법
  · 자전거 부상 재활 식단 관리
  · 수영 부상 예방 보조기구
  · 복싱 부상 재활 기간
  · 등산 부상 응급 조치법
  · 축구 부상 후 스트레스 관리
  · 야구 투수 부상 예방 운동
  · 테니스 부상 재활 전문가 상담
  · 스키 부상 후 재활 운동

[05-soccer-league] 스포츠이슈 > 축구 리그 ...
  · 2023년 EPL 승점순위
  · 2023 리그오브레전드 월드스
  · 2023년 K리그 승강차 순위
  · 2023년 UEFA 챔피언스리그 일정
  · 2023년 아시안컵 일정
  · 2023년 FIFA 월드컵 예선 일정
  · 2023년 리그오브레전드 MSL 일정
  · 2023년 EPL 전적 분석
  · 2023년 K리그 승부조작 사건
  · 2023년 UEFA 유로파리그 일정
  · 2023년 한국축구 국가대표 일정
  · 2023년 리그오브레전드 MSL 결과
  · 2023년 EPL 선수 통계
  · 2023년 K리그 선수 이적 소식
  · 2023년 아시안컵 한국 국가대표 명단
  · 2023년 UEFA 챔피언스리그 진출 팀
  · 2023년 리그오브레전드 월드스 진출 팀
  · 2023년 EPL 승리 확률 분석
  · 2023년 K리그 경기 예고
  · 2023년 아시안컵 한국 국가대표 결과
  · 2023년 EPL 순위표
  · 2023년 K리그 승강전 일정
  · 2023년 UEFA 유로파리그 승점 순위
  · 2023년 아시안컵 한국 국가대표 경기 일정
  · 2023년 FIFA 월드컵 예선 한국 국가대표 일정
  · 2023년 리버풀 FC 경기 일정
  · 2023년 맨체스터 시티 경기 일정
  · 2023년 바르셀로나 FC 경기 일정
  · 2023년 K리그1 승점 순위
  · 2023년 K리그2 승점 순위
  · 2023년 EPL 득점 순위
  · 2023년 K리그1 득점 순위
  · 2023년 EPL 어시스트 순위
  · 2023년 K리그1 어시스트 순위
  · 2023년 EPL 강등권 팀 분석
  · 2023년 K리그1 강등권 팀 분석
  · 2023년 EPL 승률 높은 팀 분석
  · 2023년 K리그1 승률 높은 팀 분석
  · 2023년 EPL 최다 실점 팀 분석
  · 2023년 K리그1 최다 실점 팀 분석
  · 2023년 EPL 최다 득점자
  · 2023년 EPL 최다 어시스트
  · 2023년 EPL 승점 순위
  · 2023년 EPL 경기 결과
  · 2023년 EPL 이적 시장
  · 2023년 EPL 팀별 전력 분석
  · 2023년 EPL 경기 일정
  · 2023년 EPL 최다 세이브 골키퍼
  · 2023년 EPL 경기 예고
  · 2023년 EPL 경기 예상 승부율
  · 2023년 EPL 팀별 경기 분석

[05-baseball-analysis] 스포츠이슈 > 야구 분석 ...
  · 2024 시즌 타격 분석
  · 투수 전략 변화
  · 필드 포지션 선정
  · 텍사스 리그 분석
  · 기록 분석 도구
  · 초보자 위한 분석
  · 데이터 분석 사례
  · 포스트시즌 분석
  · 투수 분석 방법
  · 타율 향상 팁
  · 경기장별 분석
  · 실시간 분석 도구
  · 주전 선수 분석
  · 경기 분석 리포트
  · 데이터 기반 전략
  · 투수 대 타자 전략
  · 경기 예측 팁
  · 고급 분석 기법
  · 2024시즌 한국야구 타격 데이터 분석
  · 투수 대 타자 매치업 분석
  · 야구 경기 실시간 데이터 활용
  · 야구 선수 스카우팅 분석
  · 2024 한화 이글스 투수 분석
  · 야구 경기장별 데이터 분석
  · 2024시즌 KBO 통계 분석
  · 야구 선수의 체력 분석
  · 2024시즌 KBO 신인 선수 분석
  · 야구 경기 결과 예측 분석
  · 2024시즌 KBO 외국인 선수 분석
  · 야구 선수의 mental 분석
  · 2024시즌 KBO 타격 분석
  · 야구 선수의 포지션 분석
  · 2024시즌 KBO 투수 분석
  · 야구 경기의 규칙 분석
  · 2024시즌 KBO 팀별 분석
  · 야구 선수의 영상 분석
  · 2024시즌 KBO 타자 분석
  · 야구 타격 분석 방법
  · 야구 투수 분석 예시
  · 야구 경기 분석 도구
  · 야구 신인 선수 분석
  · 야구 선수 스카우팅 방법
  · 야구 경기 예측 분석
  · 야구 초기 분석 팁
  · 2024 kbo 투자 분석
  · 야구 분석 초보자용
  · 2024 kbo 외인 투수 분석
  · 야구 경기 실황 분석 방법
  · 2024 kbo 타자 비교 분석
  · 야구 경기 영화 관전 분석
  · 2024 kbo 팀별 전기 분석
  · 야구 타격 포인트 분석
  · 2024 kbo 투수 대 타자 매치업
  · 야구 데이터 분석 도구
  · 2024 kbo 신인 선수 분석

[05-sports-event] 스포츠이슈 > 스포츠 이벤트 ...
  · 2024년 FIFA 월드컵 일정 및 상세 정보
  · 2024년 올스타 게임 참가 선수 명단
  · 2024년 한국프로농구 플레이오프 일정
  · 2024년 FIFA eWorld컵 참가 방식 및 상금
  · 2024년 PGA 투어 주요 대회 일정
  · 2024년 검증된 마라톤 대회 추천
  · 2024년 FIFA 유소년 월드컵 경기장 정보
  · 2024년 K리그 클래식 우승 후보 분석
  · 2024년 여자 프로축구 리그 개막전 정보
  · 2024년 NBA 올스타 주말 행사 일정
  · 2024년 대구 마라톤 대회 정보
  · 2024년 LPGA 투어 주요 대회 안내
  · 2024년 인천해양축제 스포츠 이벤트
  · 2024년 유로파 리그 출전 팀 분석
  · 2024년 전지훈련지 추천 스포츠 종목
  · 2024년 K리그 챌린지 승격팀 분석
  · 2024년 아시아 컵 대회 일정 및 결과
  · 2024년 생활스포츠 대회 참여 방법
  · 2024년 인천국제마라톤 대회 정보
  · 2024년 스포츠 복지대상 이벤트 참여 방법
  · 2025년 아시안게임 스포츠별 일정
  · 2025년 롤드컵 예선전 팀 분석
  · 2025년 KBO 리그 신인 드래프트
  · 2025년 인천국제마라톤 참가 방법
  · 2025년 V리그 시즌 일정 분석
  · 2025년 골프협회 대회 신청 방법
  · 2025년 라게임 메이저 대회 정보
  · 2025년 K2리그 승격 경쟁 분석
  · 2025년 한국복싱협회 대회 일정
  · 2025년 K리그1 레드카드 통계
  · 2025년 세계배구연맹 대회 일정
  · 2025년 한국수영협회 대회 신규 종목
  · 2025년 K3리그 승격팀 분석
  · 2025년 세계농구연맹 대회 일정
  · 2025년 한국테니스협회 대회 신규 종목
  · 2025년 K리그2 신인 유망주 분석
  · 2025년 세계축구협회 대회 일정
  · 2025년 한국레슬링협회 대회 일정
  · 2025년 KBO 리그 올스타 게임 정보
  · 2025년 세계수영연맹 대회 일정
  · 2024년 챔피언스리그 예선전 일정
  · 2024년 올림픽 스포츠 종목별 일정
  · 2024년 K리그 올스타전 선수 명단
  · 2024년 월드컵 유럽 지역 예선 결과
  · 2024년 아시안게임 축구 대회 일정
  · 2024년 한국라이벌대전 일정표
  · 2024년 도하 아시아게임 일정
  · 2024년 한국프로농구 올스타전 라인업
  · 2024년 드론레이싱 대회 일정
  · 2024년 한국프로야구 올스타전 티켓
  · 2024년 서울 마라톤 대회 정보

[06-new-car-review] 자동차 > 신차 리뷰 ...
  · 2024년 신차 출시 예정 목록
  · 수소차 vs 전기차 비교
  · 소형 SUV 추천 2024
  · 중고차 구매 팁
  · 자동차 보험 비교
  · EV 충전소 위치 확인
  · 2024년 SUV 트렌드
  · 자동차 정비 팁
  · 신차 할인 이벤트
  · 자동차 리셀 가격
  · 자동차 보험료 계산
  · 자동차 연료 효율 비교
  · 자동차 실내 청소 방법
  · 자동차 보험 할인 조건
  · 자동차 보험 가입 방법
  · 자동차 보험 해지 방법
  · 자동차 보험 청약 방법
  · 자동차 보험 금액 계산기
  · 2024년 신차 할인 기관별 비교
  · 2024년 신차 보험료 비교
  · 2024년 신차 리셀 가격을 높이는 방법
  · 2024년 신차 운용비 비교
  · 2024년 신차 연비 고르기
  · 2024년 신차 안전장비 비교
  · 2024년 신차 주행성능 비교
  · 2024년 신차 실내공간 비교
  · 2024년 신차 차종별 추천
  · 2024년 신차 가격대별 추천
  · 2024년 신차 브랜드별 추천
  · 2024년 신차 연령대별 추천
  · 2024년 신차 가족구성별 추천
  · 2024년 신차 지리별 추천
  · 2024년 신차 가격비교 사이트
  · 2024년 신차 구매 프로세스
  · 2024년 신차 구매 팁
  · 2024년 신차 구매 후기
  · 2024년 신차 구매 전 꼭 확인할 사항
  · 2024년 신차 구매 최저가 비교
  · 2024년 신차 출시 예약 방법
  · 2024년 신차 할인 최대 혜택
  · 2024년 신차 보증 조건 비교
  · 2024년 신차 색상 추천
  · 2024년 신차 옵션 선택 팁
  · 2024년 신차 안전성 비교
  · 2024년 신차 운용비 절약법
  · 2024년 신차 테스트 드라이브 후기
  · 2024년 신차 리셀 가치 높이는 방법
  · 2024년 신차 실내 공기 청정기 추천
  · 2024년 신차 연비 좋은 모델
  · 2024년 신차 주행성능 테스트
  · 2024년 신차 실내 공간 활용법
  · 2024년 신차 주목할 신기능
  · 2024년 신차 구매 전 필수 확인사항

[06-used-car-buying] 자동차 > 중고차 구매 ...
  · 중고차 구매 전 필수 확인사항
  · 중고차 구매 최적 시점
  · 중고차 구매 시 주의할 점
  · 중고차 등급별 차이
  · 중고차 구매 후 점검 방법
  · 중고차 비교 사이트 추천
  · 중고차 보증서 확인 방법
  · 중고차 구매 후 보험 선택 가이드
  · 중고차 구매 시 할인 방법
  · 중고차 구매 대행 서비스 비교
  · 중고차 구매 시 실사 확인 방법
  · 중고차 구매 시 금융 옵션
  · 중고차 구매 시 사고차 확인 방법
  · 중고차 구매 시 중개 수수료 절감 팁
  · 중고차 구매 후 정비 방법
  · 중고차 구매 시 계약서 확인 방법
  · 중고차 구매 시 차종별 추천
  · 중고차 구매 시 연식별 차이
  · 중고차 구매 시 연비 확인 방법
  · 중고차 구매 시 안정성 평가 방법
  · 중고차 사기 전 체크리스트
  · 중고차 등급별 가격 차이
  · 중고차 구매 최저가 비교
  · 중고차 사고차 확인 방법
  · 중고차 구매 보증서 작성법
  · 중고차 구매 대행 서비스 후기
  · 중고차 구매 후 정비 필수 항목
  · 중고차 구매 시 할인 협상 팁
  · 중고차 구매 시 연식별 장단점
  · 중고차 구매 시 등급 확인 방법
  · 중고차 구매 시 중개 수수료 절감 방법
  · 중고차 구매 시 계약서 작성법
  · 중고차 구매 시 보험 비교
  · 중고차 구매 후 보험 가입 팁
  · 중고차 구매 시 차종 추천 2024
  · 중고차 구매 시 연식별 추천
  · 중고차 구매 전 점검할 사항
  · 중고차 구매 시 등급별 차이
  · 중고차 구매 시 가장 중요 사항
  · 중고차 구매 시 필수 점검 리스트
  · 중고차 구매 후 정기 점검 방법
  · 중고차 구매 시 보증서 확인 방법
  · 중고차 구매 시 정비 필수 항목
  · 중고차 구매 시 주의할 사항
  · 중고차 구매 전 체크리스트
  · 중고차 구매 시 등급별 가격 차이
  · 중고차 구매 시 최저가 비교 방법
  · 중고차 구매 후 필수 정비 항목
  · 중고차 구매 시 필수 점검 사항
  · 중고차 구매 시 할인 협상 방법
  · 중고차 구매 시 보험 가입 방법
  · 중고차 구매 시 차종별 연비 비교
  · 중고차 구매 시 10만원 할인 팁
  · 중고차 구매 시 계약서 작성 안내

[06-ev-guide] 자동차 > 전기차 가이드 ...
  · 전기차 보험 비교
  · 전기차 충전소 위치 찾기
  · 2024년 전기차 신차 모델
  · 전기차 주행 거리 실측
  · 전기차 정비 가이드
  · 전기차 구매 시 주의사항
  · 전기차 대리점 비교
  · 전기차 중고차 시세
  · 전기차 충전 시간 비교
  · 전기차 배터리 수명
  · 전기차 보조금 신청 방법
  · 전기차 실내 온도 조절 팁
  · 전기차 신규 보조금 2024
  · 전기차 주행 팁
  · 전기차 충전기 설치 비용
  · 전기차 보험 할인
  · 전기차 충전 비법
  · 전기차 구매 체크리스트
  · 전기차 모델별 비교
  · 전기차 장거리 여행 팁
  · 2023년 전기차 인기 모델 비교
  · 전기차 충전기 종류와 선택 방법
  · 전기차 배터리 유지 관리 팁
  · 전기차 주행 거리 늦게 감소하는 방법
  · 전기차 충전 시간 줄이는 비결
  · 전기차 보험료 계산 방법
  · 전기차 대리점 서비스 비교
  · 전기차 주차장 설치 비용
  · 전기차 겨울철 주행 팁
  · 전기차 보조금 지역별 비교
  · 전기차 실내 청결 유지 방법
  · 전기차 차고지 설치 조건
  · 전기차 모델별 배터리 용량
  · 전기차 겨울철 충전 팁
  · 전기차 구매 후 아쉬운 점
  · 전기차 충전소 예약 방법
  · 전기차 운전면허 특약 필요 여부
  · 전기차 충전소 설치 조건 확인
  · 전기차 배터리 교환 비용 비교
  · 전기차 겨울철 주행 거리 유지 팁
  · 전기차 보조금 신청 자격 조건
  · 전기차 여행용 충전기 추천
  · 전기차 주행 시 예비 배터리 팁
  · 전기차 정비점 비교 리스트
  · 전기차 충전 시간 최적화 방법
  · 전기차 모델별 실내 온도 조절 설정
  · 전기차 보험 선택 시 고려사항
  · 전기차 충전소 예약 앱 추천
  · 전기차 중고차 구매 시 체크리스트
  · 전기차 모델별 주행 소리 비교
  · 전기차 충전기 설치 후기
  · 전기차 겨울철 보조금 지원
  · 전기차 주행 중 배터리 온도 관리
  · 전기차 모델별 보험료 비교
  · 전기차 충전소 위치 공유 팁

[06-car-maintenance] 자동차 > 자동차 정비 ...
  · 자동차 정비소 추천
  · 자동차 정비 비용
  · 자동차 엔진오일 교체
  · 자동차 브레이크 패드 교체
  · 자동차 배터리 교체
  · 자동차 타이어 교체
  · 자동차 에어컨 정비
  · 자동차 정비 매뉴얼
  · 자동차 정비 도구
  · 자동차 정비 할인
  · 자동차 정비 점검 항목
  · 자동차 정비 수리사례
  · 자동차 정비 학교
  · 자동차 정비 영상
  · 자동차 정비 앱
  · 자동차 정비 자격증
  · 자동차 정비 책
  · 자동차 정비 준공서
  · 자동차 정비 디젤
  · 차량 정비 기본 점검 방법
  · 자동차 정비소 후기
  · 디젤 차량 정비 주의사항
  · 자동차 정비 자재 추천
  · 자동차 정비할 때 주의할 점
  · 자동차 부품 교체 방법
  · 자동차 정비 학원 추천
  · 자동차 정비 준비물 체크리스트
  · 자동차 정비 실습 영상
  · 자동차 정비 소음 진단
  · 자동차 정비 가이드북
  · 자동차 정비 업체 비교
  · 자동차 정비용품 추천
  · 자동차 정비 안전 수칙
  · 차량 정비 필수 도구 추천
  · 자동차 정비소 예약 방법
  · 자동차 엔진 오일 점검 방법
  · 자동차 배터리 점검 방법
  · 자동차 에어컨 가스 충전 방법
  · 자동차 정비할 때 꼭 확인할 부분
  · 자동차 정비소 선택 방법
  · 자동차 정비 보증 기간
  · 자동차 정비할 때 필요한 준비물
  · 자동차 스파크 플러그 교체 방법
  · 자동차 라디에이터 교체 비용
  · 자동차 서스펜션 정비 가이드
  · 자동차 에어 필터 교체 주기
  · 자동차 차체 정비 도장 방법
  · 자동차 전자 장비 정비 팁
  · 자동차 클러치 교체 비용 비교
  · 자동차 크루즈 컨트롤 정비 방법
  · 자동차 오일 필터 교체 주기
  · 자동차 전조등 정비 방법
  · 자동차 배기 시스템 정비 팁
  · 자동차 연료 펌프 교체 비용

[06-car-insurance] 자동차 > 자동차 보험 ...
  · 신차 보험 할인 조건
  · 중고차 보험 특별 할인
  · 전기차 보험 가입 팁
  · 무손해 보험 할인 방법
  · 자동차 보험 추천 순위
  · 자동차 보험 가입 필수 체크리스트
  · 자동차 보험 사기 방지 팁
  · 자동차 보험료 인상 요인
  · 자동차 보험 특약 선택 가이드
  · 자동차 보험 청약서 작성 팁
  · 자동차 보험 신고 방법
  · 자동차 보험 무상 서비스
  · 자동차 보험 가입 조건
  · 자동차 보험 변경 방법
  · 자동차 보험 대리점 선택 팁
  · 자동차 보험료 절감 팁
  · 자동차 보험 신용점수 영향
  · 자동차 보험 할인 혜택 비교
  · 신용등급에 따른 보험료 차이
  · 보험 가입 전 점검해야 할 사항
  · 주부용 자동차 보험 추천
  · 청년용 자동차 보험 할인 방법
  · 보험료 인하를 위한 노하우
  · 보험 특약 설정 시 주의사항
  · 보험사별 무상 서비스 비교
  · 보험료 계산기 사용법
  · 보험 가입 시 필요한 서류
  · 보험료 절감 실전 팁
  · 보험 가입 후 변경 방법
  · 보험사 선택 시 고려사항
  · 보험료 인상 시행 일정
  · 보험 청약서 작성 오류
  · 보험 신고 시 필요한 자료
  · 보험 가입 시 주의할 사기
  · 보험 해지 시 주의사항
  · 보험 특약 추가 시 고려사항
  · 보험료 비교 사이트 활용법
  · 자동차 보험 무손해 할인 방법
  · 청년 자동차 보험 할인 혜택
  · 보험료 절감 실용적인 방법
  · 보험료 계산기 정확한 사용법
  · 보험 가입 전 꼭 체크해야 할 사항
  · 보험 해지 후 재가입 주의점
  · 보험 신고 시 필요한 서류 확인
  · 보험료 인상 대처 방법
  · 보험사 선택 시 꼼꼼히 비교해야 할 점
  · 보험 사기 주의점
  · 보험 신용점수 영향 분석
  · 보험료 절감 노하우
  · 보험사별 할인 혜택 비교

[06-vehicle-management] 자동차 > 차량 관리 ...
  · 차량 세차 팁
  · 차량 정비 주기
  · 차량 연비 향상 방법
  · 차량 실내 청소 팁
  · 차량 배터리 교체 방법
  · 차량 보험 비교
  · 차량 타이어 교체
  · 차량 오일 교환 주기
  · 차량 정기 검사
  · 차량 실내 공기 청정
  · 차량 정비용품 추천
  · 차량 실내 향기제 추천
  · 차량 정비 비용 비교
  · 차량 실내 청소용품 추천
  · 차량 정비 팁
  · 차량 실내 청결 유지 방법
  · 차량 정비 소모품 교체
  · 차량 실내 청소 주기
  · 차량 정비 체크리스트
  · 차량 실내 청소 비법
  · 겨울 차량 방한 팁
  · 차가운 날씨 차량 배터리 관리
  · 여름 차량 실내 온도 조절
  · 차량 실내 습기 제거 방법
  · 겨울 차량 타이어 선택 팁
  · 차량 실내 청소용품 비교
  · 차량 실내 청결 유지 팁
  · 량량 정비 비용 비교
  · 차량 실내 공기 향상 방법
  · 차량 실내 청정 유지 방법
  · 차량 실내 청소 전문가 팁
  · 차량 세차용품 추천
  · 차량 실내 향기제 효과
  · 차량 배터리 관리 팁
  · 차량 타이어 관리 방법
  · 차량 정비소 추천 방법
  · 차량 실내 습기 제거 팁
  · 차량 배터리 수명 연장 방법
  · 차량 정비 유의사항
  · 차량 실내 청소 최신 트렌드
  · 차량 정비 비용 절감 방법
  · 차량 정비용품 비교
  · 차량 실내 청소 전문가 리뷰
  · 차량 정기 점검 체크리스트
  · 차량 정비용품 최신 트렌드
  · 차량 정비 비용 추천
  · 차량 오일 교환 비용
  · 차량 실내 청소 추천 제품
  · 차량 배터리 교체 시기
  · 차량 정비 비용 절감 팁

[06-driving-tips] 자동차 > 운전 팁 ...
  · 겨울철 타이어 교체 방법
  · 초보자 운전 연습 장소 추천
  · 주차 기술 향상법
  · 고속도로 안전운전 팁
  · 차량 블랙박스 설치 방법
  · 차량 세차 효과적인 방법
  · 교통사고 대처 방법
  · 차량 정기점검 체크리스트
  · 비 오는 날 안전주행 팁
  · 차량 연비 개선 팁
  · 공사구 안전운전 팁
  · 야간 운전 팁
  · 차량 소음 진단 방법
  · 차량 시스템 점검 팁
  · 차량 에어컨 청소 방법
  · 차량 안전벨트 사용 팁
  · 차량 계절별 관리 팁
  · 차량 긴급 정비 키트 준비 방법
  · 초보자 안전 운전 필수 팁
  · 장거리 운전 피로 완화 방법
  · 겨울철 미끄럼 방지 주행법
  · 도로 긁힘 사고 예방 방법
  · 카페인 음료 안전운전 영향
  · 자동차 조명 사용법 정리
  · 주차 시 각도 제어 방법
  · 자기차량 안전 점검 방법
  · 고속도로 합류 방법
  · 차량 블랙박스 설정 방법
  · 차량 정비약품 선택법
  · 차량 보험 사기 예방법
  · 차량 세차 후 관리 방법
  · 차량 실내 공기 정화 방법
  · 차량 소음 진동 감소 방법
  · 차량 긴급 정비 키트 구성
  · 차량 안전벨트 사용법
  · 차량 연비 개선 방법
  · 초보자 허들 넘기 운전법
  · 겨울철 능가능 안전운전 방법
  · 고객센터 자동화 시스템 구축
  · 야간 운전 시 안전 조치
  · 고속도로 합류 시 안전 방법
  · 차량 블랙박스 최대 한도 설정 방법
  · 초보자 주차 방법과 팁
  · 주행 중 졸음 대처 방법
  · 곡선도로 안전 주행법
  · 자동차 에어백 작동 원리
  · 겨울철 차량 실내 결빙 방지법
  · 자동차 브레이크 체크 방법
  · 고속도로 휴게소 안전한 주차 방법
  · 자동차 전용도로 주행 팁
  · 자동차 라디오 간섭 감소 방법
  · 자동차 실내 청소 팁
  · 자동차 연료 절약 팁
  · 자동차 엔진 과열 방지 방법
  · 자동차 급정거 시 대처 방법

[06-car-comparison] 자동차 > 자동차 비교 ...
  · 소형차 vs 콤팩트차 차이점
  · 2024년 가장 경제적인 가성비 신차
  · 중고차 100만 원대 추천 모델
  · SUV vs 세단 연비 차이
  · 하이브리드차 vs 플러그인 하이브리드차
  · 2024년 신차 실내 공기질 비교
  · 국산차 vs 수입차 유지비 비교
  · 가족용 차 vs 직장통근 차 비교
  · 2024년 신차 세금 비교
  · 소형 SUV vs 미니밴 비교
  · 전기차 vs 수소차 비교
  · 2024년 가장 인기 있는 신차 모델
  · 차량 유지보수 비용 비교
  · 2024년 신차 연비 비교
  · 소형차 vs 미니카 비교
  · 전기차 vs 디젤차 비교
  · 2024년 신차 인테리어 비교
  · 2024년 신규 신차 모델 비교
  · 중고차 구매 시 점검할 사항
  · 한국형 SUV vs 일본형 SUV 비교
  · 2024년 전기차 충전소 위치 비교
  · 하이브리드차 장단점 비교
  · 소형차 vs 중형차 실용성 비교
  · 2024년 SUV 인테리어 비교
  · 디젤차 vs 휘발유차 연비 비교
  · 중고차 매입 시 주의사항
  · SUV vs 세단 승차감 비교
  · 전기차 vs 수소차 충전 시간 비교
  · 2024년 신차 무상A/S 기간 비교
  · 소형차 vs 미니카 주차 편의성 비교
  · 2024년 신차 실외 소음 비교
  · 전기차 충전 방법 비교
  · 2024년 신차 실내 공간 비교
  · 중고차 구매 시 주의할 사기 사례
  · SUV vs 미니밴 실용성 비교
  · 2024년 SUV vs 미니밴 연비 비교
  · 중고차 구매 전 점검 필수 체크리스트
  · 2024년 국산 소형차 vs 수입 소형차 비교
  · 2024년 SUV 승차감 비교
  · 2024년 하이브리드차 vs 전기차 유지비 비교
  · 2024년 중형차 vs 대형차 실용성 비교
  · 2024년 디젤차 vs 수소차 비교
  · 2024년 SUV 실내 공간 비교
  · 2024년 전기차 vs 하이브리드차 충전소 비교
  · 2024년 중고차 매입 시 주의할 사항
  · 2024년 SUV vs 세단 실용성 비교
  · 2024년 전기차 vs 수소차 인테리어 비교
  · 2024년 미니밴 vs 세단 실용성 비교
  · 2024년 소형차 vs 미니카 실생활 사용법 비교
  · 2024년 하이브리드차 vs 플러그인 하이브리드 비교
  · 2024년 SUV vs 미니밴 승차감 비교
  · 2024년 전기차 vs 수소차 연비 비교
  · 2024년 중고차 구매 시 사기 피하는 법
  · 2024년 SUV vs 세단 실내 공간 비교

[06-car-news] 자동차 > 자동차 뉴스 ...
  · 2024년 올해의 차 선정
  · 수소차 최신 기술 동향
  · 자동차 보험료 인상 이전 대비
  · EV 충전소 신규 설치 정보
  · 2024년 SUV 신차 리뷰
  · 중고차 구매 시 주의사항
  · 자동차 리콜 사전 예방법
  · 주행거리 최적화 팁
  · 2024년 자동차 트렌드 분석
  · EV 버스 최신 소식
  · 자동차 유통업체 평가 기준
  · 2024년 전기차 세제 혜택
  · 자동차 전원장치 교체 가이드
  · 2024년 하이브리드차 추천 모델
  · 자동차정비소 추천 기준
  · 2024년 자동차 안전기술 동향
  · 2024년 신차 모델 공개 일정
  · 최근 자동차 소재 보도 이슈
  · 자율주행 기술 최신 동향
  · 수소차 충전소 확대 계획
  · 자동차 보험료 인상 후기
  · 중고차 검증 방법
  · 자동차 리콜 조회 방법
  · SUV vs 세단 연비 비교
  · 자동차 보관 팁
  · 2024년 전기차 보조금
  · 자동차 정비 기본 도구
  · 하이브리드차 vs 전기차 비교
  · 자동차 안전기능 최신 기술
  · 전기차 충전소 위치 조회
  · 자동차 세제 혜택 비교
  · 자동차 애프터케어 서비스
  · 2024년 신차 출시 일정
  · 최신 전기차 충전 기술
  · 2024년 중고차 가격 추이
  · 최신 자동차 안전 기술
  · 2024년 수소차 보급 현황
  · 자율주행 자동차 시장 전망
  · 2024년 SUV 인기 모델
  · 최신 하이브리드차 모델
  · 최신 자동차 리콜 정보
  · 자동차 연비 향상 방법
  · 2024년 SUV vs 세단 비교
  · 2024년 자동차 세제 혜택
  · 2024년 1월 신차 출시 modello
  · 자율주행 기술 보급 현황 2024
  · 중고차 구매 시 점검 사항 2024
  · 2024년 수소차 충전소 설치 현황
  · 2024년 전기차 충전 기술 발전
  · 2024년 1월 신차 출시 모델

[06-car-accessories] 자동차 > 자동차 용품 ...
  · 차량용 휴대용 진동기
  · 차량용 휴대용 냉장고
  · 차량용 휴대용 에어컴프레서
  · 차량용 휴대용 전력계
  · 차량용 휴대용 로드아트
  · 차량용 휴대용 충전기
  · 차량용 휴대용 스피커
  · 차량용 휴대용 서비
  · 차량용 휴대용 세탁기
  · 차량용 휴대용 에어컨
  · 차량용 휴대용 가습기
  · 차량용 휴대용 난방기
  · 차량용 휴대용 청정기
  · 차량용 휴대용 음향기기
  · 차량용 휴대용 정수기
  · 차량용 휴대용 선반
  · 차량용 휴대용 조명기기
  · 차량용 휴대용 카메라
  · 차량용 휴대용 화장실
  · 차량용 휴대용 샤워기
  · 차량용 휴대용 진공청소기 추천
  · 차가운 날씨 차량용 전기 담요
  · 차량용 휴대용 제습기
  · 차량용 휴대용 에어프레셔
  · 차량용 휴대용 무선 충전기
  · 차량용 휴대용 LED 조명
  · 차량용 휴대용 공기청정기
  · 차량용 휴대용 에어커피메이커
  · 차량용 휴대용 식기세척기
  · 차량용 휴대용 에어프라이어
  · 차량용 휴대용 전자레인지
  · 차량용 휴대용 에스프레소머신
  · 차량용 휴대용 에어팬
  · 차량용 휴대용 에어클리너
  · 차량용 휴대용 에어샤워기
  · 차량용 휴대용 에어헤어드라이어
  · 차량용 휴대용 에어타월
  · 차량용 휴대용 에어실내화
  · 차량용 휴대용 에어난로
  · 차량용 휴대용 에어냉장고
  · 차량용 휴대용 진공청소기 비교
  · 차량용 휴대용 진공청소기 리뷰
  · 차량용 휴대용 전기 담요 추천
  · 차량용 휴대용 진공청소기 최신 모델
  · 겨울용 차량용 전기담요 추천
  · 차량용 휴대용 무선충전기 추천
  · 하거나 차용 GPS 내비게이션 장비
  · 차용 휴대용 에어컨 추천
  · 차량용 휴대용 진공청소기 가이드
  · 겨울용 차량용 전기 담요 추천

[06-vehicle-safety] 자동차 > 차량 안전 ...
  · 차량 안전기능 비교
  · 아이 안전시트 설치 방법
  · 겨울철 차량 안전 팁
  · 차량 에어백 작동 원리
  · 주요 도로 사고 예방법
  · 차량 블랙박스 설치 가이드
  · 차량 보안 시스템 비교
  · 장애물 인식 센서 작동 원리
  · 차량 정비 안전 팁
  · 차량 비상용품 체크리스트
  · 차량 안전 사각지대 예방법
  · 차량 안전 라이트 사용법
  · 차량 안전 매트 선택 방법
  · 차량 안전벨트 고정 방법
  · 차량 안전용품 추천
  · 차량 안전 주행 기술
  · 차량 안전 리콜 확인 방법
  · 차량 안전 유행어
  · 차량 안전 교육 기관
  · 겨울 타이어 교체 방법
  · 차량 정비소 추천 서울
  · EV 충전소 안전 사용법
  · 2024년 차량 리콜 목록
  · 중고차 구매 안전 검사법
  · 자동차 세차 안전한 방법
  · 차량 보관 안전 팁
  · 차량 보험 금리 비교
  · 자동차 정비 안전한 방법
  · 차량 안전벨트 고정 팁
  · 자동차 보안 시스템 추천
  · 차량 주행 안전 기술
  · 자동차 사고 예방 팁
  · 차량 비상용품 준비 방법
  · 자동차 유류 유통 안전법
  · 차량 안전매트 선택 팁
  · 자동차 안전 교육 기관
  · 자동차 안전 리콜 확인 방법
  · 차량 안전벨트 올바른 착용법
  · 자동차 블랙박스 설치 위치 추천
  · 겨울철 차량 사각지대 예방법
  · 차량 안전 라이트 점검 방법
  · 자동차 안전매트 선택 팁
  · 차량 안전 운전 시 안전띠 착용법
  · 자동차 장비 정비 안전 수칙
  · 차량 사고 예방을 위한 안전 주행법
  · 겨울철 차량 안전 운전을 위한 준비물
  · 자동차 비상용품 검토와 준비 방법
  · 차량 안전용품 비교와 추천
  · 주차 시 차량 안전 팁과 주의사항
  · 자동차 보안 시스템 설치와 사용법
  · 자동차 사고 예방을 위한 정비 팁
  · 차량 안전 주행을 위한 팁과 조언

[06-car-taxes] 자동차 > 자동차 세금 ...
  · 신차 등록세 계산 방법
  · 중고차 양도세 계산기 사용법
  · 전기차 환경세 면제 조건
  · 자동차 보험료 세금 공제 방법
  · 신차 할부금 세금 계산 방법
  · 중고차 면허세 계산 방법
  · 전기차 전기요금 세금 공제
  · 자동차 세금 납부 기한 확인
  · 신차 등록세 감면 조건
  · 중고차 양도세 면제 조건
  · 전기차 세금 혜택 비교
  · 자동차 보험료 세금 공제 한도
  · 신차 등록세 계산기 추천
  · 중고차 세금 절세 팁
  · 전기차 세금 비교
  · 자동차 세금 연체 시 벌금
  · 신차 등록세 감면 신청 방법
  · 중고차 양도세 절세 방법
  · 전기차 세금 혜택 최신 정보
  · 자동차 세금 납부 방법
  · 디젤차 종합환경세 계산 방법
  · 가솔린차 등록세 감면 조건
  · 중고차 양도세 할인 조건 2024
  · 전기차 환경세 면제 신청 방법
  · 디젤차 종합환경세 계산 예시
  · 가솔린차 등록세 계산기 사용법
  · 2024 신차 등록세 감면 기준
  · 중고차 세금 납부 일정 확인 방법
  · 자동차 보험료 세금 공제 신청 방법
  · 중고차 양도세 과세 기준 비교
  · 신차 할부금 세금 계산 예시
  · 신차 등록세 감면 신청 서류 목록
  · 디젤차 종합환경세 감면 조건
  · 가솔린차 등록세 계산 예시 비교
  · 2024 전기차 세금 혜택 변경 사항
  · 중고차 세금 납부 기한 연장 방법
  · 전기차 세금 혜택 신청 기한
  · 중고차 양도세 계산 방법 비교
  · 2024 중고차 양도세 할인 조건
  · 디젤차 종합환경세 감액 방법
  · 중고차 양도세 계산 예시 2024
  · 전기차 주차장 세금 공제 방법
  · 신차 등록세 면제 가능ولوژی
  · 디젤차 등록세 계산 방법 2024
  · 전기차 보험료 세금 공제 방법
  · 중고차 양도세 과세 기준 2024
  · 디젤차 종합환경세 계산기 사용법
  · 중고차 세금 연체 시 벌금 계산
  · 디젤차 세금 비교 2024
  · 디젤차 종합환경세 감면 방법
  · 가솔린차 등록세 할인 조건

[06-car-financing] 자동차 > 자동차 금융 ...
  · 2024년 신차 할부 조건 비교
  · 중고차 대출 대행 추천 업체
  · 2024 EV 할부 최저금리
  · 자동차 대출 연체 후 기한 연장 방법
  · 자동차 할부 5년 vs 7년 비교
  · 2025 중고차 할부 금리 전망
  · 자동차 대출 서민금리 기준 비교
  · 자동차 할부 조기 상환 시 주의사항
  · 자동차 할부 신용등급 영향 분석
  · 자동차 대출 보증인 없이 할부 방법
  · 할부 중 자동차 판매 시 주의사항
  · 자동차 할부 보험 필요성과 비교
  · 2024 중고차 대출 조건 및 금리
  · 2025년 자동차 할부 금리 전망 분석
  · 자동차 할부 신용등급 영향과 관리법
  · 자동차 할부 조기 상환 시 이자 계산법
  · 자동차 대출 종류와 특징 비교
  · 2024 자동차 할부 최저금리 은행
  · 자동차 할부 신용카드 최적화 방법
  · 중고차 대출 한도 계산 및 승인 기준
  · 2024 신차 할부 조기 상환 시 이자 계산
  · 중고차 대출 서민금리 가능한 은행
  · EV 할부 3년 vs 5년 비교
  · 자동차 할부 조기 상환 시 신용점수 영향
  · 중고차 대출 한도 계산 방법
  · 자동차 할부 신용카드 최적화 팁
  · 자동차 할부 신용등급 영향 관리법
  · 중고차 대출 대행 업체 추천
  · 자동차 대출 보증인 없이 할부 조건
  · 신차 할부 전월세 대출 비교
  · 중고차 대출 서민금리 차이
  · EV 할부 조기 상환 이자 계산
  · 자동차 금융 보증인 없이 대출
  · 자동차 할부 신용카드 사용 팁
  · 자동차 대출 서민금리 조건
  · 자동차 할부 조기 상환 신용점수 영향
  · 중고차 대출 대행 업체 비교
  · 할부 중 자동차 판매 주의사항
  · 자동차 할부 조기 상환 이자 계산법
  · 자동차 대출 금리 비교
  · 2024년 자동차 할부 신용등급 영향
  · 자동차 대출 연체 시 대처 방법
  · 중고차 할부 조기 상환 이자 계산
  · 신차 할부 서민금리 비교
  · 자동차 할부 보증인 없이 대출 방법
  · 2025년 EV 할부 금리 전망
  · 2024년 신차 할부 최저금리 은행
  · 2024년 중고차 대출 조건
  · 자동차 할부 전월세 대출 비교
  · 자동차 할부 보험 필요성 및 비교

[06-car-travel] 자동차 > 자동차 여행 ...
  · 차량이용 휴가 코스 추천
  · 주말 자동차 여행지 추천
  · 가족용 자동차 캠핑장
  · 경우별 자동차 여행 팁
  · 겨울 자동차 여행지
  · 자동차 여행용 장비 추천
  · 저예산 자동차 여행 팁
  · 자동차 여행지 추천 서울근교
  · 자동차 여행 보험 가입 방법
  · 자동차 여행 시 음식 추천
  · 자동차 여행 경로 확인 방법
  · 자동차 여행 시 안전 수칙
  · 자동차 여행지 추천 부산근교
  · 자동차 여행 앱 추천
  · 자동차 여행 시 차량 점검 방법
  · 자동차 여행지 추천 제주도
  · 자동차 여행 시 크루즈 콘트롤 사용법
  · 자동차 여행지 추천 강원도
  · 자동차 여행 시 휴식 장소 추천
  · 자동차 여행지 추천 전라도
  · 자동차 캠핑장 처음가는 사람
  · 가족 단위 자동차 캠핑장 추천
  · 자동차로 갈 수 있는 해수욕장
  · 자동차 여행용 장비 필수 아이템
  · 자동차 여행 보험 안내
  · 자동차 여행 경로 계산기
  · 자동차 여행 시 크루즈 컨트롤 사용법
  · 자동차 여행 시 노선 확인 방법
  · 자동차 여행지 추천 경상도
  · 자동차 여행 시 가방 꾸러미기 팁
  · 자동차 여행 시 휴게소 추천
  · 자동차 여행 중 급발진 대처법
  · 도심 자동차 여행 추천 코스
  · 자동차 여행용 휴대용 충전기
  · 자동차 여행 시 야간 주행 팁
  · 자동차 여행지 추천 한강변
  · 자동차 여행 시 에어타이어 사용법
  · 자동차 여행용 유모차 추천
  · 자동차 여행 중 차량 오버히팅
  · 자동차 여행용 휴대용 세차기
  · 자동차 여행 중 차량 고장 응급 조치
  · 자동차 여행지 추천 경기도
  · 자동차 여행 중 급브레이크 대응 방법
  · 자동차 여행용 휴대용 에어펌프 추천
  · 자동차 여행 중 충돌 사고 대응 방법
  · 자동차 여행용 휴대용 냉장고 추천
  · 자동차 여행 중 차량 고장 대처법
  · 자동차 여행용 휴대용 화장실 추천
  · 자동차 여행 중 차량 벽보 설치 방법
  · 자동차 여행용 휴대용 샤워기 추천
  · 자동차 여행 중 차량 실내 온도 조절 방법
  · 자동차 여행용 휴대용 세제 추천
  · 자동차 여행 중 차량 실내 청소 방법
  · 자동차 여행용 휴대용 매트 추천
  · 자동차 여행 중량 제한 확인 방법

[06-car-inspection] 자동차 > 자동차 점검 ...
  · 차량주기별 점검 방법
  · 엔진오일 교환 주기
  · 브레이크 점검 방법
  · 배터리 수명 확인
  · 타이어 교체 시기
  · 윈터타이어 점검
  · 에어필터 교환 방법
  · 쿨란트 점검 방법
  · 자동차 실내 공기질 확인
  · 자동차 외부 점검 방법
  · 자동차 차고 점검 팁
  · 자동차 정비소 선택 팁
  · 자동차 점검 주기표
  · 자동차 점검 비용 비교
  · 자동차 정기점검 중요성
  · 자동차 점검 시 주의사항
  · 자동차 점검 앱 추천
  · 자동차 점검 후기
  · 자동차 점검 체크리스트 다운로드
  · 자동차 점검 시 가장 중요한 부분
  · 자동차 주기별 점검 리스트
  · 차가운 날씨 자동차 점검
  · 여름철 자동차 점검 팁
  · 자동차 점검 비용 절약 방법
  · 자동차 점검 앱 최신 버전
  · 자동차 점검 체크리스트 PDF
  · 자동차 점검 시 주의할 점
  · 자동차 점검 정비소 비교
  · 자동차 점검 팁 예방
  · 자동차 점검 중요성 설명
  · 자동차 점검 주기별 비용
  · 자동차 점검 체크리스트 무료
  · 자동차 점검 시 가장 먼저 확인할 부분
  · 자동차 점검 비용 절감 방법
  · 자동차 점검 앱 비교
  · 자동차 점검 정비소 추천
  · 자동차 엔진 점검 방법
  · 배기 밸브 점검 방법
  · 자동차 진동 점검
  · 자동차 노후 부품 점검
  · 자동차 전기 시스템 점검
  · 자동차 실내 조명 점검
  · 자동차 습도 점검
  · 자동차 전구 불빙 점검
  · 자동차 에어컨 가스 충전 점검
  · 자동차 오일 유량 점검
  · 자동차 브레이크 유체 점검
  · 자동차 범퍼 점검 방법
  · 자동차 실내 공기청정기 점검
  · 자동차 안테나 점검 방법
  · 자동차 사이드 미러 점검
  · 자동차 에어백 점검 방법
  · 자동차 차체 손상 점검
  · 자동차 실내 청결 점검
  · 자동차 주행 중 소음 점검

[07-smartphone-review] IT/테크 > 스마트폰 리뷰 ...
  · 갤럭시 S23 vs 아이폰 14 성능 비교
  · 2024년 스마트폰 카메라 추천
  · 저렴한 배터리 내구성 좋은 스마트폰
  · 게이밍 스마트폰 추천 2024
  · 최신 5G 스마트폰 비교
  · 스마트폰 화면 보급기 vs 플래그십
  · 2024년 스마트폰 보안 기능 비교
  · 5G 스마트폰 구매 가이드
  · 스마트폰 충전 속도 비교
  · 저가형 스마트폰 추천 2024
  · 스마트폰 휴대성 비교
  · 스마트폰 후면 카메라 비교
  · 스마트폰 리뷰 분노의 성능
  · 스마트폰 자동차 충전기 호환성
  · 스마트폰 성능 테스트 방법
  · 스마트폰 무선충전 호환성
  · 스마트폰 게이밍 성능 비교
  · 스마트폰 충전 케이블 추천
  · 스마트폰 카메라 저조도 성능 비교
  · 스마트폰 화면 크기 비교
  · 갤럭시 S24 초고해상도 카메라 성능
  · 아이폰 15 프로 맥스 배터리 사용법
  · 2024년 스마트폰 120Hz 화면 비교
  · 포토샵 익스프레스 스마트폰 편집 팁
  · 스마트폰 무선충전기 호환성 체크
  · 2024년 저가형 스마트폰 성능 비교
  · 갤럭시 A54 롱배터리 사용 후기
  · 아이폰 14 프로 맥스 충전속도 테스트
  · 스마트폰 저조도 카메라 성능 비교
  · 스마트폰 광각카메라 활용 팁
  · 2025년 스마트폰 트렌드 전망
  · 갤럭시 Z Flip5 접이식 스마트폰 리뷰
  · 아이폰 13 미니 소형 스마트폰 장단점
  · 스마트폰 무선이어폰 호환성 확인 방법
  · 스마트폰 카메라 저조도 촬영 설정
  · 갤럭시 S23 울트라 메인카메라 테스트
  · 아이폰 15 배터리 수명 실제 사용하는 법
  · 2024년 스마트폰 5G 속도 비교
  · 스마트폰 무선충전 속도 비교 테스트
  · 스마트폰 카메라 인공지능 기능 비교
  · 갤럭시 S24 vs 아이폰 15 비교
  · 스마트폰 배터리 수명 늘리는 법
  · 갤럭시 A73 롱배터리 사용법
  · 아이폰 15 프로 맥스 화면크기 비교
  · 최신 스마트폰 보안 기능 비교
  · 스마트폰 저가형 vs 중급형 비교
  · 스마트폰 카메라 초점 조정 방법
  · 스마트폰 배터리 수명 최적화 설정
  · 스마트폰 무선충전기 추천 2024
  · 스마트폰 카메라 필터 활용 팁
  · 스마트폰 성능 테스트 애플리케이션
  · 스마트폰 충전 케이블 타입 비교
  · 스마트폰 게이밍 성능 테스트
  · 2024년 스마트폰 액세서리 추천

[07-ai-trend] IT/테크 > AI 트렌드 ...
  · AI 챗봇 추천 2024
  · 프롬프트 작성법 기초
  · AI 그림 생성기 추천
  · AI 음성 변환 기술
  · AI 보안 위협 대처법
  · AI 데이터 분석 도구
  · AI 의료 기술 동향
  · AI 금융 서비스 추천
  · AI 교육 플랫폼 비교
  · AI 게임 개발 도구
  · AI 자율주행 기술
  · AI 마케팅 도구 추천
  · AI 로봇 키즈 코딩
  · AI 크립토 커뮤니티
  · AI 디지털 아트 시합
  · AI 언어 번역 서비스
  · AI 가상 어시스턴트
  · AI 그라픽 디자인 도구
  · AI 보안 솔루션 비교
  · AI 음악 생성기 추천
  · AI 챗봇 무료 활용 방법
  · AI 프롬프트 진화 과정
  · AI 비주얼 콘텐츠 제작
  · AI 음성 변환 무료 도구
  · AI 데이터 분석 실무 팁
  · AI 의료 기술 실생활 적용
  · AI 금융 서비스 위험성
  · AI 교육 플랫폼 무료 체험
  · AI 게임 개발 무료 소프트웨어
  · AI 마케팅 도구 무료 버전
  · AI 디지털 아트 대회 참여 방법
  · AI 그라픽 디자인 소프트웨어 비교
  · AI 보안 솔루션 무료 버전
  · AI 음악 생성기 활용법
  · AI 보안 위협 대처 실전 팁
  · AI 챗봇 무료 비교 2024
  · AI 그림 생성기 무료
  · AI 프롬프트 고급 기술
  · AI 음성 변환 무료 앱
  · AI 데이터 분석 무료 도구
  · AI 금융 서비스 비교 2024
  · AI 게임 개발 무료 툴
  · AI 트렌드 2025 전망
  · AI 기반 고객 서비스 사례
  · AI 로봇 교육 키즈 코딩
  · AI 캐릭터 생성기 무료 추천 2024
  · AI 비즈니스 적용 사례 2024
  · AI 글쓰기 도구 무료 버전 비교
  · AI 영상 편집 소프트웨어 추천
  · AI 건강 관리 앱 무료 체험
  · AI 교육 프로그램 무료 강의
  · AI 페이스북 광고 최적화 방법
  · AI 쇼핑몰 추천 시스템 비교
  · AI 음성 인식 무료 앱 비교
  · AI 취업 지원 서비스 추천

[07-app-review] IT/테크 > 앱 리뷰 ...
  · 유튜브 쇼츠 편집 앱
  · 파파고 오프라인 번역기
  · 카카오톡 암호화 채팅 설정
  · 티키톡 무료 동영상 편집
  · 기업용 메신저 추천
  · 인스타그램 스토리 필터
  · 구글 지도 오프라인 맵
  · 네이버 웹툰 앱 불편점
  · 유튜브 프리미엄 무료 체험
  · 페이스북 라이브 방송 설정
  · 라인 무료 영화 사이트
  · 카카오톡 주소록 백업
  · 인스타그램 그림자 삭제 앱
  · 구글 트렌즈 사용법
  · 네이버 메모장 동기화
  · 유튜브 썸네일 제작 앱
  · 페이스북 게시물 스케줄링
  · 카카오톡 채널 추천
  · 인스타그램 해시태그 추천 앱
  · 구글 드라이브 백업 방법
  · 유튜브 자동캡션 수동 편집 방법
  · 인스타그램 스토리 재생시간 늘리기
  · 구글 포토 무제한 백업 가능한
  · 카카오톡 이모티콘 무료 다운로드
  · 네이버 웹툰 앱 광고 차단 팁
  · 페이스북 실시간 번역 기능 사용법
  · 라인 스티커 무료 받기 팁
  · 인스타그램 해시태그 추천 생성기 비교
  · 카카오톡 비오프라인 채팅 설정
  · 네이버 검색 앱 사생활 설정 방법
  · 유튜브 자동재생 끄는 방법 비교
  · 인스타그램 DM 무음 설정 방법
  · 카카오톡 오류 수정 방법
  · 네이버 검색 최적화 SEO 앱
  · 유튜브 무광고 재생 앱
  · 인스타그램 스토리 뷰어 확인 방법
  · 카카오톡 그룹 채팅 관리 팁
  · 네이버 웹툰 앱 화질 설정 방법
  · 페이스북 라이브 방송 음질 개선 팁
  · 라인 스토리 무료 보기 방법
  · 2023년 아이폰 최신 앱 추천
  · 아날로그 감성 카메라 앱
  · AI 그림 그리기 앱 추천
  · 과제 관리 앱 비교
  · 음원 변환 앱 추천
  · 스마트폰 보안 앱 비교
  · 메모 정리 앱 추천
  · 무료 동영상 편집 앱
  · 스마트폰 배터리 절약 앱
  · 무료 음악 다운로드 앱
  · 스마트폰 사진 편집 앱
  · 무료 카드뉴스 제작 앱
  · 스마트폰 날씨 예측 앱
  · 무료 영어 학습 앱
  · 스마트폰 건강 관리 앱

[07-pc-build-guide] IT/테크 > PC 빌드 가이드 ...
  · 2024년 초보자를 위한 PC 조립 가이드
  · 게이밍 PC 조립 부품 추천
  · 저예산 PC 조립 방법
  · 오피스 PC 조립 부품 추천
  · PC 조립 시 흔한 실수
  · PC 조립 툴과 도구
  · 메인보드 선택 가이드
  · CPU 선택 가이드
  · GPU 선택 가이드
  · 램 선택 가이드
  · PC 파워 공급기 선택 가이드
  · PC 조립 후 OS 설치 방법
  · PC 조립 후 드라이버 설치 방법
  · PC 조립 후 성능 테스트 방법
  · PC 조립 업그레이드 가이드
  · PC 조립 시 케이스 선택 가이드
  · PC 조립 시 쿨링 시스템 선택 가이드
  · PC 조립 시 SSD 선택 가이드
  · PC 조립 시 HDD 선택 가이드
  · PC 조립 시 부품 호환성 확인 방법
  · 2024년 대비 2025년 PC 빌드 예산
  · 게이밍 PC vs. 크리에이터 PC 조립 차이
  · 2024년 초보자를 위한 PC 조립 툴
  · PC 조립 시 CPU 선택 실패 사례
  · PC 조립 시 램 용량 결정 방법
  · PC 조립 시 SSD와 HDD 함께 사용하는 법
  · PC 조립 후 BIOS 설정 기본
  · PC 조립 시 케이스 통풍 시스템 선택
  · PC 조립 시 메인보드 선택 필수 체크리스트
  · PC 조립 시 GPU 성능 비교 방법
  · PC 조립 시 파워 공급기 용량 계산 방법
  · PC 조립 시 CPU 쿨러 선택 방법
  · PC 조립 시 부품 호환성 확인 도구
  · PC 조립 시 케이블 관리 팁
  · PC 조립 후 윈도우 11 최적화 방법
  · PC 조립 시 부품 구매 시기 전략
  · PC 조립 시 부품 리사이클링 가능성
  · PC 조립 후 성능 테스트 도구
  · 2024년 게이밍 PC 조립 예산
  · 초보자 PC 조립 단계별 가이드
  · 오피스용 PC 조립 부품 리스트
  · 최적의 CPU 쿨러 고르는 방법
  · PC 조립 후 BIOS 설정 방법
  · 공간 절약형 미니 PC 조립
  · 게이밍용 PC와 크리에이터 PC 차이
  · 저예산 PC 조립 부품 추천
  · 100만원 게이밍 PC 조립
  · 크리에이터용 워크스테이션 PC 추천
  · 에어쿨러 vs 액체쿨러 비교
  · SSD로 PC 속도 향상하는 방법
  · 미니 ITX 케이스 추천과 조립 팁
  · 파워 공급기 용량 계산기 사용법
  · 고주사율 게이밍 모니터 추천
  · PC 케이블 정리를 위한 팁
  · 2024년 PC 부품 신제품 소식

[07-gadget-review] IT/테크 > 가젯 리뷰 ...
  · 가성비 스마트워치 추천 2024
  · 애플 워치 9 프로와 일반 비교
  · 무선 이어폰 오래 쓰기 팁
  · 태블릿 노트 필기 활용법
  · 갤럭시 탭 S9 페널티 비교
  · 에어팟 프로 2 세탁기 세탁
  · 2024 초고해상도 태블릿
  · 검은색 갤럭시 워치 6
  · 블루투스 이어폰 연결 안될 때
  · 애플 펜슬 2 호환 태블릿
  · 스마트워치 혈압 측정 정확도
  · 에어팟 프로 3 출시 날짜
  · 2024년 태블릿 추천 학생용
  · 갤럭시 워치 5 프로 전력 절약
  · 무선 이어폰 한쪽으로만 들림
  · 2024 최신 스마트워치 비교
  · 태블릿으로 노트 필기 앱
  · 갤럭시 탭 S8 울트라 가격
  · 애플 워치 7 체중 측정 가능
  · 무선 이어폰 공장 초기화
  · 스마트워치 심박수 측정 정확도 비교
  · 무선 이어폰 배터리 수명 늘리는 방법
  · 2024 태블릿 학생용 추천
  · 애플 워치 8과 나노시뮬 비교
  · 갤럭시 워치 6 한달 사용기
  · 에어팟 프로 2 충전기 교체 방법
  · 태블릿으로 화상 회의 최적화
  · 무선 이어폰 양쪽 모두 안 들릴 때 해결법
  · 스마트워치 수영 모드 활용법
  · 2025 애플 워치 출시 예정일
  · 태블릿으로 PDF 편집하는 방법
  · 갤럭시 탭 S9 vs 아이패드 에어 비교
  · 무선 이어폰 충전케이스 교체 방법
  · 스마트워치 알림 설정 최적화
  · 태블릿으로 영상 편집하는 앱 추천
  · 에어팟 프로 2 물에 빠졌을 때 대처법
  · 스마트워치 계보 기능 사용법
  · 태블릿으로 음악 제작하는 방법
  · 갤럭시 워치 6 배터리 교체 방법
  · 무선 이어폰Bluetooth 연결 문제 해결법
  · 스마트워치 수면 분석 정확도
  · 무선 이어폰 블루투스 연결 문제
  · 태블릿 강의 필기 방법
  · 애플 워치 8 vs 9 차이점
  · 무선 이어폰 보관 방법
  · 갤럭시 탭 S9 펜 사용법
  · 스마트워치 알람 설정 팁
  · 태블릿 수리 비용 비교
  · 애플 워치 7 메모리 관리
  · 갤럭시 워치 6 액세서리 추천
  · 태블릿 유튜브 편집 앱
  · 스마트워치 스포츠 모드 활용
  · 무선 이어폰 유지보수 방법
  · 태블릿 자외선 차단 필름 추천

[07-digital-trend] IT/테크 > 디지털 트렌드 ...
  · AI와 디지털 마케팅 최신 트렌드
  · 5G 기술 업계 적용 현황
  · 디지털 지갑 보안 가이드
  · 메타버스 비즈니스 적용 사례
  · Smart Home 기기 추천 2024년
  · 블록체인 기술 산업 적용
  · IoT 보안 위험과 대책
  · 디지털 헬스케어 트렌드 2024년
  · 크라우드소싱 플랫폼 비교
  · 디지털 아트 마켓플레이스 리뷰
  · 디지털 변환 성공 사례
  · 디지털 노마드 필수 도구
  · 디지털 교육 플랫폼 추천
  · 디지털 광고 최신 트렌드
  · 디지털 데이터 보안 가이드
  · 디지털 이커머스 성공 사례
  · 디지털 금융 서비스 비교
  · 디지털 콘텐츠 제작 팁
  · 디지털 소셜 미디어 전략
  · 디지털 게이밍 트렌드 2024년
  · 2024년 디지털 예약 시스템 추천
  · 디지털 워크플레이스 구축 가이드
  · 2024년 디지털 미디어 전략
  · 디지털 트윈 기술 활용 사례
  · 디지털 컨텐츠 제작 초보자 가이드
  · 디지털 보안 대책 최신 정보
  · 디지털 교육 플랫폼 비교 리뷰
  · 디지털 마케팅 자동화 도구
  · 디지털 노마드 필수 앱 추천
  · 디지털 헬스케어 디바이스 추천
  · 디지털 이커머스 트렌드 2025년
  · 디지털 프로젝트 관리 도구 비교
  · 디지털 CRM 시스템 구축 방법
  · 디지털 금융 보안 가이드
  · 디지털 소셜 미디어 광고 전략
  · 디지털 아트 NFT 크리에이터 성공 사례
  · 디지털 데이터 분석 툴 추천
  · 디지털 게임 트렌드 2025년
  · 디지털 워크플로우 최적화 방법
  · 디지털 리테일 성공 전략
  · 2024년 AR VR 기술 동향
  · 디지털 트윈 공장 운영
  · AI 챗봇 고객 서비스
  · 스마트 시티 디지털 인프라
  · 디지털 트랜스포메이션 성공 요인
  · 디지털 콘텐츠 제작 소프트웨어
  · 클라우드 컴퓨팅 보안 대책
  · 디지털 마케팅 분석 툴 추천
  · 디지털 안전 교육 플랫폼
  · 웨어러블 기술 헬스 모니터링
  · 디지털 아트 NFT 투자기회
  · 디지털 교육 플랫폼 효과성
  · 디지털 보안 인증서 발급
  · 디지털 이커머스 플랫폼 선택

[07-it-news] IT/테크 > IT 뉴스 ...
  · AI 반려동물 챗봇 추천
  · 2025 기술 트렌드 예측
  · 가상현실 교육 활용 방법
  · 5G 기술 설명
  · AI 오디오북 추천 서비스
  · 2024년 스마트폰 출시 일정
  · AI 그림 생성 도구 비교
  · 퀀텀 컴퓨터 실생활 적용
  · 스마트워치 건강 모니터링 기능
  · AI 음악 생성 프로그램
  · 2024년 가상현실 게임 추천
  · AI 실시간 번역 앱 비교
  · 스마트홈 보안 시스템 선택 방법
  · AI 라이트노벨 쓰기 도구
  · 2024년 스마트폰 배터리 최적화 방법
  · AI 영상 편집 프로그램 비교
  · 5G와 IoT의 결합 효과
  · AI 회의록 작성 도구 추천
  · 가상현실 여행 경험기
  · 2025년 IT 산업 전망 분석
  · AI 반도체 시장 현황
  · 스마트폰 보안 업데이트 중요성
  · AI 습득형 교육 플랫폼 비교
  · 메타버스 예술 전시회 체험기
  · 차세대 스마트워치 기능 비교
  · 2024년 핀테크 기업 동향
  · AI 기반 개인 맞춤형 학습 앱
  · 스마트홈 자율주행 로봇 청소기
  · AI 기반 고객 관리 시스템
  · 2024년 가상화폐 시장 전망
  · AI 기반 의료 진단 시스템
  · 스마트폰 고장 진단 방법
  · AI 기반 번역 앱 비교
  · 2024년 스마트폰 출시 순위
  · AI 기반 금융 투자 앱
  · 스마트폰 카메라 최적화 방법
  · AI 기반 채용 관리 시스템
  · 2024년 IT 기업 채용 공고 분석
  · AI 기반 데이터 분석 도구
  · 2024년 AI 반도체 산업 현황
  · 스마트홈 보안 시스템 설정 팁
  · 스마트폰 고장 진단 및 수리 방법
  · 2024년 AI 개발자 수요 전망
  · 메타버스 부동산 시장 동향
  · 스마트폰 리모델링 시장 분석
  · AI 기반 개인 맞춤형 광고
  · 5G 기술과 스마트 도시 연동
  · AI와 로봇의 미래 협업 기술
  · 2024년 가상현실 의료 응용 사례
  · 스마트폰 보안 최신 기술 동향
  · 메타버스 교육 플랫폼 비교

[07-iot] IT/테크 > 사물인터넷 ...
  · 스마트홈 IoT 장비 추천
  · IoT 가전 제품 비교
  · 스마트 농장 IoT 시스템
  · IoT 보안 팁
  · 웨어러블 IoT 기기 리뷰
  · IoT 플랫폼 비교
  · AIoT 기술 동향
  · IoT 데이터 분석 방법
  · 스마트 시티 IoT 적용 사례
  · IoT 프로토타입 제작 방법
  · IoT 클라우드 서비스 비교
  · IoT 센서 선택 팁
  · IoT 네트워크 프로토콜 비교
  · IoT 데이터 저장 방법
  · IoT 프로젝트 아이디어
  · IoT 교육 과정 추천
  · IoT 보안 취약점 분석
  · IoT API 활용 방법
  · IoT 플랫폼 선택 팁
  · IoT 데이터 시각화 방법
  · 집안일 자동화 IoT 장비
  · 스마트홈 IoT 시스템 구성 방법
  · IoT 가전 제품 구매 팁
  · 웨어러블 IoT 기기 건강 관리
  · IoT 보안 강화를 위한 방법
  · 스마트 팜 IoT 기술 적용
  · IoT 데이터 분석 도구 비교
  · IoT 클라우드 플랫폼 추천
  · IoT 센서 선택 가이드
  · 스마트 비해 IoT 기술 동향
  · 연구실 IoT 장비 비교
  · IoT 구축 비용 비교
  · 스마트 집무실 IoT 장비
  · IoT 기반 스마트 주방
  · IoT 보안 카메라 추천
  · IoT 스마트 조명 시스템
  · IoT 스마트 냉장고 리뷰
  · IoT 환경 모니터링 시스템
  · IoT 가전 제품 구매 가이드
  · IoT 스마트 창문 시스템
  · IoT 스마트 공기 청정기
  · IoT 스마트 문 잠금 시스템
  · IoT 스마트 가전 제어 앱
  · IoT 스마트 온도 조절기
  · IoT 스마트 홈 시계
  · IoT 스마트 홈 스피커
  · IoT 스마트 홈 보안 시스템
  · IoT 스마트 홈 가위질 시스템
  · IoT 스마트 홈 청소기
  · IoT 스마트 홈 LED 조명
  · IoT 스마트 홈 공기 질량 분석기
  · IoT 스마트 홈 디지털 화장실

[07-blockchain] IT/테크 > 블록체인 ...
  · 크립토커렌시 투자 초보자 가이드
  · 블록체인 기술 동향 2024
  · 디파이 투자 전략
  · 비트코인 거래소 선택 방법
  · 이더리움 스마트 컨트랙트 개발
  · NFT 시장 전망 2025
  · 메타버스와 블록체인 연계 기술
  · 암호화폐 세금 신고 방법
  · 블록체인 보안 기술
  · 가상화폐 투자 리스크 관리
  · 블록체인 개발자 취업 팁
  · 가상화폐 보관 방법
  · 블록체인 스타트업 성공 사례
  · 가상화폐 코인 분석 방법
  · 블록체인 교육 추천 코스
  · 가상화폐 거래 전략
  · 블록체인 규제 정책 최신 소식
  · 가상화폐 Ciudad del Este
  · 블록체인 기술 교육 기관 비교
  · 가상화폐 세금 신고 필수 체크리스트
  · 메타버스 블록체인 게임 개발
  · 비트코인 채굴 장비 추천
  · 디파이 스테이킹 수익률 비교
  · NFT 아트 매매 팁
  · 암호화폐 이체 수수료 비교
  · 스마트 컨트랙트 배포 방법
  · 블록체인 교육 온라인 코스
  · 암호화폐 투자 리스크 관리
  · 가상화폐 세금 신고 방법
  · 디파이 트랜잭션 분석 방법
  · 메타버스 블록체인 교육 추천
  · 블록체인 스타트업 투자 전략
  · 메타버스 블록체인 게임 성공 사례
  · 암호화폐 거래소 비교
  · 비트코인 마케팅 전략
  · 이더리움 스마트 컨트랙트 보안
  · 디파이 서비스의 취약점 분석
  · 메타버스 블록체인 기술 교육
  · 비트코인 가격 전망 2024년 하반기
  · 이더리움 2.0 업그레이드 효과
  · NFT 아트 시장 동향 2024년
  · 가상화폐 거래소 수수료 비교
  · 블록체인 스타트업 투자 가이드
  · 스마트 컨트랙트 보안 검증 방법
  · 디파이 서비스 비교
  · NFT 매매 플랫폼 추천
  · 블록체인 교육 코스 비교
  · 가상화폐 보안 팁
  · 비트코인 채굴 장비 비교
  · 메타버스 블록체인 게임 추천 2024
  · 디파이 스테이킹 수익률 최대화 팁
  · NFT 아트 매매 플랫폼 추천 2024
  · 블록체인 개발자 취업 준비 팁

[07-game-review] IT/테크 > 게임 리뷰 ...
  · PC 게임 최적화 설정 방법
  · 콘솔 게임 신작 2024
  · 모바일 게임 인기 순위
  · PC 게임 무료 다운로드
  · 콘솔 게임 추천
  · 모바일 게임 이벤트
  · PC 게임 패치 노트
  · 콘솔 게임 비교
  · 모바일 게임 팁
  · PC 게임 리뷰
  · 콘솔 게임 할인 이벤트
  · 모바일 게임 무료 보상
  · PC 게임 낮은 사양 추천
  · 콘솔 게임 스토리 분석
  · 모바일 게임 캐릭터 추천
  · PC 게임 무료 DLC
  · 콘솔 게임 무료 다운로드
  · 모바일 게임 전략 가이드
  · PC 게임 유료 vs 무료
  · 콘솔 게임 컬렉션
  · PC 게임 저사양 최적화 방법
  · 콘솔 게임 2025 신작 추천
  · 모바일 게임 신규 업데이트 소식
  · pc 게임 최적화 팁
  · 콘솔 게임 2024 추천
  · 콘솔 게임 할인 하루만
  · 모바일 게임 캐릭터 키우기 팁
  · 콘솔 게임 신작 2025
  · pc 게임 무료 보상 얻기
  · pc 게임 무료 보상 정보
  · PC 게임 난이도 조정 방법
  · 콘솔 게임 멀티플레이어 설정
  · 모바일 게임 진행 속도 증가
  · PC 게임 무한 재생 방지
  · 콘솔 게임 저장 파일 백업
  · 모바일 게임 광고 건너뛰기
  · PC 게임 수직 동기화 설정
  · 콘솔 게임 컨트롤러 연결 문제 해결
  · 모바일 게임 배터리 절약 팁
  · PC 게임 파일 이동 방법
  · 콘솔 게임 음성 채팅 설정
  · 모바일 게임 로딩 시간 줄이기
  · PC 게임 키보드 단축키 설정
  · 콘솔 게임 해상도 조정 방법
  · 모바일 게임 데이터 백업
  · PC 게임 마우스 민감도 조정
  · 콘솔 게임 네트워크 연결 문제 해결
  · 모바일 게임 스토리지 관리
  · PC 게임 화면 흐림 해결 방법
  · 콘솔 게임 컨트롤러 충전 방법

[07-software-review] IT/테크 > 소프트웨어 리뷰 ...
  · 무료 PDF 편집기 비교
  · 최신 비디오 편집 소프트웨어
  · Windows 11 최적화 프로그램
  · 무료 사진 보정 앱 추천
  · 자동화 스크립트 초보자 가이드
  · 2026년 유튜브 동영상 제작 소프트웨어
  · 오피스 문서 변환 도구
  · AI 음성 변환 소프트웨어 사용법
  · 무료 코딩 학습 프로그램
  · 가상 머신 설정 방법
  · 2026년 그래픽 디자인 소프트웨어
  · 데이터 백업 소프트웨어 비교
  · AI 이미지 생성기 사용법
  · 2026년 무료 웹 디자인 소프트웨어
  · 파일 압축 프로그램 비교
  · 클라우드 저장소 동기화 방법
  · AI 비디오 편집 소프트웨어 리뷰
  · 2026년 무료 오피스 프로그램
  · 데이터 복구 소프트웨어 사용법
  · AI 음성 합성 소프트웨어 비교
  · 무료 PDF 변환 프로그램 추천
  · AI 동영상 편집 소프트웨어 2026
  · 자동화 스크립트 제작 프로그램
  · 무료 이미지 편집 앱 2024
  · Windows 11 최적화 유틸리티
  · AI 음성 변환 프로그램 2025
  · 가상 머신 프로그램 비교
  · 2026년 무료 그래픽 디자인 소프트웨어
  · 데이터 백업 프로그램 추천 2024
  · AI 이미지 생성 프로그램 사용법
  · 2025년 무료 웹 디자인 소프트웨어
  · 클라우드 저장소 동기화 프로그램
  · AI 비디오 편집 프로그램 2026
  · 데이터 복구 프로그램 사용법 2024
  · AI 음성 합성 프로그램 비교 2025
  · 무료 오디오 편집 소프트웨어 2024
  · Windows 11 시스템 관리 프로그램
  · AI 자동화 도구 2026
  · 무료 3D 모델링 소프트웨어 2024
  · 무료 동영상 편집 소프트웨어 2024
  · Windows 11 가상 데스크탑 사용법
  · 무료 오디오 편집 프로그램 비교
  · AI 이미지 편집 앱 2024년 최신
  · 파일 동기화 프로그램 Windows 10
  · Windows 11 시스템 최적화 유틸리티
  · 무료 PDF 편집기 2024년 최신
  · AI 자동화 도구 2024년 추천
  · 데이터 복구 프로그램 2024년 최신
  · Windows 11 백업 소프트웨어 추천
  · 무료 그래픽 디자인 프로그램 2024
  · AI 음성 변환 프로그램 2024년 최신
  · 무료 웹 디자인 소프트웨어 2024
  · AI 비디오 편집 소프트웨어 2024년 추천
  · Windows 11 파일 압축 프로그램

[07-hardware-review] IT/테크 > 하드웨어 리뷰 ...
  · 2024년 게이밍 PC 성능 비교
  · 의사용 워크스테이션 PC 추천
  · 울트라북 무게 비교 2024
  · 노트북 메모리 업그레이드 방법
  · PC 파츠 호환성 확인 도구
  · NVME SSD 성능 테스트 방법
  · 2024년 게이밍 노트북 추천
  · PC 조립을 처음 하는 초보자 팁
  · PC 쿨링 시스템 비교
  · 27인치 모니터 사용 후기
  · PC 파워서플라이 구매 팁
  · 공기 흐름 좋은 PC 케이스 추천
  · 2024년 게이밍 마우스 추천
  · 게이밍 PC 메인보드 비교
  · 노트북 배터리 수명 연장 방법
  · 2024년 그래픽카드 성능 비교
  · 게이밍 PC 무선망 카드 추천
  · AMD vs 인텔 CPU 벤치마크
  · 게이밍 PC SSD 용량 추천
  · PC 케이블 관리 방법
  · PC 조립 초보자 팁
  · 게이밍 PC 먼지 관리 방법
  · 2024년 초보자 맞춤형 PC 조립 가이드
  · 게이밍 PC 성능 향상 저비용 방법
  · 2024년 최신 AMD CPU 벤치마크 테스트
  · 노트북 무선 네트워크 최적화 방법
  · 2024년 게이밍 노트북 쓸모 없는 지표
  · PC 조립 후 부팅 안될 때 대처법
  · 2024년 메인스트림 그래픽카드 가격 비교
  · 노트북 CPU 과열 방지 팁
  · 2024년 초고성능 SSD 비교
  · PC 파워서플라이 효율 등급 설명
  · 게이밍 PC 쿨러 비교 테스트
  · 2024년 가성비 게이밍 모니터
  · PC 사운드카드 추천
  · 노트북 SSD 교체 방법
  · 2024년 최신 쿨링팬 비교
  · PC 케이스 통풍 개선 방법
  · 2024년 초고해상도 모니터 추천
  · 게이밍 PC 키보드 추천
  · 노트북 화면 교체 방법
  · 초보자 위한 PC 파츠 호환성 확인
  · 노트북 성능 향상 방법
  · 2024 노트북 무게 비교
  · 게이밍 모니터 프레임레이트 비교
  · SSD 용량 선택 방법
  · 2024년 초보자 PC 조립 가이드
  · 가성비 게이밍 PC 파츠 추천
  · PC 조립 시 주의 사항
  · 2024년 게이밍 PC 쿨링 팬 비교
  · 2024년 게이밍 헤드셋 추천

[07-network-tips] IT/테크 > 네트워크 팁 ...
  · 공유기 설정 방법
  · 와이파이 속도 느려지는 이유
  · VPN 설정 가정용 라우터
  · 네트워크 보안 강화 팁
  · 와이파이 비밀번호 해킹 방지법
  · 라우터 업데이트 방법
  · 와이파이 리피터 사용법
  · 공유기 보안 설정 확인
  · 와이파이 채널 간섭 해결법
  · 메시지 앱 보안 설정
  · 와이파이 네트워크 이름 변경
  · 라우터 기본 설정 복구
  · 와이파이 암호화 방식 비교
  · 공유기 위치 최적화 방법
  · 라우터 대시보드 분석 방법
  · 와이파이 연결 안될 때 확인사항
  · 네트워크 모니터링 소프트웨어 추천
  · 와이파이 강도 측정 방법
  · 네트워크 대역폭 관리 팁
  · 와이파이 6e 기술 개요
  · 와이파이 속도 측정 앱
  · 와이파이 연결 끊김 해결법
  · 공유기 설정 팩토리 리셋
  · 와이파이 보안 설정 강화
  · 라우터 고장 증상 확인
  · 와이파이 6 vs 와이파이 5 비교
  · 와이파이 암호화 설정 방법
  · 공유기 외부 연결 설정
  · 와이파이 채널 자동 설정 방법
  · 공유기 대역분할 설정 방법
  · 와이파이 강도 분석 앱 추천
  · 공유기 방화벽 설정 방법
  · 와이파이 보는 프로그램 추천
  · 공유기 외부 접속 허용 설정
  · 와이파이 6e 호환 장비 추천
  · 공유기 로그 확인 방법
  · 와이파이 속도 느려질 때 확인 사항
  · 공유기 설정 백업 방법
  · 와이파이 네트워크 최적화 방법
  · 공유기 펌웨어 업데이트 방법
  · 와이파이 정렬기 사용법
  · 공유기 듀얼 밴드 설정 방법
  · 와이파이 6 라우터 추천
  · 공유기 암호 강화 방법
  · 와이파이 체널 간섭 확인 방법
  · 라우터 방화벽 설정 방법
  · 와이파이 네트워크 이름 숨기기
  · 공유기 대역폭 제한 설정 방법
  · 와이파이 암호화 방식 WPA3
  · 공유기 외부 접속 차단 방법
  · 와이파이 리피터 대역폭 설정 방법
  · 라우터 로그 분석 방법
  · 와이파이 강도 측정 앱 추천
  · 공유기 펌웨어 업그레이드 방법
  · 와이파이 네트워크 모니터링 방법

[07-security-issue] IT/테크 > 보안 이슈 ...
  · 모바일 결제 보안 위기
  · 스마트폰 해킹 차단 방법
  · 공공 와이파이 위험성 분석
  · 온라인 쇼핑 사이트 사기
  · 개인정보 유출 대응 가이드
  · 로그인 정보 유출 검사
  · SNS 계정 해킹 예방법
  · 바이러스 백신 비교
  · 랜섬웨어 공격 대응
  · 비트코인 투자 사기
  · PC 보안 소프트웨어 추천
  · 온라인 게임 보안 팁
  · 패스워드 관리 방법
  · 웹 사이트 피싱 사기
  · IoT 기기 보안
  · VPN 사용법과 추천
  · 모바일 앱 권한 설정
  · 데이터 백업 방법
  · 스마트폰 앱 보안 검사
  · 클라우드 보안 팁
  · 스마트폰 앱 권한 permissions
  · 안드로이드 보안 업데이트 확인
  · iOS 보안 설정 최적화
  · 패스워드 생성기 안전 사용법
  · 두단계 인증 2FA 설정 방법
  · 피싱 이메일 차단 방법
  · 공공 와이파이 안전 사용 팁
  · 온라인 쇼핑 사기 피해 방지
  · SNS 계정 해킹 대처 방법
  · 바이러스 백신 추천 최신
  · 개인정보 유출 확인 방법
  · VPN 사용법과 최적 설정
  · 데이터 백업 최적 방법
  · 웹사이트 보안 점검 체크리스트
  · 온라인 게임 보안 강화를 위한 팁
  · 스마트폰 해킹 확인 방법
  · 두단계 인증 설정 방법
  · 공공 와이파이 안전 사용법
  · 온라인 쇼핑 사기 피해 대처
  · 바이러스 백신 추천 2024
  · 온라인 게임 보안 강화 팁
  · 클라우드 보안 설정 가이드
  · 온라인 쇼핑 결제 안전 팁
  · SNS 스토리 해킹 경험담
  · 패스워드 해킹 확인 방법
  · 랜섬웨어 공격 예방법
  · 인터넷뱅킹 사기 대비
  · 스마트폰 앱 권한 설정
  · VPN 보안 설정 가이드
  · 공공 와이파이 위험 분석
  · 온라인 게임 계정 보안
  · IoT 보안 체크리스트
  · 패스워드 관리 어플 추천
  · PC 보안 소프트웨어 비교

[07-digital-security] IT/테크 > 디지털 보안 ...
  · 스마트폰 개인정보 보호 설정 방법
  · 공개 Wi-Fi 안전한 사용법
  · 2023년 디지털 보안 이슈 요약
  · 인터넷 계정 해킹 대처 방법
  · 강력한 비밀번호 생성 방법
  · 웹사이트 안전성 확인 방법
  · 인터넷 금융 사기 예방법
  · 가상화폐 지갑 안전 관리 방법
  · 2024 새해 디지털 보안 트렌드
  · PC 바이러스 제거 방법
  · 아동용 앱 안전성 확인 방법
  · 디지털 보안 교육 프로그램 추천
  · 소셜 미디어 개인정보 보호 팁
  · 클라우드 저장소 안전 사용 방법
  · 디지털 보안 앱 추천 최신 버전
  · 스마트폰 앱 권한 관리 방법
  · 공개된 비밀번호 확인 방법
  · 디지털 보안 최신 기술 동향
  · 가상회사 이메일 사기 예방법
  · 디지털 보안 법규 최신 변화
  · 이메일 스피밍 대처 방법
  · 온라인 쇼핑 사기 예방법
  · 공유 Wi-Fi 안전 사용법
  · SNS 개인정보 보호 팁
  · 유투브 개인정보 보호 설정
  · 지금 알아야 할 디지털 보안 이슈
  · 악성 소프트웨어 제거 방법
  · 2024년 디지털 보안 예산 안내
  · 개인정보 유출 시 대처법
  · 클라우드 보안 최신 동향
  · 스마트폰 앱 자동 업데이트 설정 방법
  · 가상화폐 보안 강화 방법
  · 인터넷 금융 사기 예방 팁
  · PC 바이러스 감염 확인 방법
  · 스마트폰 원격 접속 차단 방법
  · 이메일 스피밍 차단 앱 추천
  · 인터넷 보안 최신 기술 동향
  · 소셜 미디어 개인정보 설정 방법
  · 2024년 디지털 보안 강의 추천
  · 스마트폰 앱 권한 확인 방법
  · 인터넷 은행 보안 설정 방법
  · 파일 암호화 프로그램 추천 2024
  · 피싱 사이트 확인 방법
  · SNS 계정 해킹 대처법
  · 개인정보 유출 검사 도구
  · PC 보안 강화를 위한 체크리스트
  · 스마트폰 원격 제어 차단 방법
  · 가상화폐 보안 강화를 위한 팁
  · 인터넷 쇼핑 사기 예방 팁
  · PC 바이러스 예방 방법
  · 2024년 디지털 보안 인증서 추천
  · 스마트폰 앱 보안 설정 방법
  · 인터넷 금융 보안 최신 동향
  · 개인정보 보호를 위한 SNS 설정 방법

[08-skincare-routine] 뷰티 > 스킨케어 루틴 ...
  · 아침 스킨케어 루틴
  · 밤 스킨케어 루틴
  · 연령별 스킨케어 루틴
  · 피부타입별 스킨케어 루틴
  · 여름 스킨케어 루틴
  · 겨울 스킨케어 루틴
  · 간편 스킨케어 루틴
  · 민감 피부 스킨케어 루틴
  · 남성 스킨케어 루틴
  · 피부 결막염 예방 스킨케어 루틴
  · 주말 스킨케어 루틴
  · 스킨케어 루틴 순서
  · 저자극 스킨케어 루틴
  · 스킨케어 루틴 제품 추천
  · 스킨케어 루틴 비용
  · 스킨케어 루틴 효과
  · 스킨케어 루틴 팁
  · 스킨케어 루틴 체크리스트
  · 스킨케어 루틴 오해
  · 스킨케어 루틴 로드맵
  · 오일 클렌징 스킨케어 루틴
  · 항노화 스킨케어 루틴
  · 영양 크림 스킨케어 루틴
  · 예민한 피부 스킨케어 루틴
  · 주말 특수 스킨케어 루틴
  · 자외선 차단 스킨케어 루틴
  · 피부 각질 제거 스킨케어 루틴
  · 만에 하나 발생하는 피부 트러블 스킨케어 루틴
  · 여성 스킨케어 루틴 차이점
  · 피부 관리 스킨케어 루틴
  · 피부 탄력 스킨케어 루틴
  · 흰머리 관리 스킨케어 루틴
  · 피부 보습 스킨케어 루틴
  · 피부 색소 저축 스킨케어 루틴
  · 청소년 스킨케어 루틴
  · 여름 휴가 스킨케어 루틴
  · 출근 전 스킨케어 루틴
  · 여행용 스킨케어 루틴
  · 피부결 스킨케어 루틴
  · 피부 진정 스킨케어 루틴
  · 피부색 고르기 스킨케어 루틴
  · 피부 주름 개선 스킨케어 루틴
  · 피부 알레르기 스킨케어 루틴
  · 피부 무광택 스킨케어 루틴
  · 피부 탄력 회복 스킨케어 루틴
  · 피부 각질 증식 스킨케어 루틴
  · 피부 수분 보충 스킨케어 루틴
  · 피부 미백 스킨케어 루틴
  · 피부 진정 효과 스킨케어 루틴
  · 피부 트러블 개선 스킨케어 루틴

[08-makeup-tutorial] 뷰티 > 메이크업 튜토리얼 ...
  · 매일 화장법 초보 위한
  · 자연메이크업 재택근무용
  · 멜론색 립스틱 추천
  · 어린이용 메이크업 키트
  · 자연광 화장법
  · 방학 메이크업 강의 추천
  · 한국 메이크업 프로젝트
  · 새해 메이크업 트렌드
  · 단순 메이크업 재료로
  · 직장인 메이크업 팩트
  · 메이크업 브러시 세척법
  · 가성비 메이크업 제품
  · 자외선 차단 메이크업
  · 10대 메이크업 추천
  · 메이크업 초보자 팁
  · 겨울 메이크업 팩트
  · 바퀴벌레 메이크업
  · 메이크업 예술가 되는 법
  · 동양인 메이크업 팁
  · 메이크업 실수 피하기
  · 초보자 메이크업 단계별
  · 오피스 메이크업 추천
  · 여름 메이크업 유지법
  · 시원한 메이크업 레시피
  · 가을 메이크업 컬러
  · 한국 메이크업 트렌드
  · 결혼식 메이크업 팁
  · 연예인 메이크업 복사하기
  · 메이크업 브러시 사용법
  · 파운데이션 색상 선택법
  · 립스틱 오프하는 법
  · 메이크업 제품 순서
  · 메이크업 제품 테스트
  · 자연 메이크업 법
  · 메이크업 오래 유지하기
  · 메이크업 브러시 관리법
  · 메이크업 초보용 키트
  · 메이크업 제품 비교
  · 메이크업 제품 리뷰
  · 실용적 눈썹 메이크업 방법
  · 초보자 위한 아이라인 메이크업
  · 여름 메이크업 장시간 유지 방법
  · 자연스러운 피부색 파운데이션 선택법
  · lipstick 제거 방법
  · 사계절에 맞는 립스틱 색상 추천
  · 패션모델 메이크업 복제하기
  · 한국형 미립자 파운데이션 추천
  · 자연광에서 빛나는 메이크업 법
  · 겨울 건조한 피부에 좋은 메이크업 제품
  · 인스타그램 메이크업 필터처럼
  · 직장인 오피스 메이크업 팁
  · 기분 전환하는 메이크업 컬러
  · 메이크업으로 얼굴 라인 교정하기
  · 한국형 메이크업 트렌드 2023

[08-hair-care-tips] 뷰티 > 헤어 케어 팁 ...
  · 머리 빠지는 이유
  · 자연스런 스마일 헤어 스타일
  · 양파 주스로 모발성장
  · 겨울철 건조한 머릿결 관리
  · 미용실 없는 집에서 머리 샴푸 방법
  · 모발 탈모에 좋은 음식
  · 기름진 머리 관리법
  · 모발 색상 안정화 방법
  · 손상된 모발 복구 제품 추천
  · 크림 샴푸 사용 방법
  · 머리카드 사용 효과
  · 이지컬링 머릿결 관리
  · 모발 자르는 빈도
  · 스칼프 마사지 방법
  · 머리 감는 습관
  · 모발 건강식 슬로우샴푸 추천
  · 머리 각질 제거하는 방법
  · 모발 탄력 회복하는 방법
  · 모발 보습 제품 추천
  · 머리 감는 온도
  · 모발 성장 셀프 마사지 방법
  · 공기습도 높은 여름 머릿결 관리법
  · 자연 모발 컬링 하는 법
  · 모발 탈모 예방 비타민
  · 여름철 모발 자외선 보호법
  · 모발 탄력 잃은 경우 복구법
  · 모발 더러움 없는 샴푸법
  · 모발 고데기 사용 시 손상 방지법
  · 모발 색 유지하는 방법
  · 모발 손상된 경우 샴푸 추천
  · 모발 탈모 예방 제모법
  · 모발 건강을 위한 식사법
  · 모발 두피 과민성 관리법
  · 모발 웨이브 유지하는 방법
  · 모발 각질 제거하는 방법
  · 모발 손상된 경우 트리트먼트
  · 모발 건강을 위한 두피 마사지법
  · 모발 과도한 기름기 제거법
  · 모발 손상된 경우 컬링 추천
  · 모발 건강을 위한 두피 관리법
  · 데미지 머릿결 복구하는 법
  · 두피 가려움증 완화하는 법
  · 모발 탄력 복원하는 방법
  · 헤어 컬링 방법
  · 모발 보습 제품 선택법
  · 머리 감는 올바른 방법
  · 모발 건강을 위한 식단
  · 두피 관리 제품 추천
  · 모발 탈모 예방 방법
  · 머리 감는 온수 사용법
  · 모발 각질 제거하는 제품
  · 모발 색상 유지하는 법
  · 모발 성장을 돕는 이념
  · 모발 손상 방지 제품 추천

[08-beauty-product-review] 뷰티 > 뷰티 제품 리뷰 ...
  · 화이트닙스 화장품 후기
  · 아이오펜서린 화장품 리뷰
  · 맥스팩터 마스크팩 후기
  · 이니스프리 미스트 후반기
  · 에티크하우스 섬유 수납장 소품 리뷰
  · 에티크하우스 화장품 리뷰
  · 글램피로 화장품 리뷰
  · 더블유미 화장품 후기
  · 드림타임 화장품 리뷰
  · 리세라 화장품 후기
  · 리필 화장품 리뷰
  · 마마베자기 화장품 후기
  · 마피아 화장품 리뷰
  · 바냈스 화장품 후기
  · 비비홍 화장품 리뷰
  · 비비홍 화장품 후기
  · 비프로 화장품 리뷰
  · 샬롬 화장품 후기
  · 사노피 화장품 리뷰
  · 유니트 화장품 후기
  · 클렌징오일 추천
  · 스킨톤 맞춤 메이크업 팁
  · 모공 관리 팩 추천
  · 민감성 피부 세안제
  · 상품명 적시 금지
  · 2023년 올해의 립글로스
  · 자외선 차단제 추천
  · 한방 화장품 리뷰
  · 2023년 베스트 미스트
  · 미용실 추천 헤어제품
  · 여름용 파운데이션 추천
  · 나이들기 시작하는 피부를 위한 스킨케어
  · 2023년 인기 아이라이너
  · 건조한 피부를 위한 모이스처라이저
  · 2023년 신상 마스크팩
  · 민감성 피부를 위한 헤어제품
  · 2023년 인기 립스틱 컬러
  · 피부타입별 클렌징 폼
  · 2023년 인기 아이섀도우 팰릿
  · 여름용 선크림 추천
  · 민감성 피부용 클렌징 오일
  · 겨울용 파운데이션
  · 2023년 한정판 립글로스
  · 자외선 차단제 민감성 피부
  · 한방 화장품 추천
  · 여름용 미스트 리뷰
  · 모공 관리 팩
  · 2023년 신상 아이섀도우
  · 건조한 피부용 모이스처라이저
  · 피부 타입별 클렌징 폼
  · 민감성 피부용 헤어제품
  · 나이들기 시작하는 피부 관리

[08-treatment-review] 뷰티 > 시술 후기 ...
  · 리프팅 시술 후기
  · 더블아고라 시술 후기
  · 레이저 각질 제거 후기
  · 피부 재생 시술 후기
  · 볼륨립 시술 후기
  · 코 봇츠 시술 후기
  · 레이저 주름 개선 후기
  · 지방이식 시술 후기
  · 초음파 리프팅 후기
  · 코 메이크업 시술 후기
  · 레이저 모공 개선 후기
  · 피부 탄력 개선 시술 후기
  · 볼륨 시술 후기
  · 코 보톡스 시술 후기
  · 레이저 각질 제거 시술 후기
  · 레이저 주름 개선 시술 후기
  · 피부 각질 제거 시술 후기
  · 레이저 모공 수술 후기
  · 볼륨립 주사 시술 후기
  · 볼륨립 시술 부작용 주기
  · 코 보톡스 시술 가격 비교
  · 레이저 각질 제거 효과 지속 기간
  · 피부 재생 시술 전 준비사항
  · 볼륨 시술 후 관리 팁
  · 코 메이크업 시술 부작용
  · 레이저 모공 개선 시술 후기
  · 피부 탄력 개선 시술 추천
  · 볼륨립 주사 시술비용
  · 레이저 주름 개선 시술 과정
  · 초음파 리프팅 시술 후 관리
  · 레이저 각질 제거 시술 추천
  · 피부 재생 시술 부작용
  · 볼륨 시술 추천 병원
  · 코 메이크업 시술 비용
  · 레이저 모공 개선 추천
  · 볼륨립 주사 시술 과정
  · 레이저 탈모 시술 후기
  · 리프팅 주사 시술 부작용
  · 볼륨립 주사 시술 추천
  · 피부 재생 시술 추천
  · 코 보톡스 시술 과정
  · 볼륨 시술 부작용
  · 코 메이크업 시술 추천
  · 레이저 주름 개선 추천
  · 피부 탄력 개선 시술 부작용
  · 코 봇츠 시술 추천 병원
  · 피부 재생 시술 후 관리법
  · 레이저 각질 제거 추천
  · 레이저 탈모 시술 부작용
  · 리프팅 주사 시술 과정
  · 볼륨립 시술 추천 병원
  · 피부 재생 시술 과정

[08-skin-type-care] 뷰티 > 피부 타입별 케어 ...
  · 기름진 피부 관리 방법
  · 민감한 피부 케어 제품 추천
  · 건성 피부 보습 추천
  · 혼합피부 관리법
  · 노화 피부 관리 팁
  · 주근깨 있는 피부 관리
  · 피부색 단조로움 개선
  · 위성혈관 피부 관리
  · 트러블 피부 관리법
  · 피부 각질 제거 방법
  · 포근한 피부 관리법
  · 피부 주름 개선 방법
  · 피부 색소 침착 개선
  · 피부 진정 관리법
  · 피부 수분 균형 유지
  · 피부 결 개선 방법
  · 피부 탄력 증진 방법
  · 피부 보습 팁
  · 피부 관리 루틴
  · 민감한 피부 화장품 추천
  · 건성 피부 보습 방법
  · 혼합피부 관리 제품
  · 피부결 개선 방법
  · 피부 주름 예방 방법
  · 피부 진정 효과 제품
  · 피부 각질 제거 팁
  · 피부 노화 방지 방법
  · 피부 색소 침착 관리
  · 피부 트러블 관리법
  · 피부 결 개선 제품
  · 피부 주근깨 관리법
  · 피부 색조 균형 잡기
  · 피부 진정 로션 추천
  · 피부 보습 크림 추천
  · 피부 탄력 증진 제품
  · 피부 주름 개선 팁
  · 피부 각질 제거 로션 추천
  · 민감성 피부 화장품 추천
  · 기미 있는 피부 관리법
  · 피부결 단조로움 개선 제품
  · 트러블 피부용 화장품 추천
  · 가을 건성 피부 관리법
  · 피부 주름 개선 로션 추천
  · 피부 노화 방지 팁
  · 피부 진정 크림 추천
  · 피부 트러블 관리 제품 비교
  · 피부 주근깨 관리 제품 추천
  · 피부 색조 균형 잡는 방법
  · 여름 민감성 피부 관리법
  · 트러블 피부 화장품 비교
  · 피부 진정 효과 있는 로션 추천

[08-cosmetic-ingredient-analysis] 뷰티 > 화장품 성분 분석 ...
  · 화장품 성분 순위
  · 화장품 성분 유해성 검사
  · 화장품 성분 비교
  · 화장품 성분 리스트
  · 화장품 성분 해독
  · 화장품 성분 알레르기
  · 화장품 성분 전성분
  · 화장품 성분 유해성 순위
  · 화장품 성분 효과
  · 화장품 성분 유통기한
  · 화장품 성분 테스트
  · 화장품 성분 안전성
  · 화장품 성분 조합
  · 화장품 성분 비타민
  · 화장품 성분 천연
  · 화장품 성분 합성
  · 화장품 성분 함량
  · 화장품 성분 아토피
  · 화장품 성분 피부 타입
  · 화장품 성분 알코올 유해성
  · 화장품 성분 실리콘 효과
  · 화장품 성분 파라벤 안전성
  · 화장품 성분 하이얼로론산 효능
  · 화장품 성분 니아신아마이드 효과
  · 화장품 성분 레티놀 사용법
  · 화장품 성분 아데노신 효능
  · 화장품 성분 스쿠알란 안전성
  · 화장품 성분 트리클로산 유해성
  · 화장품 성분 펜테닉산 효능
  · 화장품 성분 글리세린 효과
  · 화장품 성분 알란토인 안전성
  · 화장품 성분 아연 피부 효과
  · 화장품 성분 라놀린 유해성
  · 화장품 성분 알루미늄 유해성
  · 화장품 성분 마카다미아 오일 효능
  · 화장품 성분 아세틸글루코사민 효과
  · 화장품 성분 트리글리세리드 안전성
  · 화장품 성분 아연산화물 유해성
  · 화장품 성분 아데노신 사용법
  · 민감성 피부용 화장품 성분 추천
  · 화장품 성분 하이얼로론산 안전성
  · 화장품 성분 니아신아마이드 사용법
  · 화장품 성분 레티놀 효능 비교
  · 화장품 성분 아데노신 안전성 검사
  · 화장품 성분 스쿠알란 효능 검증
  · 화장품 성분 펜테닉산 사용 후기
  · 화장품 성분 글리세린 피부 효과
  · 화장품 성분 아연 피부 효능
  · 화장품 성분 미백 효과 비타민
  · 화장품 성분 민감성 피부 안전한 조합
  · 화장품 성분 코스메틱 케미스트 비교
  · 화장품 성분 레티놀 대체 성분
  · 화장품 성분 아데노신과 니아신아마이드 함께 사용

[08-beauty-trend] 뷰티 > 뷰티 트렌드 ...
  · 2024 겨울 뷰티 트렌드
  · 자연발색 립스틱 추천
  · 피부 타입별 스킨케어 루틴
  · 2024년 가을 메이크업 트렌드
  · 세레브들이하는 스킨케어
  · 고데기 없이 머리에 볼륨 주는 법
  · 2024년 인기 헤어 컬러
  · 초보자를 위한 메이크업 팁
  · 2024년 인기 네일 아트
  · 피부 타입별 모이스처라이저 추천
  · 2024년 인기 헤어 스타일
  · 자연스런 피부 메이크업 법
  · 2024년 인기 마스크 팩
  · 미성년자 스킨케어 팁
  · 2024년 인기 아이 라인 메이크업
  · 여름 피부 관리법
  · 2024년 인기 퍼펙트 마스크
  · 20년대 스킨케어 팁
  · 2024년 인기 립 오일
  · 2024년 뷰티 트렌드 예측
  · 2024년 가을 립스틱 추천
  · 초보자 메이크업 기법
  · 2024년 인기 아이섀도우 컬러
  · 겨울 드라이 스킨케어 팁
  · 20대 스킨케어 팁
  · 2024년 인기 아이브로우 메이크업
  · 겨울 피부 팩 추천
  · 2024년 인기 아이메이크업
  · 2024 겨울 립글로스 트렌드
  · 코스메틱 인증 마크 의미
  · 피부 타입별 클렌징 오일 선택법
  · 2024년 인기 아이라이너 추천
  · 민감성 피부용 선스크린 추천
  · 2024년 인기 패드 마스크 비교
  · 피부 타입별 크림 마스크 사용법
  · 2024년 인기 아이섀도우 팅팅
  · 2024년 인기 립스틱 컬러 추천
  · 2024년 인기 아트 메이크업 추천
  · 2024년 인기 화이트닝 제품 비교
  · 2024년 인기 파운데이션 추천
  · 2024년 인기 아이 마스크팩 비교
  · 2024년 인기 립스틱 추천
  · 2024년 인기 마스크팩 추천
  · 2024년 인기 아이브로우 연필 추천
  · 2024년 겨울 립글로스 추천
  · 2024년 인기 아이라인 추천
  · 겨울 피부 관리법
  · 2024년 인기 트렌디한 아이섀도우
  · 2024년 인기 립글로스 컬러
  · 2024년 겨울 스킨케어 팁
  · 2024년 초보자를 위한 헤어스타일
  · 2024년 인기 뷰티 제품 비교
  · 2024년 인기 뷰티 이슈
  · 2024년 인기 메이크업 아이템

[08-makeup-product-recommendation] 뷰티 > 메이크업 제품 추천 ...
  · 고품질 파운데이션 추천
  · 올라운드 립스틱 추천
  · 기모도없는마스카라 추천
  · 초보자용 아이섀도우 팰릿
  · 장시간 지속 블러셔
  · 수분감 아이라이너 추천
  · 선택적 메이크업 소품
  · 피부친화적 컨실러 추천
  · 자연스러운 아이브로우 펜슬
  · 두피증상 없는 헤어스프레이
  · 고급스러운 립글로스 추천
  · 자연스러운 아이섀도우 톤
  · 장시간 지속 아이라이너
  · 세탁 가능한 메이크업 패드
  · 피부친화적 메이크업 리무버
  · 간편한 메이크업 브러시 세트
  · 장시간 지속 립스틱 추천
  · 자연스러운 아이브로우 젤
  · 피부친화적 파우더 추천
  · 간편한 나일론 메이크업 브러시
  · 세련된 피니시 메이크업 제품
  · 매트한 피니시 파운데이션 추천
  · 장시간 지속 아이섀도우 추천
  · 피부친화적 아이브로우 펜슬 추천
  · 한방향 립글로스 추천
  · 피부친화적 블러셔 추천
  · 장시간 지속 메이크업 소품 추천
  · 자연스러운 아이라이너 추천
  · 피부친화적 메이크업 베이스 추천
  · 간편한 메이크업 브러시 추천
  · 자연스러운 아이섀도우 팰릿 추천
  · 피부친화적 아이브로우 젤 추천
  · 피부친화적 메이크업 프라이머 추천
  · 간편한 메이크업 소품 추천
  · 피부친화적 립스틱 추천
  · 자연스러운 아이섀도우 컬러 추천
  · 드마티에스 립스틱 추천
  · 메이크업 브러시 세트 초보자 추천
  · 자연스러운 아이섀도우 색상 추천
  · 장시간 지속 아이브로우 젤 추천
  · 인조 레더 메이크업 포우치 추천
  · 아이스톤 립스틱 추천
  · 수분감 블러셔 추천
  · 장시간 지속 메이크업 리무버
  · 간편한 메이크업 프라이머 추천
  · 초보자 메이크업 키트 추천
  · 겨울철 메이크업 제품 추천
  · 장시간 지속 파운데이션 추천
  · 아트 메이크업 제품 추천
  · 간편한 메이크업 팁

[08-hair-styling-tips] 뷰티 > 헤어 스타일링 팁 ...
  · 한국인에게 어울리는 헤어 컬러 추천
  · 초보자를 위한 헤어 스타일링 기구 사용법
  · 쌍커트 스타일링 방법
  · 롱헤어 스타일링 아이디어
  · 자연발을 이용한 스타일링
  · 머리 감고 나서 스타일링
  · 결혼식 헤어 스타일링
  · 남성 헤어 스타일링 팁
  · 헤어 스타일링 제품을 이용한 스타일링
  · 단발 스타일링 팁
  · 헤어 스타일링을 위한 세팅 방법
  · 헤어 스타일링 실수
  · 헤어 스타일링을 위한 액세서리 활용
  · 헤어 스타일링을 위한 기본 기술
  · 헤어 스타일링을 위한 간단한 트릭
  · 헤어 스타일링을 위한 일상용 스타일
  · 헤어 스타일링을 위한 특정 이벤트 스타일
  · 헤어 스타일링을 위한 계절별 스타일
  · 헤어 스타일링을 위한 헤어 타입별 스타일
  · 헤어 스타일링을 위한 헤어 컬러에 따른 스타일
  · 부드러운 웨이브 스타일링 방법
  · 집에서 가능한 곱슬머리 관리법
  · 헤어 와이드 아이디어
  · 헤어 드라이어 사용법
  · 초보자용 헤어 아이언 사용법
  · 수분 보습 헤어 스타일링
  · 헤어 스타일링을 위한 이벤트 스타일
  · 집에서 하는 웨이브 스타일링 방법
  · 항상 깨끗한 머릿결 유지 방법
  · 잡지 스타일 헤어 스타일링 방법
  · 헤어 스타일링 제품을 이용한 웨이브 스타일링
  · 바람직 헤어 스타일링 방법
  · 헤어 스타일링을 위한 헤어 핀 활용
  · 헤어 스타일링을 위한 드라이 헤어 아이디어
  · 헤어 스타일링을 위한 헤어 밴드 활용 팁
  · 헤어 스타일링을 위한 헤어 클립 활용 팁
  · 헤어 스타일링을 위한 헤어 스프레이 활용 팁
  · 헤어 스타일링을 위한 헤어 젤 활용 팁
  · 헤어 스타일링을 위한 헤어 왁스 활용 팁
  · 헤어 스타일링을 위한 헤어 크림 활용 팁
  · 헤어 스타일링을 위한 헤어 마우스 활용 팁
  · 헤어 스타일링을 위한 헤어 폼 활용 팁
  · 헤어 스타일링을 위한 헤어 스프레이 추천
  · 헤어 스타일링을 위한 헤어 젤 추천
  · 헤어 스타일링을 위한 헤어 왁스 추천
  · 헤어 스타일링을 위한 헤어 크림 추천
  · 헤어 스타일링을 위한 헤어 마우스 추천
  · 집에서 하는 곱슬머리 스타일링 팁
  · 성인 남녀 웨이브 스타일링 방법
  · 헤어 스타일링 초보자 가이드
  · 여름에 적합한 헤어 스타일링
  · 헤어 스타일링 제품을 이용한 잡기 스타일링
  · 헤어 스타일링을 위한 스팀 브러시 사용법
  · 헤어 스타일링을 위한 헤어 드라이어 추천
  · 헤어 스타일링을 위한 헤어 아이언 사용 팁

[08-skincare-product-recommendation] 뷰티 > 스킨케어 제품 추천 ...
  · 여름 더위에도 바다가 안되는 선크림
  · 20대 여성용 스킨케어 루틴
  · 저가형 화장품 추천
  · 남성용 보습 로션 추천
  · 에센스와 앰플 차이
  · 아토피 피부에 좋은 바디크림
  · 겨울철 장시간 보습 팩 추천
  · 노화 방지를 위한 안티에이징 크림
  · 남성용 세안용품 추천
  · 여름철 무지방 오일 프리 화장품
  · 30대 여성용 스킨케어 팁
  · 예민한 눈 주위용 크림 추천
  · 겨울철 립밤 추천
  · 주부용 간편한 스킨케어 제품
  · 자외선 차단 크림 추천
  · 여름철 무지방 선크림 추천
  · 민감성 피부용 로션 추천
  · 남성용 음부 세정제 추천
  · 여름철 오일 프리스킨케어 팩
  · 피부 미백 크림 효과 없는 이유
  · 여름용 팩형 선크림 추천
  · 30대 여성용 안티에이징 세럼 추천
  · 겨울철 손건조증 예방 크림 추천
  · 남성용 탈모 방지 샴푸 추천
  · 여름 더위에도 안 바지는 선크림 추천
  · 여름철 오일 프리 크림 추천
  · 주부용 간편한 스킨케어 팁
  · 피부 미백 크림 추천 2023 최신
  · 여름 더위에도 바르지 않는 선크림 추천
  · 30대 여성용 마스크팩 추천
  · 여름철 오일 프리 화장품 추천
  · 피부 미백 크림 추천 2024 최신
  · 여름 더위에도 바지가 안되는 선크림 추천
  · 아토피 피부용 바디크림
  · 여름 스킨케어 팩 추천
  · 오일리 피부 청결 클렌징 폼
  · 민감성 피부용 선크림 추천
  · 겨울철 피부 관리에 좋은 바디크림
  · 2024년 신제품 스킨케어 제품
  · 호르몬 피부 관리에 좋은 화장품
  · 민감성 피부에 좋은 선크림 추천
  · 여름철 무지방 클렌징 오일 추천
  · 30대 여성용 안티에이징 토너 추천
  · 겨울철 피부 탄력 보충 팩 추천
  · 피부 미백 효과 있는 화이트닝 에센스
  · 여름 더위에도 피부 진정 로션
  · 남성용 보습 크림 추천
  · 예민한 눈 주위용 아이크림
  · 여름철 오일 프리 마스크팩 추천
  · 여름철 오일 프리 세럼 추천
  · 겨울철 민감성 피부용 화장수
  · 30대 여성 마일드 클렌징 오일
  · 남성용 보습 바디크림 추천
  · 2025년 신제품 스킨케어 제품
  · 여름철 피부 진정 팩 추천

[08-beauty-tips] 뷰티 > 뷰티 팁 ...
  · 민감한 피부에 맞는 화장품
  · 여름철 메이크업 팁
  · 얼굴 라인 내리는 화장법
  · 비건 화장품 추천
  · 고급스러운 립글로스 사용법
  · 자외선 차단크림 올바른 사용법
  · 소분량 화장품 구매 팁
  · 화장품 유통기한 확인 방법
  · 화장품 봉투 속 공기 방출법
  · 화장품 테스터 사용법
  · 화장품 애프터케어 팁
  · 여름철 헤어 스타일링 팁
  · 화장품 팩 사용법
  · 화장품 무료 샘플 받아보기
  · 화장품 테스트 리뷰
  · 화장품 알레르기 테스트 방법
  · 화장품 부작용 대처법
  · 화장품 비교 리뷰
  · 화장품 브랜드 비교
  · 화장품 할인 정보
  · 민감한 피부 화장법
  · 겨울철 립스틱 선택법
  · 자외선 차단제 사용법
  · 여름철 메이크업 유지 팁
  · 눈가 주변 메이크업 팁
  · 화장품 소분량 구매 팁
  · 화장품 제조년도 확인 방법
  · 화장품 선물 추천
  · 화장품 보관법
  · 여름철 화장품 관리법
  · 자외선 차단제 올바른 사용법
  · 화장품 할인 이벤트 모음
  · 윤기 있는 피부 메이크업 팁
  · 화장품 무료 샘플 신청 방법
  · 화장품 소분량 구매 방법
  · 겨울철 메이크업 유지법
  · 립글로스 오일리 립스틱 차이
  · 자외선 차단크림 쇼핑백 보관법
  · 화장품 샘플 무료 받기 2024
  · 화장품 유통기한 확인하는 법
  · 자외선 차단제 바르기 팁
  · 수분 크림 vs 화장품 크림 차이
  · 화장품 사용 후 알레르기 대응법
  · 화장품 무료 체험단 신청 방법
  · 화장품 제조년도 확인하는 법
  · 화장품 사용 후 부작용 대처법
  · 화장품 브랜드 추천 2024
  · 화장품 보관하는 방법
  · 화장품 사용 후 애프터케어 팁
  · 화장품 사용 후 피부 관리법
  · 화장품 사용 후 피부 진정법
  · 화장품 사용 후 피부 트러블 대응법
  · 화장품 사용 후 피부 알레르기 대응법

[08-treatment-information] 뷰티 > 시술 정보 ...
  · 안면 라인교정 시술 과정
  · 더블턱 시술 후기
  · 노화방지 레저 토닉 추천
  · 미용실 마사지 효과
  · 립 필러 시술 소요 시간
  · 미용실 커트 추천 스타일
  · 코 보톡스 후기
  · 미용실 샴푸 효과
  · 눈가 라인교정 시술 비용
  · 미용실펌 후기
  · 안면 볼륨 시술 주의사항
  · 미용실 컬러 추천
  · 코스메틱 테스트 팁
  · 미용실 에어브러시 메이크업
  · 눈가 라인교정 시술 과정
  · 미용실 스타일링 팁
  · 노화방지 크림 추천
  · 미용실 트리트먼트 효과
  · 볼 필러 시술 전후 비교
  · 미용실 헤어케어 팁
  · 2024 인기 미용실 스타일
  · 안면 라인교정 시술 가격비교
  · 볼 필러 시술 부작용
  · 미용실 헤어 컬러링 추천색
  · 코스메틱 테스트 방법
  · 미용실 헤어 마사지 효과
  · 안면 라인교정 시술 전후 비교
  · 미용실 헤어 트리트먼트 추천
  · 눈가 라인교정 시술 주의사항
  · 미용실 헤어 스타일링 팁
  · 볼 필러 시술 소요 시간
  · 미용실 헤어 컬링 기기 추천
  · 미용실 헤어 드라이어 추천
  · 안면 볼륨 시술 과정
  · 미용실 헤어 컬러링 후기
  · 미용실 헤어 스타일링 제품 추천
  · 미용실 헤어 컬러링 오류 수정 팁
  · 뷰티 시술 전 필요한 준비물 전체 가이드
  · 뷰티 시술 후 관리해야 할 주의사항과 팁
  · 2024년 인사이드아웃 시술 가격 비교 가이드
  · 뷰티 시술 부작용 예방과 대처 방법
  · 나에게 맞는 뷰티 시술 선택 방법
  · 인사이드아웃 시술 후기 실제 체험담
  · 뷰티 시술 효과 지속 기간과 관리 방법
  · 실제 인스타그램 시술 전후 비교 사진
  · 2024년 서울 뷰티 시술 전문병원 추천
  · 뷰티 시술 과정 단계별 상세 설명
  · 뷰티 시술 적합성 체크리스트와 주의사항
  · 뷰티 시술 마사지 효과와 방법
  · 뷰티 시술 후 색조 메이크업 팁
  · 뷰티 시술 카운셀링 효과적인 방법
  · 뷰티 시술 재시술 가능성과 주의사항
  · 뷰티 시술 부작용 관리와 회복 방법
  · 뷰티 시술 유형별 비교와 장단점

[08-hair-product-review] 뷰티 > 헤어 제품 리뷰 ...
  · 한국 헤어 제품 추천
  · 헤어 제품 비교 리뷰
  · 샴푸 리뷰 선호도
  · 헤어 치료제 리뷰
  · 헤어 마스크 추천
  · 헤어 로션 사용법
  · 헤어 스프레이 리뷰
  · 헤어 크림 사용법
  · 헤어 젤 사용법
  · 헤어 에센스 리뷰
  · 헤어 미스트 추천
  · 헤어 오일 사용법
  · 헤어 세럼 비교 리뷰
  · 헤어 페미니스트 추천
  · 헤어 폼 사용법
  · 헤어 스프레이 비교 리뷰
  · 헤어 컬링 아이언 추천
  · 건조한 머리 헤어 크림 추천
  · 머리 손상 보습 헤어 마스크
  · 머리 탈모 개선 헤어 세럼
  · 머리 피부 민감성 헤어 샴푸
  · 머리 밝는 헤어 페미니스트 사용법
  · 머리 부피 헤어 스프레이 비교
  · 머리 색상 보호 헤어 제품
  · 머리 탈모 예방 헤어 제품
  · 머리 광택 헤어 에센스 사용법
  · 머리 부피 헤어 젤 비교
  · 머리 손상 예방 헤어 로션
  · 머리 건조 예방 헤어 마스크
  · 머리 탈모 치료 헤어 오일
  · 머리 광택 헤어 스프레이 사용법
  · 머리 손상 회복 헤어 세럼
  · 머리 건조 개선 헤어 로션
  · 머리 볼륨 헤어 크림 비교
  · 머리 손상 예방 헤어 미스트
  · 헤어 샴푸 추천 민감성 머리
  · 헤어 샴푸 사용법 건조한 머리
  · 헤어 샴푸 비교 리뷰 탈모 예방
  · 헤어 마스크 사용법 볼륨 머리
  · 헤어 마스크 비교 리뷰 광택 머릿결
  · 헤어 로션 추천 건조한 머릿결
  · 헤어 로션 비교 리뷰 볼륨 머릿결
  · 헤어 스프레이 추천 머릿결 유지
  · 헤어 스프레이 사용법 볼륨 머릿결
  · 헤어 크림 추천 손상된 머릿결
  · 헤어 크림 비교 리뷰 볼륨 머릿결
  · 헤어 세럼 추천 탈모 예방
  · 헤어 세럼 사용법 손상된 머릿결
  · 헤어 오일 추천 건조한 머릿결
  · 헤어 오일 비교 리뷰 볼륨 머릿결

[08-makeup-art] 뷰티 > 메이크업 아트 ...
  · 한국 화이트 메이크업 팁
  · Dataset_name: 1:1 컬러 메이크업 강추
  · 초심자를 위한 메이크업 강좌
  · Festival_name: 한복 메이크업 아이디어
  · Event_name: 스포티 메이크업 추천
  · Festival_name: 2026년 화장품 트렌드
  · Event_name: 로맨틱 메이크업 가이드
  · 한국 대학생 메이크업 추천
  · 무드 메이크업 연예인 따라하기
  · 핸드 메이크업 강추
  · 한국 2026년 메이크업 트렌드
  · 캐주얼 메이크업 추천
  · 여름 메이크업 팁
  · 한국 연예인 메이크업 분석
  · Event_name: 웨딩 메이크업 추천
  · 신제품 메이크업 제품 분석
  · Event_name: 비건 메이크업 추천
  · 한국 스킨케어 메이크업 동시 추천
  · Event_name: 할로윈 메이크업 아이디어
  · 한국 연예인 메이크업 제모 팁
  · 초보자를 위한 일상 메이크업 팁
  · 2026년 겨울 메이크업 트렌드
  · 연예인 같은 자연 메이크업
  · 2026년 자신의 피부 톤에 맞는 메이크업
  · 파티용 화려한 메이크업 아이디어
  · 영국 왕실 메이크업 스타일 따라하기
  · 2026년 메이크업 수명 연장 팁
  · 자연광에서 사진 예쁜 메이크업
  · 2026년 메이크업 제거 제품 추천
  · 메이크업 기본기 체크리스트
  · 2026년 한글 메이크업 브랜드 추천
  · 계절별 메이크업 팁과 제모 방법
  · 2026년 인기 메이크업 유튜버 추천
  · 메이크업 오류 수정 방법
  · 2026년 메이크업 강좌 추천
  · 2026년 메이크업 이슈와 분석
  · 메이크업 예술가 인터뷰
  · 2026년 메이크업 트렌드 비교
  · 2026년 렛츠런 메이크업 추천
  · 2026년 코스메틱 브랜드 비교
  · 2026년 모델 메이크업 팁
  · 2026년 메이크업 도구 추천
  · 2026년 한파 메이크업
  · 2026년 메이크업 강의 추천
  · 2026년 메이크업 색상 추천
  · 2026년 메이크업 이벤트
  · 2026년 메이크업 가이드북
  · 2026년 메이크업 필수템
  · 2026년 메이크업 소셜미디어 분석
  · 2026년 메이크업 유튜버 추천
  · 2026년 메이크업 트렌드 예측
  · 2026년 메이크업 제품 추천
  · 2026년 메이크업 산업 전망

[09-seoul-food] 맛집/카페 > 서울 맛집 ...
  · 강남역 비즈니스 랜치 추천
  · 용산역 데이트 카페 추천
  · 홍대 클럽 후기
  · 신촌 분위기 좋은 카페
  · 이태원 한식 맛집
  · 성수동 브런치 추천
  · 구로디지털단지역 회식 장소
  · 동대문 야시장 후기
  · 용두산 공원 주변 카페
  · 신사역 한우 전문점
  · 이태원 외국인 친화적 카페
  · 서울 시내 야경 볼 수 있는 카페
  · 서대문역 일식 맛집
  · 강남역 스타벅스
  · 종로 한옥 카페
  · 서울 서초구 데이트 코스
  · 용산역 군인 친화 카페
  · 동대문 디저트 카페
  · 서울 남산 야경 카페
  · 홍대 클럽 입장료 비교
  · 강남역 비즈니스 라운치 코스
  · 홍대 클럽 입장 가이드
  · 성수동 브런치 코스
  · 강남역 비즈니스 뷔페 추천
  · 홍대 카페 인스타그램 필터 추천
  · 성수동 브런치 인기 메뉴
  · 이태원 클럽 예약 방법
  · 구로디지털단지역 회식 코스
  · 동대문 야시장 먹거리 추천
  · 서울 청담동 한우 맛집
  · 서울 남산 야경 볼 수 있는 카페
  · 강남역 비즈니스 라운지 추천
  · 홍대 클럽 입장 조건
  · 서울 시내 야경 카페
  · 성수동 브런치 예약 방법
  · 이태원 한정식 맛집
  · 서대문역 일식 추천
  · 용산역 커플 카페 추천
  · 강남역 회식 맛집
  · 용산역 커플 카페 가이드
  · 성수동 브런치 예약 팁
  · 서울 이태원 파티 장소 추천
  · 서울 신촌 인스타그램 카페 추천
  · 서울 홍대 디저트 카페 추천
  · 서울 강남역 롱테이블 카페 추천
  · 서울 성수동 브런치 카페 예약 방법
  · 서울 홍대 클럽 입장 가격 비교
  · 서울 강남역 한우 전문점 추천
  · 홍대 클럽 인스타그램 필터 추천
  · 강남역 롱테이블 카페 예약 팁
  · 이태원 클럽 입장 조건 비교
  · 서울 강남역 비즈니스 라운지

[09-cafe-recommend] 맛집/카페 > 카페 추천 ...
  · 서울 한강 카페 추천
  · 인스타그램 친화적 카페
  · 카페에서 책 읽기
  · 카페에서 공부하기
  · 카페에서 회의하기
  · 카페에서 데이트하기
  · 카페에서 아침 먹기
  · 카페에서 점심 먹기
  · 카페에서 저녁 먹기
  · 카페에서 브런치 먹기
  · 카페에서 디저트 먹기
  · 카페에서 커피 마시기
  · 카페에서 차 마시기
  · 카페에서 주스 마시기
  · 카페에서 음료 마시기
  · 카페에서 와인 마시기
  · 카페에서 맥주 마시기
  · 카페에서 칵테일 마시기
  · 카페에서 분위기 내기
  · 카페에서 사진 찍기
  · 서울 명동 카페 추천
  · 서울 강남 카페 추천
  · 부산 해운대 카페 추천
  · 제주서귀포 카페 추천
  · 대구 달서구 카페 추천
  · 광주 동구 카페 추천
  · 인천 송도 카페 추천
  · 대전 유성구 카페 추천
  · 울산 남구 카페 추천
  · 수원 영통구 카페 추천
  · 강원속초 카페 추천
  · 경주 카페 추천
  · 전주 카페 추천
  · 포항 카페 추천
  · 창원 카페 추천
  · 천안 카페 추천
  · 서울 강서구 카페 추천
  · 서울 성북구 카페 추천
  · 서울 영등포구 카페 추천
  · 서울 송파구 카페 추천
  · 서울 역사적 카페 추천
  · 카페에서 몸에 좋은 음료 추천
  · 카페에서 결혼식 후기
  · 카페에서 식사할 수 있는 메뉴 추천
  · 카페에서 손가락 كف 찍기
  · 카페에서 이해할 수 없는 메뉴 추천
  · 카페에서 간편하게 즐길 수 있는 음식 추천
  · 카페에서 다이어트 할 수 있는 메뉴 추천
  · 카페에서 피로 회복할 수 있는 음료 추천
  · 카페에서 저렴하게 즐길 수 있는 메뉴 추천
  · 카페에서 간식으로 즐길 수 있는 디저트 추천
  · 카페에서 맛집으로 추천할 수 있는 메뉴 추천
  · 카페에서 브런치로 즐길 수 있는 메뉴 추천
  · 카페에서 디저트로 즐길 수 있는 메뉴 추천
  · 카페에서 명품 디저트로 즐길 수 있는 메뉴 추천

[09-busan-food] 맛집/카페 > 부산 맛집 ...
  · 부산 해운대 맛집 2인석
  · 부산 동백섬 맛집 해산물
  · 부산 서면 맛집 학생 할인
  · 부산 경포대 맛집 야경
  · 부산 계양산 맛집 등산 후 추천
  · 부산 연제구 한정식 맛집
  · 부산 동래구 찜닭 맛집
  · 부산 사하구 젓갈 맛집
  · 부산 북구 비건 카페
  · 부산 기장군 장어구이 맛집
  · 부산 영도구 초밥 맛집
  · 부산 금정구 횟집 추천
  · 부산 해운대 카페 해변 앞
  · 부산 명동 카페 데이트
  · 부산 서면 샌드위치 맛집
  · 부산 해운대 한식 맛집
  · 부산 기장군 가평동 맛집
  · 부산 연제구 초장어 맛집
  · 부산 동래구 갈비 맛집
  · 부산 사하구 제빵소
  · 부산 해운대 해산물 맛집 추천
  · 부산 부경대 근처 카페
  · 부산 서면 코인노래방 맛집
  · 부산 동래구 치킨 맛집
  · 부산 사하구 소주집 추천
  · 부산 기장군 바베큐 맛집
  · 부산 영도구 떡볶이 맛집
  · 부산 금정구 라면 맛집
  · 부산 해운대 카페 야경
  · 부산 수영구 매운탕 맛집
  · 부산 해운대 수제버거 맛집
  · 부산 서면 불고기 맛집
  · 부산 기장군 매운 갈비탕 맛집
  · 부산 해운대 카페 인스타그램
  · 부산 사하구 회덮밥 맛집
  · 부산 영도구 돈까스 맛집
  · 부산 동래구 돔산 성주동 맛집
  · 부산 해운대 카페 바다보기
  · 부산 연제구 치킨 맛집 1인분
  · 부산 부경대 근처 밤 카페
  · 부산 동백섬 한식 맛집
  · 부산 해운대 소주집 추천
  · 부산 사하구 양꼬치 맛집
  · 부산 서면 핫도그 맛집 추천
  · 부산 해운대 브런치 카페
  · 부산 동래구 라면 맛집
  · 부산 기장군 해산물 구이 맛집
  · 부산 수영구 포차 맛집 추천
  · 부산 사하구 소바 맛집
  · 부산 영도구 mencion 카페
  · 부산 해운대 홍어 회 맛집
  · 부산 서면 돔산 맛집
  · 부산 사하구 닭갈비 맛집
  · 부산 금정구 수제버거 맛집
  · 부산 해운대 샌드위치 카페

[09-date-course] 맛집/카페 > 데이트 코스 ...
  · 서울 데이트 코스 추천
  · 부산 데이트 코스 겨울
  · 제주도 데이트 코스
  · 인스타그램 데이트 코스
  · 야간 데이트 코스
  · 가성비 데이트 코스
  · 커플 데이트 코스
  · 소혼 데이트 코스
  · 춘절 데이트 코스
  · 유명 데이트 코스
  · 드라마 데이트 코스
  · 해변 데이트 코스
  · 산속 데이트 코스
  · 도시 데이트 코스
  · 가족 데이트 코스
  · 자연 데이트 코스
  · 역사 데이트 코스
  · 야외 데이트 코스
  · 실내 데이트 코스
  · 낮 데이트 코스
  · 서울 강남 로맨틱 데이트
  · 제주도 한라산 데이트 코스
  · 서울 한강 데이트 코스
  · 서울 인스타그램worthy 데이트 코스
  · 겨울 야간 서울 데이트 코스
  · 제주도 봄 데이트 코스
  · 서울 인기 데이트 코스
  · 겨울 서울 데이트 코스
  · 초여름 서울 인스타그램 데이트
  · 비오는날 서울 데이트 코스
  · 봄 강원도 데이트 코스
  · 야간 부산 데이트 코스
  · 2024 추석 데이트 코스
  · 인스타그램 강동구 데이트
  · 서울 신사동 데이트 코스
  · 추석 서울 데이트 코스
  · 부산 해운대 데이트 코스
  · 2024 서울 가을 데이트
  · 인스타그램 경기도 데이트
  · 겨울 서울 강남 데이트
  · 부산 동래구 데이트 코스
  · 2024 세월호 추모일 데이트
  · 겨울 서울 강서구 데이트
  · 2024 서울 홍대 데이트 코스
  · 2024 서울 이태원 데이트 코스
  · 2024 서울 신촌 데이트 코스
  · 2024 서울 명동 데이트 코스
  · 2024 서울 용산 데이트 코스
  · 2024 서울 강남 데이트 코스
  · 2024 서울 광화문 데이트 코스
  · 2024 서울 잡동사니 데이트 코스
  · 2024 서울 양재역 데이트 코스
  · 2024 서울 잠실 데이트 코스

[09-gyeonggi-food] 맛집/카페 > 경기도 맛집 ...
  · 수원시 한식 맛집
  · 의왕 카페 인스타그램 추천
  · 성남 분당 고기구이 맛집
  · 부천 소바 맛집
  · 고양 신도시 카페 데이트 코스
  · 과천 한우 맛집
  · 용인 테마 카페
  · 안양 횟집 맛집
  · 시흥 Barataria 카페
  · 오산 분식 맛집
  · 안산 해산물 맛집
  · 구리 라면 맛집
  · 군포 치킨 맛집
  · 이천 한식당 맛집
  · 화성 유기농 카페
  · 목포식당 남양주
  · 평택 해장국 맛집
  · 파주 마카롱 카페
  · 의정부 헤일로우랩 카페
  · 인천 안산 장우동 한식 맛집
  · 수원 맛집 한식당 추천
  · 고양 신도시 인스타그램 카페
  · 의왕 카페 인스타그램 포토존
  · 안산 장우동 한식 맛집 로컬 특별 추천
  · 성남 분당 한우 맛집 인기 메뉴
  · 부천 한식 맛집 로컬 특별 추천
  · 의왕 한식 맛집 로컬 추천
  · 성남 분당 한식 맛집 인기 메뉴
  · 부천 불고기 맛집
  · 고양 신도시 초콜릿 카페
  · 과천 맥주 맛집
  · 용인 카페 포토존
  · 안양 횟집 인기 메뉴
  · 시흥 카페 데이트 코스
  · 안산 해장국 맛집
  · 이천 한식당 로컬 추천
  · 수원 맛집 한식당 인기 메뉴
  · 의왕 카페 포토존 추천
  · 수원 한식당 인기메뉴 추천
  · 고양 신도시 카페 포토존
  · 성남 분당 한우 맛집 인기메뉴
  · 안양 횟집 인기메뉴 추천
  · 수원 한식당 로컬 추천
  · 의정부 천왕대 스파게티 맛집
  · 안산 한우 맛집 로컬 추천
  · 고양 시티프라자 카페 포토존
  · 이천 한식당 로컬 특별 추천
  · 평택 Mexican식당 맛집
  · 수원 한우 맛집 인기 메뉴
  · 의정부 철판갈비 맛집
  · 안산 불고기 맛집 로컬 추천
  · 고양 신도시 크리스마스 카페
  · 과천 파스타 맛집 로컬 추천
  · 용인 주말 카페 데이트 코스

[09-solo-food] 맛집/카페 > 혼밥 맛집 ...
  · 혼밥 맛집 서울 강남역
  · 혼밥 카페 추천 명동
  · 혼밥 가능한 한식집 홍대
  · 혼밥 음식 외식 예절
  · 혼밥 장소 이태원
  · 혼밥 메뉴 추천 레시피
  · 혼밥 맛집 인스타그램 추천
  · 혼밥 맛집 부산 해운대
  · 혼밥 맛집 대구 수성구
  · 혼밥 맛집 인천 계양구
  · 혼밥 맛집 광주 서구
  · 혼밥 맛집 대전 서구
  · 혼밥 맛집 수원 권선구
  · 혼밥 맛집 성남 분당구
  · 혼밥 맛집 안산 단원구
  · 혼밥 맛집 부산 서면
  · 혼밥 맛집 대구 달서구
  · 혼밥 맛집 인천 남동구
  · 혼밥 맛집 광주 남구
  · 혼밥 맛집 대전 유성구
  · 혼밥 맛집 서울 종로구 야채 요리
  · 혼밥 맛집 제주도 서귀포시
  · 혼밥 맛집 대구 중구 저렴한 한정식
  · 혼밥 맛집 강남역 미니 세트
  · 혼밥 맛집 포천시 신선한 해산물
  · 혼밥 맛집 광주 동구 분식집
  · 혼밥 맛집 수원 행렬의 집
  · 혼밥 맛집 원주시 냉면 전문점
  · 혼밥 맛집 서울 홍대
  · 혼밥 카페 추천 서울 강남
  · 혼밥 한식집 인천 송도
  · 혼밥외식 예절 가이드
  · 혼밥 메뉴 추천는 레시피
  · 혼밥 가능한 카페 강남역
  · 혼밥 한식집 인천 가평동
  · 혼밥 가능한 분식집 대구 달서구
  · 혼밥 맛집 광주 동구 한정식
  · 혼밥 카페 추천 인천 남동구
  · 혼밥 가능한 이태원 양식집
  · 혼밥 한식집 성남 분당구
  · 혼밥 카페 추천 수원 권선구
  · 혼밥 한식집 서울 종로구
  · 혼밥 가능한 한식집 대구 중구
  · 혼밥 가능한 분식집 수원 행렬의 집
  · 혼밥 한식집 서울 홍대 한정식
  · 혼밥 가능한 분식집 광주 동구
  · 혼밥 맛집 서울 용산구 한식
  · 혼밥 맛집 대전 중구 저렴한 한식
  · 혼밥 맛집 수원행렬의집 분식
  · 혼밥 맛집 인천송도 한식

[09-daegu-food] 맛집/카페 > 대구 맛집 ...
  · 대구 달서구 맛집 추천
  · 대구 수성구 한정식 맛집
  · 대구 중구 분식 맛집
  · 대구 동구 고기 맛집
  · 대구 북구 브런치 카페
  · 대구 서구 치킨 맛집
  · 대구 남구 파스타 맛집
  · 대구 수성구 스테이크 맛집
  · 대구 달서구 수제버거 맛집
  · 대구 중구 이태리식 레스토랑
  · 대구 동구 일본 음식 맛집
  · 대구 북구 피자 맛집
  · 대구 서구 한우 맛집
  · 대구 남구 샤브샤브 맛집
  · 대구 수성구 카레 맛집
  · 대구 달서구 양식 맛집
  · 대구 중구 중식 맛집
  · 대구 동구 해산물 맛집
  · 대구 북구 디저트 카페
  · 대구 서구 제주돼지 맛집
  · 대구 달성군 감자탕 맛집
  · 대구 달서구 인기 맛집
  · 대구 수성구 한식 카페
  · 대구 중구 전통 시장 맛집
  · 대구 동구 고기구이 맛집
  · 대구 북구 아침 식사 맛집
  · 대구 서구 치즈 버거 맛집
  · 대구 남구 라면 맛집
  · 대구 수성구 스테이크 레스토랑
  · 대구 달서구 분식 맛집
  · 대구 중구 한식 레스토랑
  · 대구 동구 해물탕 맛집
  · 대구 북구 카페 분위기 좋은 곳
  · 대구 서구 도시락 맛집
  · 대구 남구 한정식 맛집
  · 대구 수성구 콩나물구이 맛집
  · 대구 달서구 목화차 맛집
  · 대구 중구 김밥 맛집
  · 대구 동구 제육덕밥 맛집
  · 대구 북구 떡볶이 맛집
  · 대구 달서구 일식 맛집
  · 대구 수성구 중식 맛집
  · 대구 중구 한국식 간식 카페
  · 대구 동구 한우 전문점
  · 대구 북구 모닝 브런치 카페
  · 대구 서구 제주 블랙돼지 맛집
  · 대구 남구 한식 레스토랑
  · 대구 달서구 한식 분식집
  · 대구 동구 한식 맛집
  · 대구 북구 한식 맛집 분위기
  · 대구 서구 한식 맛집
  · 대구 남구 한식 맛집
  · 대구 달성군 한식 맛집

[09-brunch-cafe] 맛집/카페 > 브런치 카페 ...
  · 서울 브런치 카페 추천
  · 브런치 카페 메뉴 추천
  · 브런치 카페 데이트 코스
  · 브런치 카페 인스타그램 필터
  · 브런치 카페 가성비 추천
  · 브런치 카페 후기
  · 브런치 카페 분위기 좋은 곳
  · 브런치 카페 아침 식사
  · 브런치 카페 패밀리 추천
  · 브런치 카페 커피 추천
  · 브런치 카페 주차장 정보
  · 브런치 카페 인천
  · 브런치 카페 대구
  · 브런치 카페 부산
  · 브런치 카페 광주
  · 브런치 카페 대전
  · 브런치 카페 울산
  · 브런치 카페 수원
  · 브런치 카페 안양
  · 브런치 카페 카페라떼 추천
  · 브런치 카페 토스트 레시피
  · 브런치 카페 야외 좌석 추천
  · 브런치 카페 베이글 추천
  · 브런치 카페 샌드위치 추천
  · 브런치 카페 아메리카노 추천
  · 브런치 카페 파스타 추천
  · 브런치 카페 프렌치 토스트 추천
  · 브런치 카페 오므라이스 추천
  · 브런치 카페 스무디 추천
  · 브런치 카페 샐러드 추천
  · 브런치 카페 팥빙수 추천
  · 브런치 카페 아보카도 토스트 추천
  · 브런치 카페 크레페 추천
  · 브런치 카페 와플 추천
  · 브런치 카페 계란말이 추천
  · 브런치 카페 초콜릿 머핀 추천
  · 브런치 카페 생크림 토스트 추천
  · 브런치 카페 라떼아트 추천
  · 브런치 카페 인스타 필터 추천
  · 브런치 카페 포토존 추천
  · 브런치 카페 개런티 추천
  · 브런치 카페 야외석 추천
  · 브런치 카페 주말 예약 팁
  · 브런치 카페 식후 음료 추천
  · 브런치 카페 인기 메뉴 비교
  · 브런치 카페 새벽 오픈 시간
  · 브런치 카페 가성비 메뉴 추천
  · 브런치 카페 테이스팅 노트 작성법
  · 브런치 카페 유튜브 리뷰
  · 브런치 카페 인스타그램 해시태그
  · 브런치 카페 날씨별 추천
  · 브런치 카페 아기 동반 가능
  · 브런치 카페 인기 레시피
  · 브런치 카페 소셜 미디어 공유 팁

[09-daejeon-food] 맛집/카페 > 대전 맛집 ...
  · 대전 유성구 맛집 추천
  · 대전 서구 카페 후기
  · 대전 중구 분위기 좋은 맛집
  · 대전 동구 한정식 맛집
  · 대전 유성구 분위기 카페
  · 대전 서구 불고기 맛집
  · 대전 중구 레스터리안 카페
  · 대전 동구 치킨 맛집
  · 대전 유성구 라면 맛집
  · 대전 서구 중국집 맛집
  · 대전 중구 분식 맛집
  · 대전 동구 한식 맛집
  · 대전 유성구 데이트 카페
  · 대전 서구 커피 맛집
  · 대전 중구 브런치 카페
  · 대전 동구 제주블랙포크 마다리
  · 대전 유성구 카레 맛집
  · 대전 서구 한우 맛집
  · 대전 중구 스시 맛집
  · 대전 동구 라멘 맛집
  · 대전 대덕구 한식 맛집
  · 대전 동구 분위기 좋은 카페
  · 대전 서구 데이트 코스 카페
  · 대전 중구 불고기 맛집
  · 대전 유성구 브런치 카페
  · 대전 동구 제주 블랙포크 맛집
  · 대전 서구 중국 음식 맛집
  · 대전 중구 한우 맛집
  · 대전 동구 스시 맛집
  · 대전 중구 라멘 맛집
  · 대전 유성구 카페 분위기
  · 대전 동구 분식 맛집
  · 대전 서구 한정식 맛집
  · 대전 중구 카페 후기
  · 대전 유성구 분위기 좋은 맛집
  · 대전 동구 한우탕진이 맛집
  · 대전 서구 치킨 맛집
  · 대전 중구 카레 맛집
  · 대전 유성구 분위기 좋은 카페
  · 대전 동구 떡볶이 맛집
  · 대전 유성구 한우탕진이 맛집
  · 대전 서구 분식 맛집
  · 대전 동구 라면 맛집
  · 대전 대덕구 분위기 카페
  · 대전 유성구 커피 맛집
  · 대전 중구 데리시 맛집
  · 대전 대덕구 분위기 좋은 맛집
  · 대전 유성구 한식 맛집
  · 대전 중구 카페 분위기
  · 대전 대덕구 한우탕진이 맛집

[09-night-view-food] 맛집/카페 > 야경 맛집 ...
  · 강남 야경 맛집 추천
  · 야경 맛집 인스타그램 장소
  · 부산 야경 맛집
  · 야경 맛집 데이트 코스
  · 야경 맛집 저렴한 곳
  · 야경 맛집 카페 추천
  · 강릉 야경 맛집
  · 야경 맛집 한식 맛집
  · 야경 맛집 분위기 좋은 곳
  · 야경 맛집 인천 추천
  · 야경 맛집 제주도 추천
  · 야경 맛집 서울 추천
  · 야경 맛집 부산 해운대
  · 야경 맛집 광안리
  · 야경 맛집 동대문
  · 야경 맛집 홍대
  · 야경 맛집 이태원
  · 야경 맛집 신촌
  · 야경 맛집 강남역
  · 야경 맛집 건대
  · 서울 야경 맛집 추천
  · 인천 야경 맛집
  · 부산 해운대 야경 맛집
  · 제주도 야경 맛집
  · 광주 야경 맛집
  · 대전 야경 맛집
  · 수원 야경 맛집
  · 청주 야경 맛집
  · 울산 야경 맛집
  · 대구 야경 맛집
  · 인천 송도 야경 맛집
  · 부산 서면 야경 맛집
  · 강남역 야경 맛집
  · 홍대 야경 맛집
  · 이태원 야경 맛집
  · 신촌 야경 맛집
  · 건대 야경 맛집
  · 동대문 야경 맛집
  · 광안리 야경 맛집
  · 야경 맛집 인스타그램 필터 추천
  · 야경 맛집 로맨틱 데이트 코스
  · 야경 맛집 저렴한 한식 추천
  · 야경 맛집 분위기 좋은 카페
  · 야경 맛집 예산 1인당 3만원 이하
  · 야경 맛집 실내 분위기 추천
  · 야경 맛집 서울 성수동 추천
  · 야경 맛집 서울 여의도
  · 야경 맛집 인천 계양산
  · 야경 맛집 제주도 성산일출봉
  · 야경 맛집 광주 광한루
  · 야경 맛집 대전 유성구
  · 야경 맛집 수원 화성행궁
  · 야경 맛집 청주 청주시청
  · 야경 맛집 울산 신흥동

[09-incheon-food] 맛집/카페 > 인천 맛집 ...
  · 인천 송도 맛집 추천
  · 인천 중앙시장 맛집
  · 인천 공항 맛집
  · 인천 해물탕 맛집
  · 인천 만두 맛집
  · 인천 삼겹살 맛집
  · 인천 카페 추천
  · 인천 횟집 추천
  · 인천 가족 식사 맛집
  · 인천 한정식 맛집
  · 인천 피자 맛집
  · 인천 스테이크 맛집
  · 인천 한식당 맛집
  · 인천 분식 맛집
  · 인천 중국 음식 맛집
  · 인천 수제버거 맛집
  · 인천 라면 맛집
  · 인천 치킨 맛집
  · 인천 데이트 카페
  · 인천 해산물 맛집
  · 인천 부평구 맛집 추천
  · 인천 강화도 맛집
  · 인천 계양구 맛집
  · 인천 남동구 맛집
  · 인천 서구 맛집
  · 인천 동구 맛집
  · 인천 중구 맛집
  · 인천 연수구 맛집
  · 인천 옹진군 맛집
  · 인천 영종도 맛집
  · 인천 사하구 맛집
  · 인천 미추홀구 맛집
  · 인천 서구 한정식 맛집
  · 인천 강화도 횟집 추천
  · 인천 부평구 카페 추천
  · 인천 중구 분식 맛집
  · 인천 연수구 스테이크 맛집
  · 인천 영종도 중국 음식 맛집
  · 인천 사하구 피자 맛집
  · 인천 미추홀구 수제버거 맛집
  · 인천 중구 횟집 추천
  · 인천 부평구 한식당 맛집
  · 인천 강화도 삼겹살 맛집
  · 인천 연수구 카페 추천
  · 인천 사하구 치킨 맛집
  · 인천 미추홀구 라면 맛집
  · 인천 서구 분식 맛집
  · 인천 남동구 스테이크 맛집
  · 인천 동구 수제버거 맛집
  · 인천 영종도 피자 맛집
  · 인천 옹진군 중국 음식 맛집
  · 인천 계양구 한정식 맛집
  · 인천 중구 데이트 카페 추천
  · 인천 강화도 해산물 맛집
  · 인천 부평구 가족 식사 맛집

[09-handmade-coffee] 맛집/카페 > 수제 커피 ...
  · 수제 커피 추천 카페
  · 수제 커피 추출 방법
  · 수제 커피 추천 커피빔
  · 수제 커피 추천 도구
  · 수제 커피 추천 레시피
  · 수제 커피 추천 브랜드
  · 수제 커피 추천 영상
  · 수제 커피 추천 가격
  · 수제 커피 추천 장비
  · 수제 커피 추천 책
  · 수제 커피 추천 강좌
  · 수제 커피 추천 이벤트
  · 수제 커피 추천 앱
  · 수제 커피 추천 커뮤니티
  · 수제 커피 추천 팟캐스트
  · 수제 커피 추천 웹사이트
  · 수제 커피 추천 블로그
  · 수제 커피 추천 유튜브 채널
  · 수제 커피 추천 인스타그램 계정
  · 수제 커피 추천 트위터 계정
  · 수제 커피 추출 초보자 가이드
  · 집에서 수제 커피 만드는 법
  · 수제 커피 추출 온도별 차이
  · 수제 커피 추출 시간 조정 팁
  · 수제 커피 추출 장비 선택 팁
  · 수제 커피 추출 오류 시 해결법
  · 수제 커피 추출 필터 종류 비교
  · 수제 커피 추출 물의 중요성
  · 수제 커피 추출커피빔 추천
  · 수제 커피 추출 시 음향 효과
  · 수제 커피 추출 시 분말커피 사용법
  · 수제 커피 추출 시 커피 분말 양 조절
  · 수제 커피 추출 시 커피 분말 갈기 팁
  · 수제 커피 추출 시 커피 분말 보관법
  · 수제 커피 추출 시 커피 분말 구매 팁
  · 수제 커피 추출 시 커피 분말 종류 비교
  · 수제 커피 추출 시 커피 분말 갈기 장비 추천
  · 수제 커피 추출 시 커피 분말 갈기 방법
  · 수제 커피 추출 시 커피 분말 갈기 시간
  · 수제 커피 추출 시 커피 분말 갈기 양
  · 수제 커피 추출 종류 비교
  · 수제 커피 추출 실용 팁
  · 수제 커피 추출에 좋은 물
  · 수제 커피 추출 온도 조정
  · 수제 커피 추출 시간 권장
  · 수제 커피 추출 필터 비교
  · 수제 커피 추출 보관법
  · 수제 커피 추출기 추천
  · 수제 커피 추출 비율 계산
  · 수제 커피 추출 후기
  · 수제 커피 추출 오류 해결
  · 수제 커피 추출 인스타그램
  · 수제 커피 추출 커뮤니티
  · 수제 커피 추출 동영상
  · 수제 커피 추출 인증 카페

[09-gwangju-food] 맛집/카페 > 광주 맛집 ...
  · 광주 시내 맛있는 거리 음식
  · 광주 맛있는 카페 데이트 코스
  · 광주 한정판 메뉴 맛집
  · 광주 대학가 저렴한 맛집
  · 광주 한식 레스토랑 추천
  · 광주 카페 인테리어 추천
  · 광주 야시장 맛집 추천
  · 광주 한우 맛집 추천
  · 광주 한정판 디저트 카페
  · 광주 카페 브런치 추천
  · 광주 치킨 맛집 추천
  · 광주 카페 야경 추천
  · 광주 해산물 맛집 추천
  · 광주 카페 메뉴 추천
  · 광주 한정판 커피 카페
  · 광주 카페 데이트 장소 추천
  · 광주 한정판 수제버거 맛집
  · 광주 카페 후기
  · 광주 한정판 수제피자 맛집
  · 광주 카페 인스타그램 추천
  · 광주 시내 분식 맛집 추천
  · 광주 대학가 맛있는 음식 추천
  · 광주 한우 맛집 인스타그램
  · 광주 치킨 맛집 인스타그램 추천
  · 광주 한정판 수제햄버거 맛집
  · 광주 대학가 저렴한 분식 맛집
  · 광주 한우 정식 맛집 추천
  · 광주 한정판 수제 버거 맛집 추천
  · 광주 한정판 수제 피자 맛집 추천
  · 광주 한정판 수제 스테이크 맛집 추천
  · 광주 한정판 수제 패스트푸드 맛집 추천
  · 광주 한정판 수제 샌드위치 맛집 추천
  · 광주 한정판 수제 탕수육 맛집 추천
  · 광주 한정판 수제 우동 맛집 추천
  · 광주 한정판 수제 라면 맛집 추천
  · 광주 한정판 수제 돈까스 맛집 추천
  · 광주 한정판 수제 제육볶음 맛집 추천
  · 광주 한정판 수제 김밥 맛집 추천
  · 광주 한정판 수제 김치찌개 맛집 추천
  · 광주 한정판 수제 순두부찌개 맛집 추천
  · 광주 한정판 수제 된장찌개 맛집 추천
  · 광주 한정판 수제 된장전골 맛집 추천
  · 광주 한정판 수제 구이 맛집 추천
  · 광주 한정판 수제 볶음밥 맛집 추천
  · 광주 전통시장 맛집 추천
  · 광주 노원동 맛집 추천
  · 광주 학동면 맛집 추천
  · 광주 송정동 맛집 추천
  · 광주 화순군 맛집 추천
  · 광주 무안군 맛집 추천
  · 광주 영광군 맛집 추천
  · 광주 여수시 맛집 추천
  · 광주 순천시 맛집 추천
  · 광주 완주군 맛집 추천
  · 광주 고급 레스토랑 추천

[09-partyroom-cafe] 맛집/카페 > 파티룸 카페 ...
  · 파티룸 카페 단체 할인
  · 생일 파티룸 카페 예약 팁
  · 소규모 모임 파티룸 카페
  · 파티룸 카페 테마별 추천
  · 파티룸 카페 인스타그램 인기
  · 파티룸 카페 야간 운영
  · 파티룸 카페 커플 추천
  · 파티룸 카페 디저트 추천
  · 파티룸 카페 예약 취소 정책
  · 파티룸 카페 주차 팁
  · 파티룸 카페 무료 이용 방법
  · 파티룸 카페 위생 관리
  · 파티룸 카페 인근 맛집
  · 파티룸 카페 음료 추천
  · 파티룸 카페 예약 시 주의사항
  · 파티룸 카페 가격 비교
  · 파티룸 카페 예약 시간 조언
  · 파티룸 카페 소음 문제 해결법
  · 파티룸 카페 인테리어 추천
  · 파티룸 카페 예약 없이 입장 가능
  · 파티룸 카페 10인 이상 예약 팁
  · 파티룸 카페 게임 추천
  · 파티룸 카페 음주 가능 여부
  · 파티룸 카페 생일 파티 플래너
  · 파티룸 카페 예산별 추천
  · 파티룸 카페 테마 파티 아이디어
  · 파티룸 카페 예를 시청자 추천
  · 파티룸 카페 완성도 높은 사진 찍기
  · 파티룸 카페 예약 취소 수수료
  · 파티룸 카페 무료 입장 이벤트
  · 파티룸 카페 예약 초기 예약 기간
  · 파티룸 카페 추천 디저트
  · 파티룸 카페 예약 전환률 높은 방법
  · 파티룸 카페 예약 시간 초기 설정 방법
  · 파티룸 카페 예약 전환 높이는 팁
  · 파티룸 카페 인테리어 사진 촬영 팁
  · 파티룸 카페 예약 시 초보자 가이드
  · 파티룸 카페 인스타그램 해시태그 추천
  · 파티룸 카페 예약 시 예산 관리 팁
  · 파티룸 카페 예약 시 인원 수 조정 방법
  · 파티룸 카페 쓰레기 분리수거 방법
  · 파티룸 카페 예약 시 필요한 신용카드 종류
  · 파티룸 카페 인테리어 디자인 아이디어
  · 파티룸 카페 예약 시 예약금 환불 조건
  · 파티룸 카페 예약 시 인원 추가 가능 여부
  · 파티룸 카페 예약 시 예약 시간 변경 방법
  · 파티룸 카페 예약 시 예약금 무이자 할부 방법
  · 파티룸 카페 예약 시 예약금 분할 결제 방법
  · 파티룸 카페 예약 시 예약금 대리 결제 방법
  · 파티룸 카페 예약 시 예약금 환불 기간
  · 파티룸 카페 예약 시 예약금 선결제 방법
  · 파티룸 카페 예약 시 예약금 현금 결제 방법
  · 파티룸 카페 예약 시 예약금 무통장 입금 방법
  · 파티룸 카페 예약 시 예약금 페이코 결제 방법
  · 파티룸 카페 예약 시 예약금 카카오페이 결제 방법

[09-gangwon-food] 맛집/카페 > 강원도 맛집 ...
  · 강원도 인천공항에서 접근하기 쉬운 맛집
  · 강원도 동해안 해산물 맛집 추천
  · 강원도 스키장 근처 맛집 추천
  · 강원도 전통주 맛집 카페 추천
  · 강원도 한정판 맛집 메뉴 소개
  · 강원도 야외 바베큐 맛집 추천
  · 강원도 해산물 전문점 추천
  · 강원도 한우 맛집 추천
  · 강원도 카페에서 즐기는 한정판 디저트
  · 강원도 산악지역 맛집 추천
  · 강원도 리조트 근처 맛집 추천
  · 강원도 지역별 특산물 맛집 추천
  · 강원도 한정판 카페 메뉴 추천
  · 강원도 스키장 근처 한정판 메뉴
  · 강원도 카페에서 즐기는 스트레스 해소법
  · 강원도 맛집에서 즐기는 한정판 세트
  · 강원도 한정판 맛집 행사 정보
  · 강원도 한정판 카페 디저트 메뉴
  · 강원도 한정판 맛집 메뉴 리뷰
  · 강원도 평창 스키장 근처 맛집
  · 강원도 전통 한정식 맛집
  · 강원도 고기구이 맛집 추천
  · 강원도 한우 스테이크 맛집
  · 강원도 해산물 구이 맛집
  · 강원도 카페에서 추천하는 디저트
  · 강원도 한정판 한정식 맛집
  · 강원도 스낵바 및 패스트푸드 맛집
  · 강원도 한정판 BBQ 맛집
  · 강원도 한정판 해산물 맛집
  · 강원도 한정판 스테이크 맛집
  · 강원도 한정판 디저트 카페
  · 강원도 한정판 한우 맛집
  · 강원도 한정판 한정식 카페
  · 강원도 한정판 패스트푸드 맛집
  · 강원도 한정판 스낵바 맛집
  · 강원도 한정판 디저트 맛집
  · 강원도 카페 추천 디저트
  · 강원도 카페 스트레스 해소법
  · 강원도 맛집 한정판 세트
  · 강원도 한정판 맛집 리뷰
  · 강원도 원주 맛집 추천
  · 강원도 고성 천연치즈 피자 맛집
  · 강원도 홍천 맵시있는 카페
  · 강원도 태백 카페 추천
  · 강원도 정선 닭갈비 맛집 추천
  · 강원도 영월 한우 맛집
  · 강원도 삼척 아지 조림 맛집 추천
  · 강원도 철원 카페 추천
  · 강원도 속초 해산물 맛집 추천
  · 강원도 동해 해산물 전문점 추천
  · 강원도 삼척 불고기 맛집 추천
  · 강원도 원주 한우구이 맛집 추천
  · 강원도 홍천 소고기 육회 맛집 추천
  · 강원도 양구 횟집 추천

[10-korean-recipe] 푸드 > 한식 레시피 ...
  · 한식 레시피 초보자를 위한 기본 조리법
  · 한국 전통 제철 음식 레시피
  · 한식 반찬 레시피 간편하고 건강한
  · 한식 정식 메뉴 구성과 레시피
  · 한식 소스와 장 레시피
  · 한식 김찌개 레시피
  · 한식 비빔밥 레시피
  · 한식 된장찌개 레시피
  · 한식 순두부찌개 레시피
  · 한식 김밥 레시피
  · 한식 떡볶이 레시피
  · 한식 떡 레시피
  · 한식 된장국 레시피
  · 한식 김치찌개 레시피
  · 한식 된장전골 레시피
  · 한식 찌개 레시피 다양한 종류
  · 한식 국물 요리 레시피
  · 한식 김밥 롤 레시피
  · 한식 떡국 레시피
  · 한식 된장탕 레시피
  · 한식 위장 건강한 반찬 레시피
  · 한식 저칼로리 메뉴 레시피
  · 한식 초보자 음식 레시피
  · 한식 채식 메뉴 레시피
  · 한식 간편 아침 메뉴 레시피
  · 한식 파티 메뉴 레시피
  · 한식 소고기 메뉴 레시피
  · 한식 닭갈비 메뉴 레시피
  · 한식 한우 메뉴 레시피
  · 한식 조개 메뉴 레시피
  · 한식 새우 메뉴 레시피
  · 한식 오징어 메뉴 레시피
  · 한식 새우튀김 메뉴 레시피
  · 한식 오뎅 메뉴 레시피
  · 한식 해물 파전 메뉴 레시피
  · 한식 김가네 메뉴 레시피
  · 한식 불고기 메뉴 레시피
  · 한식 갈비 메뉴 레시피
  · 한식 홍어 메뉴 레시피
  · 한식 장어 메뉴 레시피
  · 한식 당면볶음 레시피
  · 한식 간편 반찬 레시피
  · 한식찌개 레시피 다양한 종류
  · 한식 삼겹살 불고기 레시피
  · 한식 아랫도리 닭 레시피
  · 한식 무침 반찬 레시피
  · 한식 담백한 국 레시피
  · 한식 김장 레시피
  · 한식 두부 메뉴 레시피
  · 한식 돌솔 국수 레시피
  · 한식 메밀죽 레시피
  · 한식 비빔나물 레시피
  · 한식 색다른 한정식 레시피
  · 한식 소고기 ذوحمق 레시피

[10-global-cuisine] 푸드 > 세계 요리 ...
  · 일본 라멘 만들기 재료
  · 한국식 김치찌개 레시피
  · 이탈리아 파스타 소스 종류
  · 중국 찜닭 레시피
  · 프랑스 빵 레시피
  · 태국 그린 커리 레시피
  · 멕시코 타코 레시피
  · 인도 카레 레시피
  · 스페인 파엘라 레시피
  · 터키 케밥 레시피
  · 그리스 요거트 소스 레시피
  · 베트남 포 레시피
  · 모로코 쿠스쿠스 레시피
  · 아랍식 샐러드 레시피
  · 러시아 보르시치 레시피
  · 인도네시아 사테 레시피
  · 탄자니아 우가리 레시피
  · 페루 세비체 레시피
  · 남아프리카 브라아이 레시피
  · 뉴질랜드 파이 레시피
  · 일본 라멘 집 만들기 팁
  · 이탈리아 파스타 소스 조리법
  · 프랑스 빵 만드는데 필요한 건?
  · 남아프리카 브라아 레시피 간단한
  · 일본 라멘 집에서 먹는 맛있는 레시피
  · 한국식 김치찌개 만드는 법과 팁
  · 일본 수제버거 만드는데 필요한 재료
  · 이탈리아 계란 파스타 레시피
  · 중국 수제 أسد حقائق
  · 태국 그린 커리 재료와 조리법
  · 멕시코 아보카도 샐러드 레시피
  · 도니스키보 레시피
  · 스터딩 레시피
  · 스파게티 파스타 레시피
  · 마늘 버섯 볶음 레시피
  · 베트남 포 소스 레시피
  · 중국 장어구이 레시피
  · 인도 치킨 카레 레시피
  · 이스라엘 후무스 레시피
  · 터키 쿠르드마 레시피
  · 스페인 감칠맛 파엘라 레시피
  · 호주 미트 파이 레시피
  · 그리스 소세지 스테이크 레시피
  · 뉴질랜드 호박 파이 레시피
  · 일본 라멘 집 레시피
  · 멕시코 타코 재료와 조리법
  · 이탈리아 파스타 소스 레시피
  · 터키 케밥 재료와 조리법
  · 스페인 파엘라 재료와 조리법
  · 인도 카레 재료와 조리법
  · 모로코 쿠스쿠스 재료와 조리법

[10-food-styling] 푸드 > 푸드 스타일링 ...
  · 초보자 위한 푸드 스타일링 기본
  · 인스타그램 푸드 사진 찍는 법
  · 한식 스타일링 아이디어
  · 커피 스타일링 포토샵 수정법
  · 설렁탕 스타일링 비법
  · 빵 제빵 스타일링 팁
  · 케이크 스타일링 아이템
  · 여름 푸드 스타일링 아이디어
  · 푸드 스타일링 배경 선택법
  · 디저트 스타일링 자기계발
  · 스마트폰으로 푸드 사진 찍기
  · 푸드 스타일링 필터 추천
  · 라면 스타일링 아이디어
  · 푸드 스타일링 라이팅
  · 푸드 스타일링 인스타그램 계정
  · 푸드 스타일링 포착각
  · 푸드 스타일링 조명 활용법
  · 푸드 스타일링 소품 활용
  · 푸드 스타일링 트렌드 2024
  · 푸드 스타일링 연습 방법
  · 다음날 아침 아메리카노 스타일링
  · 도우너클 아وسي타 스타일링
  · 계절별 푸드 스타일링 팁
  · 형제에스 푸드 스타일링 포토샵
  · 우체국 포장함 스타일링
  · 캐릭터 빵 스타일링
  · 푸드 스타일링 무료 템플릿
  · 초보자 푸드 스타일링 연습법
  · 푸드 스타일링 인스타그램 해시태그
  · 카페 푸드 스타일링 팁
  · 푸드 스타일링 조명 추천
  · 푸드 스타일링 배경 추천
  · 푸드 스타일링 소품 추천
  · 푸드 스타일링 브로슈어 제작
  · 푸드 스타일링 포스터 제작
  · 푸드 스타일링 플랜트 활용
  · 푸드 스타일링 포토샵 필터
  · 푸드 스타일링 인스타그램 챌린지
  · 푸드 스타일링 인스타그램 스토리
  · 푸드 스타일링 인스타그램 리엘
  · 푸드 스타일링 초보자 팁
  · 인스타그램 푸드 스타일링 해시태그
  · 도우너클 아이스티 스타일링
  · 카페 푸드 스타일링 소품
  · 스타벅스 스타일링 비법
  · 푸드 스타일링 소제목
  · 제목 없는 카페 스타일링
  · 인스타그램 푸드 스타일링 필터
  · 식당 푸드 스타일링 팁
  · 홈카페 스타일링 팁
  · 간편 푸드 스타일링 소품
  · 인스타그램 푸드 스타일링 배경
  · 계절별 푸드 스타일링 아이디어
  · 디저트 스타일링 조명법
  · 식탁 푸드 스타일링 방법

[10-healthy-convenience-food] 푸드 > 건강 간편식 ...
  · 간편한 건강 아침식이
  · 간편한 건강 점심식사
  · 간편한 건강 저녁식사
  · 간편 건강 샐러드
  · 간편 건강 스무디
  · 간편 건강 샌드위치
  · 간편 건강 수프
  · 간편 건강 한식
  · 간편 건강 육류 요리
  · 간편 건강 어류 요리
  · 간편 건강 해산물 요리
  · 간편 건강 채소 요리
  · 간편 건강 두부 요리
  · 간편 건강 콩 요리
  · 간편 건강 곡물 요리
  · 간편 건강 발효 음식
  · 간편 건강 간편메뉴
  · 간편 건강 다이어트 식단
  · 간편한 건강 아침식사 레시피
  · 간편한 건강 점심 식단 추천
  · 간편한 건강 저녁메뉴
  · 간편 건강 아침 간식 레시피
  · 간편 건강 말린채소 요리법
  · 간편 건강 통곡물 요리 식단
  · 간편 건강 기름 없는 튀김 레시피
  · 간편 건강 발효 된장 요리법
  · 간편 건강 볶음밥 요리법
  · 간편 건강 오트밀 요리법
  · 간편 건강 계란 요리법
  · 간편 건강 김치 요리법
  · 간편 건강 간장 요리법
  · 간편 건강 김밥 요리법
  · 간편 건강 사과 요리법
  · 간편 건강 당근 요리법
  · 간편 건강 호박 요리법
  · 간편 건강 브로콜리 요리법
  · 간편 건강 고구마 요리법
  · 간편 건강 우유 요리법
  · 간편 건강 치즈 요리법
  · 간편 건강 요거트 요리법
  · 간편 건강 연유 요리법
  · 간편 건강 계란말이 레시피
  · 간편 건강 아몬드 요리법
  · 간편 건강 대두 요리법
  · 간편 건강 호두 요리법
  · 간편 건강 극단백 간식 레시피
  · 간편 건강 통곡물 빵 레시피
  · 간편 건강 콩나물 볶음 레시피
  · 간편 건강 오이 요리법
  · 간편 건강 우유 요거트 레시피
  · 간편 건강 당근 쥬스 레시피
  · 간편 건강 버섯 참기름 볶음 레시피
  · 간편 건강 김치 제로칼로리 레시피
  · 간편 건강 브로콜리 스팀 레시피
  · 간편 건강 고구마 찜 레시피

[10-ingredient-info] 푸드 > 식재료 정보 ...
  · 채소 종류와 활용법
  · 과일 신선하게 보관하는 법
  · 해산물 구매 시 확인사항
  · 계란 종류별 특징 비교
  · 고기 올바른 해동법
  · 요리에 사용할 수 있는 꽃
  · 간편식을 위한 필수 재료
  · 헤럴드 유기농 인증 식재료 리스트
  · 집에서 쉽게 만드는 소스 레시피
  · 대용량 식재료 건강한 선택법
  · 식재료 얼음 보관 방법
  · 해외에서 수입된 식재료 리스트
  · 식재료 공기보관하는 법
  · 통조림 식재료 활용 레시피
  · 유기농 식재료 인증 기준
  · 좋은 정육점 고르는 법
  · 온라인에서 식재료 구매 팁
  · 해외 여행 시 식재료 구매 방법
  · 식재료 신선도 확인하는 방법
  · 식재료 보관 적정 온도
  · 채소 해동 방법과 팁
  · 채소 신선도 유지하는 법
  · 과일 보관하는 기본 원칙
  · 해산물 신선도 확인하는 법
  · 계란 보유기간과 보관법
  · 고기 신선도 확인하는 방법
  · 한식 재료 신선도 보관법
  · 채소 얼음 보관 장단점
  · 과일 신선도 유지하는 법
  · 해산물 신선도 확인하는 방법
  · 고기 신선도 확인하는 법
  · 유기농 식재료 인증기관
  · 계란 신선도 확인하는 방법
  · 계란류 신선도 확인 방법
  · 유기농 식재료 구매 팁
  · 식재료 보관 팁
  · 해산물 구매 팁
  · 고기 구매 팁
  · 유기농 식재료 인증 확인 방법
  · 겨울철 채소 신선하게 보관하는 법
  · 온라인에서 해산물 구매 시 주의사항
  · 한식 재료 신선도 확인하는 법
  · 계란 신선도 확인 방법과 보관법
  · 유기농 식재료 온라인 구매 가이드
  · 채소 보관하는 방법과 팁
  · 과일 신선도 유지하는 방법과 팁
  · 시장에서 식재료 구매하는 법
  · 대용량 식재료 구매 시 고려사항
  · 해외에서 식재료 구매하는 방법
  · 정육점 고르는 법과 추천 정육점
  · 식재료 얼음 보관 장단점

[10-restaurant-review] 푸드 > 레스토랑 리뷰 ...
  · 서울 미식가 추천 한정판 레스토랑
  · 2023년 신개념 팝업 레스토랑
  · 부산 해산물 전문점 추천
  · 인스타그램 화려한 디저트 카페
  · 동작구 맛집 추천 2023
  · 제주도 한우 전문점 비교
  · 대구 칼국수 맛집 리뷰
  · 유튜브 영향력 있는 음식 리뷰어
  · 강남역 분식집 드시는 법
  · 인천 어묵 맛집 비교
  · 2023년 서울 한정판 디저트 카페
  · 광주 순대 맛집 리뷰
  · 대전 찜닭 맛집 비교
  · 용산구 점심 메뉴 추천
  · 수원갈비 맛집 리뷰
  · 2023년 인천 공항 근처 맛집
  · 서울 한강 근처 레스토랑 리뷰
  · 제주도 한식 레스토랑 리뷰
  · 2023년 강남역 한정판 디저트 카페
  · 부산 어묵탕 맛집 비교
  · 강남역 인기 케이크 카페
  · 용산구 저녁 먹거리 추천
  · 2024 부산 고급 해산물 레스토랑
  · 신촌 제로페이 맛집 추천
  · 2024 수원 한우 전문점 비교
  · 춘천 계란말이 맛집 리뷰
  · 2024 인천 공항 근처 한정판 카페
  · 2024 서울 한강 근처 한정판 디저트 카페
  · 대구 달걀튀김 맛집 추천
  · 인천 어묵탕 맛집 비교 리뷰
  · 2024 강남역 한정판 디저트 카페
  · 대구 찜닭 맛집 비교 2024
  · 2024 신촌 제로페이 맛집 비교
  · 서울 한정판 미술관 카페 추천
  · 2024 부산 미식가 추천 레스토랑
  · 강남역 한정판 디저트 카페 2024
  · 2024 수원 갈비 맛집 리뷰
  · 강남역 한정판 디저트 카페 추천
  · 2024년 신촌 제로페이 맛집 비교
  · 2024 대구 찜닭 맛집 비교
  · 2024 서울 한정판 미술관 카페 리뷰
  · 2024 수원 한우 전문점 리뷰
  · 서울 롯데월드 근처 맛집
  · 인천 공항 근처 한식 레스토랑
  · 강남역 양괭이밥 전문점
  · 포천 갈비 맛집 비교
  · 제주도 소고기 전문점
  · 부산 새우튀김 맛집 추천
  · 대구 닭갈비 맛집 비교
  · 수원 한우 스테이크 전문점
  · 인천 장어구이 맛집 추천
  · 강남역 파스타 전문점 리뷰
  · 대구 오또기 맛집 비교
  · 제주도 한정판 디저트 카페
  · 부산 장어탕 맛집 추천

[10-cooking-tips] 푸드 > 요리 팁 ...
  · 초보 요리 레시피
  · 한식 요리 기술
  · 양념장 만드는 법
  · 건강한 식단 만들기
  · 간편한 아침 요리
  · 빵 만들기 초보자
  · 정육점 살수록 저렴한 부위
  · 간편한 한식 요리
  · 건강한 채소 요리
  · 간편한 근육 요리
  · 간편한 한식 간식
  · 간편한 한식 디저트
  · 간편한 한식 브런치
  · 간편한 한식 미트볼
  · 간편한 한식 스튜
  · 간편한 한식 수프
  · 간편한 한식 샐러드
  · 간편한 한식 샌드위치
  · 간편한 한식 파스타
  · 간편한 한식 피자
  · 초보자를 위한 소금 사용법
  · 간편한 한식 볶음밥 레시피
  · 건강한 한식 집밥 비결
  · 간편한 한식 한그릇 요리
  · 한식 스튜 요리법
  · 한식 샌드위치 레시피
  · 한식 파스타 레시피
  · 한식 피자 레시피
  · 한식 디저트 레시피
  · 한식 간식 레시피
  · 건강한 한식 수프 레시피
  · 한식 미트볼 레시피
  · 한식 브런치 레시피
  · 한식 빵 레시피
  · 한식 김치만두 레시피
  · 한식 두부찌개 레시피
  · 손질하기 쉬운 생선 별별 방법
  · 간편한 김치찌개 레시피
  · 초보자도 할 수 있는 한식 요리
  · 어떻게 구워야 할까 고기
  · 한식 요리 기초 기술
  · 재료 손질하는 법
  · 고기 구이 비결
  · 파스타 요리 초보
  · 건강한 한식 디저트
  · 한식 스튜 조리법
  · 소금 대신 건강한 대용품
  · 초보자를 위한 소스 만드는 법
  · 현재 계란 가격 추이
  · 고수용기 만드는 방법
  · 요리하는 동안 주의사항
  · 김치찌개 잘 끓이는법
  · 김치가 없는 김치찌개

[10-dessert-making] 푸드 > 디저트 만들기 ...
  · 초간단 케이크 레시피 초보자
  · 우는 디저트 만들기
  · 간편 마드렌 레시피
  · 홈카페 디저트 레시피
  · 오븐 없는 디저트 레시피
  · 바나나 디저트 레시피
  · 초콜릿 디저트 레시피
  · 과일 디저트 레시피
  · 주말 디저트 레시피
  · 스이츠 디저트 레시피
  · 커피 디저트 레시피
  · 무설탕 디저트 레시피
  · 생크림 디저트 레시피
  · 도시락 디저트 레시피
  · 아이스크림 디저트 레시피
  · 체리 디저트 레시피
  · 양말 디저트 레시피
  · 미니 디저트 레시피
  · 바닐라 디저트 레시피
  · 초보자 마들렌 디저트 레시피
  · 생일 파티 디저트 레시피
  · 이색 디저트 레시피 추천
  · 무지개 디저트 레시피
  · 크리스마스 디저트 레시피
  · 아이스티 디저트 레시피
  · 초콜릿 크로와상 디저트 레시피
  · 간편 시나몬 디저트 레시피
  · 과일 타르트 디저트 레시피
  · 커피 무스 디저트 레시피
  · 간편 시트러스 디저트 레시피
  · 로즈워터 디저트 레시피
  · 간편 파인애플 디저트 레시피
  · 카라멜 디저트 레시피
  · 간편 블루베리 디저트 레시피
  · 초간단 마카롱 만들기 레시피
  · 크리스마스 케이크 레시피 초보자
  · 간편 타르트 타타린 레시피
  · 오븐 없이 파운드 케이크 만들기
  · 무지개 컵케이크 레시피
  · 간편 초콜릿 루즈 만들기
  · 홈카페용 티라미수 레시피
  · 간편 바나나 브레드 레시피
  · 로즈워터 파운드 케이크 레시피
  · 간편 체리 파이 레시피
  · 홈메이드 아이스크림 레시피
  · 바닐라 파운드 케이크 레시피
  · 간편 블루베리 머핀 레시피
  · 간편 시나몬 롤 레시피
  · 홈메이드 초콜릿 무스 레시피
  · 간편 파인애플 타르트 레시피
  · 홈메이드 베이크드 치즈 레시피
  · 간편 블랙 포레스트 케이크 레시피
  · 홈메이드 카라멜 푸딩 레시피

[10-food-trend] 푸드 > 푸드 트렌드 ...
  · 2024 푸드 트렌드 예고
  · 헬스 푸드 트렌드 2024
  · K-푸드 글로벌 인기 음식
  · 플랜트베이스 푸드 추천
  · 2024 핫한 카페 트렌드
  · 2024 인기 간편식 추천
  · 2024 인기 식재료 추천
  · 2024 인기 식품 브랜드
  · 2024 인기 푸드 커머스
  · 2024 인기 푸드 디자인
  · 2024 인기 푸드 인플루언서
  · 2024 인기 푸드 이벤트
  · 2024 인기 푸드 문화
  · 2024 인기 푸드 소셜 미디어
  · 2024 인기 푸드 기술
  · 2024 인기 푸드 패키징
  · 2024 인기 푸드 프랜차이즈
  · 2024 인기 푸드 마케팅
  · 2024 인기 푸드 트렌드 지역별
  · 2024 인기 푸드 트렌드 연령별
  · 2024 초간편식 추천
  · 2024 푸드테크 핫이슈
  · 2024 건강식품 트렌드
  · 2024 유기농 식재료 추천
  · 2024 글로벌 푸드 인기
  · 2024 푸드 리테일 동향
  · 2024 푸드 인플루언서 추천
  · 2024 푸드 마케팅 전략
  · 2024 푸드 패키징 트렌드
  · 2024 푸드 기술 혁신
  · 2024 푸드 프랜차이즈 신규
  · 2024 푸드 이벤트 일정
  · 2024 푸드 문화 변화
  · 2024 푸드 소셜 미디어 트렌드
  · 2024 푸드 트렌드 지역별 비교
  · 2024 푸드 트렌드 연령별 분석
  · 2024 푸드 커머스 추세
  · 2024 푸드 디자인 혁신
  · 2024 푸드 인기 브랜드 분석
  · 2024 푸드 서비스 혁신
  · 2024 트렌디한 음식 조합
  · 유기농 푸드 트렌드 2024
  · 헬스푸드 레시피 인기 2024
  · 2024년 신개념 간편식
  · 유행하는 푸드 패키징 2024
  · 2024년 인기 푸드 이벤트
  · 2024년 신규 푸드 브랜드
  · 2024년 건강한 음료 트렌드
  · 2024년 푸드테크 혁신
  · 2024년 인기 푸드 인플루언서
  · 2024년 푸드 마케팅 전략
  · 2024년 푸드 리테일 동향
  · 2024년 푸드 문화 변화
  · 2024년 푸드 소셜 미디어 트렌드
  · 2024년 푸드 트렌드 지역별 비교

[10-vegetarian-recipe] 푸드 > 채식 레시피 ...
  · 채식 레시피 초보자를 위한
  · 채식 레시피 저비용으로 만드는
  · 채식 레시피 한식으로 배우는
  · 채식 레시피 간편히 만드는
  · 채식 레시피 단백질 보충하는
  · 채식 레시피 아이들을 위한
  · 채식 레시피 다이어트에 좋은
  · 채식 레시피 건강에 좋은
  · 채식 레시피 빠른 시간 내에 만드는
  · 채식 레시피 무난한 조리 방법
  · 채식 레시피 계절별로 추천하는
  · 채식 레시피 다이어트에 도움이 되는
  · 채식 레시피 간편한 아침 식사
  · 채식 레시피 건강한 간식
  · 채식 레시피 영양이 풍부한
  · 채식 레시피 손님 접대용
  · 채식 레시피 소스와 함께 먹는
  · 채식 레시피 한국에서 인기 있는
  · 채식 레시피 식물성 단백질
  · 채식 레시피 계절을 따라가는
  · 채식 레시피 우유 대체품 직접 만드는 방법
  · 채식 레시피 제철 야채로 만드는 한 그릇 요리
  · 채식 레시피 구워 먹는 간편 간식
  · 채식 레시피 건강한 채식 디저트
  · 채식 레시피 한 끼 간편 점심
  · 채식 레시피 신선한 채소로 만드니
  · 채식 레시피 30분 이내에 끝나는 요리
  · 채식 레시피 채소만으로 만족감 있는 요리
  · 채식 레시피 채소 소스 활용법
  · 채식 레시피 한식과 양식 혼합 요리
  · 채식 레시피 간편한 채식 샐러드
  · 채식 레시피 오븐 없이 만드는 간편 요리
  · 채식 레시피 쌀 대신 사용하는 대체품
  · 채식 레시피 채소와 과일 혼합 요리
  · 채식 레시피 고기 대체 제품 활용 요리
  · 채식 레시피 채식 치즈 활용 레시피
  · 채식 레시피 건강한 채식 아침밥
  · 채식 레시피 채식 간편면 활용법
  · 채식 레시피 채식 계란 대체품 활용법
  · 채식 레시피 채식 버거 직접 만든 법
  · 채식 레시피 수제버거 만드는 법
  · 채식 레시피 제철 과일 활용
  · 채식 레시피 무장애 레시피
  · 채식 레시피 저칼로리 간편 요리
  · 채식 레시피 비건 초보자를 위한
  · 채식 레시피 채소와 두부 조화롭게 먹는 법
  · 채식 레시피 채식 우유 대체 제품 직접 만드는 법
  · 채식 레시피 채식 치즈 활용 요리
  · 채식 레시피 채식 간편면 활용 레시피
  · 채식 레시피 채식 디저트 직접 만드는 법
  · 채식 레시피 제철 채소로 만드는 한 그릇 요리
  · 채식 레시피 계절별 채식 디저트 레시피
  · 채식 레시피 채식 계절별 간편 레시피
  · 채식 레시피 채식 계절별 간식 레시피
  · 채식 레시피 채식 계절별 한식 레시피

[10-meat-cooking] 푸드 > 육식 요리 ...
  · 소고기 구이 레시피 초보용
  · 치킨 날개 굽는 법 오븐
  · 돼지고기 순두부탕 레시피
  · 닭가슴살 다이어트 레시피
  · 삼겹살 구이 팁 불고기 소스
  · 간장장어 요리법 간장 버터장어
  · 갈비찜 레시피 간편하게
  · 닭다리살 장조림 레시피
  · 돼지갈비구이 레시피
  · 닭가슴살 샐러드 레시피
  · 소고기 불고기 레시피
  · 닭고기 탕수육 레시피
  · 돼지고기 대만의 맛
  · 닭갈비 레시피 집에서
  · 돼지고기 김치찌개 레시피
  · 닭다리살 롤레시피
  · 소고기 마늘구이 레시피
  · 닭고기 튀김 레시피
  · 돼지고기 불고기 레시피
  · 소고기 소보로탕 레시피
  · 닭갈비 소스 레시피
  · 우라만 레시피
  · 닭고기 장어구이 레시피
  · 돼지고기 마늘구이 레시피
  · 닭고기 송편 레시피
  · 소고기 김치탕 레시피
  · 닭고기 경주칼국수 레시피
  · 돼지고기 육개장 레시피
  · 닭고기 멸치장어 레시피
  · 소고기 파 돈까스 레시피
  · 닭고기 꽈배기 레시피
  · 돼지고기 매실장 레시피
  · 닭고기 면발 레시피
  · 소고기 미역국 레시피
  · 닭고기 파전 레시피
  · 돼지고기 김치볶음 레시피
  · 닭고기 샌드위치 레시피
  · 소고기 버섯탱영레시피
  · 닭고기 순대 레시피
  · 소고기 융단불고기 레시피
  · 닭고기 소고기 구별하는 법
  · 간편한 돼지고기 군만두 레시피
  · 닭고기 필렌치노 레시피
  · 소고기 무침 레시피 간편한
  · 닭고기 마늘구이 레시피
  · 돼지고기 간장장 레시피
  · 닭고기 버터치킨 레시피
  · 닭고기 소테 레시피
  · 닭고기 볶음 레시피
  · 소고기 돈까스 레시피
  · 닭고기 감칠맛 레시피
  · 돼지고기 갠적 레시피
  · 닭고기 스테이크 레시피

[10-seafood-cooking] 푸드 > 해물 요리 ...
  · 해물갈비 조리법
  · 오징어 구이 레시피
  · 해물 파스타 만드는 법
  · 게장 만드는 법
  · 해물찜 조리법
  · 고등어 구이 레시피
  · 해물탕 만드는 법
  · 오징어 통조림 레시피
  · 해물파전 레시피
  · 해물볶음 만들기
  · 해물전골 조리법
  · 갯지개 구이 레시피
  · 해물무침 조리법
  · 해물초밥 레시피
  · 해물튀김 만드는 법
  · 해물요리 간편 레시피
  · 해물장아찌 조리법
  · 해물 비빔밥 레시피
  · 해물 파이 만들기
  · 해물볶음탕 조리법
  · 해물갈비 소스 조리법
  · 오징어 통조림 활용 레시피
  · 해물파스타 소스 조리법
  · 게장Sauce 레시피
  · 해물찜 간편 레시피
  · 고등어 구이 간편 레시피
  · 해물탕 간편 조리법
  · 오징어 구이 간편 레시피
  · 해물파전 간편 레시피
  · 해물볶음 간편 레시피
  · 해물전골 간편 레시피
  · 갯지개 구이 간편 레시피
  · 해물무침 간편 레시피
  · 해물초밥 간편 레시피
  · 해물튀김 간편 레시피
  · 해물파이 간편 레시피
  · 해물볶음탕 간편 레시피
  · 해물장아찌 간편 조리법
  · 해물비빔밥 간편 레시피
  · 해물 찜 간편 만들기
  · 해물 파스타 소스 조리법
  · 오징어 통조림 간편 활용 레시피
  · 해물파전 간단 조리법
  · 고등어 간편 구이 레시피
  · 해물탕 간단 조리법
  · 해물볶음 간단 레시피
  · 해물전골 간편 조리법
  · 갯지개 구이 간단 레시피
  · 해물초밥 간단 레시피
  · 해물튀김 간편 조리법
  · 해물비빔밥 간단 레시피
  · 해물파이 간편 조리법
  · 해물볶음탕 간편 조리법
  · 해물장아찌 간편 레시피

[10-baking-guide] 푸드 > 베이킹 가이드 ...
  · 초보자를 위한 홈베이킹 가이드
  · 케이크 장식하는 법 초보자
  · 집에서 빵 만드는 법
  · 쿠키 베이킹 레시피 초보자
  · 베이킹에 좋은 계란 대체제
  · 베이킹 파우더와 소다 차이
  · 베이킹에 쓰는 버터 종류
  · 베이킹용 밀가루 종류
  · 베이킹용 오븐 온도 설정법
  · 베이킹 실패 원인과 해결법
  · 베이킹용 착화제 종류
  · 베이킹용 설탕 종류와 차이
  · 베이킹용 초코칩 종류
  · 베이킹용 크림 종류
  · 베이킹용 과일 활용법
  · 베이킹용 야채 활용법
  · 베이킹용 견과류 활용법
  · 베이킹용 향신료 활용법
  · 베이킹용 식염 활용법
  · 베이킹용 향료 활용법
  · 비건 베이킹 레시피
  · 무열림 베이킹 팁
  · 걸리어를 이용한 베이킹
  · 헬시 베이킹 레시피
  · 베이킹용 오븐 청소법
  · 크림치즈 베이킹 활용법
  · 바나나 베이킹 레시피
  · 베이킹용 코코넛 오일 활용법
  · 베이킹용 식초 활용법
  · 베이킹용 계란 노른자 활용법
  · 베이킹용 시나몬 활용법
  · 베이킹용 우유 대체제
  · 베이킹용 꿀 활용법
  · 베이킹용 코코아 파우더 활용법
  · 베이킹용 아몬드 파우더 활용법
  · 베이킹용 코코넛 플레이크 활용법
  · 베이킹용 레몬 주스 활용법
  · 베이킹용 커피 활용법
  · 베이킹용 마카다미아 견과류 활용법
  · 베이킹용 카라멜 소스 활용법
  · 초보자 베이킹 도구 추천
  · 베이킹 오븐 온도 조절법
  · 베이킹 레시피 무오븐 방법
  · 베이킹에 좋은 버터 선택법
  · 베이킹용 설탕 종류와 사용법
  · 베이킹용 크림종류와 활용법
  · 베이킹용 계란 대체제 비교
  · 베이킹용 오븐 청소 팁
  · 베이킹용 초코칩 선택법
  · 베이킹용 버터 효과적인 활용법
  · 베이킹용 계란 없이 만든 레시피
  · 베이킹용 오븐 온도 조절 팁
  · 베이킹용 초보자용 간단한 레시피
  · 베이킹용 무열림 팁과 해결법
  · 베이킹용 무한정명 파이 크러스트

[10-asian-cuisine] 푸드 > 아시안 요리 ...
  · 베트남 프노 나시 곰탕 레시피
  · 타이 요리 란쥬 코코넛 커리
  · 일본 오뎅 스튜 레시피
  · 중국 홍콩 식당 추천 메뉴
  · 말레이시아 나시 레막 레시피
  · 인도 람플후 스튜 레시피
  · 필리핀 아도보 닭고기 레시피
  · 타이 카오 파드 레시피
  · 베트남 바인미 레시피
  · 일본 자모나시 레시피
  · 중국 간 장 레시피
  · 말레이시아 사텐 아예 레시피
  · 인도 버터 치킨 레시피
  · 필리핀 카레 레시피
  · 타이 톰야 레시피
  · 베트남 고기 레시피
  · 일본 돈부리 레시피
  · 중국 간 장 국수 레시피
  · 말레이시아 사텐 바캉 레시피
  · 인도 타린드 알 레시피
  · 일본 우동 국물 레시피
  · 중국 간장 삶은 계란 레시피
  · 태국 쫑자이 레시피
  · 말레이시아 사텐 게 레시피
  · 인도 닭고기 버터 마살라 레시피
  · 필리핀 카레스위 레시피
  · 베트남 프노 게 레시피
  · 일본 오뎅 스튜 재료
  · 중국 간장된장 레시피
  · 태국 톰캉 레시피
  · 말레이시아 사텐 닭고기 레시피
  · 인도 마살라 닭고기 레시피
  · 베트남 쥬스 레시피 재료
  · 중국 마파두부 레시피
  · 태국 파타야 레시피
  · 일본 라멘 국물 레시피
  · 중국 간장 병아리 레시피
  · 필리핀 레초 데 마니사 레시피
  · 인도 청양고추 커리 레시피
  · 일본 돈가스 소스 레시피
  · 중국 간장 된장상에 레시피
  · 필리핀 아도보 소스 레시피
  · 인도 버터 치킨 소스 레시피
  · 태국 쫑자이 소스 레시피
  · 일본 오뎅 소스 레시피
  · 중국 간장 삶은 닭고기 레시피
  · 필리핀 카레 소스 레시피
  · 말레이시아 사텐 소스 레시피
  · 인도 마살라 소스 레시피
  · 태국 톰캉 소스 레시피
  · 일본 오뎅 국물 레시피

[10-home-party-food] 푸드 > 홈파티 음식 ...
  · 홈파티 간편 디저트 레시피
  · 홈파티 냉장 간식 추천
  · 홈파티 치킨 레시피
  · 홈파티 칵테일 레시피
  · 홈파티 파스타 레시피
  · 홈파티 간식 레이아웃
  · 홈파티 간편 안주 계산기
  · 홈파티 간편 한식 메뉴
  · 홈파티 간편 양식 메뉴
  · 홈파티 간편 중식 메뉴
  · 홈파티 간편 일본식 메뉴
  · 홈파티 간편 베트남식 메뉴
  · 홈파티 간편 이탈리아식 메뉴
  · 홈파티 간편 인도식 메뉴
  · 홈파티 간편 중국식 메뉴
  · 홈파티 간편 멕시칸 메뉴
  · 홈파티 간편 스무디 레시피
  · 홈파티 간편 샐러드 레시피
  · 홈파티 간편 피자 레시피
  · 홈파티 간편 버거 레시피
  · 홈파티 간편 해산물 안주
  · 홈파티 간편 한정식 레시피
  · 홈파티 간편 와인 페어링
  · 홈파티 간편 디저트 계산기
  · 홈파티 간편 한입 치즈 레시피
  · 홈파티 간편 한입 샌드위치 레시피
  · 홈파티 간편 한입 과일 레시피
  · 홈파티 간편 한입 야채 레시피
  · 홈파티 간편 한입 고기 레시피
  · 홈파티 간편 한입 해산물 레시피
  · 홈파티 간편 한입 디저트 레시피
  · 홈파티 간편 한입 초콜릿 레시피
  · 홈파티 간편 한입 쿠키 레시피
  · 홈파티 간편 한입 케이크 레시피
  · 홈파티 간편 한입 빵 레시피
  · 홈파티 간편 한입 크림 브루레 레시피
  · 홈파티 간편 한입 마카롱 레시피
  · 홈파티 간편 한입 푸딩 레시피
  · 홈파티 간편 한입 젤리 레시피
  · 홈파티 간편 한입 아이스크림 레시피
  · 홈파티 간편 후식 추천
  · 홈파티 간편 한잔 레시피
  · 홈파티 간편 한그릇 레시피
  · 홈파티 간편 한접시 레시피
  · 홈파티 간편 한그릇 안주 레시피
  · 홈파티 간편 한접시 안주 레시피
  · 홈파티 간편 한그릇 디저트 레시피
  · 홈파티 간편 한접시 디저트 레시피
  · 홈파티 간편 한그릇 칵테일 레시피
  · 홈파티 간편 한접시 칵테일 레시피
  · 홈파티 간편 한그릇 파스타 레시피
  · 홈파티 간편 한접시 파스타 레시피
  · 홈파티 간편 한그릇 치킨 레시피
  · 홈파티 간편 한접시 치킨 레시피
  · 홈파티 간편 한그릇 피자 레시피

[11-domestic-travel-destinations] 여행 > 국내여행지 ...
  · 한국 동해안 추천 여행지
  · 대구 추천 관광지
  · 제주도 3일 여행 코스
  · 부산 해운대 추천
  · 강원도 스키장 추천
  · 서울 한강 공원 추천
  · 울산 추천 여행지
  · 경주 역사 유적지
  · 전주 한옥마을 추천
  · 인천 송도 추천
  · 경주 추석 명소
  · 대전 유성구 추천
  · 광주 비비드 추가
  · 세종시 추천 여행지
  · 전주 야시장 추천
  · 강릉 동해안 추천
  · 수원 화성 추천
  · 부산 해운대 야경 추천
  · 인천 송도 야시장
  · 대구 추석 명소
  · 2023 강원도 추천 여행지
  · 부산 가을 명소 추천
  · 서울 은평구 추천 여행지
  · 대구 로맨틱 코스 추천
  · 제주도 겨울 여행 팁
  · 인천 송도 해변 추천
  · 울산 추석 명소 추천
  · 광주 비비드 야시장 추천
  · 세종시 가족 여행지 추천
  · 전주 한옥마을 사진 명소
  · 수원 화성 야경 추천
  · 서울 가을 명소 추천
  · 부산 해운대 웨이크보드 체험
  · 제주도 3일 코스 추천
  · 대구 가을 추천 여행지
  · 제주도 5일 여행 코스 추천
  · 제주도 가을 추천 여행지
  · 부산 해운대 워터파크 추천
  · 강릉 동해안 가을 이야기길 추천
  · 전주 한옥마을 서머페스티벌 이벤트
  · 대구 로맨틱 가을 코스 추천
  · 울산 추석 명소 야경 추천
  · 수원 화성 나들이 추천 코스
  · 부산 가을 명소 사진 명소 추천
  · 제주도 겨울 여행 추천 팁
  · 대구 가을 추천 카페
  · 제주도 2023 가을 단풍 명소
  · 부산 해운대 2023 하프마라톤 코스
  · 서울 인천공항 2023 가을철 네거리
  · 대구 서문시장 2023 가을맛집
  · 세종시 2023 가을꽃축제
  · 수원 화성 2023 가을야경
  · 울산 서면 2023 가을카페
  · 광주 비비드 2023 가을야시장
  · 전주 한옥마을 2023 가을행사

[11-overseas-travel-destinations] 여행 > 해외여행지 ...
  · 유럽 여행지 추천
  · 동남아 여행지 비교
  · 일본 여행 3박4일 일정
  · 미국 여행 필수 준비물
  · 한국인 추천 미국 여행지
  · 유럽 여행 예산 계획
  · 동남아 여행 숙소 추천
  · 일본 여행 교통 수단 비교
  · 미국 여행 필수 영어 표현
  · 유럽 여행 비자 안내
  · 태국 여행 먹거리 추천
  · 일본 여행 쇼핑 추천
  · 미국 여행 안전 팁
  · 유럽 여행기
  · 동남아 여행 팁
  · 일본 여행 사진 명소
  · 미국 여행 인기 풍경
  · 유럽 여행 문화 경험
  · 동남아 여행 날씨 안내
  · 일본 여행 기차표 예매 방법
  · 유럽 여행지 겨울 추천
  · 동남아 여행지 5박6일 일정
  · 일본 여행지 2월에 가기 좋은
  · 미국 여행지 가을 추천
  · 유럽 여행지 가을 추천
  · 동남아 여행지 여름 추천
  · 일본 여행지 12월에 가기 좋은
  · 미국 여행지 1월 추천
  · 유럽 여행지 3월에 가기 좋은
  · 동남아 여행지 4월에 가기 좋은
  · 일본 여행지 7월에 가기 좋은
  · 미국 여행지 8월에 가기 좋은
  · 유럽 여행지 9월에 가기 좋은
  · 동남아 여행지 10월에 가기 좋은
  · 일본 여행지 11월에 가기 좋은
  · 미국 여행지 12월에 가기 좋은
  · 유럽 여행지 6월에 가기 좋은
  · 동남아 여행지 2월에 가기 좋은
  · 일본 여행지 3월에 가기 좋은
  · 미국 여행지 4월에 가기 좋은
  · 동남아 여행지 3월 추천
  · 일본 여행지 12월 추천
  · 미국 여행지 8월 추천
  · 일본 여행지 2월 추천
  · 유럽 여행지 3월 추천
  · 동남아 여행지 4월 추천
  · 일본 여행지 7월 추천
  · 유럽 여행지 6월 추천
  · 동남아 여행지 2월 추천
  · 일본 여행지 3월 추천
  · 미국 여행지 4월 추천

[11-travel-essentials] 여행 > 여행준비물 ...
  · 국내 여행 필수 준비물
  · 해외 여행 필수품
  · 여름 여행 준비물
  · 겨울 여행 준비물
  · 단기 여행 준비물
  · 장기 여행 준비물
  · 해외 여행 보험 신청 방법
  · 여행용 수납백 추천
  · 여행용 화장품 포장 팁
  · 여행용 침대용품 팩
  · 여행용 의약품 준비 물품
  · 여행용 간편 식품 추천
  · 여행용 간편 의류 추천
  · 여행용 신발 추천
  · 여행용 액세서리 추천
  · 여행용 소형 화장품 추천
  · 여행용 휴대용 의자 추천
  · 여행용 간편 화장품 추천
  · 여행용 우산 추천
  · 여행용 휴대용 채충기 추천
  · 여행용 간편 식품 포장 팁
  · 여행용 간편 간식 추천
  · 여행용 간편 수납백 추천
  · 여행용 간편 세면도구 추천
  · 여행용 간편 신발 추천
  · 여행용 간편 액세서리 추천
  · 여행용 간편 휴대용 의자 추천
  · 여행용 간편 휴대용 테이블 추천
  · 여행용 간편 휴대용 거울 추천
  · 여행용 간편 휴대용 빛 추천
  · 여행용 간편 휴대용 충전기 추천
  · 여행용 간편 휴대용 전선 추천
  · 여행용 간편 휴대용 전원공급기 추천
  · 여행용 간편 휴대용 전원 우측 추천
  · 여행용 간편 휴대용 전원 좌측 추천
  · 여행용 휴대용 미니 냉장고 추천
  · 여행용 휴대용 수납박스 사용법
  · 여행용 간편 화장품 케이스 추천
  · 여행용 휴대용 손수건 추천
  · 여행용 휴대용 충전기 비교
  · 여행용 휴대용 거울 추천
  · 여행용 휴대용 테이블 추천
  · 여행용 휴대용 빛 추천
  · 여행용 휴대용 전선 추천
  · 여행용 휴대용 전원공급기 추천
  · 여행용 휴대용 전원 우측 추천
  · 여행용 휴대용 전원 좌측 추천
  · 여행용 간편 화장품 팩 추천
  · 여행용 휴대용 거울 사용법
  · 여행용 휴대용 테이블 사용법

[11-travel-itinerary] 여행 > 여행일정 ...
  · 3일 일정으로 제주도 여행
  · 겨울에 가기 좋은 국내 여행지
  · 해외 여행 일정 계획 앱 추천
  · 서울 1박 2일 여행 일정
  · 해외 여행 일정표 엑셀 템플릿
  · 가족과 함께하는 부산 여행
  · 독일 여행 7일 일정 추천
  · 여행 일정표 작성 팁
  · 일본 여행 5일 일정
  · 여행 일정 관리 앱 비교
  · 여름에 가기 좋은 해외 여행지
  · 여행 일정표 무료 다운로드
  · 여행 일정표 예시
  · 여행 일정표 작성 프로그램
  · 여행 일정표 만들기
  · 여행 일정표 템플릿
  · 여행 일정표 작성법
  · 여행 일정표 무료 툴
  · 여행 일정표 예약 관리
  · 여행 일정표 공유 방법
  · 제주도 4박 5일 여행 일정
  · 부산 3박 4일 여행 일정
  · 일본 오사카 5일 일정 추천
  · 동남아 여행 10일 일정
  · 유럽 여행 2주 일정
  · 가족과 함께하는 해외 여행지
  · 혼자 가기 좋은 국내 여행지
  · 여름 휴가 여행지 추천
  · 겨울 휴가 여행지 추천
  · 여행 일정표 무료 템플릿
  · 여행 일정 관리 앱 추천
  · 여행 일정표 엑셀 입력법
  · 여행 일정표 공항 이동 팁
  · 여행 일정표 날씨 고려법
  · 여행 일정표 공유 앱 비교
  · 제주도 2박 3일 여행 일정
  · 일본 도쿄 4일 일정 추천
  · 유럽 10일 여행지 추천
  · 국내 여행지 1박 2일 계획
  · 제주도 3박 4일 여행 일정
  · 부산 가족 여행 2박 3일
  · _seq Seoul 1박 2일 여행 일정
  · 일본 도쿄 3일 일정
  · 유럽 1주 여행 일정
  · 동남아 5일 여행지 추천
  · 여름 휴가 3일 일정
  · 겨울 휴가 4일 일정
  · 여행 일정표 이동 시간 계산
  · 여행 일정표 예산 관리 팁
  · 여행 일정표 날짜 조정법

[11-accommodation-recommendations] 여행 > 숙소추천 ...
  · 서울 코엑스 근처 저렴한 주말 숙소
  · 제주도 암바라 해변 숙소 추천
  · 부산 해운대 펜션 여름 방학 추천
  · 인천송도 레스토랑 포함 스테이
  · 대구 남대문시장 근처 저렴한 숙소
  · 강릉 해변가 오션뷰 호텔
  · 울산 이색 숙소 추천
  · 수원 화성행궁 근처 숙소
  · 광주 남구 동백원 근처 펜션
  · 창원 마산 인근 저렴한 호텔
  · 전주 한옥마을 근처 게스트하우스
  · 대전 유성구 이색 숙소
  · 고양 일산 신월동 범위 저렴한 숙소
  · 성남 분당구 테마 호텔
  · 안양 만안구 저렴한 모텔
  · 용인 백석동 펜션 가족 여행
  · 평택 고덕동 숙소 추천
  · 군포 대웅동 게스트하우스
  · 포천 명지동 숙소 추천
  · 의정부 오산동 숙소
  · 서울 홍대 근처 저렴한 모텔
  · 제주 한라산 등반 숙소 추천
  · 부산 해운대 호텔 해변뷰
  · 인천 송도 레고랜드 숙소 추천
  · 대구 달서구 저렴한 게스트하우스
  · 강릉 동해안 펜션 가족 여행
  · 울산 오색단지 근처 숙소
  · 수원 화성행궁 근처 테마 호텔
  · 광주 남구 동백원 근처 모텔
  · 창원 마산 인근 펜션
  · 전주 한옥마을 근처 모텔
  · 고양 일산 신월동 근방 저렴한 숙소
  · 용인 백석동 펜션 가족 휴가
  · 서울 이태원 클럽 근처 숙소
  · 제주도 동백산 근처 가성비 숙소
  · 부산 해운대 해수욕장 근처 펜션
  · 인천 송도 테마파크 근처 호텔
  · 대구 달서구 이색 숙소 추천
  · 울산 오색단지 근처 저렴한 숙소
  · 고양 일산 신월동 근처 저렴한 숙소
  · 제주도 서귀포 해변가 숙소 추천
  · 부산 해운대 해수욕장 근처 호텔 추천
  · 인천 송도 레저랜드 근처 페션 추천
  · 대구 서구 달서구 경계 이색 숙소
  · 강릉 포항 철도역 근처 게스트하우스
  · 울산 울주군 오색단지 이색 숙소
  · 수원 화성행궁 근처 펜션 가족 여행
  · 광주 남구 동백원 근처 저렴한 숙소
  · 창원 마산 인근 이색 숙소 추천
  · 전주 한옥마을 근처 펜션 추천
  · 고양 일산 신월동 저렴한 숙소

[11-travel-tips] 여행 > 여행꿀팁 ...
  · 여행지 추천 여름철
  · 해외 여행 필수 준비물
  · 저렴한 항공권 예약 방법
  · 여행지 현지 교통 꿀팁
  · 여행 가성비 숙소 추천
  · 국내 여행 추천 가을
  · 해외 여행 안전 팁
  · 여행지 현지 음식 추천
  · 여행 가방 팩킹 방법
  · 여행지 날씨 확인 방법
  · 여행지 현지 관광지 추천
  · 여행 중 비상약 챙기기
  · 여행지 현지 언어 기초
  · 여행 중 사진 촬영 팁
  · 여행지 현지 문화 경험하기
  · 여행 중 소지품 잃어버릴 때 대처법
  · 여행 중 휴대폰 사용 팁
  · 여행 중 무게 줄이는 팁
  · 여행 중 현지 화폐 교환 팁
  · 여행 중 보안 팁
  · 여행 중 현금 관리 방법
  · 여행지 현지 교통 카드 사용법
  · 여행 중 비료 구매 가이드
  · 여행 중 통역 앱 추천
  · 여행 중 무선 충전기 사용법
  · 여행 중 현지 와이파이 설정
  · 여행 중 현지 식사 예약 방법
  · 여행 중 현지 관광지 예약 방법
  · 여행 중 현지 쇼핑 팁
  · 여행 중 현지 축제 참여 방법
  · 여행 중 현지 관광지 안내거리
  · 여행 중 현지 교통비 절약
  · 여행 중 현지 숙소 선택 팁
  · 여행 중 현지 여행사 선택 팁
  · 여행 중 현지 관광지 추천
  · 여행 중 현지 음식 추천
  · 여행 중 현지 쇼핑소품 추천
  · 여행 중 현지 문화 체험 방법
  · 여름 여행지 추천
  · 해외 여행 보기 좋은 계절
  · 여행 중 세탁 팁
  · 여행 중 휴대전화 사용 팁
  · 여행 중 현지 교통 카드 사용법
  · 여행 중 현지 음식 예약 방법
  · 해외 여행 현지 셰프 추천 레스토랑
  · 여행 중 현지 항공권 구매 팁
  · 겨울 여행지 추천 국내
  · 여행 중 현지 SIM 카드 활용법
  · 해외 여행 보험 비교 가이드
  · 여행 중 공항 라운지 이용 방법
  · 여행 중 현지 관광버스 이용법
  · 여행 중 현지 공항 셔틀 서비스 이용법
  · 여행 중 현지 통화 사용 팁
  · 여행 중 현지 관광지 입장권 할인 방법

[11-travel-diaries] 여행 > 여행기 ...
  · 제주도 3일 여행 일정 추천
  · 서울 한강 야경 명소 추천
  · 부산 해운대 해수욕장 여행 팁
  · 인천 롯데월드 리조트 여행 후기
  · 대구 동서고속도로 여행 코스
  · 광주 광역시립미술관 여행 가이드
  · 강원도 용평리조트 여행 준비물
  · 울산 베스티 콘서트홀 여행 팁
  · 춘천 넥슨영상예술관 여행 후기
  · 제주 한라산 등산 준비물
  · 서울 남산타워 여행 팁
  · 인천송도 해양박물관 여행 가이드
  · 대구 계명대 학예관 여행 예약 방법
  · 강원도 평창 알펜시아 리조트 스키장
  · 울산 세종대왕릉 여행 팁
  · 춘천 호암사 여행 가이드
  · 제주 서귀포시 담양동 여행 팁
  · 서울 동대입구역 여행 명소
  · 인천 인천공항 커넥팅 플라이트 여행 팁
  · 대구 계명대 계명대 학생회관 여행 가이드
  · 강원도 용평리조트 스키장 초보자 코스
  · 울산 베스티 콘서트홀 예약 방법
  · 춘천 넥슨영상예술관 입장료
  · 제주 한라산 등산 코스 비교
  · 서울 남산타워 야간이야기 시간과 코스
  · 인천송도 해양박물관 입장 방법
  · 대구 계명대 학예관 주차 정보
  · 울산 세종대왕릉 입장 시간
  · 춘천 호암사 주변 맛집
  · 제주 서귀포시 담양동 사진 명소
  · 서울 동대입구역 근처 숙소 추천
  · 인천 인천공항 커넥팅 플라이트 시간 조회
  · 대구 계명대 학생회관 식당 정보
  · 광주 광시립미술관 여행 가이드
  · 대구 계명대 학생회관 여행 가이드
  · 제주도 3일 여행 일정 제안
  · 인천 롯데월드 리조트 여가 예약 방법
  · 제주도 여행지 추천 소분류
  · 제주 서귀포시 한라산 입장료 할인 방법
  · 동해안 여행지 추천과 후기
  · 오사카 여행 팁과 현지 추천
  · 티베트 여행 준비물 체크리스트
  · 뉴질랜드 로드트립 일정과 팁
  · 로마 여행 명소와 현지 후기
  · 알프스 여행지 추천과 후기
  · 싱가포르 여행 예산과 절약 팁
  · 쿠알라룸푸르 여행 명소와 팁
  · 하노이 여행 팁과 현지 추천
  · 방콕 여행지 추천과 후기
  · 발리 여행 명소와 현지 후기
  · 세부 여행지 추천과 후기
  · 상하이 여행 명소와 현지 후기
  · 홍콩 여행 시 유용한 팁
  · 베이징 여행지 추천과 현지 후기
  · 도쿄 여행지 추천과 현지 후기

[11-travel-information] 여행 > 여행정보 ...
  · 2024 여행 트렌드 분석
  · 국내 여행 최적 일정 추천
  · 해외 여행 비자 안내
  · 저예산 해외 여행 팁
  · 여행 숙소 예약 비교
  · 여행 필수 준비물 리스트
  · 여행 앱 추천과 기능 비교
  · 여행 보험 가이드
  · 여행 사진 촬영 팁
  · 여행 중 안전 팁
  · 여행 시 유용한 언어 학습
  · 여행 중 건강 관리 팁
  · 여행 중 교통 수단 비교
  · 여행 중 인터넷 사용 팁
  · 여행 중 현지 문화 예절
  · 여행 중 현지 축제 안내
  · 2024년 여행 핫플레이스 추천
  · 해외 여행 현지 통화 교환 팁
  · 국내 여행 인기 지역 비교
  · 해외 여행 여행자 보험 선택 방법
  · 국내 여행 시차 없는 도시
  · 해외 여행 현지 교통 이용 가이드
  · 국내 여행 숙소 예약 팁
  · 해외 여행 현지 문화 예절
  · 국내 여행 저예산 여행지 추천
  · 해외 여행 현지 언어 기본 표현
  · 국내 여행 일정 추천
  · 해외 여행 현지 쇼핑 팁
  · 국내 여행 자연 경관 추천
  · 해외 여행 현지 축제 정보
  · 국내 여행 가족 여행지 추천
  · 해외 여행 현지 안전한 지역 정보
  · 국내 여행 역사적 명소 추천
  · 해외 여행 현지 날씨 정보
  · 국내 여행 동행 친구 찾는 방법
  · 제주도 가을 여행지 추천
  · 해외 여행 현지 음식 추천
  · 국내 여행 자전거 여행지 추천
  · 해외 여행 현지 교통 카드 사용법
  · 국내 여행 캠핑 필수 준비물
  · 해외 여행 현지 축제 일정
  · 국내 여행 한정판 체험 프로그램
  · 해외 여행 현지 통화 사용 팁
  · 국내 여행 인스타그램 핫플레이스
  · 해외 여행 현지 쇼핑지 추천
  · 국내 여행 등산로 추천
  · 해외 여행 현지 날씨 예상
  · 국내 여행 템테이션 추천
  · 여행 가기 전에 반드시 확인할 사항
  · 여행지별 날씨와 복장 추천
  · 현지 교통비 절약하는 방법
  · 여행 중 소지품 안전 관리 방법
  · 여행지별 특색 있는 축제 정보
  · 여행 중 비상 연락처와 응급처치 방법

[11-domestic-travel] 여행 > 국내여행 ...
  · 여름 국내 난방 없는 숙소
  · 한국 산악 желез도 여행
  · 주말 서울 주변 일일 여행
  · 겨울 한국 온천 마을 추천
  · 한국 전통 집 여행지
  · 도심 속 캠핑장 추천
  · 한국 해안가 자전거 여행
  · 한국 목장 체험 여행
  · 한국 한적한 섬 여행
  · 한국 야광 축제 여행
  · 한국 전통 시장 여행
  · 한국 고속철도 여행
  · 한국 등산 명소 추천
  · 한국 동굴 탐험 여행
  · 한국 문화재 체험 여행
  · 한국 야간 관광 명소
  · 한국 수영복 입어도 되는 해수욕장
  · 한국 전통 음식 체험 여행
  · 한국 아트 페스티벌 여행
  · 한국 산악 자전거 여행
  · 서울 주변 한강 노을 명소
  · 겨울 한국 스키장 비교
  · 한국 마라톤 코스 추천
  · 한국 해양 레저 체험
  · 한국 전통 주택 숙소 추천
  · 한국 동굴 여행지 추천
  · 대한민국 드라이브 코스 추천
  · 한국 마을 축제 여행
  · 서울 번개부부 한강 야영장
  · 한국 다운힐 코스 추천
  · 겨울 한국 추천 스키장
  · 한국 스쿼시 체험 여행
  · 한국 산악 백패킹 코스
  · 한국 해수욕장 날씨 확인
  · 한국 전통 시장에서 맛집
  · 한국 캠핑장 예약 방법
  · 한국 자전거 대여 정보
  · 한국 온천 투어 추천
  · 한국 고속버스 여행 팁
  · 한국 철학의 길 여행
  · 한국 스카이워크 체험
  · 한국 전통 주택 체험
  · 한국 한강 야경 명소
  · 한국 저렴한 해변 숙소
  · 한국 자연계단 체험
  · 한국 등산로 추천
  · 한국 자연 공원 추천
  · 한국 야간 등산 추천
  · 한국 동해안 해수욕장 리뷰
  · 한국 전통마을 체험여행
  · 한국 산악 자전거 경로 추천
  · 한국 겨울 축제 추천
  · 한국 한복 대여 방법

[11-overseas-travel] 여행 > 해외여행 ...
  · 해외여행 필수 준비물 체크리스트
  · 해외 여행지 추천 2025
  · 유럽 여행 3일 일정 추천
  · 동남아 여행 예산 계산기
  · 미국 여행 비자 발급 방법
  · 일본 여행 최적 일정 7일
  · 유럽 여행 필수 앱 추천
  · 페리 여행 추천 모래사장
  · 동남아 여행 필수 예방접종
  · 유럽 여행 숙소 예약 팁
  · 일본 여행 현지 교통 이용법
  · 미국 여행 현지 통화 교환 방법
  · 유럽 여행 현지 문화 매너
  · 동남아 여행 현지 음식 추천
  · 일본 여행 현지 쇼핑 팁
  · 미국 여행 현지 현장관광 팁
  · 유럽 여행 현지 언어 기본 표현
  · 동남아 여행 현지 교통 카드 사용법
  · 일본 여행 현지 날씨 체크 방법
  · 미국 여행 현지 의료시설 이용법
  · 유럽 여행 필수 예방접종리스트
  · 동남아 여행 현지 통화 사용법
  · 일본 여행 현지 교통 카드 충전 방법
  · 미국 여행 현지 셀룰러 데이터 사용법
  · 유럽 여행 현지 식수 안내
  · 동남아 여행 현지 쇼핑 꿀팁
  · 동남아 여행 현지 통화 교환 방법
  · 일본 여행 현지 문화 매너
  · 유럽 여행 현지 교통 이용법
  · 일본 여행 현지 숙소 예약 팁
  · 미국 여행 현지 쇼핑 카드 사용법
  · 유럽 여행 현지 쇼핑 꿀팁
  · 일본 여행 현지 전자제품 구입 팁
  · 미국 여행 현지 공항 이동 방법
  · 유럽 여행 현지 숙소 추천
  · 동남아 여행 현지 날씨 대비법
  · 해외여행 현지 통화 사용법
  · 해외여행 현지 쇼핑 법정가격 비교
  · 해외여행 현지 교통 카드 구매
  · 해외여행 현지 날씨 대비법
  · 해외여행 현지 식수 안내
  · 해외여행 현지 문화 매너
  · 해외여행 현지 통화 교환 방법
  · 해외여행 현지 쇼핑 카드 사용법
  · 해외여행 현지 공항 이동 방법
  · 해외여행 현지 숙소 예약 팁
  · 해외여행 현지 의료시설 이용법
  · 해외여행 현지 언어 기본 표현
  · 해외여행 현지 교통 이용법
  · 해외여행 현지 전자제품 구입 팁
  · 해외여행 현지 쇼핑 꿀팁
  · 해외여행 현지 교통 카드 충전 방법
  · 해외여행 현지 쇼핑 필수 앱
  · 해외여행 현지 문화 체험 추천
  · 해외여행 현지 언어 학습 방법

[11-travel-photography] 여행 > 여행사진 ...
  · 인스타 여행 사진
  · 국내 여행 사진 명소
  · 해외 여행 사진 명소
  · 여행 사진 필터 추천
  · 여행 사진 편집 앱
  · 여행 사진 구도
  · 여행 사진 조명
  · 여행 사진 배경
  · 여행 사진 포즈
  · 여행 사진 카메라 추천
  · 여행 사진 렌즈 추천
  · 여행 사진 앱 추천
  · 여행 사진 책 추천
  · 여행 사진 안정화
  · 여행 사진 노출
  · 여행 사진 초점
  · 여행 사진 빛 효율
  · 여행 사진 색상 보정
  · 여행 사진 공유 방법
  · 여행 사진 인스타그램 노출 높이기
  · 여행 사진 카메라 초보자
  · 여행 사진 contests 2024
  · 여행 사진 스마트폰 촬영 팁
  · 여행 사진 인스타그램 명소
  · 여행 사진 자연광 활용법
  · 여행 사진 포토북 제작 팁
  · 여행 사진 SNS 공유 팁
  · 여행 사진 앱 비교
  · 여행 사진 촬영 명소 한국
  · 여행 사진 촬영 명소 일본
  · 여행 사진 촬영 명소 유럽
  · 여행 사진 촬영 명소 동남아
  · 여행 사진 촬영 명소 미국
  · 여행 사진 촬영 장비 추천
  · 여행 사진 촬영 필터 추천
  · 여행 사진 촬영 렌즈 추천
  · 여행 사진 촬영 삼각대 추천
  · 여행 사진 촬영 보조 조명 추천
  · 여행 사진 촬영 앱 추천
  · 여행 사진 촬영 기술 향상법
  · 여행 사진 촬영 포즈
  · 여행 사진 인스타그램 필터 추천
  · 여행 사진 초보자 가이드
  · 여행 사진 명소 한국 가을
  · 여행 사진 명소 해외 겨울
  · 여행 사진 포토북 제작 사이트
  · 여행 사진 SNS 마케팅 팁
  · 여행 사진 접근성 향상법
  · 여행 사진 카메라 설정 추천
  · 여행 사진 렌즈 선택법
  · 여행 사진 인스타그램 해시태그 추천

[11-travel-videos] 여행 > 여행영상 ...
  · 여행영상 촬영 필수 장비
  · 여행영상 편집 프로그램 비교
  · 여행영상 제작 꿀팁
  · 여행영상 촬영 각도
  · 여행영상 배경음악 추천
  · 여행영상 편집 테크닉
  · 여행영상 스토리텔링
  · 여행영상 촬영 위치
  · 여행영상 색상보정 팁
  · 여행영상 대본 작성법
  · 여행영상 촬영 조명 기술
  · 여행영상 편집 소프트웨어
  · 여행영상 촬영 팁 초기자
  · 여행영상 제작 비용
  · 여행영상 제작 체크리스트
  · 여행영상 제작 팀 구성
  · 여행영상 제작 마케팅
  · 여행영상 제작 트렌드
  · 여행영상 제작 사례
  · 여행영상 제작 아이디어
  · 여행영상 내레이션 작성법
  · 여행영상 편집 무료 앱
  · 여행영상 직업으로 시작하기
  · 여행영상 천연 광원 활용법
  · 여행영상 트렌드 2024
  · 여행영상 음향 효과 활용
  · 여행영상 유튜브 수익화 방법
  · 여행영상 콘셉트 정하는 법
  · 여행영상 편집 속도 조절 팁
  · 여행영상 저작권 문제 해결법
  · 여행영상 인스타그램 홍보 전략
  · 여행영상 폐막 장면 제작법
  · 여행영상 보정 필터 활용법
  · 여행영상 유튜브 알고리즘 최적화
  · 여행영상 제목 작성법
  · 여행영상 초보자 필수 장비
  · 여행영상 무료 배포 플랫폼
  · 여행영상 아이폰 촬영 팁
  · 여행영상 360도 촬영 방법
  · 여행영상 유튜브 썸네일 제작법
  · 여행영상 초보자 간단한 편집법
  · 여행영상 인스타그램 스토리 활용법
  · 여행영상 유튜브 썸네일 디자인
  · 여행영상 무료 편집 앱 추천
  · 여행영상 내레이션 글 쓰기 법
  · 여행영상 색상 보정 기본 원리
  · 여행영상 배경음악 저작권 문제
  · 여행영상 360도 카메라 추천
  · 여행영상 트랜스코딩 무료 툴
  · 여행영상 편집 초보자 가이드
  · 여행영상 메인 콘셉트 정하는 방법
  · 여행영상 무료 편집 앱 비교

[11-travel-blogging] 여행 > 여행블로그 ...
  · 여행블로그 시작하는 법
  · 여행블로그 인기 주제
  · 여행블로그 클릭 유도법
  · 여행블로그 SEO 최적화
  · 여행블로그 사진 찍는 법
  · 여행블로그 수익화 방법
  · 여행블로그 디자인 팁
  · 여행블로그 글쓰기 팁
  · 여행블로그 SNS 마케팅
  · 여행블로그 인스타그램 운영
  · 여행블로그 유튜브 운영
  · 여행블로그 명언 모음
  · 여행블로그 글 제목 짓는 법
  · 여행블로그 글 태그 설정
  · 여행블로그 글 작성 시간
  · 여행블로그 글 수정 팁
  · 여행블로그 글 조회수 높이는 법
  · 여행블로그 글 공유 방법
  · 여행블로그 글 정리 방법
  · 여행블로그 글 백업 방법
  · 여행블로그 글 작성 예시
  · 여행블로그 인기 키워드 찾기
  · 여행블로그 사진 보정 프로그램
  · 여행블로그 메타태그 설정법
  · 여행블로그 트렌드 분석
  · 여행블로그 모바일 최적화
  · 여행블로그 글 순위 올리는 법
  · 여행블로그 광고 수익 계산기
  · 여행블로그 게시물 작성 시간
  · 여행블로그 글 유형 비교
  · 여행블로그 인스타그램 링크 설정
  · 여행블로그 유튜브 영상 제작
  · 여행블로그 글 제목 최적화
  · 여행블로그 글 태그 활용법
  · 여행블로그 글 수정 전후 비교
  · 여행블로그 글 공유 전략
  · 여행블로그 글 조회수 분석
  · 여행블로그 글 검색 노출 방법
  · 여행블로그 글 작성 일정 관리
  · 여행블로그 글 조회수 높이는 방법
  · 여행블로그 글 공유 최적화 방법
  · 여행블로그 글 제작 시간 관리
  · 여행블로그 인스타그램 프로모션
  · 여행블로그 유튜브 수익화 전략
  · 여행블로그 사진 보정 앱 추천
  · 여행블로그 메타태그 최적화
  · 여행블로그 모바일 SEO 최적화
  · 여행블로그 글 순위 높이는 팁
  · 여행블로그 광고 수익 계산 방법
  · 여행블로그 게시물 작성 최적 시간
  · 여행블로그 글 유형별 비교

[11-travel-english] 여행 > 여행영어 ...
  · 여행 영어 기본 회사원
  · 해외 여행 영어 필수 문장
  · 공항 영어 대해서 하는 법
  · 호텔 영어 예약 질문
  · 식당 영어 메뉴 주문법
  · 택시 영어 대화 예시
  · 쇼핑 영어 가격 물어보는 법
  · 응급실 영어 증상 표현
  · 경찰서 영어 고소 절차
  · 여행 영어 단어 100
  · 여행 영어 앱 추천
  · 여행 영어 책 추천
  · 비행기 영어 안내방송
  · 해외 관광지 영어 설명
  · 여행 영어 속성공부
  · 해외 여권 영어 표기
  · 해외 여행 영어 통역기
  · 해외 여행 영어 체크리스트
  · 해외 여행 영어 실화
  · 해외 여행 영어 교재
  · 여행 영어 기본 회화
  · 해외 식당 영어 메뉴 보기
  · 해외 여행 영어 예약 질문
  · 해외 여행 영어 체험기
  · 해외 여행 영어 기본 어휘
  · 공항 통관 영어 질문 답변
  · 해외 숙소 체크인 영어 표현
  · 해외 식당 영어 주문 팁
  · 택시 영어 목적지 알려주는 법
  · 응급실 영어 증상 설명법
  · 해외 여행 영어 실수 방지 팁
  · 해외 여행 영어로 숙소 예약하는 법
  · 해외 여행 영어 기본 문장 모음
  · 공항에서영어로 세관 통과하는 방법
  · 해외에서 택시 타는 영어 표현
  · 해외 여행 영어 단기 강좌 추천
  · 해외 여행 영어 어플로 배우는 법
  · 해외 여행 영어 podcast 추천
  · 해외 여행 영어 대화 연습법
  · 해외 여행 영어 유튜브 채널 추천
  · 해외 여행 영어 단어 50 sele
  · 해외 여행 영어 문장 패턴
  · 해외 여행 영어 필수 체크리스트
  · 해외 여행 영어 핵심 회화
  · 해외 여행 영어 실생활 팁
  · 해외 여행 영어 필수 문법
  · 해외 여행 영어 대화 연습 방법
  · 해외 여행 영어 필수 기본 표현
  · 해외 쇼핑 영어 가격 물어보기
  · 해외 음식 영어 메뉴 읽는 법
  · 해외 여행 영어 단기 집중 학습
  · 해외 여행 영어 필수 어휘 100

[11-travel-safety] 여행 > 여행안전 ...
  · 여행 중 응급약 세트 만들기
  · 휴대폰 분실 시 대응 방법
  · 여행 지역별 안전 정보
  · 호텔 방도난 예방법
  · 여행 중 식중독 예방
  · 현지 교통사고 대응 방법
  · 여행 중 진짜 현찰 확인법
  · 도둑질이 많은 여행지 주의사항
  · 여행 중 건강 관리 방법
  · 해외에서 은행 카드 사용법
  · 여행 중 가방 분실 대응법
  · 여행 중 무료 와이파이 안전하게 사용하기
  · 해외 여행 중 현지 음식 안전하게 먹기
  · 여행 중 긴급 연락처 등록 방법
  · 여행 중 자전거 타는 안전 팁
  · 해외 여행 중 현지 언어 기본 표현
  · 여행 중 불법 촬영 주의사항
  · 여행 중 휴대폰 분실 시 대기 방법
  · 해외 여행 현지 교통 이용 팁
  · 여행 중 악천후 대응 방법
  · 해외 여행 보험 가입 방법
  · 해외 여행 중 현지 음식 알레르기 응급처치
  · 여행 중 현지 관습 준수 방법
  · 여행 중 현지 교통사고 시 대처 방법
  · 해외 여행 중 현지 네트워크 이용법
  · 여행 중 현지 경찰과 소통하는 방법
  · 해외 여행 중 현지 병원 이용법
  · 여행 중 현지 역세권 안전한 이동 방법
  · 해외 여행 중 현지 ATM 안전하게 사용하기
  · 여행 중 현지 관광지 안전하게 방문하기
  · 해외 여행 중 현지 숙소 예약 시 주의사항
  · 여행 중 현지 스마트폰 사용법
  · 해외 여행 중 현지airbnb 숙소 주의사항
  · 해외 여행 중 인터넷 사용 방법
  · 행악천후 대응 체크리스트
  · 해외 여행 중 현지 화폐 교환 방법
  · 행중 응급처치 세트 준비하기
  · 해외 여행 중 현지 병원 찾기
  · 행중 신용카드 사용 주의사항
  · 해외 여행 중 passeport 분실 대응 방법
  · 행중 현지 관습 주의사항
  · 해외 여행 중 현지 교통 이용 주의사항
  · 행중 여행 보험 비교
  · 해외 여행 중 현지 음주 주의사항
  · 행중 현지 관광지 안전 팁
  · 행중 현지 숙소 안전 확인 방법
  · 해외 여행 중 현지 현금 사용 팁
  · 행중 현지 식품 안전 확인 방법
  · 해외 여행 중 현지 의료 서비스 이용 방법
  · 행중 현지 관광버스 안전 팁
  · 해외 여행 중 현지 입국 심사 팁
  · 행중 현지 물가 확인 방법

[12-history-facts] 지식/교양 > 역사 상식 ...
  · 한국 역사 재밌는 사실
  · 세계 역사 중요한 사건
  · 한국 삼국시대 왕의 비밀
  · 중세 유럽 왕들의 생활
  · 한국 전통 문화 체험
  · 이순신 장군의 전략
  · 중국 역사 유적지
  · 세계 유명 역사책 추천
  · 한국 고종 황제 이야기
  · 로마 제국의 종말
  · 한국 전통 의상 역사
  · 미국 독립 전쟁 이야기
  · 한국 역사 유적지 추천
  · 두산 백과 역사 정보
  · 한국 역사 연표
  · 세계 역사 상식 퀴즈
  · 한국 역사 동영상 추천
  · 한국 전통 음식 역사
  · 세계 역사 유물 전시회
  · 한국 동학 농민 혁명
  · 한국 삼국시대 전쟁 전략
  · 중세 유럽 왕실 결혼 정책
  · 한국 고종 황제의 외교 정책
  · 로마 제국의 건국 과정
  · 한국 전통 음식의 역사적 변화
  · 미국 독립 전쟁의 전개 과정
  · 한국 역사 유적지 여행 팁
  · 한국 전통 의상 변화 과정
  · 미국 역사 유물 전시회 정보
  · 한국 역사 테마 여행지 추천
  · 로마 제국의 문화와 영향력
  · 세계 역사 유명 책 추천
  · 이순신 장군의 생애와 업적
  · 중세 유럽 왕실 생활 관습
  · 한국 삼국시대 왕들의 비밀 이야기
  · 한국 고유정통 역사
  · 한국 역사 중요한 사건
  · 한국 왕들의 애증 혁명
  · 한국 역사 유물 전시회 정보
  · 한국 역사 상식 퀴즈
  · 한국 역사 책 추천
  · 한국 역사 설명 동영상
  · 한국 역사 중요 인물
  · 한국 역사 테마 카페
  · 한국 역사 연대기
  · 조선 왕조 왕들의 암살
  · 중국 고대 왕조 비교
  · 한국 전통 음악 역사
  · 제2차 세계대전 주요 사건
  · 한국 역사 명장들의 전략
  · 로마 제국 문화와 영향력
  · 한국 전통 건축물 역사
  · 중세 유럽 성벽 구조
  · 세계 대규모 전쟁 역사

[12-science-knowledge] 지식/교양 > 과학 지식 ...
  · 물리학 기본 개념 설명
  · 화학 실험 안전 팁
  · 생물학 DNA 설명
  · 천문학 초보자 가이드
  · 지구과학 지형 변화
  · 물리학 뉴턴 법칙
  · 화학 원자 구조
  · 생물학 생명체 분류
  · 천문학 별자리 찾기
  · 지구과학 지진 원인
  · 물리학 에너지 보존 법칙
  · 화학 반응 속도
  · 생물학 세포 분열
  · 천문학 태양계 행성
  · 지구과학 화산 활동
  · 물리학 광학 원리
  · 화학 산화 환원 반응
  · 생물학 유전자 변형 기술
  · 천문학 우주 탐사 역사
  · 지구과학 기후 변화 영향
  · 물리학 고등학교 수능 문제 풀이
  · 화학 공업용 플라스틱 재료
  · 생물학 인간 몸속 박테리아
  · 천문학 혜성 하레이에트 관측 방법
  · 지구과학 지진 예측 기술 개발 현황
  · 물리학 양자역학 기초 개념
  · 화학 산성 알칼리성 실험 방법
  · 생물학 식물 호흡 과정
  · 지구과학 해수 온도 상승 영향
  · 물리학 전기 회로 문제 해결 팁
  · 화학 유기 화합물 분류 방법
  · 생물학 동물 겨울잠 원리
  · 천문학 블랙홀 사진 분석 방법
  · 지구과학 지층 분포도 해석 방법
  · 물리학 열역학 법칙 적용 사례
  · 화학 실험실 안전 장비 사용법
  · 생물학 인간 두뇌 신경 세포
  · 천문학 우주 탐사 로봇 기술
  · 지구과학 기후 변화의 역사적 사례
  · 물리학 자기장 기본 원리
  · 물리학 빛의 성질
  · 화학 물질 변환 방법
  · 생물학 식물 광합성 과정
  · 천문학 유성우 관측 시간
  · 지구과학 지형 분석 기술
  · 물리학 역학 문제 해결 방법
  · 화학 가스 농도 측정
  · 생명과학 세포 증식 과정
  · 천문학 별자리의 역사
  · 지구과학 기후 모델 분석
  · 물리학 유체역학 개념
  · 화학 순환형 플라스틱 재활용
  · 생물학 동물의 비행 메커니즘
  · 지구과학 지진-resistant 구조물 설계

[12-culture-criticism] 지식/교양 > 문화 비평 ...
  · 영화 리뷰 작성법
  · 올해 인기 영화 분석
  · 영화 시사 분석
  · 음악 리뷰 작성 팁
  · K팝 신곡 리뷰
  · 미술 작품 비평
  · 현대 미술 분석
  · 영화 촬영 기법 설명
  · 음악 프로듀서 역할
  · 미술 전시 회고록 작성법
  · 영화 스토리 분석법
  · K팝 팬덤 문화 분석
  · 현대 미술가 모임
  · 영화 OST 분석법
  · 음악 장르 비교
  · 미술 작품 스토리텔링
  · 영화 감독 스타일
  · 미술 전시 추천
  · 영화 감상법
  · 올해 인기 K팝 신곡 분석
  · 현대 미술 작품 평가 방법
  · 영화 촬영 기술 Trends 2025
  · 클래식 음악 입문 비평
  · 영화 OST 제작 과정 분석
  · K팝 아이돌 콘서트 비평
  · 영화 리뷰 작성 팁
  · 미술 작품 분석법
  · 영화 시사적 의미 분석
  · K팝 가사 해석 비평
  · 현대 미술 작품 해체 분석
  · 영화 색채 분석법
  · K팝 댄스 분석
  · 영화 음향 효과 분석법
  · K팝 멤버 캐릭터 분석
  · 현대 미술 작품의 사회적 영향
  · 영화 연출 기법 분석법
  · K팝 아이돌 팩트 체크
  · 현대 미술 작품의 역사적 배경
  · 영화 스토리텔링 분석법
  · K팝 아이돌 팬덤 문화 분석
  · 현대 미술 작품의 기술적 분석
  · 영화 장면 해석 비평
  · K팝 아이돌 콘셉트 분석
  · 현대 미술 작품의 심층적 해석
  · 영화 캐릭터 분석법
  · K팝 아이돌 음악 비평
  · 현대 미술 작품의 철학적 해석
  · 2024년 인기 웹소설 영화화 예고
  · K팝 아이돌 팬미팅 비평
  · 영화 축제 입문 가이드
  · K팝 아이돌 뮤직비디오 해석
  · 영화 감독 인터뷰 분석
  · 2025년 대표 공연 비평
  · 현대 미술 작품 테마 분석

[12-literature-review] 지식/교양 > 문학 리뷰 ...
  · 김지은 작가 책 리뷰
  · 한국 현대 소설 추천
  · 청소년 소설 리뷰
  · 추리 소설 추천
  · 역사 소설 리뷰
  · 포스트모더니즘 소설 이해
  · 2024년 신간 소설 리뷰
  · 여행 소설 추천
  · 로맨스 소설 리뷰
  · 시대별 소설 추천
  · 웹소설 리뷰
  · 상상력 소설 추천
  · 현대판 동화 리뷰
  · 감성적인 소설 추천
  · 경상도 방언 소설 리뷰
  · 장르별 소설 추천
  · 한국명작 소설 리뷰
  · 책club 추천 소설 리뷰
  · 소설 쓰기 팁
  · 독서 비법
  · 김영하 소설 리뷰
  · 여성 작가 신간 소설 리뷰
  · 파격적 결말 소설 추천
  · 소설 속 배경지 탐방
  · 스릴러 소설 추천
  · 한국 미스터리 소설 리뷰
  · 소설 독후감 작성법
  · 장편 소설 리뷰
  · 소설 속 음미 문장 모음
  · 소설 각색 영화 리뷰
  · 소설 속 여주인공 분석
  · 소설 속 역사적 사건
  · 소설 속 음식 대표 메뉴
  · 소설 속 여행지 추천
  · 소설 속 음악 리뷰
  · 소설 속 대화 분석
  · 소설 속 상징 분석
  · 소설 속 사건 전개 리뷰
  · 소설 속 감정 표현 분석
  · 소설 속 인물 관계도 분석
  · 김지은 최신 소설 리뷰
  · 2024년 한국 명작 소설 추천
  · 청소년 감동 소설 추천
  · 추리 소설 리뷰 방법
  · 역사 소설 각색 영화
  · 여행 소설 배경지 탐방
  · 로맨스 소설 인기 작품
  · 시대별 소설 특징
  · 경상도 방언 소설 분석
  · 장르별 소설 비교

[12-world-culture] 지식/교양 > 세계 문화 ...
  · 일본 전통 음식 인기 메뉴
  · 이탈리아 피자 만드는 법
  · 스페인 플라멩코 추천 공연장
  · 중국 차 문화와 종류
  · 프랑스 와인 추천 품종
  · 터키 전통 음악 특징
  · 인도 관광지 추천 순회 코스
  · 그리스 신화 주요 신과 이야기
  · 멕시코 전통 의상 의의
  · 이집트 피라미드 내부 구경법
  · 브라질 삼바 축제 일정
  · 스칸디나비아 디자인 특징
  · 아프리카 전통 음악 악기
  · 호주 원주민 예술 작품
  · 러시아 전통 인형 마트료시카
  · 캐나다 인디언 문화 체험
  · 뉴질랜드 마오리 전통 복장
  · 남아프리카 전통 축제 리스트
  · 중동 카펫 디자인 특징
  · 동남아시아 전통 장식품
  · 한국 전통 음식 조리법
  · 일본 전통 의상 김노노 추천
  · 이탈리아 전통 축제 리스트
  · 스페인 전통 음악 플라멩코
  · 중국 전통 의상 한옥 입는 법
  · 프랑스 전통 축제 바스테이유
  · 터키 전통 음식 케밥 레시피
  · 인도 전통 음악 시타르
  · 그리스 전통 음식 무사카 레시피
  · 멕시코 전통 축제 디아데무에르토
  · 이집트 전통 예술 하이어로글리프
  · 브라질 전통 음식 페이샤다 레시피
  · 스칸디나비아 전통 음악 이올란드
  · 아프리카 전통 축제 카라날
  · 호주 전통 음식 파이 레시피
  · 러시아 전통 축제 마스레니차
  · 캐나다 전통 의상 퍼스널 타투
  · 뉴질랜드 전통 음악 하카
  · 남아프리카 전통 음식 브레드푸팅 레시피
  · 중동 전통 음료 사크레 레시피
  · 일본 전통 의복 김노노 추천
  · 이탈리아 전통 음식 파스타 레시피
  · 스페인 전통 축제 라 톰티나 리스트
  · 중국 전통 의상 한복 입는 법
  · 터키 전통 음식 바클라바 레시피
  · 그리스 전통 음식 수프라코스 레시피
  · 이집트 전통 음식 풀 품 레시피
  · 브라질 전통 축제 카니발 일정
  · 스칸디나비아 전통 음식 스멜스 안내
  · 아프리카 전통 축제 마사이 마라 일정
  · 호주 전통 음식 피 스테이크 레시피

[12-liberal-arts-lecture] 지식/교양 > 교양 강의 ...
