domain_label,l1_code,l1_name,ymyl,model_key,model_label,batch_size,focus_keyword,monthly_total,title_ko,search_intent,topic_angle,description
finance,02,금융·재테크,True,gemini,Gemini Flash Lite,10,삼성전자주가,35907700,"삼성전자주가 변동 요인 분석, 투자자가 주목해야 할 핵심 지표",info,issue,삼성전자주가의 최근 흐름을 분석하고 시장 상황에 따른 주요 변동 요인을 정리합니다.
finance,02,금융·재테크,True,gemini,Gemini Flash Lite,10,환율,22361600,환율 변동이 경제에 미치는 영향과 개인 자산 관리 전략,info,tip,환율 변화가 가계 경제와 투자 자산에 어떤 영향을 주는지 이해하고 대응 방법을 알아봅니다.
finance,02,금융·재테크,True,gemini,Gemini Flash Lite,10,금시세,4941100,최근 금시세 변화 추이와 안전자산으로서의 가치 분석,info,issue,변동성 큰 시장에서 금시세가 갖는 의미와 투자 시 고려해야 할 사항을 분석합니다.
finance,02,금융·재테크,True,gemini,Gemini Flash Lite,10,미국증시,4787800,미국증시 주요 지표 읽는 법과 투자 정보 확인하는 방법,howto,howto,미국증시 흐름을 파악하기 위해 반드시 확인해야 할 주요 경제 지표와 사이트를 소개합니다.
finance,02,금융·재테크,True,gemini,Gemini Flash Lite,10,달러환율,4566200,달러환율 전망과 외화 자산 운용 시 체크리스트,checklist,tip,달러환율 추이를 분석하고 외화 예금이나 달러 투자 시 확인해야 할 체크리스트를 제공합니다.
finance,02,금융·재테크,True,gemini,Gemini Flash Lite,10,코스피지수,4213100,코스피지수 흐름으로 보는 국내 증시 현황과 분석 포인트,info,issue,코스피지수의 등락 배경을 살펴보고 국내 주식 시장의 전반적인 흐름을 분석합니다.
finance,02,금융·재테크,True,gemini,Gemini Flash Lite,10,나스닥선물,3699300,나스닥선물 지수의 의미와 미국 증시 선행 지표 활용법,info,tip,나스닥선물이 무엇인지 정의하고 이를 통해 미국 증시의 방향성을 가늠하는 방법을 설명합니다.
finance,02,금융·재테크,True,gemini,Gemini Flash Lite,10,미국환율,3160300,미국환율 변동성 이해하기: 해외 직구와 투자에 미치는 영향,info,tip,미국환율 변화가 실생활 소비와 투자 환경에 어떤 변화를 가져오는지 분석합니다.
finance,02,금융·재테크,True,gemini,Gemini Flash Lite,10,나스닥,2272000,나스닥 시장의 주요 특징과 글로벌 증시 영향력 분석,info,issue,나스닥 지수의 구성과 글로벌 경제에서 차지하는 비중 및 특징을 정리합니다.
finance,02,금융·재테크,True,gemini,Gemini Flash Lite,10,검색상위종목,2216300,검색상위종목 확인하는 법과 시장 관심도 분석하는 노하우,howto,howto,투자자들이 많이 찾는 검색상위종목을 확인하고 시장의 트렌드를 읽는 방법을 공유합니다.
finance,02,금융·재테크,True,gemini,Gemini Flash Lite,10,국제유가,2208800,국제유가 변동 요인과 글로벌 경제에 미치는 영향 분석,info,issue,국제유가 변동을 결정짓는 주요 공급 및 수요 요인과 경제적 파급 효과를 살펴봅니다.
finance,02,금융·재테크,True,gemini,Gemini Flash Lite,10,코스닥,1760600,코스닥 시장의 최근 흐름과 투자 시 고려해야 할 체크리스트,checklist,tip,변동성이 큰 코스닥 시장에서 투자자가 반드시 확인해야 할 지표와 리스크 관리법을 안내합니다.
finance,02,금융·재테크,True,gemini,Gemini Flash Lite,10,삼성전자주식,1412900,"삼성전자주식 투자, 기업 가치와 향후 성장 동력 분석",info,review,삼성전자주식의 최근 실적과 반도체 시장 환경을 바탕으로 기업의 중장기적 가치를 분석합니다.
finance,02,금융·재테크,True,gemini,Gemini Flash Lite,10,국제금시세,1370900,안전 자산 선호 심리와 최근 국제금시세 추이 분석,info,issue,경제 불확실성 속에서 주목받는 국제금시세의 흐름과 금 투자 시 고려할 점을 정리합니다.
finance,02,금융·재테크,True,gemini,Gemini Flash Lite,10,원달러환율,1349800,원달러환율 변동이 국내 경제와 개인 자산에 미치는 영향,info,tip,최근 원달러환율의 움직임을 분석하고 환율 변동에 따른 재테크 대응 전략을 알아봅니다.
finance,02,금융·재테크,True,gemini,Gemini Flash Lite,10,주식시세,1293600,주식시세 확인하는 법과 투자 지표 제대로 읽는 가이드,howto,howto,초보 투자자를 위해 정확한 주식시세 확인 방법과 필수 투자 지표 해석법을 설명합니다.
finance,02,금융·재테크,True,gemini,Gemini Flash Lite,10,엔화,1207400,엔화 투자 매력도와 환율 변동에 따른 환테크 전략,howto,tip,엔화 환율 추이를 살펴보고 환차익을 기대하는 투자 방식의 장단점을 분석합니다.
finance,02,금융·재테크,True,gemini,Gemini Flash Lite,10,주가지수,1150200,주가지수란 무엇인가? 시장의 흐름을 읽는 핵심 지표 이해하기,info,start,주가지수의 개념과 투자자가 시장 상황을 판단하기 위해 알아야 할 지수 활용법을 정리합니다.
finance,02,금융·재테크,True,gemini,Gemini Flash Lite,10,증시,1099600,글로벌 증시 현황과 투자자가 주목해야 할 매크로 지표,info,issue,국내외 증시의 주요 흐름을 파악하고 투자 판단에 도움을 주는 경제 지표들을 분석합니다.
finance,02,금융·재테크,True,gemini,Gemini Flash Lite,10,카카오주가,1083800,카카오주가 변동성 분석과 플랫폼 기업의 향후 전망,info,review,카카오주가의 최근 추이를 살펴보고 플랫폼 사업의 성장성과 시장 환경을 객관적으로 분석합니다.
finance,02,금융·재테크,True,gemini,Gemini Flash Lite,10,엔비디아주가,949700,엔비디아주가 변동성 분석: AI 반도체 시장의 현재와 향후 체크포인트,info,issue,엔비디아주가의 최근 흐름을 살펴보고 AI 산업 성장이 주가에 미치는 영향을 분석합니다.
finance,02,금융·재테크,True,gemini,Gemini Flash Lite,10,다우지수,862300,다우지수 구성 종목과 미국 경제 흐름을 읽는 법,info,tip,다우지수의 개념과 구성 종목을 통해 미국 경제의 전반적인 흐름을 파악하는 방법을 설명합니다.
finance,02,금융·재테크,True,gemini,Gemini Flash Lite,10,테슬라주가,854700,테슬라주가 등락의 주요 원인과 전기차 시장의 변화 분석,info,issue,테슬라주가에 영향을 미치는 기업 이슈와 전기차 시장의 거시적 환경을 분석합니다.
finance,02,금융·재테크,True,gemini,Gemini Flash Lite,10,유럽증시,836000,유럽증시 투자 전 알아야 할 주요 국가별 지수와 특징,info,compare,유럽증시를 대표하는 주요 국가별 지수를 비교하고 투자 시 고려할 특징을 정리합니다.
finance,02,금융·재테크,True,gemini,Gemini Flash Lite,10,나스닥종합,800000,나스닥종합 지수 이해하기: 기술주 중심 시장의 투자 지표,info,start,나스닥종합 지수가 의미하는 바와 기술주 중심의 시장 흐름을 확인하는 방법을 안내합니다.
finance,02,금융·재테크,True,gemini,Gemini Flash Lite,10,로컬크리에이터,990,로컬크리에이터란? 지역 가치를 창출하는 창업 지원 제도와 혜택,howto,howto,로컬크리에이터의 정의와 지역 기반 비즈니스를 시작하기 위한 지원 제도 정보를 제공합니다.
finance,02,금융·재테크,True,gemini,Gemini Flash Lite,10,모바일카드,990,"모바일카드 발급부터 사용법까지, 스마트한 결제 생활 가이드",howto,tip,모바일카드의 편리한 발급 절차와 안전하게 결제하는 방법을 단계별로 설명합니다.
finance,02,금융·재테크,True,gemini,Gemini Flash Lite,10,미국주식거래방법,990,초보자를 위한 미국주식거래방법: 계좌 개설부터 주문까지,howto,start,미국주식거래방법을 처음 시작하는 분들을 위해 계좌 개설과 기본 거래 프로세스를 정리합니다.
finance,02,금융·재테크,True,gemini,Gemini Flash Lite,10,미국주식전망,990,2024 하반기 미국주식전망: 주요 경제 지표와 주의할 점,info,issue,현재 경제 상황을 바탕으로 미국주식전망을 분석하고 투자자가 주목해야 할 지표를 공유합니다.
finance,02,금융·재테크,True,gemini,Gemini Flash Lite,10,보험사종류,990,보험사종류별 특징과 나에게 맞는 보험 선택하는 기준,compare,compare,생명보험과 손해보험 등 보험사종류에 따른 차이점을 비교하고 올바른 선택 기준을 제시합니다.
finance,02,금융·재테크,True,gemini,Gemini Flash Lite,10,스마트폰부업,990,스마트폰부업 종류와 현실적인 수익화 가능성 분석,info,tip,재택 부업으로 주목받는 스마트폰부업의 다양한 유형과 시작 전 주의사항을 정리합니다.
finance,02,금융·재테크,True,gemini,Gemini Flash Lite,10,신용보증재단대출,990,신용보증재단대출 신청 자격과 준비 서류 체크리스트,checklist,howto,소상공인을 위한 신용보증재단대출의 신청 절차와 심사 기준을 상세히 안내합니다.
finance,02,금융·재테크,True,gemini,Gemini Flash Lite,10,알뜰폰KT,990,알뜰폰KT 통신망 선택 시 장단점과 요금제 비교 가이드,compare,compare,KT 통신망을 사용하는 알뜰폰의 특징과 합리적인 요금제 선택 방법을 분석합니다.
finance,02,금융·재테크,True,gemini,Gemini Flash Lite,10,임대소득신고,990,주택 임대소득신고 대상과 절세 전략 핵심 정리,howto,tip,임대소득신고 기준을 확인하고 세금 부담을 줄일 수 있는 신고 방법을 알아봅니다.
finance,02,금융·재테크,True,gemini,Gemini Flash Lite,10,정부대환대출,990,정부대환대출 종류와 나에게 맞는 상품 선택 기준,info,tip,고금리 대출 이자를 낮추기 위한 정부대환대출 프로그램의 자격 요건을 분석합니다.
finance,02,금융·재테크,True,gemini,Gemini Flash Lite,10,주식잘하는법,990,주식잘하는법 기초 다지기: 투자 원칙과 리스크 관리법,info,start,성공적인 투자를 위해 초보자가 반드시 알아야 할 주식 시장의 기본 원칙을 설명합니다.
finance,02,금융·재테크,True,gemini,Gemini Flash Lite,10,증권앱,990,나에게 맞는 증권앱 선택을 위한 주요 기능 비교 분석,compare,review,"국내 주요 증권앱의 수수료와 사용자 편의성, 분석 도구를 비교하여 추천합니다."
finance,02,금융·재테크,True,gemini,Gemini Flash Lite,10,퇴사후실업급여,990,퇴사후실업급여 수급 자격과 신청 절차 총정리,howto,howto,퇴사 후 실업급여를 받기 위해 꼭 알아야 할 조건과 신청 과정을 체계적으로 안내합니다.
finance,02,금융·재테크,True,gemini,Gemini Flash Lite,10,퇴직연금수익률,990,퇴직연금수익률 높이는 운용 전략과 점검 포인트,info,tip,노후 자산인 퇴직연금의 수익률을 관리하고 효율적으로 운용하는 방법을 제안합니다.
finance,02,금융·재테크,True,gemini,Gemini Flash Lite,10,한국주식거래소,990,한국주식거래소 운영 체계와 투자자가 이해해야 할 시장 구조,info,issue,한국주식거래소(KRX)의 역할과 주식 거래 시스템의 기본 구조를 알기 쉽게 설명합니다.
finance,02,금융·재테크,True,gemini,Gemini Flash Lite,10,고령자계속고용장려금,980,고령자계속고용장려금 지원 대상 및 신청 방법 완벽 정리,howto,howto,고령자계속고용장려금의 지원 요건과 사업주가 챙겨야 할 신청 절차를 상세히 안내합니다.
finance,02,금융·재테크,True,gemini,Gemini Flash Lite,10,근로내용확인신고,980,근로내용확인신고 기한과 과태료 피하는 작성 가이드,howto,tip,일용근로자 근로내용확인신고의 중요성과 실수하기 쉬운 작성 항목을 체크리스트로 확인합니다.
finance,02,금융·재테크,True,gemini,Gemini Flash Lite,10,금융변호사,980,금융변호사 선임이 필요한 상황과 상담 전 준비사항,info,start,금융 분쟁 발생 시 금융변호사의 역할과 초기 대응을 위해 준비해야 할 서류를 정리합니다.
finance,02,금융·재테크,True,gemini,Gemini Flash Lite,10,메타버스관련주,980,메타버스관련주 현황과 산업 성장성 분석 포인트,info,issue,메타버스 산업의 현재 동향과 관련 기업들의 주요 사업 모델을 객관적으로 분석합니다.
finance,02,금융·재테크,True,gemini,Gemini Flash Lite,10,저평가주식,980,저평가주식 찾는 법: 가치 투자자를 위한 지표 분석 방법,howto,tip,"PER, PBR 등 주요 재무 지표를 활용해 저평가주식을 선별하는 기준을 제시합니다."
finance,02,금융·재테크,True,gemini,Gemini Flash Lite,10,고배당주식,970,고배당주식 투자 시 주의할 점과 배당 수익률 확인법,info,tip,고배당주식 선택 시 배당의 지속 가능성을 판단하는 기준과 유의 사항을 설명합니다.
finance,02,금융·재테크,True,gemini,Gemini Flash Lite,10,뿌리기업,970,뿌리기업 확인서 발급 혜택과 지원 정책 요약,info,issue,제조업의 근간인 뿌리기업이 받을 수 있는 정부 지원 혜택과 확인서 발급 방법을 알아봅니다.
finance,02,금융·재테크,True,gemini,Gemini Flash Lite,10,서울신축아파트,970,서울신축아파트 공급 현황과 청약 전략 분석,compare,issue,최근 서울신축아파트 시장의 공급 트렌드와 예비 청약자가 고려해야 할 핵심 요소를 분석합니다.
finance,02,금융·재테크,True,gemini,Gemini Flash Lite,10,연금저축이벤트,970,연금저축이벤트 비교: 증권사별 혜택과 가입 시 주의점,compare,compare,연금저축 계좌 개설 시 제공되는 증권사별 이벤트와 수수료 등 비교 포인트를 정리합니다.
finance,02,금융·재테크,True,gemini,Gemini Flash Lite,10,연말정산세액공제,970,연말정산세액공제 항목 확인하고 13월의 월급 챙기기,checklist,tip,연말정산 시 놓치기 쉬운 세액공제 항목을 정리하고 효율적인 절세 전략을 제안합니다.
finance,02,금융·재테크,True,scout,Groq Scout 17B,10,삼성전자주가,35907700,삼성전자 주가 전망과 핵심 투자 포인트,info,issue,삼성전자 주가 흐름과 투자자가 알아야 할 분석 포인트를 정리한다.
finance,02,금융·재테크,True,scout,Groq Scout 17B,10,환율,22361600,최근 환율 변동 추이와 경제적 영향 분석,info,issue,현재 환율 변동 추이와 이것이 경제에 미치는 영향을 분석한다.
finance,02,금융·재테크,True,scout,Groq Scout 17B,10,금시세,4941100,금시세 변동 전망과 투자 전략,info,tip,"금시세의 최근 변동 추이와 향후 전망, 투자 전략을 제시한다."
finance,02,금융·재테크,True,scout,Groq Scout 17B,10,미국증시,4787800,미국 증시 현황과 향후 전망 분석,info,issue,"현재 미국 증시 현황과 향후 전망, 영향을 줄 요인을 분석한다."
finance,02,금융·재테크,True,scout,Groq Scout 17B,10,달러환율,4566200,달러 환율 변동과 수출입 영향,info,issue,달러 환율 변동 추이와 이것이 수출입에 미치는 영향을 분석한다.
finance,02,금융·재테크,True,scout,Groq Scout 17B,10,코스피지수,4213100,코스피 지수 전망과 투자 전략,info,tip,"코스피 지수의 최근 변동 추이와 향후 전망, 투자 전략을 제시한다."
finance,02,금융·재테크,True,scout,Groq Scout 17B,10,나스닥선물,3699300,나스닥 선물 투자 전략과 주의사항,howto,howto,나스닥 선물 투자에 필요한 전략과 주의사항을 안내한다.
finance,02,금융·재테크,True,scout,Groq Scout 17B,10,미국환율,3160300,미국 환율 정책과 글로벌 경제 영향,info,issue,미국의 환율 정책과 이것이 글로벌 경제에 미치는 영향을 분석한다.
finance,02,금융·재테크,True,scout,Groq Scout 17B,10,나스닥,2272000,나스닥 지수 전망과 투자 포인트,info,issue,"나스닥 지수의 최근 변동 추이와 향후 전망, 투자 포인트를 분석한다."
finance,02,금융·재테크,True,scout,Groq Scout 17B,10,검색상위종목,2216300,현재 검색 상위 종목 분석과 투자 전략,info,review,현재 검색 상위 종목의 분석과 이를 통한 투자 전략을 제시한다.
finance,02,금융·재테크,True,scout,Groq Scout 17B,10,국제유가,2208800,국제유가 전망과 글로벌 경제 영향 분석,info,issue,국제유가 변동 추이와 글로벌 경제에 미치는 영향을 분석한다.
finance,02,금융·재테크,True,scout,Groq Scout 17B,10,코스닥,1760600,코스닥 시장 동향과 투자 전략 비교,compare,compare,코스닥 시장의 최근 동향과 투자 전략을 비교 분석한다.
finance,02,금융·재테크,True,scout,Groq Scout 17B,10,삼성전자주식,1412900,삼성전자 주식 투자 포인트와 전망 분석,info,issue,삼성전자 주식의 투자 포인트와 향후 전망을 분석한다.
finance,02,금융·재테크,True,scout,Groq Scout 17B,10,국제금시세,1370900,국제금시세 변동 추이와 투자 전략,info,tip,국제금시세의 변동 추이와 투자 전략을 소개한다.
finance,02,금융·재테크,True,scout,Groq Scout 17B,10,원달러환율,1349800,원달러환율 전망과 수출입 영향 분석,info,issue,원달러환율의 전망과 수출입 산업에 미치는 영향을 분석한다.
finance,02,금융·재테크,True,scout,Groq Scout 17B,10,주식시세,1293600,주식시세 확인과 투자 전략 가이드,howto,howto,주식시세 확인 방법과 효과적인 투자 전략을 안내한다.
finance,02,금융·재테크,True,scout,Groq Scout 17B,10,엔화,1207400,엔화 가치 변동과 투자 포인트 분석,info,issue,엔화 가치 변동 추이와 투자 포인트를 분석한다.
finance,02,금융·재테크,True,scout,Groq Scout 17B,10,주가지수,1150200,주가지수 이해와 투자 전략 비교,compare,compare,주가지수의 개념과 다양한 투자 전략을 비교한다.
finance,02,금융·재테크,True,scout,Groq Scout 17B,10,증시,1099600,증시 현황과 투자자 주의 사항,info,review,현재 증시 현황과 투자자가 주의할 사항을 리뷰한다.
finance,02,금융·재테크,True,scout,Groq Scout 17B,10,카카오주가,1083800,카카오 주가 전망과 투자 전략 분석,info,issue,카카오 주가 전망과 투자 전략을 분석한다.
finance,02,금융·재테크,True,scout,Groq Scout 17B,10,엔비디아주가,949700,엔비디아 주가 전망과 분석 포인트,info,issue,엔비디아 주가 흐름과 투자자가 알아야 할 분석 포인트를 정리한다.
finance,02,금융·재테크,True,scout,Groq Scout 17B,10,다우지수,862300,다우지수 현황과 시장 전망,info,review,현재 다우지수 현황과 향후 시장 전망을 분석한다.
finance,02,금융·재테크,True,scout,Groq Scout 17B,10,테슬라주가,854700,테슬라 주가 전망과 투자 전략,info,tip,테슬라 주가 흐름과 투자자가 참고할 전략을 제시한다.
finance,02,금융·재테크,True,scout,Groq Scout 17B,10,유럽증시,836000,유럽 증시 현황과 전망 분석,info,review,현재 유럽 증시 현황과 향후 전망을 분석한다.
finance,02,금융·재테크,True,scout,Groq Scout 17B,10,나스닥종합,800000,나스닥 종합지수 전망과 투자 포인트,info,issue,나스닥 종합지수 흐름과 투자자가 알아야 할 포인트를 정리한다.
finance,02,금융·재테크,True,scout,Groq Scout 17B,10,로컬크리에이터,990,로컬 크리에이터 비즈니스 모델 비교,compare,howto,로컬 크리에이터 비즈니스 모델을 비교하고 성공 전략을 모색한다.
finance,02,금융·재테크,True,scout,Groq Scout 17B,10,모바일카드,990,모바일 카드 종류와 사용 방법,howto,howto,모바일 카드의 종류와 사용 방법을 안내한다.
finance,02,금융·재테크,True,scout,Groq Scout 17B,10,미국주식거래방법,990,미국 주식 거래 방법과 유의사항,howto,howto,미국 주식 거래 방법과 투자자가 알아야 할 유의사항을 안내한다.
finance,02,금융·재테크,True,scout,Groq Scout 17B,10,미국주식전망,990,미국 주식 시장 전망과 투자 전략,info,review,현재 미국 주식 시장 전망과 투자자가 참고할 전략을 제시한다.
finance,02,금융·재테크,True,scout,Groq Scout 17B,10,보험사종류,990,한국 보험사 종류와 상품 비교,compare,compare,한국의 다양한 보험사 종류와 상품을 비교한다.
finance,02,금융·재테크,True,scout,Groq Scout 17B,10,스마트폰부업,990,스마트폰으로 할 수 있는 부업 종류와 주의사항,info,tip,스마트폰을 활용해 할 수 있는 다양한 부업과 성공을 위한 팁을 소개한다.
finance,02,금융·재테크,True,scout,Groq Scout 17B,10,신용보증재단대출,990,신용보증재단대출 자격 조건과 신청 방법,howto,howto,신용보증재단대출의 자격 조건과 신청 절차를 상세히 안내한다.
finance,02,금융·재테크,True,scout,Groq Scout 17B,10,알뜰폰KT,990,KT 알뜰폰 요금제 비교와 선택 가이드,compare,compare,"KT 알뜰폰의 다양한 요금제를 비교 분석하고, 최적의 선택 방법을 제시한다."
finance,02,금융·재테크,True,scout,Groq Scout 17B,10,임대소득신고,990,임대소득 신고 방법과 절세 전략,howto,tip,임대소득 신고 절차와 절세 방법을 상세히 설명한다.
finance,02,금융·재테크,True,scout,Groq Scout 17B,10,정부대환대출,990,정부 지원 대환대출 상품과 신청 방법,info,issue,정부에서 지원하는 대환대출 상품의 종류와 신청 절차를 소개한다.
finance,02,금융·재테크,True,scout,Groq Scout 17B,10,주식잘하는법,990,주식 투자 잘하는 법과 기본 원칙,info,start,성공적인 주식 투자를 위한 기본 원칙과 전략을 제시한다.
finance,02,금융·재테크,True,scout,Groq Scout 17B,10,증권앱,990,인기 증권 앱 비교와 투자 활용법,compare,compare,다양한 증권 앱의 기능과 장단점을 비교 분석한다.
finance,02,금융·재테크,True,scout,Groq Scout 17B,10,퇴사후실업급여,990,퇴사 후 실업급여 신청 방법과 주의사항,howto,howto,퇴사 후 실업급여를 받기 위한 신청 절차와 주의사항을 안내한다.
finance,02,금융·재테크,True,scout,Groq Scout 17B,10,퇴직연금수익률,990,퇴직연금 수익률 높이는 방법과 전략,info,tip,퇴직연금의 수익률을 높일 수 있는 투자 전략과 팁을 제공한다.
finance,02,금융·재테크,True,scout,Groq Scout 17B,10,한국주식거래소,990,한국 주식 거래소 이용 방법과 투자 정보,info,issue,한국 주식 거래소의 기능과 투자자를 위한 정보를 소개한다.
finance,02,금융·재테크,True,scout,Groq Scout 17B,10,고령자계속고용장려금,980,고령자 계속 고용 장려금 지원 대상과 신청 방법,info,howto,고령자 계속 고용 장려금의 지원 대상과 신청 방법을 상세히 안내합니다.
finance,02,금융·재테크,True,scout,Groq Scout 17B,10,근로내용확인신고,980,근로내용확인신고서 작성법과 유의사항,howto,howto,근로내용확인신고서의 작성 방법과 제출 시 유의사항을 설명합니다.
finance,02,금융·재테크,True,scout,Groq Scout 17B,10,금융변호사,980,금융 분쟁 해결에 도움을 주는 금융변호사 역할,info,review,금융변호사의 역할과 금융 분쟁 해결을 위한 조언을 제공합니다.
finance,02,금융·재테크,True,scout,Groq Scout 17B,10,메타버스관련주,980,메타버스 관련주 투자 전망과 분석,info,issue,메타버스 관련주의 투자 전망과 분석 포인트를 정리합니다.
finance,02,금융·재테크,True,scout,Groq Scout 17B,10,저평가주식,980,저평가 주식 발굴을 위한 투자 전략과 주의점,info,tip,저평가 주식을 발굴하기 위한 투자 전략과 주의사항을 안내합니다.
finance,02,금융·재테크,True,scout,Groq Scout 17B,10,고배당주식,970,고배당 주식 투자 전략과 배당 수익률 분석,info,compare,고배당 주식의 투자 전략과 배당 수익률을 비교 분석합니다.
finance,02,금융·재테크,True,scout,Groq Scout 17B,10,뿌리기업,970,뿌리기업 지원 정책과 산업 전망 분석,info,issue,뿌리기업 지원 정책과 산업 전망을 분석합니다.
finance,02,금융·재테크,True,scout,Groq Scout 17B,10,서울신축아파트,970,서울 신축 아파트 분양 정보와 시장 전망,info,local,서울 신축 아파트의 분양 정보와 시장 전망을 제공합니다.
finance,02,금융·재테크,True,scout,Groq Scout 17B,10,연금저축이벤트,970,연금저축 이벤트 혜택과 가입 전 고려사항,info,review,연금저축 이벤트의 혜택과 가입 전 고려사항을 설명합니다.
finance,02,금융·재테크,True,scout,Groq Scout 17B,10,연말정산세액공제,970,연말정산 세액공제 항목과 절세 팁,info,tip,연말정산 세액공제 항목과 절세 팁을 제공합니다.
finance,02,금융·재테크,True,8b,Groq Llama 3.1 8B,10,국제유가,2208800,국제유가 전망과 분석 포인트: 향후 가격 동향은?,info,issue,국제유가 가격 동향과 향후 전망을 분석한다.
finance,02,금융·재테크,True,8b,Groq Llama 3.1 8B,10,코스닥,1760600,코스닥 시장 전망과 투자 전략: 지금은 어떤 시기?,info,issue,코스닥 시장 전망과 투자 전략을 분석한다.
finance,02,금융·재테크,True,8b,Groq Llama 3.1 8B,10,삼성전자주식,1412900,삼성전자 주식 전망과 투자 포인트: 향후 성장 가능성은?,info,issue,삼성전자 주식 가격 동향과 향후 성장 가능성을 분석한다.
finance,02,금융·재테크,True,8b,Groq Llama 3.1 8B,10,국제금시세,1370900,국제 금시세 전망과 분석 포인트: 가격 동향은?,info,issue,국제 금시세 가격 동향과 향후 전망을 분석한다.
finance,02,금융·재테크,True,8b,Groq Llama 3.1 8B,10,원달러환율,1349800,원달러 환율 전망과 분석 포인트: 향후 가격 동향은?,info,issue,원달러 환율 가격 동향과 향후 전망을 분석한다.
finance,02,금융·재테크,True,8b,Groq Llama 3.1 8B,10,주식시세,1293600,주식 시세 전망과 투자 전략: 지금은 어떤 시기?,info,issue,주식 시세 가격 동향과 향후 전망을 분석한다.
finance,02,금융·재테크,True,8b,Groq Llama 3.1 8B,10,엔화,1207400,엔화 환율 전망과 분석 포인트: 가격 동향은?,info,issue,엔화 환율 가격 동향과 향후 전망을 분석한다.
finance,02,금융·재테크,True,8b,Groq Llama 3.1 8B,10,주가지수,1150200,주가지수 전망과 투자 전략: 향후 가격 동향은?,info,issue,주가지수 가격 동향과 향후 전망을 분석한다.
finance,02,금융·재테크,True,8b,Groq Llama 3.1 8B,10,증시,1099600,증시 전망과 분석 포인트: 향후 가격 동향은?,info,issue,증시 가격 동향과 향후 전망을 분석한다.
finance,02,금융·재테크,True,8b,Groq Llama 3.1 8B,10,카카오주가,1083800,카카오 주가 전망과 투자 포인트: 향후 성장 가능성은?,info,issue,카카오 주가 가격 동향과 향후 성장 가능성을 분석한다.
finance,02,금융·재테크,True,8b,Groq Llama 3.1 8B,10,엔비디아주가,949700,엔비디아 주가 전망과 분석 포인트,info,issue,엔비디아 주가의 현재 상황과 미래 전망을 분석한다.
finance,02,금융·재테크,True,8b,Groq Llama 3.1 8B,10,다우지수,862300,다우지수 전망과 주요 분석 포인트,info,issue,다우지수의 현재 상황과 미래 전망을 분석한다.
finance,02,금융·재테크,True,8b,Groq Llama 3.1 8B,10,테슬라주가,854700,테슬라 주가 전망과 투자 포인트,info,issue,테슬라 주가의 현재 상황과 미래 전망을 분석한다.
finance,02,금융·재테크,True,8b,Groq Llama 3.1 8B,10,유럽증시,836000,유럽 증시 전망과 주요 분석 포인트,info,issue,유럽 증시의 현재 상황과 미래 전망을 분석한다.
finance,02,금융·재테크,True,8b,Groq Llama 3.1 8B,10,나스닥종합,800000,나스닥 종합 전망과 주요 분석 포인트,info,issue,나스닥 종합의 현재 상황과 미래 전망을 분석한다.
finance,02,금융·재테크,True,8b,Groq Llama 3.1 8B,10,로컬크리에이터,990,로컬 크리에이터에게 필요한 비즈니스 전략,howto,tip,로컬 크리에이터가 성공하기 위한 전략과 방법을 소개한다.
finance,02,금융·재테크,True,8b,Groq Llama 3.1 8B,10,모바일카드,990,모바일 카드 비교 및 추천 매수 포인트,compare,tip,모바일 카드의 특징과 장단점을 비교하고 추천 매수 포인트를 제공한다.
finance,02,금융·재테크,True,8b,Groq Llama 3.1 8B,10,미국주식거래방법,990,미국 주식 거래 방법 및 절차,howto,tip,미국 주식 거래의 방법과 절차를 설명한다.
finance,02,금융·재테크,True,8b,Groq Llama 3.1 8B,10,미국주식전망,990,미국 주식 전망과 주요 분석 포인트,info,issue,미국 주식의 현재 상황과 미래 전망을 분석한다.
finance,02,금융·재테크,True,8b,Groq Llama 3.1 8B,10,보험사종류,990,보험사 종류와 유형의 차이점,info,issue,보험사의 종류와 유형의 차이점을 설명한다.
finance,02,금융·재테크,True,8b,Groq Llama 3.1 8B,10,스마트폰부업,990,스마트폰 부업으로 월 990원 버는 방법과 전망,howto,tip,스마트폰 부업으로 월 990원 버는 방법을 소개하고 전망을 분석한다.
finance,02,금융·재테크,True,8b,Groq Llama 3.1 8B,10,신용보증재단대출,990,신용보증재단 대출 전망과 비교 분석,compare,issue,신용보증재단 대출의 전망과 비교 분석을 통해 투자자를 안내한다.
finance,02,금융·재테크,True,8b,Groq Llama 3.1 8B,10,알뜰폰KT,990,알뜰폰 KT 가격 비교와 전망,compare,tip,알뜰폰 KT 가격을 비교하고 전망을 분석한다.
finance,02,금융·재테크,True,8b,Groq Llama 3.1 8B,10,임대소득신고,990,임대소득 신고 방법과 전망,info,issue,임대소득 신고 방법과 관련된 전망을 분석한다.
finance,02,금융·재테크,True,8b,Groq Llama 3.1 8B,10,정부대환대출,990,정부 대환 대출 전망과 분석 포인트,info,issue,정부 대환 대출의 전망과 분석 포인트를 정리한다.
finance,02,금융·재테크,True,8b,Groq Llama 3.1 8B,10,주식잘하는법,990,주식 잘하는 법과 전망,howto,tip,주식 잘하는 법을 소개하고 전망을 분석한다.
finance,02,금융·재테크,True,8b,Groq Llama 3.1 8B,10,증권앱,990,증권 앱 비교와 전망,compare,issue,증권 앱을 비교하고 전망을 분석한다.
finance,02,금융·재테크,True,8b,Groq Llama 3.1 8B,10,퇴사후실업급여,990,퇴사 후 실업 급여 전망과 분석,info,issue,퇴사 후 실업 급여의 전망과 분석을 통해 투자자를 안내한다.
finance,02,금융·재테크,True,8b,Groq Llama 3.1 8B,10,퇴직연금수익률,990,퇴직 연금 수익률 전망과 비교 분석,compare,tip,퇴직 연금 수익률을 비교하고 전망을 분석한다.
finance,02,금융·재테크,True,8b,Groq Llama 3.1 8B,10,한국주식거래소,990,한국 주식 거래소 전망과 분석,info,issue,한국 주식 거래소의 전망과 분석을 통해 투자자를 안내한다.
finance,02,금융·재테크,True,8b,Groq Llama 3.1 8B,10,고령자계속고용장려금,980,고령자 계속 고용 장려금 전망과 주요 혜택,info,tip,고령자 계속 고용 장려금의 혜택과 전망을 알아보세요.
finance,02,금융·재테크,True,8b,Groq Llama 3.1 8B,10,근로내용확인신고,980,"근로내용 확인 신고: 어떻게 하며, 어떤 내용을 신고해야 할까요?",howto,start,근로내용 확인 신고의 절차와 방법을 알려드립니다.
finance,02,금융·재테크,True,8b,Groq Llama 3.1 8B,10,금융변호사,980,금융 변호사: 전문가의 역할과 중요성,info,issue,금융 변호사의 역할과 중요성을 알아보세요.
finance,02,금융·재테크,True,8b,Groq Llama 3.1 8B,10,메타버스관련주,980,메타버스 관련 주식: 현재 전망과 투자 포인트,info,compare,메타버스 관련 주식의 현재 전망과 투자 포인트를 비교해 보세요.
finance,02,금융·재테크,True,8b,Groq Llama 3.1 8B,10,저평가주식,980,저평가 주식: 전망과 투자 전략,info,tip,저평가 주식의 전망과 투자 전략을 알아보세요.
finance,02,금융·재테크,True,8b,Groq Llama 3.1 8B,10,고배당주식,970,고배당 주식: 전망과 투자 포인트,info,compare,고배당 주식의 현재 전망과 투자 포인트를 비교해 보세요.
finance,02,금융·재테크,True,8b,Groq Llama 3.1 8B,10,뿌리기업,970,뿌리기업: 성장 전망과 투자 포인트,info,tip,뿌리기업의 성장 전망과 투자 포인트를 알아보세요.
finance,02,금융·재테크,True,8b,Groq Llama 3.1 8B,10,서울신축아파트,970,서울 신축 아파트: 가격 전망과 투자 포인트,info,compare,서울 신축 아파트의 가격 전망과 투자 포인트를 비교해 보세요.
finance,02,금융·재테크,True,8b,Groq Llama 3.1 8B,10,연금저축이벤트,970,연금 저축 이벤트: 혜택과 전망,info,tip,연금 저축 이벤트의 혜택과 전망을 알아보세요.
finance,02,금융·재테크,True,8b,Groq Llama 3.1 8B,10,연말정산세액공제,970,연말 정산 세액 공제: 방법과 혜택,howto,start,연말 정산 세액 공제의 방법과 혜택을 알려드립니다.
finance,02,금융·재테크,True,gemini,Gemini Flash Lite,25,삼성전자주가,35907700,"삼성전자주가 흐름 분석, 투자자가 주목해야 할 핵심 변수",info,issue,최근 삼성전자주가 변동 요인과 시장의 주요 분석 포인트들을 정리합니다.
finance,02,금융·재테크,True,gemini,Gemini Flash Lite,25,환율,22361600,환율 변동이 경제에 미치는 영향과 이해하기 쉬운 기초 상식,info,start,환율의 개념과 경제 전반에 끼치는 영향력을 알기 쉽게 설명합니다.
finance,02,금융·재테크,True,gemini,Gemini Flash Lite,25,금시세,4941100,금시세 변화와 안전자산으로서의 가치 분석,info,issue,최근 금시세 추이를 살펴보고 안전자산 투자 시 고려할 사항을 분석합니다.
finance,02,금융·재테크,True,gemini,Gemini Flash Lite,25,미국증시,4787800,미국증시 주요 지표 읽는 법과 투자 전략 세우기,howto,howto,미국증시를 파악하기 위해 반드시 확인해야 할 지표와 분석 방법을 안내합니다.
finance,02,금융·재테크,True,gemini,Gemini Flash Lite,25,달러환율,4566200,달러환율 추이와 환테크를 위한 기초적인 이해,info,tip,달러환율의 변화 원인을 분석하고 환테크를 시작하려는 분들을 위한 정보를 제공합니다.
finance,02,금융·재테크,True,gemini,Gemini Flash Lite,25,코스피지수,4213100,코스피지수란 무엇인가? 시장 흐름을 읽는 지표 해석법,info,start,코스피지수의 의미와 시장 상황을 파악하는 기초 지표 해석 방법을 다룹니다.
finance,02,금융·재테크,True,gemini,Gemini Flash Lite,25,나스닥선물,3699300,나스닥선물 지표로 예측하는 다음 날 증시 방향성,info,tip,나스닥선물 지수가 실제 증시에 어떤 영향을 주는지 분석하는 방법을 소개합니다.
finance,02,금융·재테크,True,gemini,Gemini Flash Lite,25,미국환율,3160300,미국환율 변화가 해외 주식 투자에 미치는 영향 분석,info,issue,미국환율 변동이 투자 수익률에 어떤 영향을 주는지 분석 포인트를 짚어봅니다.
finance,02,금융·재테크,True,gemini,Gemini Flash Lite,25,나스닥,2272000,나스닥 시장의 주요 특징과 투자 시 확인해야 할 사항,info,start,기술주 중심의 나스닥 시장을 이해하고 투자 시 유의할 점을 설명합니다.
finance,02,금융·재테크,True,gemini,Gemini Flash Lite,25,검색상위종목,2216300,검색상위종목 분석을 통해 보는 현재 시장의 관심사,info,issue,검색상위종목 데이터를 통해 현재 투자자들이 주목하는 시장 트렌드를 분석합니다.
finance,02,금융·재테크,True,gemini,Gemini Flash Lite,25,국제유가,2208800,국제유가 변동이 물가와 경제에 미치는 파급 효과,info,issue,국제유가 상승과 하락이 실물 경제와 투자 시장에 주는 영향을 분석합니다.
finance,02,금융·재테크,True,gemini,Gemini Flash Lite,25,코스닥,1760600,코스닥 시장의 특징과 투자 전 체크리스트,checklist,tip,코스닥 시장의 변동성을 이해하고 투자 전 반드시 확인해야 할 체크리스트를 제공합니다.
finance,02,금융·재테크,True,gemini,Gemini Flash Lite,25,삼성전자주식,1412900,삼성전자주식 보유자가 알아야 할 기업 실적과 전망,info,issue,삼성전자주식 투자와 관련하여 기업의 최신 실적과 향후 전망을 분석합니다.
finance,02,금융·재테크,True,gemini,Gemini Flash Lite,25,국제금시세,1370900,국제금시세 결정 요인과 글로벌 경제 상황 분석,info,issue,국제금시세가 움직이는 원리와 글로벌 경제 지표와의 상관관계를 설명합니다.
finance,02,금융·재테크,True,gemini,Gemini Flash Lite,25,원달러환율,1349800,원달러환율 변동성 대응을 위한 기초 지식과 분석,info,tip,원달러환율의 흐름을 파악하고 경제 변화에 대응하는 기초 지식을 전달합니다.
finance,02,금융·재테크,True,gemini,Gemini Flash Lite,25,주식시세,1293600,주식시세 확인하는 법과 차트 분석의 기초,howto,howto,주식시세를 조회하고 기본적인 차트 흐름을 읽는 방법을 안내합니다.
finance,02,금융·재테크,True,gemini,Gemini Flash Lite,25,엔화,1207400,엔화 가치 변동과 일본 경제 흐름에 대한 분석,info,issue,최근 엔화 가치 변화의 원인을 분석하고 일본 경제의 주요 흐름을 짚어봅니다.
finance,02,금융·재테크,True,gemini,Gemini Flash Lite,25,주가지수,1150200,주가지수란? 초보자를 위한 시장 지표 보는 법,info,start,주가지수의 개념을 정의하고 시장 상황을 파악하는 기초 지표 활용법을 다룹니다.
finance,02,금융·재테크,True,gemini,Gemini Flash Lite,25,증시,1099600,증시 흐름을 파악하기 위한 주요 경제 뉴스 읽는 법,howto,tip,증시 상황을 이해하기 위해 매일 챙겨봐야 할 경제 뉴스와 지표를 소개합니다.
finance,02,금융·재테크,True,gemini,Gemini Flash Lite,25,카카오주가,1083800,카카오주가 최근 이슈와 기업의 사업 방향성 분석,info,issue,카카오주가의 변동 요인과 기업의 현재 사업 전략을 분석합니다.
finance,02,금융·재테크,True,gemini,Gemini Flash Lite,25,엔비디아주가,949700,엔비디아주가 움직임으로 보는 AI 산업의 현재와 전망,info,issue,엔비디아주가를 통해 AI 반도체 산업의 흐름과 향후 전망을 분석합니다.
finance,02,금융·재테크,True,gemini,Gemini Flash Lite,25,다우지수,862300,다우지수 구성과 미국 경제를 읽는 방법,info,start,다우지수의 구성 종목과 이것이 미국 경제에 갖는 의미를 설명합니다.
finance,02,금융·재테크,True,gemini,Gemini Flash Lite,25,테슬라주가,854700,테슬라주가 변동성 분석과 전기차 시장의 주요 이슈,info,issue,테슬라주가에 영향을 주는 주요 이슈와 전기차 시장의 흐름을 정리합니다.
finance,02,금융·재테크,True,gemini,Gemini Flash Lite,25,유럽증시,836000,유럽증시 주요 지표와 글로벌 경제에 미치는 영향,info,issue,유럽증시의 흐름을 파악하고 이것이 글로벌 경제에 어떤 영향을 주는지 분석합니다.
finance,02,금융·재테크,True,gemini,Gemini Flash Lite,25,나스닥종합,800000,"나스닥종합 지수 이해하기, 시장을 읽는 핵심 포인트",info,start,나스닥종합 지수의 구성과 시장 분석 시 참고해야 할 핵심 포인트를 정리합니다.
finance,02,금융·재테크,True,gemini,Gemini Flash Lite,25,로컬크리에이터,990,로컬크리에이터 지원사업 자격 요건과 사업계획서 작성 팁,howto,start,지역 가치를 창출하는 로컬크리에이터의 정의와 정부 지원사업 신청을 위한 준비 과정을 안내합니다.
finance,02,금융·재테크,True,gemini,Gemini Flash Lite,25,모바일카드,990,실물 없는 모바일카드 발급 방법과 주요 혜택 비교,compare,tip,지갑 없이 결제하는 모바일카드의 종류별 특징과 스마트한 사용법을 비교 분석합니다.
finance,02,금융·재테크,True,gemini,Gemini Flash Lite,25,미국주식거래방법,990,초보자를 위한 미국주식거래방법 및 계좌 개설부터 매매까지,howto,howto,"미국 주식 투자를 시작하려는 분들을 위해 증권사 선택부터 환전, 주문 방식까지 상세히 설명합니다."
finance,02,금융·재테크,True,gemini,Gemini Flash Lite,25,미국주식전망,990,하반기 미국주식전망과 투자자가 주목해야 할 매크로 지표,info,issue,미국 시장의 주요 경제 지표를 통해 향후 주식 시장의 흐름과 투자 시 고려할 점을 분석합니다.
finance,02,금융·재테크,True,gemini,Gemini Flash Lite,25,보험사종류,990,보험사종류별 특징과 나에게 맞는 보험 선택 기준 정리,compare,compare,생명보험사와 손해보험사의 차이점을 이해하고 개인의 상황에 맞는 보험 설계 가이드를 제공합니다.
finance,02,금융·재테크,True,gemini,Gemini Flash Lite,25,스마트폰부업,990,시간과 장소 제약 없는 스마트폰부업 현실적인 방법과 주의사항,info,tip,스마트폰으로 할 수 있는 다양한 부업의 종류와 수익 창출을 위한 실질적인 가이드를 다룹니다.
finance,02,금융·재테크,True,gemini,Gemini Flash Lite,25,신용보증재단대출,990,신용보증재단대출 신청 자격과 소상공인을 위한 보증 절차,howto,howto,소상공인이 자금을 융통할 때 활용하는 신용보증재단대출의 신청 방법과 필요 서류를 정리합니다.
finance,02,금융·재테크,True,gemini,Gemini Flash Lite,25,알뜰폰KT,990,알뜰폰KT 통신사 선택 시 고려할 요금제 비교와 장단점,compare,compare,KT 망을 사용하는 알뜰폰 사업자들의 요금제 특징을 비교하여 합리적인 통신비 절약 방법을 제시합니다.
finance,02,금융·재테크,True,gemini,Gemini Flash Lite,25,임대소득신고,990,주택 임대소득신고 대상 확인과 종합소득세 신고 방법,howto,tip,임대 사업자가 반드시 알아야 할 소득 신고 기준과 세금 계산 시 주의사항을 설명합니다.
finance,02,금융·재테크,True,gemini,Gemini Flash Lite,25,정부대환대출,990,고금리 부담 덜어주는 정부대환대출 종류와 신청 조건,info,tip,이자 부담을 낮출 수 있는 정부 지원 대환대출 프로그램의 자격 요건과 활용법을 안내합니다.
finance,02,금융·재테크,True,gemini,Gemini Flash Lite,25,주식잘하는법,990,"주식잘하는법, 수익률보다 중요한 리스크 관리와 원칙 세우기",info,tip,투자의 기본기를 다지고 장기적으로 성공하기 위한 주식 투자 마인드와 분석 습관을 제안합니다.
finance,02,금융·재테크,True,gemini,Gemini Flash Lite,25,증권앱,990,사용자 편의성 중심의 증권앱 추천 및 기능 비교 분석,compare,review,주식 초보자와 숙련자를 위한 주요 증권사 앱의 인터페이스와 수수료 혜택을 비교합니다.
finance,02,금융·재테크,True,gemini,Gemini Flash Lite,25,퇴사후실업급여,990,퇴사후실업급여 신청 자격과 수급 기간 확인하는 법,howto,howto,직장을 그만둔 후 실업급여를 받기 위한 필수 요건과 신청 절차를 단계별로 정리합니다.
finance,02,금융·재테크,True,gemini,Gemini Flash Lite,25,퇴직연금수익률,990,내 퇴직연금수익률 높이는 운용 전략과 상품 변경 팁,info,tip,방치하기 쉬운 퇴직연금의 수익률을 점검하고 포트폴리오를 재구성하는 방법을 안내합니다.
finance,02,금융·재테크,True,gemini,Gemini Flash Lite,25,한국주식거래소,990,한국주식거래소 운영 시간과 주식 거래 시스템의 이해,info,start,"한국 증시의 거래 시간, 휴장일 등 투자자가 기본적으로 알아야 할 거래소 정보를 설명합니다."
finance,02,금융·재테크,True,gemini,Gemini Flash Lite,25,고령자계속고용장려금,980,고령자계속고용장려금 지원 대상과 기업이 챙겨야 할 혜택,info,issue,정년 연장이나 재고용을 시행하는 기업을 위한 고령자 계속고용장려금의 지원 규모와 신청법을 다룹니다.
finance,02,금융·재테크,True,gemini,Gemini Flash Lite,25,근로내용확인신고,980,사업주를 위한 근로내용확인신고 작성법과 제출 기한,howto,howto,일용근로자의 고용보험 관리를 위한 근로내용확인신고 절차와 주의사항을 설명합니다.
finance,02,금융·재테크,True,gemini,Gemini Flash Lite,25,금융변호사,980,금융변호사가 알려주는 투자 피해 예방과 법적 대응 가이드,info,tip,금융 거래 중 발생할 수 있는 분쟁 상황에서 금융변호사의 역할과 대응 전략을 알아봅니다.
finance,02,금융·재테크,True,gemini,Gemini Flash Lite,25,메타버스관련주,980,메타버스관련주 현황과 산업 성장 가능성 분석,info,issue,메타버스 기술의 현재와 관련 기업들의 시장 지위를 통해 산업의 미래를 전망합니다.
finance,02,금융·재테크,True,gemini,Gemini Flash Lite,25,저평가주식,980,"저평가주식 찾는 법, 재무제표로 알아보는 가치 분석 지표",howto,tip,"PER, PBR 등 주요 지표를 활용해 내재 가치 대비 저평가된 주식을 선별하는 방법을 제시합니다."
finance,02,금융·재테크,True,gemini,Gemini Flash Lite,25,고배당주식,970,현금 흐름을 만드는 고배당주식 투자 시 주의할 체크리스트,checklist,tip,배당 수익률만 보지 말고 지속 가능성을 확인해야 하는 고배당주 투자 분석 포인트를 정리합니다.
finance,02,금융·재테크,True,gemini,Gemini Flash Lite,25,뿌리기업,970,뿌리기업 지원 정책과 중소기업을 위한 자금 조달 방안,info,local,제조업의 근간인 뿌리기업을 위한 정부 지원책과 경영 자금 확보 전략을 소개합니다.
finance,02,금융·재테크,True,gemini,Gemini Flash Lite,25,서울신축아파트,970,서울신축아파트 청약 전략과 입지 분석 핵심 포인트,info,local,서울 지역 내 신축 아파트 분양 시장의 흐름과 청약 시 고려해야 할 입지적 요소를 분석합니다.
finance,02,금융·재테크,True,gemini,Gemini Flash Lite,25,연금저축이벤트,970,연금저축이벤트 활용해 수수료 절감하고 혜택 챙기는 법,compare,tip,증권사별 연금저축 계좌 개설 이벤트를 비교하고 효과적으로 가입하는 팁을 제공합니다.
finance,02,금융·재테크,True,gemini,Gemini Flash Lite,25,연말정산세액공제,970,연말정산세액공제 항목 확인하고 13월의 월급 챙기는 법,checklist,tip,연말정산 시 놓치기 쉬운 세액공제 항목을 점검하고 절세 전략을 수립하는 방법을 다룹니다.
finance,02,금융·재테크,True,scout,Groq Scout 17B,25,삼성전자주가,35907700,삼성전자 주가 전망과 핵심 투자 포인트,info,issue,삼성전자 주가 흐름과 투자자가 알아야 할 분석 포인트를 정리한다.
finance,02,금융·재테크,True,scout,Groq Scout 17B,25,환율,22361600,최근 환율 변동 추이와 경제 영향 분석,info,issue,현재 환율 변동 상황과 이것이 경제에 미치는 영향을 분석한다.
finance,02,금융·재테크,True,scout,Groq Scout 17B,25,금시세,4941100,금시세 변동 전망과 투자 전략,info,tip,금시세의 최근 변동 추이와 향후 전망을 바탕으로 한 투자 전략을 제시한다.
finance,02,금융·재테크,True,scout,Groq Scout 17B,25,미국증시,4787800,미국 증시 현황과 전망,info,review,현재 미국 증시의 상황과 향후 전망을 정리한다.
finance,02,금융·재테크,True,scout,Groq Scout 17B,25,달러환율,4566200,달러 환율 변동과 수출입 영향,info,issue,달러 환율 변동이 수출입에 미치는 영향을 분석한다.
finance,02,금융·재테크,True,scout,Groq Scout 17B,25,코스피지수,4213100,코스피 지수 전망과 투자 포인트,info,issue,코스피 지수의 최근 변동 추이와 투자자가 알아야 할 포인트를 정리한다.
finance,02,금융·재테크,True,scout,Groq Scout 17B,25,나스닥선물,3699300,나스닥 선물 투자 전략과 주의사항,howto,tip,나스닥 선물 투자에 필요한 전략과 주의사항을 제시한다.
finance,02,금융·재테크,True,scout,Groq Scout 17B,25,미국환율,3160300,미국 환율 정책과 글로벌 경제 영향,info,issue,미국의 환율 정책이 글로벌 경제에 미치는 영향을 분석한다.
finance,02,금융·재테크,True,scout,Groq Scout 17B,25,나스닥,2272000,나스닥 지수 전망과 투자 전략,info,review,나스닥 지수의 최근 변동 추이와 향후 전망을 바탕으로 한 투자 전략을 제시한다.
finance,02,금융·재테크,True,scout,Groq Scout 17B,25,검색상위종목,2216300,현재 검색 상위 종목 분석과 투자 포인트,info,review,현재 검색량이 많은 상위 종목들의 분석과 투자 포인트를 정리한다.
finance,02,금융·재테크,True,scout,Groq Scout 17B,25,국제유가,2208800,국제 유가 변동과 경제 영향,info,issue,국제 유가의 변동이 경제에 미치는 영향을 분석한다.
finance,02,금융·재테크,True,scout,Groq Scout 17B,25,코스닥,1760600,코스닥 지수 전망과 투자 전략,info,review,코스닥 지수의 최근 변동 추이와 향후 전망을 바탕으로 한 투자 전략을 제시한다.
finance,02,금융·재테크,True,scout,Groq Scout 17B,25,삼성전자주식,1412900,삼성전자 주식 투자 전략과 전망,info,tip,삼성전자 주식의 최근 변동 추이와 투자 전략을 제시한다.
finance,02,금융·재테크,True,scout,Groq Scout 17B,25,국제금시세,1370900,국제 금 시세 변동과 투자 포인트,info,issue,국제 금 시세의 변동과 투자자가 알아야 할 포인트를 정리한다.
finance,02,금융·재테크,True,scout,Groq Scout 17B,25,원달러환율,1349800,원달러 환율 변동과 수출입 영향,info,issue,원달러 환율 변동이 수출입에 미치는 영향을 분석한다.
finance,02,금융·재테크,True,scout,Groq Scout 17B,25,주식시세,1293600,현재 주식 시세와 투자 전략,info,review,현재 주식 시세와 투자 전략을 정리한다.
finance,02,금융·재테크,True,scout,Groq Scout 17B,25,엔화,1207400,엔화 가치 변동과 경제 영향,info,issue,엔화 가치 변동이 경제에 미치는 영향을 분석한다.
finance,02,금융·재테크,True,scout,Groq Scout 17B,25,주가지수,1150200,주가지수 전망과 투자 포인트,info,issue,주가지수의 최근 변동 추이와 투자자가 알아야 할 포인트를 정리한다.
finance,02,금융·재테크,True,scout,Groq Scout 17B,25,증시,1099600,현재 증시 현황과 전망,info,review,현재 증시의 상황과 향후 전망을 정리한다.
finance,02,금융·재테크,True,scout,Groq Scout 17B,25,카카오주가,1083800,카카오 주가 전망과 투자 전략,info,tip,카카오 주가 변동 추이와 투자 전략을 제시한다.
finance,02,금융·재테크,True,scout,Groq Scout 17B,25,엔비디아주가,949700,엔비디아 주가 전망과 투자 포인트,info,issue,엔비디아 주가 흐름과 투자자가 알아야 할 분석 포인트를 정리한다.
finance,02,금융·재테크,True,scout,Groq Scout 17B,25,다우지수,862300,다우 지수 전망과 투자 전략,info,review,다우 지수의 최근 변동 추이와 향후 전망을 바탕으로 한 투자 전략을 제시한다.
finance,02,금융·재테크,True,scout,Groq Scout 17B,25,테슬라주가,854700,테슬라 주가 전망과 투자 포인트,info,issue,테슬라 주가 흐름과 투자자가 알아야 할 분석 포인트를 정리한다.
finance,02,금융·재테크,True,scout,Groq Scout 17B,25,유럽증시,836000,유럽 증시 현황과 전망,info,review,현재 유럽 증시의 상황과 향후 전망을 정리한다.
finance,02,금융·재테크,True,scout,Groq Scout 17B,25,나스닥종합,800000,나스닥 종합 지수 전망과 투자 전략,info,review,나스닥 종합 지수의 최근 변동 추이와 향후 전망을 바탕으로 한 투자 전략을 제시한다.
finance,02,금융·재테크,True,scout,Groq Scout 17B,25,로컬크리에이터,990,로컬크리에이터 되는 법과 지원 혜택,howto,howto,"로컬크리에이터의 개념과 되는 방법, 지원 혜택을 소개한다."
finance,02,금융·재테크,True,scout,Groq Scout 17B,25,모바일카드,990,모바일카드 종류와 발급 방법 비교,compare,compare,다양한 모바일카드의 종류와 발급 방법을 비교 분석한다.
finance,02,금융·재테크,True,scout,Groq Scout 17B,25,미국주식거래방법,990,미국 주식 거래 방법과 주의사항,howto,howto,미국 주식 거래를 위한 방법과 주의사항을 안내한다.
finance,02,금융·재테크,True,scout,Groq Scout 17B,25,미국주식전망,990,미국 주식 시장 전망과 투자 전략,info,issue,현재 미국 주식 시장의 전망과 투자 전략을 분석한다.
finance,02,금융·재테크,True,scout,Groq Scout 17B,25,보험사종류,990,대한민국 보험사 종류와 특징 정리,info,review,다양한 보험사의 종류와 특징을 정리한다.
finance,02,금융·재테크,True,scout,Groq Scout 17B,25,스마트폰부업,990,스마트폰으로 할 수 있는 부업 아이디어,howto,tip,스마트폰을 활용한 다양한 부업 아이디어를 소개한다.
finance,02,금융·재테크,True,scout,Groq Scout 17B,25,신용보증재단대출,990,신용보증재단 대출 조건과 신청 방법,howto,howto,신용보증재단 대출의 조건과 신청 방법을 안내한다.
finance,02,금융·재테크,True,scout,Groq Scout 17B,25,알뜰폰KT,990,KT 알뜰폰 요금제 비교와 선택 팁,compare,compare,KT 알뜰폰의 다양한 요금제를 비교하고 선택하는 팁을 제공한다.
finance,02,금융·재테크,True,scout,Groq Scout 17B,25,임대소득신고,990,임대 소득 신고 방법과 절세 팁,howto,howto,임대 소득 신고 방법과 절세하는 팁을 소개한다.
finance,02,금융·재테크,True,scout,Groq Scout 17B,25,정부대환대출,990,정부 지원 대환대출 조건과 신청 방법,howto,howto,정부 지원 대환대출의 조건과 신청 방법을 안내한다.
finance,02,금융·재테크,True,scout,Groq Scout 17B,25,주식잘하는법,990,주식 잘하는 법과 투자 전략 소개,howto,tip,주식을 잘하는 법과 효과적인 투자 전략을 소개한다.
finance,02,금융·재테크,True,scout,Groq Scout 17B,25,증권앱,990,추천 증권 앱과 투자 활용법,review,review,다양한 증권 앱을 리뷰하고 투자에 활용하는 법을 소개한다.
finance,02,금융·재테크,True,scout,Groq Scout 17B,25,퇴사후실업급여,990,퇴사 후 실업급여 신청 방법과 조건,howto,howto,퇴사 후 실업급여를 신청하는 방법과 조건을 안내한다.
finance,02,금융·재테크,True,scout,Groq Scout 17B,25,퇴직연금수익률,990,퇴직연금 수익률 높이는 투자 전략,info,issue,퇴직연금의 수익률을 높이는 투자 전략을 분석한다.
finance,02,금융·재테크,True,scout,Groq Scout 17B,25,한국주식거래소,990,한국 주식 거래소 이용 방법과 특징,howto,howto,한국 주식 거래소의 이용 방법과 특징을 소개한다.
finance,02,금융·재테크,True,scout,Groq Scout 17B,25,고령자계속고용장려금,980,고령자 계속 고용 장려금 지원 조건,info,issue,고령자 계속 고용 장려금의 지원 조건을 안내한다.
finance,02,금융·재테크,True,scout,Groq Scout 17B,25,근로내용확인신고,980,근로내용 확인 신고 방법과 필요 서류,howto,howto,근로내용 확인 신고 방법과 필요 서류를 안내한다.
finance,02,금융·재테크,True,scout,Groq Scout 17B,25,금융변호사,980,금융 변호사 역할과 선임 필요성,info,review,금융 변호사의 역할과 선임 필요성을 분석한다.
finance,02,금융·재테크,True,scout,Groq Scout 17B,25,메타버스관련주,980,메타버스 관련주 투자 전망과 분석,info,issue,메타버스 관련주의 투자 전망과 분석 포인트를 정리한다.
finance,02,금융·재테크,True,scout,Groq Scout 17B,25,저평가주식,980,저평가 주식 찾는 법과 투자 전략,howto,tip,저평가 주식을 찾는 법과 투자 전략을 소개한다.
finance,02,금융·재테크,True,scout,Groq Scout 17B,25,고배당주식,970,고배당 주식 투자 전략과 주의사항,info,issue,고배당 주식의 투자 전략과 주의사항을 분석한다.
finance,02,금융·재테크,True,scout,Groq Scout 17B,25,뿌리기업,970,뿌리기업 지원 정책과 혜택 소개,info,issue,뿌리기업 지원 정책과 혜택을 소개한다.
finance,02,금융·재테크,True,scout,Groq Scout 17B,25,서울신축아파트,970,서울 신축 아파트 투자 전망과 분석,info,issue,서울 신축 아파트의 투자 전망과 분석 포인트를 정리한다.
finance,02,금융·재테크,True,scout,Groq Scout 17B,25,연금저축이벤트,970,연금저축 이벤트 혜택과 가입 방법,info,review,연금저축 이벤트의 혜택과 가입 방법을 안내한다.
finance,02,금융·재테크,True,scout,Groq Scout 17B,25,연말정산세액공제,970,연말정산 세액공제 항목과 절세 팁,howto,tip,연말정산 세액공제 항목과 절세하는 팁을 소개한다.
finance,02,금융·재테크,True,8b,Groq Llama 3.1 8B,25,삼성전자주가,35907700,삼성전자 주가 전망과 핵심 투자 포인트,info,issue,삼성전자 주가 흐름과 투자자가 알아야 할 분석 포인트를 정리한다.
finance,02,금융·재테크,True,8b,Groq Llama 3.1 8B,25,환율,22361600,환율 전망과 분석 포인트: 현재 상황과 향후 전망,info,issue,환율 전망과 현재 상황을 분석하고 향후 전망을 예측한다.
finance,02,금융·재테크,True,8b,Groq Llama 3.1 8B,25,금시세,4941100,금시세 전망과 투자 포인트: 금융 시장 분석,info,issue,금시세 전망과 금융 시장 분석을 통해 투자자가 알아야 할 포인트를 정리한다.
finance,02,금융·재테크,True,8b,Groq Llama 3.1 8B,25,미국증시,4787800,미국 증시 전망과 분석 포인트: 현재 상황과 향후 전망,info,issue,미국 증시 전망과 현재 상황을 분석하고 향후 전망을 예측한다.
finance,02,금융·재테크,True,8b,Groq Llama 3.1 8B,25,달러환율,4566200,달러 환율 전망과 투자 포인트: 금융 시장 분석,info,issue,달러 환율 전망과 금융 시장 분석을 통해 투자자가 알아야 할 포인트를 정리한다.
finance,02,금융·재테크,True,8b,Groq Llama 3.1 8B,25,코스피지수,4213100,코스피 지수 전망과 분석 포인트: 현재 상황과 향후 전망,info,issue,코스피 지수 전망과 현재 상황을 분석하고 향후 전망을 예측한다.
finance,02,금융·재테크,True,8b,Groq Llama 3.1 8B,25,나스닥선물,3699300,나스닥 선물 전망과 투자 포인트: 금융 시장 분석,info,issue,나스닥 선물 전망과 금융 시장 분석을 통해 투자자가 알아야 할 포인트를 정리한다.
finance,02,금융·재테크,True,8b,Groq Llama 3.1 8B,25,미국환율,3160300,미국 환율 전망과 분석 포인트: 현재 상황과 향후 전망,info,issue,미국 환율 전망과 현재 상황을 분석하고 향후 전망을 예측한다.
finance,02,금융·재테크,True,8b,Groq Llama 3.1 8B,25,나스닥,2272000,나스닥 전망과 투자 포인트: 금융 시장 분석,info,issue,나스닥 전망과 금융 시장 분석을 통해 투자자가 알아야 할 포인트를 정리한다.
finance,02,금융·재테크,True,8b,Groq Llama 3.1 8B,25,검색상위종목,2216300,검색 상위 종목 전망과 분석 포인트: 현재 상황과 향후 전망,info,issue,검색 상위 종목 전망과 현재 상황을 분석하고 향후 전망을 예측한다.
finance,02,금융·재테크,True,8b,Groq Llama 3.1 8B,25,국제유가,2208800,국제 유가 전망과 투자 포인트: 금융 시장 분석,info,issue,국제 유가 전망과 금융 시장 분석을 통해 투자자가 알아야 할 포인트를 정리한다.
finance,02,금융·재테크,True,8b,Groq Llama 3.1 8B,25,코스닥,1760600,코스닥 전망과 분석 포인트: 현재 상황과 향후 전망,info,issue,코스닥 전망과 현재 상황을 분석하고 향후 전망을 예측한다.
finance,02,금융·재테크,True,8b,Groq Llama 3.1 8B,25,삼성전자주식,1412900,삼성전자 주식 전망과 투자 포인트: 금융 시장 분석,info,issue,삼성전자 주식 전망과 금융 시장 분석을 통해 투자자가 알아야 할 포인트를 정리한다.
finance,02,금융·재테크,True,8b,Groq Llama 3.1 8B,25,국제금시세,1370900,국제 금시세 전망과 분석 포인트: 현재 상황과 향후 전망,info,issue,국제 금시세 전망과 현재 상황을 분석하고 향후 전망을 예측한다.
finance,02,금융·재테크,True,8b,Groq Llama 3.1 8B,25,원달러환율,1349800,원 달러 환율 전망과 투자 포인트: 금융 시장 분석,info,issue,원 달러 환율 전망과 금융 시장 분석을 통해 투자자가 알아야 할 포인트를 정리한다.
finance,02,금융·재테크,True,8b,Groq Llama 3.1 8B,25,주식시세,1293600,주식 시세 전망과 분석 포인트: 현재 상황과 향후 전망,info,issue,주식 시세 전망과 현재 상황을 분석하고 향후 전망을 예측한다.
finance,02,금융·재테크,True,8b,Groq Llama 3.1 8B,25,엔화,1207400,엔 화 전망과 투자 포인트: 금융 시장 분석,info,issue,엔 화 전망과 금융 시장 분석을 통해 투자자가 알아야 할 포인트를 정리한다.
finance,02,금융·재테크,True,8b,Groq Llama 3.1 8B,25,주가지수,1150200,주가 지수 전망과 분석 포인트: 현재 상황과 향후 전망,info,issue,주가 지수 전망과 현재 상황을 분석하고 향후 전망을 예측한다.
finance,02,금융·재테크,True,8b,Groq Llama 3.1 8B,25,증시,1099600,증시 전망과 투자 포인트: 금융 시장 분석,info,issue,증시 전망과 금융 시장 분석을 통해 투자자가 알아야 할 포인트를 정리한다.
finance,02,금융·재테크,True,8b,Groq Llama 3.1 8B,25,카카오주가,1083800,카카오 주가 전망과 분석 포인트: 현재 상황과 향후 전망,info,issue,카카오 주가 전망과 현재 상황을 분석하고 향후 전망을 예측한다.
finance,02,금융·재테크,True,8b,Groq Llama 3.1 8B,25,엔비디아주가,949700,엔비디아 주가 전망과 투자 포인트: 금융 시장 분석,info,issue,엔비디아 주가 전망과 금융 시장 분석을 통해 투자자가 알아야 할 포인트를 정리한다.
finance,02,금융·재테크,True,8b,Groq Llama 3.1 8B,25,다우지수,862300,다우 지수 전망과 분석 포인트: 현재 상황과 향후 전망,info,issue,다우 지수 전망과 현재 상황을 분석하고 향후 전망을 예측한다.
finance,02,금융·재테크,True,8b,Groq Llama 3.1 8B,25,테슬라주가,854700,테슬라 주가 전망과 투자 포인트: 금융 시장 분석,info,issue,테슬라 주가 전망과 금융 시장 분석을 통해 투자자가 알아야 할 포인트를 정리한다.
finance,02,금융·재테크,True,8b,Groq Llama 3.1 8B,25,유럽증시,836000,유럽 증시 전망과 분석 포인트: 현재 상황과 향후 전망,info,issue,유럽 증시 전망과 현재 상황을 분석하고 향후 전망을 예측한다.
finance,02,금융·재테크,True,8b,Groq Llama 3.1 8B,25,나스닥종합,800000,나스닥 종합 전망과 투자 포인트: 금융 시장 분석,info,issue,나스닥 종합 전망과 금융 시장 분석을 통해 투자자가 알아야 할 포인트를 정리한다.
finance,02,금융·재테크,True,8b,Groq Llama 3.1 8B,25,로컬크리에이터,990,로컬 크리에이터 사업 전망과 성공 요인,info,tip,로컬 크리에이터 사업의 전망과 성공 요인을 분석하여 사업을 시작하는 분들에게 도움이 되는 정보를 제공한다.
finance,02,금융·재테크,True,8b,Groq Llama 3.1 8B,25,모바일카드,990,모바일 카드의 혜택과 비교 분석,compare,howto,모바일 카드의 혜택과 비교 분석을 통해 가장 적합한 카드를 선택하는 방법을 알려준다.
finance,02,금융·재테크,True,8b,Groq Llama 3.1 8B,25,미국주식거래방법,990,미국 주식 거래 방법의 전망과 분석,info,issue,미국 주식 거래 방법의 전망과 분석을 통해 투자자가 알아야 할 정보를 제공한다.
finance,02,금융·재테크,True,8b,Groq Llama 3.1 8B,25,미국주식전망,990,미국 주식 전망과 투자 포인트,info,tip,미국 주식 전망과 투자 포인트를 분석하여 투자자가 알아야 할 정보를 제공한다.
finance,02,금융·재테크,True,8b,Groq Llama 3.1 8B,25,보험사종류,990,보험사 종류와 비교 분석,compare,howto,보험사 종류와 비교 분석을 통해 가장 적합한 보험사를 선택하는 방법을 알려준다.
finance,02,금융·재테크,True,8b,Groq Llama 3.1 8B,25,스마트폰부업,990,스마트폰 부업의 이익과 전망,info,issue,스마트폰 부업의 이익과 전망을 분석하여 부업을 시작하는 분들에게 도움이 되는 정보를 제공한다.
finance,02,금융·재테크,True,8b,Groq Llama 3.1 8B,25,신용보증재단대출,990,신용 보증 재단 대출의 혜택과 비교 분석,compare,howto,신용 보증 재단 대출의 혜택과 비교 분석을 통해 가장 적합한 대출을 선택하는 방법을 알려준다.
finance,02,금융·재테크,True,8b,Groq Llama 3.1 8B,25,알뜰폰KT,990,알뜰폰 KT의 혜택과 비교 분석,compare,howto,알뜰폰 KT의 혜택과 비교 분석을 통해 가장 적합한 알뜰폰을 선택하는 방법을 알려준다.
finance,02,금융·재테크,True,8b,Groq Llama 3.1 8B,25,임대소득신고,990,임대 소득 신고의 방법과 전망,info,issue,임대 소득 신고의 방법과 전망을 분석하여 임대 소득을 신고하는 분들에게 도움이 되는 정보를 제공한다.
finance,02,금융·재테크,True,8b,Groq Llama 3.1 8B,25,정부대환대출,990,정부 대환 대출의 혜택과 비교 분석,compare,howto,정부 대환 대출의 혜택과 비교 분석을 통해 가장 적합한 대출을 선택하는 방법을 알려준다.
finance,02,금융·재테크,True,8b,Groq Llama 3.1 8B,25,주식잘하는법,990,주식 잘 하는 법의 전망과 분석,info,issue,주식 잘 하는 법의 전망과 분석을 통해 투자자가 알아야 할 정보를 제공한다.
finance,02,금융·재테크,True,8b,Groq Llama 3.1 8B,25,증권앱,990,증권 앱의 혜택과 비교 분석,compare,howto,증권 앱의 혜택과 비교 분석을 통해 가장 적합한 앱을 선택하는 방법을 알려준다.
finance,02,금융·재테크,True,8b,Groq Llama 3.1 8B,25,퇴사후실업급여,990,퇴사 후 실업 급여의 전망과 분석,info,issue,퇴사 후 실업 급여의 전망과 분석을 통해 실업 급여를 받는 분들에게 도움이 되는 정보를 제공한다.
finance,02,금융·재테크,True,8b,Groq Llama 3.1 8B,25,퇴직연금수익률,990,퇴직 연금 수익률의 전망과 분석,info,tip,퇴직 연금 수익률의 전망과 분석을 통해 투자자가 알아야 할 정보를 제공한다.
finance,02,금융·재테크,True,8b,Groq Llama 3.1 8B,25,한국주식거래소,990,한국 주식 거래소의 전망과 분석,info,issue,한국 주식 거래소의 전망과 분석을 통해 투자자가 알아야 할 정보를 제공한다.
finance,02,금융·재테크,True,8b,Groq Llama 3.1 8B,25,고령자계속고용장려금,980,고령자 계속 고용 장려금의 혜택과 비교 분석,compare,howto,고령자 계속 고용 장려금의 혜택과 비교 분석을 통해 가장 적합한 장려금을 선택하는 방법을 알려준다.
finance,02,금융·재테크,True,8b,Groq Llama 3.1 8B,25,근로내용확인신고,980,근로 내용 확인 신고의 방법과 전망,info,issue,근로 내용 확인 신고의 방법과 전망을 분석하여 근로 내용을 확인하는 분들에게 도움이 되는 정보를 제공한다.
finance,02,금융·재테크,True,8b,Groq Llama 3.1 8B,25,금융변호사,980,금융 변호사의 역할과 전망,info,issue,금융 변호사의 역할과 전망을 분석하여 금융 변호사를 찾는 분들에게 도움이 되는 정보를 제공한다.
finance,02,금융·재테크,True,8b,Groq Llama 3.1 8B,25,메타버스관련주,980,메타버스 관련 주식의 전망과 분석,info,tip,메타버스 관련 주식의 전망과 분석을 통해 투자자가 알아야 할 정보를 제공한다.
finance,02,금융·재테크,True,8b,Groq Llama 3.1 8B,25,저평가주식,980,저평가 주식의 전망과 분석,info,issue,저평가 주식의 전망과 분석을 통해 투자자가 알아야 할 정보를 제공한다.
finance,02,금융·재테크,True,8b,Groq Llama 3.1 8B,25,고배당주식,970,고배당 주식의 전망과 분석,info,tip,고배당 주식의 전망과 분석을 통해 투자자가 알아야 할 정보를 제공한다.
finance,02,금융·재테크,True,8b,Groq Llama 3.1 8B,25,뿌리기업,970,뿌리 기업의 전망과 분석,info,issue,뿌리 기업의 전망과 분석을 통해 투자자가 알아야 할 정보를 제공한다.
finance,02,금융·재테크,True,8b,Groq Llama 3.1 8B,25,서울신축아파트,970,서울 신축 아파트의 전망과 분석,info,issue,서울 신축 아파트의 전망과 분석을 통해 투자자가 알아야 할 정보를 제공한다.
finance,02,금융·재테크,True,8b,Groq Llama 3.1 8B,25,연금저축이벤트,970,연금 저축 이벤트의 혜택과 비교 분석,compare,howto,연금 저축 이벤트의 혜택과 비교 분석을 통해 가장 적합한 이벤트를 선택하는 방법을 알려준다.
finance,02,금융·재테크,True,8b,Groq Llama 3.1 8B,25,연말정산세액공제,970,연말 정산 세액 공제의 방법과 전망,info,issue,연말 정산 세액 공제의 방법과 전망을 분석하여 세액 공제를 받는 분들에게 도움이 되는 정보를 제공한다.
food,09,맛집·카페,False,gemini,Gemini Flash Lite,10,근처맛집,951600,"실패 없는 근처맛집 찾는 법, 네이버 지도 200% 활용 가이드",howto,tip,실패 확률을 줄이고 내 주변 숨은 맛집을 스마트하게 검색하는 노하우를 소개합니다.
food,09,맛집·카페,False,gemini,Gemini Flash Lite,10,샤브올데이,553000,"샤브올데이 솔직 후기, 무한리필 샐러드바 메뉴와 가격 총정리",review,review,"샤브올데이의 다양한 메뉴 구성과 이용 가격, 직접 방문해 느낀 장단점을 상세히 기록합니다."
food,09,맛집·카페,False,gemini,Gemini Flash Lite,10,근처카페,535480,"분위기 좋은 근처카페 찾는 꿀팁, 감성 가득한 공간 리스트",info,local,"취향에 맞는 근처카페를 빠르게 검색하고, 분위기 좋은 곳을 선별하는 기준을 제시합니다."
food,09,맛집·카페,False,gemini,Gemini Flash Lite,10,식당,347300,위생적이고 맛있는 식당 고르는 5가지 체크리스트,checklist,tip,외식할 때 후회 없는 식당을 선택하기 위해 꼭 확인해야 할 위생 및 서비스 체크리스트를 공유합니다.
food,09,맛집·카페,False,gemini,Gemini Flash Lite,10,주변맛집,296000,"현지인이 추천하는 진짜 주변맛집 리스트, 지역별 숨은 명소",info,local,광고가 아닌 실제 방문객들의 평점이 높은 알짜배기 주변맛집 정보를 정리했습니다.
food,09,맛집·카페,False,gemini,Gemini Flash Lite,10,곡성장미축제,217000,"2024 곡성장미축제 일정, 주차 꿀팁 및 인생샷 명소 가이드",info,start,"곡성장미축제 방문을 계획하는 분들을 위해 축제 기간, 가는 길, 추천 관람 코스를 안내합니다."
food,09,맛집·카페,False,gemini,Gemini Flash Lite,10,돈까스,162300,"경양식 vs 일식, 당신의 취향은? 돈까스 맛집 비교 분석",compare,compare,취향에 따라 갈리는 경양식 돈까스와 일식 돈까스의 특징을 비교하고 맛집 선택 기준을 제안합니다.
food,09,맛집·카페,False,gemini,Gemini Flash Lite,10,부산가볼만한곳,160300,"부산가볼만한곳 베스트 7, 당일치기부터 1박 2일까지 추천 코스",info,tip,부산 여행을 준비하는 분들을 위해 꼭 가봐야 할 주요 명소와 알찬 여행 코스를 추천합니다.
food,09,맛집·카페,False,gemini,Gemini Flash Lite,10,대전맛집,159800,"대전맛집 투어, 성심당부터 현지인들이 줄 서는 노포까지",info,local,대전 여행 시 필수 코스인 대전맛집들을 메뉴별로 분류하여 상세히 소개합니다.
food,09,맛집·카페,False,gemini,Gemini Flash Lite,10,제육볶음레시피,158890,"실패 없는 제육볶음레시피, 밥도둑 만드는 황금비율 양념장",howto,howto,집에서도 전문점 맛을 낼 수 있는 제육볶음 양념장 황금비율과 조리 과정을 상세히 알려드립니다.
food,09,맛집·카페,False,gemini,Gemini Flash Lite,10,강릉맛집,154900,"현지인이 추천하는 강릉맛집 베스트 5, 여행 코스별로 정리했어요",info,local,강릉 여행 시 꼭 들러야 할 현지인 인증 맛집 리스트를 지역별로 소개합니다.
food,09,맛집·카페,False,gemini,Gemini Flash Lite,10,경주맛집,151500,"경주맛집 리스트, 황리단길부터 보문단지까지 실패 없는 식당 모음",info,local,경주 여행의 즐거움을 더해줄 분위기 좋고 맛있는 식당들을 엄선하여 공유합니다.
food,09,맛집·카페,False,gemini,Gemini Flash Lite,10,초밥,146800,"초밥 맛있게 먹는 법, 부위별 특징과 올바른 순서 총정리",howto,tip,초밥의 종류와 더 맛있게 즐길 수 있는 식사 순서 및 매너를 상세히 설명합니다.
food,09,맛집·카페,False,gemini,Gemini Flash Lite,10,고봉민김밥,141180,"고봉민김밥 메뉴 추천, 인기 조합과 칼로리 정보까지 완벽 분석",info,review,고봉민김밥의 베스트 메뉴와 함께 먹으면 더 맛있는 조합 및 영양 정보를 살펴봅니다.
food,09,맛집·카페,False,gemini,Gemini Flash Lite,10,닭갈비,138530,"집에서 만드는 닭갈비 황금레시피, 실패 없는 양념장 비율 공개",howto,howto,집에서도 전문점 맛을 낼 수 있는 닭갈비 양념장 레시피와 조리 팁을 소개합니다.
food,09,맛집·카페,False,gemini,Gemini Flash Lite,10,감자탕,135220,"감자탕 맛있게 끓이는 법, 잡내 없이 진한 국물 내는 비법",howto,tip,집에서 정성스럽게 감자탕을 끓일 때 필요한 고기 손질법과 육수 비법을 알려드립니다.
food,09,맛집·카페,False,gemini,Gemini Flash Lite,10,서울가볼만한곳,132100,"주말에 떠나는 서울가볼만한곳, 테마별 데이트 코스 추천",info,start,서울 도심 속에서 즐길 수 있는 다양한 데이트 코스와 핫플레이스를 추천합니다.
food,09,맛집·카페,False,gemini,Gemini Flash Lite,10,내주변맛집,128530,"내주변맛집 찾는 가장 쉬운 방법, 실패 없는 식당 고르는 꿀팁",howto,tip,지도 앱과 리뷰를 활용해 현재 위치에서 가장 맛있는 식당을 찾는 노하우를 공유합니다.
food,09,맛집·카페,False,gemini,Gemini Flash Lite,10,여수가볼만한곳,125200,"여수가볼만한곳 베스트 7, 낭만 가득한 여수 여행 필수 코스",info,local,여수 여행을 계획 중인 분들을 위해 꼭 가봐야 할 명소와 맛집을 정리했습니다.
food,09,맛집·카페,False,gemini,Gemini Flash Lite,10,강남맛집,121700,"강남맛집 솔직 리뷰, 분위기와 가성비를 모두 잡은 핫플레이스",review,review,강남역 인근에서 데이트나 모임 하기 좋은 인기 맛집들을 직접 방문하고 리뷰합니다.
food,09,맛집·카페,False,gemini,Gemini Flash Lite,10,쌀국수,120800,"점심 메뉴 고민 끝, 실패 없는 쌀국수 맛집 고르는 꿀팁",info,tip,다양한 쌀국수 종류와 함께 내 입맛에 딱 맞는 맛집을 찾는 기준을 소개합니다.
food,09,맛집·카페,False,gemini,Gemini Flash Lite,10,내근처맛집,119970,"실패 없는 내근처맛집 찾는 법, 현지인 추천 리스트 활용하기",howto,howto,지도 앱과 리뷰를 활용해 현재 위치에서 가장 평점 높은 맛집을 찾는 노하우를 공유합니다.
food,09,맛집·카페,False,gemini,Gemini Flash Lite,10,음식점,117900,위생적이고 분위기 좋은 음식점 선택하는 5가지 체크리스트,checklist,checklist,소중한 사람과 함께할 음식점을 고를 때 반드시 확인해야 할 위생과 서비스 기준을 다룹니다.
food,09,맛집·카페,False,gemini,Gemini Flash Lite,10,속초가볼만한곳,117200,"속초가볼만한곳 베스트 5, 현지인이 추천하는 식도락 여행 코스",info,local,속초 여행 시 꼭 들러야 할 맛집과 관광 명소를 묶어 알찬 여행 코스를 제안합니다.
food,09,맛집·카페,False,gemini,Gemini Flash Lite,10,홍대맛집,115800,"홍대맛집 투어, 웨이팅이 아깝지 않은 찐 맛집 리스트",review,review,홍대 거리에서 꾸준히 사랑받는 인기 맛집들의 메뉴와 분위기를 직접 방문해 리뷰합니다.
food,09,맛집·카페,False,gemini,Gemini Flash Lite,10,결혼식피로연,990,성공적인 결혼식피로연을 위한 장소 섭외 및 음식 선정 가이드,howto,tip,하객들에게 대접하기 좋은 피로연 장소 조건과 메뉴 구성 시 고려할 점을 정리합니다.
food,09,맛집·카페,False,gemini,Gemini Flash Lite,10,고기무한리필집,990,"가성비 최고, 고기무한리필집 이용 시 고기 퀄리티 확인하는 법",compare,compare,저렴한 가격에 고기를 마음껏 즐길 수 있는 무한리필집의 장단점과 고기 선별법을 비교합니다.
food,09,맛집·카페,False,gemini,Gemini Flash Lite,10,굴보쌈,990,"겨울 제철 별미 굴보쌈, 집에서 즐기는 맛집 레시피와 먹는 법",info,start,제철을 맞은 굴보쌈을 더욱 맛있게 즐기는 조합과 신선한 굴 고르는 법을 소개합니다.
food,09,맛집·카페,False,gemini,Gemini Flash Lite,10,근처레스토랑,990,기념일 데이트하기 좋은 분위기 있는 근처레스토랑 추천,info,local,특별한 날 방문하기 좋은 근처레스토랑의 인테리어와 코스 메뉴를 추천합니다.
food,09,맛집·카페,False,gemini,Gemini Flash Lite,10,미아삼거리맛집,990,"미아삼거리맛집 골목 탐방, 현지인이 인정하는 숨은 맛집 공개",review,local,미아삼거리 근처에서 오랫동안 사랑받아온 맛집들의 메뉴와 방문 후기를 담았습니다.
food,09,맛집·카페,False,gemini,Gemini Flash Lite,10,바센지분양,990,바센지분양 전 꼭 알아야 할 성격과 주의사항 완벽 가이드,info,tip,매력적인 견종 바센지를 분양받기 전 고려해야 할 특징과 건강 관리법을 소개합니다.
food,09,맛집·카페,False,gemini,Gemini Flash Lite,10,삼성역근처맛집,990,"삼성역근처맛집 베스트 5, 직장인 점심부터 회식 장소까지",review,local,삼성역 인근에서 실패 없는 메뉴 선택을 돕기 위해 엄선한 맛집 리스트를 공유합니다.
food,09,맛집·카페,False,gemini,Gemini Flash Lite,10,엘시티맛집,990,해운대 오션뷰를 즐기는 엘시티맛집 추천 및 방문 후기,review,review,엘시티 주변에서 분위기와 맛을 모두 잡은 인기 맛집들의 솔직한 방문 경험을 담았습니다.
food,09,맛집·카페,False,gemini,Gemini Flash Lite,10,울산삼산점심맛집,990,"울산삼산점심맛집 리스트, 가성비와 맛을 모두 잡은 곳은?",compare,compare,울산 삼산동에서 점심 식사하기 좋은 맛집들을 메뉴별로 비교하여 정리했습니다.
food,09,맛집·카페,False,gemini,Gemini Flash Lite,10,을지로낮술,990,을지로낮술 하기 좋은 힙한 노포와 분위기 맛집 추천,info,local,낮부터 술 한잔 기울이기 좋은 을지로만의 감성 가득한 낮술 명소를 소개합니다.
food,09,맛집·카페,False,gemini,Gemini Flash Lite,10,전주한우,990,"입에서 살살 녹는 전주한우 맛집, 현지인이 추천하는 곳은?",review,review,전주 여행 시 꼭 맛봐야 할 고퀄리티 한우 전문점들을 직접 다녀와 소개합니다.
food,09,맛집·카페,False,gemini,Gemini Flash Lite,10,전통음식,990,건강을 생각한 우리 전통음식 종류와 맛있게 즐기는 법,info,tip,우리 고유의 전통음식이 가진 영양학적 가치와 현대적으로 즐기는 방법을 알아봅니다.
food,09,맛집·카페,False,gemini,Gemini Flash Lite,10,전포동고기집,990,전포동고기집 어디 갈까? 분위기 좋은 구워주는 고깃집 모음,compare,compare,부산 전포동에서 데이트나 모임 하기 좋은 인기 고기집들을 비교 분석합니다.
food,09,맛집·카페,False,gemini,Gemini Flash Lite,10,제주시연동맛집,990,"제주시연동맛집 탐방, 현지인들이 자주 찾는 찐 맛집 리스트",review,local,제주 공항 근처 연동에서 도민들에게 사랑받는 숨은 맛집들을 소개합니다.
food,09,맛집·카페,False,gemini,Gemini Flash Lite,10,진주한식맛집,990,정갈한 상차림이 돋보이는 진주한식맛집 베스트 5,review,review,부모님과 가기 좋은 진주의 정갈한 한식 전문점들을 엄선하여 정리했습니다.
food,09,맛집·카페,False,gemini,Gemini Flash Lite,10,풍동애니골맛집,990,가족 외식하기 좋은 풍동애니골맛집 베스트 5곳 추천,info,local,일산 풍동 애니골에서 가족 모임이나 외식하기 좋은 검증된 맛집들을 소개합니다.
food,09,맛집·카페,False,gemini,Gemini Flash Lite,10,7번가피자포장할인,980,7번가피자포장할인 똑똑하게 받는 방법과 메뉴 추천,howto,tip,7번가피자 포장 주문 시 적용 가능한 할인 혜택과 가성비 좋은 메뉴 조합을 정리합니다.
food,09,맛집·카페,False,gemini,Gemini Flash Lite,10,강남술집추천,980,"분위기 좋은 강남술집추천, 데이트와 모임 장소 총정리",info,local,강남역 인근에서 분위기와 맛을 모두 잡은 인기 술집들을 상황별로 추천합니다.
food,09,맛집·카페,False,gemini,Gemini Flash Lite,10,강남역한우,980,특별한 날 가기 좋은 강남역한우 맛집 솔직 후기,review,review,강남역 근처에서 퀄리티 높은 한우를 즐길 수 있는 맛집을 직접 방문하고 리뷰합니다.
food,09,맛집·카페,False,gemini,Gemini Flash Lite,10,과천경마장맛집,980,과천경마장맛집 어디가 좋을까? 현지인이 알려주는 찐 맛집 리스트,info,local,과천 경마장 방문 전후로 들르기 좋은 근처 맛집들을 메뉴별로 정리해 드립니다.
food,09,맛집·카페,False,gemini,Gemini Flash Lite,10,광주데이트코스,980,"실패 없는 광주데이트코스, 맛집부터 카페까지 완벽 가이드",howto,start,광주에서 연인과 함께 가기 좋은 데이트 장소와 코스를 알차게 구성했습니다.
food,09,맛집·카페,False,gemini,Gemini Flash Lite,10,뉴서울CC맛집,980,라운딩 전후로 가기 좋은 뉴서울CC맛집 베스트 3,info,local,뉴서울CC 인근에서 골퍼들이 즐겨 찾는 든든한 한 끼 맛집들을 소개합니다.
food,09,맛집·카페,False,gemini,Gemini Flash Lite,10,대전자양동맛집,980,"현지인들이 인정한 대전자양동맛집 리스트, 메뉴별 특징",info,local,대전 자양동에서 가성비와 맛을 모두 잡은 동네 맛집들을 상세히 소개합니다.
food,09,맛집·카페,False,gemini,Gemini Flash Lite,10,디저트추천,980,"달콤한 행복, 요즘 가장 핫한 디저트추천 리스트",info,tip,최근 SNS에서 화제가 된 인기 디저트 종류와 맛집들을 추천해 드립니다.
food,09,맛집·카페,False,gemini,Gemini Flash Lite,10,롯데월드타워식당,980,뷰가 환상적인 롯데월드타워식당 추천 및 예약 팁,compare,tip,롯데월드타워 내에서 분위기 있는 식사를 즐길 수 있는 식당들을 비교하고 예약 팁을 공유합니다.
food,09,맛집·카페,False,scout,Groq Scout 17B,10,근처맛집,951600,"내 주변 근처맛집 찾기, 지역별 인기 맛집 모음",info,local,주변 지역에 있는 인기 맛집을 소개하고 위치 정보를 제공한다.
food,09,맛집·카페,False,scout,Groq Scout 17B,10,샤브올데이,553000,"샤브올데이 메뉴 및 가격, 이용 후기",review,review,"샤브올데이의 다양한 메뉴와 가격, 실제 이용 후기를 공유한다."
food,09,맛집·카페,False,scout,Groq Scout 17B,10,근처카페,535480,"일상 속 휴식, 근처카페 추천 리스트",info,local,주변 지역에 있는 인기 카페를 소개하고 위치 정보를 제공한다.
food,09,맛집·카페,False,scout,Groq Scout 17B,10,식당,347300,다양한 식당 종류와 선택 가이드,info,howto,"다양한 식당의 종류와 특징, 선택 시 고려할 점을 소개한다."
food,09,맛집·카페,False,scout,Groq Scout 17B,10,주변맛집,296000,"주변맛집 쉽게 찾는 법, 지역별 맛집 추천",howto,tip,주변 맛집을 쉽게 찾는 방법과 지역별 인기 맛집을 소개한다.
food,09,맛집·카페,False,scout,Groq Scout 17B,10,곡성장미축제,217000,곡성장미축제 일정 및 주요 행사 안내,news,issue,곡성장미축제의 일정과 주요 행사 내용을 소개한다.
food,09,맛집·카페,False,scout,Groq Scout 17B,10,돈까스,162300,"맛있는 돈까스 만들기, 집밥 레시피",howto,howto,집에서 쉽게 만드는 돈까스 레시피를 공유한다.
food,09,맛집·카페,False,scout,Groq Scout 17B,10,부산가볼만한곳,160300,"부산 여행 필수 코스, 부산가볼만한곳 모음",info,local,부산에서 가볼 만한 곳들을 소개하고 여행 코스를 제안한다.
food,09,맛집·카페,False,scout,Groq Scout 17B,10,대전맛집,159800,"대전 지역 맛집 추천, 대전맛집 리스트",info,local,대전 지역의 인기 맛집을 소개하고 위치 정보를 제공한다.
food,09,맛집·카페,False,scout,Groq Scout 17B,10,제육볶음레시피,158890,"매콤한 제육볶음 만들기, 간단한 레시피",howto,howto,집에서 쉽게 만드는 제육볶음 레시피를 공유한다.
food,09,맛집·카페,False,scout,Groq Scout 17B,10,강릉맛집,154900,강릉 현지인이 추천하는 베스트 강릉맛집 10곳,review,local,"강릉의 숨겨진 맛집들을 소개하고, 현지인의 추천을 받아보는 리뷰"
food,09,맛집·카페,False,scout,Groq Scout 17B,10,경주맛집,151500,경주에서 꼭 가봐야 할 경주맛집 TOP 5,review,local,"경주의 유명한 맛집들을 선정하고, 그 이유를 자세히 설명"
food,09,맛집·카페,False,scout,Groq Scout 17B,10,초밥,146800,"집에서 만드는 초밥 레시피, 어렵지 않아요",howto,howto,집에서 쉽게 초밥을 만들 수 있는 방법과 노하우를 공유
food,09,맛집·카페,False,scout,Groq Scout 17B,10,고봉민김밥,141180,"고봉민김밥 메뉴 추천, 김밥의 새로운 매력",review,review,"고봉민김밥의 다양한 메뉴를 리뷰하고, 추천하는 글"
food,09,맛집·카페,False,scout,Groq Scout 17B,10,닭갈비,138530,"춘천의 대표 음식, 닭갈비 맛집 어디?",info,local,"춘천의 닭갈비 맛집들을 소개하고, 그 특징을 설명"
food,09,맛집·카페,False,scout,Groq Scout 17B,10,감자탕,135220,"감자탕, 어떻게 고르지? 감자탕 선택 가이드",howto,tip,감자탕을 고를 때 고려해야 할 사항들과 팁을 공유
food,09,맛집·카페,False,scout,Groq Scout 17B,10,서울가볼만한곳,132100,서울 여행 계획 중이라면? 서울가볼만한곳 BEST 10,info,local,"서울에서 가볼만한 곳들을 선정하고, 그 이유를 자세히 설명"
food,09,맛집·카페,False,scout,Groq Scout 17B,10,내주변맛집,128530,"내 주변 맛집 찾기, 이제는 쉬워요",howto,tip,내 주변의 맛집들을 쉽게 찾는 방법과 노하우를 공유
food,09,맛집·카페,False,scout,Groq Scout 17B,10,여수가볼만한곳,125200,"여수 여행 필수 코스, 여수 가볼만한곳 TOP 5",info,local,"여수에서 가볼만한 곳들을 선정하고, 그 이유를 자세히 설명"
food,09,맛집·카페,False,scout,Groq Scout 17B,10,강남맛집,121700,"강남에서 유명한 맛집들, 어디까지 가봤니?",review,local,"강남의 유명한 맛집들을 리뷰하고, 추천하는 글"
food,09,맛집·카페,False,scout,Groq Scout 17B,10,쌀국수,120800,"한국에서 즐기는 쌀국수, 인기 맛집 추천",info,review,한국에서 쌀국수를 즐길 수 있는 인기 맛집을 소개합니다.
food,09,맛집·카페,False,scout,Groq Scout 17B,10,내근처맛집,119970,"내 근처 맛집 찾기, 지역별 추천 리스트",info,local,내 주변 지역의 숨겨진 맛집을 소개합니다.
food,09,맛집·카페,False,scout,Groq Scout 17B,10,음식점,117900,"지역별 인기 음식점 추천, 맛과 가격 만족",info,review,다양한 지역의 인기 음식점을 소개하고 평가합니다.
food,09,맛집·카페,False,scout,Groq Scout 17B,10,속초가볼만한곳,117200,"속초 가볼만한 곳, 맛집과 관광지 추천",info,local,속초의 인기 관광지와 맛집을 소개합니다.
food,09,맛집·카페,False,scout,Groq Scout 17B,10,홍대맛집,115800,"홍대 맛집 추천, 트렌디한 음식 즐기기",info,review,홍대의 인기 맛집을 소개하고 평가합니다.
food,09,맛집·카페,False,scout,Groq Scout 17B,10,결혼식피로연,990,"결혼식 피로연 기획, 성공적인 행사 진행",howto,howto,결혼식 피로연을 기획하고 진행하는 방법을 소개합니다.
food,09,맛집·카페,False,scout,Groq Scout 17B,10,고기무한리필집,990,"고기 무한리필 집, 가성비 좋은 맛집 추천",info,review,고기 무한리필을 제공하는 가성비 좋은 맛집을 소개합니다.
food,09,맛집·카페,False,scout,Groq Scout 17B,10,굴보쌈,990,"굴보쌈 맛집 추천, 신선한 굴 즐기기",info,review,굴보쌈을 맛있게 즐길 수 있는 인기 맛집을 소개합니다.
food,09,맛집·카페,False,scout,Groq Scout 17B,10,근처레스토랑,990,"내 근처 레스토랑, 편안한 식사 즐기기",info,local,내 주변 지역의 편안한 레스토랑을 소개합니다.
food,09,맛집·카페,False,scout,Groq Scout 17B,10,미아삼거리맛집,990,"미아삼거리 맛집 추천, 지역 주민이 즐긴다",info,review,미아삼거리의 인기 맛집을 소개하고 평가합니다.
food,09,맛집·카페,False,scout,Groq Scout 17B,10,바센지분양,990,바센지 분양 정보와 키우기 가이드,info,howto,바센지 분양에 대한 정보와 이 견종을 키우기 위한 팁을 제공한다.
food,09,맛집·카페,False,scout,Groq Scout 17B,10,삼성역근처맛집,990,삼성역 근처 맛집 베스트 5,review,review,삼성역 근처에서 인기 있는 맛집 5곳을 소개한다.
food,09,맛집·카페,False,scout,Groq Scout 17B,10,엘시티맛집,990,부산 엘시티 근처 맛집 추천,review,local,부산 엘시티 근처에서 즐길 수 있는 맛집을 추천한다.
food,09,맛집·카페,False,scout,Groq Scout 17B,10,울산삼산점심맛집,990,울산 삼산동 점심 맛집 TOP 3,review,local,울산 삼산동에서 인기 있는 점심 맛집 3곳을 소개한다.
food,09,맛집·카페,False,scout,Groq Scout 17B,10,을지로낮술,990,을지로 낮술 즐기기 좋은 곳,review,tip,을지로에서 낮술을 즐기기 좋은 장소를 추천한다.
food,09,맛집·카페,False,scout,Groq Scout 17B,10,전주한우,990,전주에서 맛보는 한우의 매력,info,local,전주에서 즐길 수 있는 한우의 매력을 소개한다.
food,09,맛집·카페,False,scout,Groq Scout 17B,10,전통음식,990,한국의 전통 음식과 그 의미,info,issue,한국의 전통 음식에 대한 정보와 그 문화적 의미를 탐구한다.
food,09,맛집·카페,False,scout,Groq Scout 17B,10,전포동고기집,990,전포동 고기집 베스트 추천,review,review,전포동에서 인기 있는 고기집을 추천한다.
food,09,맛집·카페,False,scout,Groq Scout 17B,10,제주시연동맛집,990,제주시 연동 맛집 가이드,review,local,제주시 연동에서 즐길 수 있는 맛집을 소개한다.
food,09,맛집·카페,False,scout,Groq Scout 17B,10,진주한식맛집,990,진주에서 찾은 한식 맛집,review,local,진주에서 인기 있는 한식 맛집을 추천한다.
food,09,맛집·카페,False,scout,Groq Scout 17B,10,풍동애니골맛집,990,고양시 풍동 애니골 맛집 추천,review,review,애니골에서 먹기 좋은 맛집을 소개합니다.
food,09,맛집·카페,False,scout,Groq Scout 17B,10,7번가피자포장할인,980,7번가피자 포장 할인 받는 법,howto,tip,7번가피자 포장 시 할인받는 방법을 알려드립니다.
food,09,맛집·카페,False,scout,Groq Scout 17B,10,강남술집추천,980,강남에서 가볼 만한 술집 추천,recommend,recommend,강남에서 인기 있는 술집을 소개합니다.
food,09,맛집·카페,False,scout,Groq Scout 17B,10,강남역한우,980,강남역에서 즐기는 한우 맛집,review,review,강남역 근처에 있는 한우 맛집을 리뷰합니다.
food,09,맛집·카페,False,scout,Groq Scout 17B,10,과천경마장맛집,980,과천 경마장 근처 맛집 탐방,info,local,과천 경마장 주변의 맛집을 소개합니다.
food,09,맛집·카페,False,scout,Groq Scout 17B,10,광주데이트코스,980,광주의 로맨틱한 데이트 코스,info,local,광주에서 데이트하기 좋은 장소를 추천합니다.
food,09,맛집·카페,False,scout,Groq Scout 17B,10,뉴서울CC맛집,980,뉴서울CC 근처 골프장 맛집,review,review,뉴서울CC 근처에 있는 골프장 맛집을 리뷰합니다.
food,09,맛집·카페,False,scout,Groq Scout 17B,10,대전자양동맛집,980,대전 자양동 맛집 가이드,info,local,대전 자양동에 있는 맛집을 소개합니다.
food,09,맛집·카페,False,scout,Groq Scout 17B,10,디저트추천,980,인기 디저트 추천 리스트,recommend,recommend,현재 인기 있는 디저트를 추천합니다.
food,09,맛집·카페,False,scout,Groq Scout 17B,10,롯데월드타워식당,980,롯데월드타워에서 먹기 좋은 식당,info,local,롯데월드타워에 있는 식당을 소개합니다.
food,09,맛집·카페,False,8b,Groq Llama 3.1 8B,10,근처맛집,951600,내 주변 맛집을 찾아보는 방법과 추천점,howto,start,내 주변 맛집을 쉽게 찾아보는 방법과 추천점을 소개한다.
food,09,맛집·카페,False,8b,Groq Llama 3.1 8B,10,샤브올데이,553000,샤브올데이 이벤트와 할인점을 찾아보자!,review,tip,샤브올데이 이벤트와 할인점을 찾아보는 방법을 소개한다.
food,09,맛집·카페,False,8b,Groq Llama 3.1 8B,10,근처카페,535480,내 주변 카페를 찾아보는 방법과 추천점,howto,start,내 주변 카페를 쉽게 찾아보는 방법과 추천점을 소개한다.
food,09,맛집·카페,False,8b,Groq Llama 3.1 8B,10,식당,347300,식당에서 먹어야 할 음식과 추천점,compare,tip,식당에서 먹어야 할 음식과 추천점을 소개한다.
food,09,맛집·카페,False,8b,Groq Llama 3.1 8B,10,주변맛집,296000,주변 맛집을 찾아보는 방법과 추천점,howto,start,주변 맛집을 쉽게 찾아보는 방법과 추천점을 소개한다.
food,09,맛집·카페,False,8b,Groq Llama 3.1 8B,10,곡성장미축제,217000,곡성장미축제에서 즐길 수 있는 etkin성과 추천점,news,local,곡성장미축제에서 즐길 수 있는 다양한 etkin성과 추천점을 소개한다.
food,09,맛집·카페,False,8b,Groq Llama 3.1 8B,10,돈까스,162300,돈까스 레시피와 다양한 요리 방법,howto,tip,돈까스 레시피와 다양한 요리 방법을 소개한다.
food,09,맛집·카페,False,8b,Groq Llama 3.1 8B,10,부산가볼만한곳,160300,부산 여행 가볼만한곳과 추천점,review,local,부산 여행 가볼만한곳과 추천점을 소개한다.
food,09,맛집·카페,False,8b,Groq Llama 3.1 8B,10,대전맛집,159800,대전 맛집을 찾아보는 방법과 추천점,howto,start,대전 맛집을 쉽게 찾아보는 방법과 추천점을 소개한다.
food,09,맛집·카페,False,8b,Groq Llama 3.1 8B,10,제육볶음레시피,158890,제육볶음 레시피와 다양한 요리 방법,howto,tip,제육볶음 레시피와 다양한 요리 방법을 소개한다.
food,09,맛집·카페,False,8b,Groq Llama 3.1 8B,10,강릉맛집,154900,강릉 여행의 정석! 강릉 맛집 순위와 추천 맛집,info,tip,강릉 여행의 맛집을 소개하고 추천해 드립니다.
food,09,맛집·카페,False,8b,Groq Llama 3.1 8B,10,경주맛집,151500,경주 여행의 맛! 경주 맛집 순위와 추천 맛집,info,tip,경주 여행의 맛집을 소개하고 추천해 드립니다.
food,09,맛집·카페,False,8b,Groq Llama 3.1 8B,10,초밥,146800,초밥의 모든 것! 초밥 종류와 추천 초밥 레스토랑,info,tip,초밥 종류와 추천 초밥 레스토랑을 소개합니다.
food,09,맛집·카페,False,8b,Groq Llama 3.1 8B,10,고봉민김밥,141180,고봉민 김밥의 매력! 고봉민 김밥의 맛과 특징,review,review,고봉민 김밥의 맛과 특징을 소개합니다.
food,09,맛집·카페,False,8b,Groq Llama 3.1 8B,10,닭갈비,138530,닭갈비의 전설! 닭갈비 종류와 추천 닭갈비 레스토랑,info,tip,닭갈비 종류와 추천 닭갈비 레스토랑을 소개합니다.
food,09,맛집·카페,False,8b,Groq Llama 3.1 8B,10,감자탕,135220,감자탕의 매력! 감자탕 종류와 추천 감자탕 레스토랑,info,tip,감자탕 종류와 추천 감자탕 레스토랑을 소개합니다.
food,09,맛집·카페,False,8b,Groq Llama 3.1 8B,10,서울가볼만한곳,132100,서울 여행의 정석! 서울 가볼 만한 곳과 추천 관광지,info,tip,서울 여행의 가볼 만한 곳과 추천 관광지를 소개합니다.
food,09,맛집·카페,False,8b,Groq Llama 3.1 8B,10,내주변맛집,128530,내 주변의 맛집! 내 주변 맛집 순위와 추천 맛집,info,tip,내 주변의 맛집을 소개하고 추천해 드립니다.
food,09,맛집·카페,False,8b,Groq Llama 3.1 8B,10,여수가볼만한곳,125200,여수 여행의 정석! 여수 가볼 만한 곳과 추천 관광지,info,tip,여수 여행의 가볼 만한 곳과 추천 관광지를 소개합니다.
food,09,맛집·카페,False,8b,Groq Llama 3.1 8B,10,강남맛집,121700,강남의 맛집! 강남 맛집 순위와 추천 맛집,info,tip,강남의 맛집을 소개하고 추천해 드립니다.
food,09,맛집·카페,False,8b,Groq Llama 3.1 8B,10,쌀국수,120800,쌀국수 맛집TOP5 - 매력적인 쌀국수 맛집을 소개합니다.,info,tip,쌀국수 맛집을 모아보았습니다.
food,09,맛집·카페,False,8b,Groq Llama 3.1 8B,10,내근처맛집,119970,내 근처 맛집 찾는 방법 - 지도앱으로 쉽게 찾기!,howto,start,내 근처 맛집을 찾는 방법을 알려드립니다.
food,09,맛집·카페,False,8b,Groq Llama 3.1 8B,10,음식점,117900,음식점 리뷰 작성법 - 올바른 리뷰 방법을 알려드립니다.,howto,tip,음식점 리뷰 작성법을 알려드립니다.
food,09,맛집·카페,False,8b,Groq Llama 3.1 8B,10,속초가볼만한곳,117200,속초 여행 가볼만한곳 - 인기 투어 코스와 추천 장소,info,local,속초 여행 가볼만한곳을 소개합니다.
food,09,맛집·카페,False,8b,Groq Llama 3.1 8B,10,홍대맛집,115800,홍대 맛집TOP10 - 홍대 맛집을 추천합니다.,info,tip,홍대 맛집을 모아보았습니다.
food,09,맛집·카페,False,8b,Groq Llama 3.1 8B,10,결혼식피로연,990,결혼식 피로연 추천 - 신혼부부의 피로연 추천!,review,review,결혼식 피로연 추천을 합니다.
food,09,맛집·카페,False,8b,Groq Llama 3.1 8B,10,고기무한리필집,990,고기 무한리필집TOP5 - 고기 무한리필집을 추천합니다.,info,tip,고기 무한리필집을 모아보았습니다.
food,09,맛집·카페,False,8b,Groq Llama 3.1 8B,10,굴보쌈,990,굴 보쌈 레시피 - 간단하게 만들 수 있는 보쌈 레시피!,howto,start,굴 보쌈 레시피를 알려드립니다.
food,09,맛집·카페,False,8b,Groq Llama 3.1 8B,10,근처레스토랑,990,근처 레스토랑 찾는 방법 - 지도앱으로 쉽게 찾기!,howto,start,근처 레스토랑을 찾는 방법을 알려드립니다.
food,09,맛집·카페,False,8b,Groq Llama 3.1 8B,10,미아삼거리맛집,990,미아삼거리 맛집TOP5 - 미아삼거리 맛집을 추천합니다.,info,tip,미아삼거리 맛집을 모아보았습니다.
food,09,맛집·카페,False,8b,Groq Llama 3.1 8B,10,바센지분양,990,"2024년 바센지 분양 일정과 가격, 투자 가치",info,start,"바센지 분양 일정과 가격, 투자 가치를 확인하는 방법을 소개한다."
food,09,맛집·카페,False,8b,Groq Llama 3.1 8B,10,삼성역근처맛집,990,"삼성역 근처 맛집 10선, 추천하는 식당과 메뉴",review,tip,삼성역 근처 맛집 10선과 추천하는 식당과 메뉴를 소개한다.
food,09,맛집·카페,False,8b,Groq Llama 3.1 8B,10,엘시티맛집,990,"엘시티 맛집 가이드, 최고의 식당과 추천 메뉴",review,tip,엘시티 맛집 가이드와 최고의 식당과 추천 메뉴를 소개한다.
food,09,맛집·카페,False,8b,Groq Llama 3.1 8B,10,울산삼산점심맛집,990,울산 삼산점에서 먹어야 할 점심 맛집 5선,review,tip,울산 삼산점에서 먹어야 할 점심 맛집 5선을 소개한다.
food,09,맛집·카페,False,8b,Groq Llama 3.1 8B,10,을지로낮술,990,"을지로에서 즐길 수 있는 낮술 5선, 추천하는 식당",review,tip,을지로에서 즐길 수 있는 낮술 5선을 소개한다.
food,09,맛집·카페,False,8b,Groq Llama 3.1 8B,10,전주한우,990,전주에서 맛볼 수 있는 최고의 한우 5선,review,tip,전주에서 맛볼 수 있는 최고의 한우 5선을 소개한다.
food,09,맛집·카페,False,8b,Groq Llama 3.1 8B,10,전통음식,990,"한국의 전통 음식 10선, 역사와 문화",info,issue,한국의 전통 음식 10선을 소개하며 역사와 문화를 살펴본다.
food,09,맛집·카페,False,8b,Groq Llama 3.1 8B,10,전포동고기집,990,"전포동 고기집 10선, 추천하는 식당과 메뉴",review,tip,전포동 고기집 10선을 소개하며 추천하는 식당과 메뉴를 소개한다.
food,09,맛집·카페,False,8b,Groq Llama 3.1 8B,10,제주시연동맛집,990,제주시 연동에서 맛볼 수 있는 맛집 5선,review,tip,제주시 연동에서 맛볼 수 있는 맛집 5선을 소개한다.
food,09,맛집·카페,False,8b,Groq Llama 3.1 8B,10,진주한식맛집,990,진주에서 맛볼 수 있는 한식 맛집 10선,review,tip,진주에서 맛볼 수 있는 한식 맛집 10선을 소개한다.
food,09,맛집·카페,False,gemini,Gemini Flash Lite,25,근처맛집,951600,"실패 없는 오늘 점심, 지금 내 위치 근처맛집 찾는 꿀팁",howto,tip,지도 앱을 활용해 현재 위치에서 가장 평점 높고 맛있는 식당을 찾는 노하우를 소개합니다.
food,09,맛집·카페,False,gemini,Gemini Flash Lite,25,샤브올데이,553000,"샤브올데이 솔직 후기, 무한리필 샐러드바 메뉴 구성 및 가격 정보",review,review,"샤브올데이의 다양한 메뉴와 이용 가격, 실제 방문 후 느낀 장단점을 상세히 리뷰합니다."
food,09,맛집·카페,False,gemini,Gemini Flash Lite,25,근처카페,535480,"분위기 좋은 근처카페 찾는 법, 감성 가득한 휴식 공간 리스트",info,local,커피 맛과 인테리어를 모두 잡은 내 주변 분위기 좋은 카페를 찾는 방법을 안내합니다.
food,09,맛집·카페,False,gemini,Gemini Flash Lite,25,식당,347300,"위생등급 좋은 식당 고르는 법, 안심하고 외식하는 체크리스트",checklist,tip,건강하고 깨끗한 외식을 위해 식당 선택 시 반드시 확인해야 할 위생 체크리스트를 정리합니다.
food,09,맛집·카페,False,gemini,Gemini Flash Lite,25,주변맛집,296000,"현지인이 추천하는 숨은 주변맛집 리스트, 실패 없는 식당 고르기",info,local,지역 주민들이 자주 찾는 진짜 맛집을 발굴하고 검증하는 방법을 공유합니다.
food,09,맛집·카페,False,gemini,Gemini Flash Lite,25,곡성장미축제,217000,"곡성장미축제 완벽 즐기기, 축제 일정과 주변 맛집 코스 추천",info,start,곡성장미축제 방문객을 위한 축제 정보와 함께 들르기 좋은 근처 맛집 코스를 제안합니다.
food,09,맛집·카페,False,gemini,Gemini Flash Lite,25,돈까스,162300,"겉바속촉 인생 돈까스 맛집 찾는 법, 종류별 특징과 맛있는 곳 추천",compare,review,"일식 돈카츠부터 경양식 돈까스까지, 취향에 맞는 맛집을 구분하는 기준을 설명합니다."
food,09,맛집·카페,False,gemini,Gemini Flash Lite,25,부산가볼만한곳,160300,"부산가볼만한곳 베스트 10, 여행객을 위한 필수 코스와 맛집 정리",info,start,부산 여행을 계획하는 분들을 위해 꼭 가봐야 할 명소와 맛집을 한데 모았습니다.
food,09,맛집·카페,False,gemini,Gemini Flash Lite,25,대전맛집,159800,"대전맛집 투어, 성심당부터 현지인 추천 노포까지 완벽 정리",info,local,대전의 대표 맛집들과 숨겨진 미식 공간을 테마별로 소개합니다.
food,09,맛집·카페,False,gemini,Gemini Flash Lite,25,제육볶음레시피,158890,"실패 없는 제육볶음레시피, 밥도둑 만드는 황금 비율 양념장 비법",howto,howto,집에서도 식당 맛을 낼 수 있는 제육볶음의 핵심 양념 배합과 조리 과정을 공개합니다.
food,09,맛집·카페,False,gemini,Gemini Flash Lite,25,강릉맛집,154900,"강릉맛집 리스트, 현지인이 인정하는 바다 앞 찐 맛집 탐방",info,local,강릉 여행 시 꼭 먹어봐야 할 대표 음식과 현지인들이 즐겨 찾는 맛집을 추천합니다.
food,09,맛집·카페,False,gemini,Gemini Flash Lite,25,경주맛집,151500,"경주맛집 투어, 황리단길 분위기 좋은 식당과 전통 맛집 비교",compare,compare,경주의 핫플레이스 황리단길의 맛집과 전통적인 경주 맛집을 비교 분석합니다.
food,09,맛집·카페,False,gemini,Gemini Flash Lite,25,초밥,146800,"신선한 초밥 맛있게 즐기는 법, 오마카세와 회전초밥 차이점",compare,tip,"초밥의 종류와 먹는 순서, 그리고 가성비 좋은 초밥집을 구분하는 방법을 알려드립니다."
food,09,맛집·카페,False,gemini,Gemini Flash Lite,25,고봉민김밥,141180,"고봉민김밥 메뉴 추천, 가성비 최고의 인기 조합과 신메뉴 리뷰",review,review,고봉민김밥의 다양한 메뉴 중 가장 인기 있는 조합과 가격 대비 만족도를 리뷰합니다.
food,09,맛집·카페,False,gemini,Gemini Flash Lite,25,닭갈비,138530,"철판 닭갈비 vs 숯불 닭갈비, 취향 저격 맛집 찾는 법과 레시피",compare,compare,닭갈비의 두 가지 조리 방식 차이와 각각의 매력을 극대화하는 맛집 선택법을 다룹니다.
food,09,맛집·카페,False,gemini,Gemini Flash Lite,25,감자탕,135220,"뜨끈한 국물이 생각날 때, 실패 없는 감자탕 맛집 고르는 기준",checklist,tip,고기 질과 국물 맛을 결정하는 감자탕 맛집의 필수 체크리스트를 정리합니다.
food,09,맛집·카페,False,gemini,Gemini Flash Lite,25,서울가볼만한곳,132100,"서울가볼만한곳 추천, 취향별 핫플레이스와 근처 맛집 코스",info,start,서울의 주요 명소와 함께 방문하기 좋은 분위기 좋은 맛집들을 코스별로 추천합니다.
food,09,맛집·카페,False,gemini,Gemini Flash Lite,25,내주변맛집,128530,"내주변맛집 찾기, 빅데이터 기반으로 검증된 식당 확인하는 법",howto,tip,지도 서비스와 리뷰 플랫폼을 활용해 내 주변의 진짜 맛집을 찾는 스마트한 방법을 알려드립니다.
food,09,맛집·카페,False,gemini,Gemini Flash Lite,25,여수가볼만한곳,125200,"여수가볼만한곳 베스트, 낭만 가득한 여수 여행과 필수 맛집 모음",info,start,여수 여행의 핵심 명소와 함께 꼭 먹어야 할 여수 별미 맛집들을 소개합니다.
food,09,맛집·카페,False,gemini,Gemini Flash Lite,25,강남맛집,121700,"강남맛집 리스트, 데이트부터 회식까지 상황별 추천 식당",info,local,강남역 인근의 다양한 맛집을 목적과 분위기에 맞춰 엄선하여 추천합니다.
food,09,맛집·카페,False,gemini,Gemini Flash Lite,25,쌀국수,120800,"현지의 맛 그대로, 쌀국수 맛집 고르는 팁과 맛있게 먹는 법",info,tip,진한 육수의 쌀국수 맛집을 찾는 기준과 더 맛있게 즐기는 소스 조합을 공유합니다.
food,09,맛집·카페,False,gemini,Gemini Flash Lite,25,내근처맛집,119970,"지금 바로 내근처맛집 찾는 법, 평점과 리뷰로 검증하는 노하우",howto,tip,실시간으로 내 위치에서 가장 만족도 높은 맛집을 선별하는 구체적인 방법을 안내합니다.
food,09,맛집·카페,False,gemini,Gemini Flash Lite,25,음식점,117900,"실패 없는 음식점 선택 가이드, 리뷰 믿고 걸러야 할 곳은?",checklist,tip,광고성 리뷰를 거르고 진짜 맛있는 음식점을 선별하기 위한 체크리스트를 제공합니다.
food,09,맛집·카페,False,gemini,Gemini Flash Lite,25,속초가볼만한곳,117200,"속초가볼만한곳 총정리, 바다 보며 즐기는 맛집과 여행 코스",info,start,속초 여행객을 위한 필수 방문 명소와 지역 대표 맛집들을 상세히 소개합니다.
food,09,맛집·카페,False,gemini,Gemini Flash Lite,25,홍대맛집,115800,"홍대맛집 투어, MZ세대가 뽑은 찐 맛집과 카페 리스트",info,local,홍대 거리의 트렌디한 맛집과 실패 없는 인기 식당들을 엄선하여 정리합니다.
food,09,맛집·카페,False,gemini,Gemini Flash Lite,25,결혼식피로연,990,성공적인 결혼식피로연 장소 선정 기준과 체크리스트,checklist,tip,하객들에게 만족스러운 식사를 대접하기 위한 피로연 장소 선택 노하우를 소개합니다.
food,09,맛집·카페,False,gemini,Gemini Flash Lite,25,고기무한리필집,990,가성비 최고 고기무한리필집 이용 꿀팁과 추천 메뉴,howto,tip,고기무한리필집에서 더 맛있고 알차게 즐길 수 있는 방법과 이용 수칙을 정리했습니다.
food,09,맛집·카페,False,gemini,Gemini Flash Lite,25,굴보쌈,990,제철 맞은 굴보쌈 맛있게 먹는 법과 맛집 고르는 기준,info,tip,겨울철 별미 굴보쌈의 신선도 확인법과 함께 먹으면 좋은 조합을 알려드립니다.
food,09,맛집·카페,False,gemini,Gemini Flash Lite,25,근처레스토랑,990,분위기 좋은 근처레스토랑 찾는 방법과 예약 팁,howto,tip,특별한 날 실패 없는 근처레스토랑을 검색하고 예약하는 실용적인 방법을 공유합니다.
food,09,맛집·카페,False,gemini,Gemini Flash Lite,25,미아삼거리맛집,990,현지인이 추천하는 미아삼거리맛집 베스트 5,info,local,미아삼거리역 인근에서 꼭 가봐야 할 맛집들의 특징과 메뉴를 소개합니다.
food,09,맛집·카페,False,gemini,Gemini Flash Lite,25,바센지분양,990,바센지분양 전 반드시 알아야 할 견종 특성과 주의사항,info,start,독특한 매력의 바센지 입양을 고민하는 분들을 위해 필수 정보를 정리했습니다.
food,09,맛집·카페,False,gemini,Gemini Flash Lite,25,삼성역근처맛집,990,직장인들이 인정한 삼성역근처맛집 리스트 총정리,info,local,삼성역 주변 회식 및 점심 식사로 가기 좋은 맛집들을 엄선하여 소개합니다.
food,09,맛집·카페,False,gemini,Gemini Flash Lite,25,엘시티맛집,990,"부산 여행 필수 코스, 엘시티맛집 방문 후기",review,review,해운대 엘시티 근처에서 즐기는 고급스러운 식사와 분위기를 솔직하게 리뷰합니다.
food,09,맛집·카페,False,gemini,Gemini Flash Lite,25,울산삼산점심맛집,990,울산삼산점심맛집 고민 끝! 메뉴별 추천 리스트,info,local,울산 삼산동에서 점심 식사하기 좋은 맛집들을 메뉴별로 깔끔하게 정리했습니다.
food,09,맛집·카페,False,gemini,Gemini Flash Lite,25,을지로낮술,990,힙한 감성 가득한 을지로낮술 명소 추천,info,local,을지로 골목에서 여유롭게 낮술을 즐길 수 있는 최고의 장소들을 소개합니다.
food,09,맛집·카페,False,gemini,Gemini Flash Lite,25,전주한우,990,"전주한우 맛집 투어, 품질 좋은 고기 고르는 법",info,tip,전주 여행 시 꼭 맛봐야 할 한우 맛집 정보와 고기 등급 보는 법을 안내합니다.
food,09,맛집·카페,False,gemini,Gemini Flash Lite,25,전통음식,990,건강하고 맛있는 한국의 전통음식 제대로 즐기기,info,tip,"우리 고유의 전통음식이 가진 매력과 영양, 그리고 맛집 선택 기준을 다룹니다."
food,09,맛집·카페,False,gemini,Gemini Flash Lite,25,전포동고기집,990,부산 핫플레이스 전포동고기집 인기 맛집 베스트,info,local,전포동 카페거리 근처에서 고기 맛집을 찾는 분들을 위한 추천 리스트입니다.
food,09,맛집·카페,False,gemini,Gemini Flash Lite,25,제주시연동맛집,990,제주시연동맛집 현지인들이 자주 찾는 찐 맛집 추천,info,local,제주 시내 연동에서 실패 없는 식사를 즐길 수 있는 맛집들을 정리했습니다.
food,09,맛집·카페,False,gemini,Gemini Flash Lite,25,진주한식맛집,990,"정갈한 한 상, 진주한식맛집 추천 리스트",info,local,진주에서 부모님과 함께 가기 좋은 정갈한 한식 맛집들을 소개합니다.
food,09,맛집·카페,False,gemini,Gemini Flash Lite,25,풍동애니골맛집,990,가족 외식하기 좋은 풍동애니골맛집 베스트,info,local,일산 풍동 애니골의 다양한 맛집 중 방문객 만족도가 높은 곳들을 추천합니다.
food,09,맛집·카페,False,gemini,Gemini Flash Lite,25,7번가피자포장할인,980,7번가피자포장할인 200% 활용해서 저렴하게 먹는 방법,cost,tip,7번가피자 포장 할인 혜택과 더불어 가성비 좋게 주문하는 팁을 공개합니다.
food,09,맛집·카페,False,gemini,Gemini Flash Lite,25,강남술집추천,980,분위기와 안주를 모두 잡은 강남술집추천 리스트,info,local,강남역 인근에서 모임이나 데이트하기 좋은 분위기 좋은 술집들을 추천합니다.
food,09,맛집·카페,False,gemini,Gemini Flash Lite,25,강남역한우,980,특별한 날 가기 좋은 강남역한우 맛집 비교 분석,compare,compare,"강남역 주변 유명 한우 맛집들의 가격과 서비스, 고기 질을 비교해 드립니다."
food,09,맛집·카페,False,gemini,Gemini Flash Lite,25,과천경마장맛집,980,"과천경마장맛집 탐방, 나들이 후 가기 좋은 식당",info,local,"과천 경마공원 방문 후 가족, 친구와 함께 들르기 좋은 근처 맛집들을 소개합니다."
food,09,맛집·카페,False,gemini,Gemini Flash Lite,25,광주데이트코스,980,완벽한 하루를 위한 광주데이트코스 맛집 추천,info,tip,광주에서 연인과 함께 가기 좋은 분위기 좋은 맛집과 데이트 코스를 제안합니다.
food,09,맛집·카페,False,gemini,Gemini Flash Lite,25,뉴서울CC맛집,980,라운딩 전후로 들르기 좋은 뉴서울CC맛집 정리,info,local,골프장 방문객들이 자주 찾는 뉴서울CC 근처 맛집들의 메뉴와 특징을 알려드립니다.
food,09,맛집·카페,False,gemini,Gemini Flash Lite,25,대전자양동맛집,980,"숨겨진 보석, 대전자양동맛집 베스트 5",info,local,대전 자양동에서 현지인들이 입을 모아 칭찬하는 맛집들을 모았습니다.
food,09,맛집·카페,False,gemini,Gemini Flash Lite,25,디저트추천,980,당 충전이 필요할 때! 실패 없는 디저트추천 리스트,info,tip,최신 트렌드 디저트부터 클래식한 메뉴까지 상황별 디저트를 추천합니다.
food,09,맛집·카페,False,gemini,Gemini Flash Lite,25,롯데월드타워식당,980,롯데월드타워식당 뷰 맛집부터 가성비 맛집까지,info,local,롯데월드타워 내에서 식사하기 좋은 곳들을 뷰와 가격대별로 나누어 소개합니다.
food,09,맛집·카페,False,scout,Groq Scout 17B,25,근처맛집,951600,"내 근처 맛집 찾기, 지역별 인기 식당 모음",info,local,주변 지역에 있는 맛집을 소개하고 위치 정보를 제공한다.
food,09,맛집·카페,False,scout,Groq Scout 17B,25,샤브올데이,553000,"샤브올데이 메뉴 및 가격, 이용 후기",review,review,"샤브올데이의 다양한 메뉴와 가격, 실제 이용 후기를 공유한다."
food,09,맛집·카페,False,scout,Groq Scout 17B,25,근처카페,535480,"내 근처 카페 추천, 분위기 좋은 곳 모음",info,local,주변 지역에 있는 카페를 소개하고 분위기 좋은 곳을 추천한다.
food,09,맛집·카페,False,scout,Groq Scout 17B,25,식당,347300,"식당 창업 가이드, 성공 사례와 노하우",howto,howto,식당 창업을 위한 준비 과정과 성공 사례를 공유한다.
food,09,맛집·카페,False,scout,Groq Scout 17B,25,주변맛집,296000,"주변 맛집 찾기, 네이버 지도 활용법",howto,tip,네이버 지도를 활용해 주변 맛집을 찾는 방법을 소개한다.
food,09,맛집·카페,False,scout,Groq Scout 17B,25,곡성장미축제,217000,곡성장미축제 일정 및 즐길 거리,info,news,곡성장미축제의 일정과 다양한 즐길 거리를 소개한다.
food,09,맛집·카페,False,scout,Groq Scout 17B,25,돈까스,162300,"돈까스 맛집 추천, 인기 메뉴와 가격",info,review,돈까스 맛집을 추천하고 인기 메뉴와 가격을 공유한다.
food,09,맛집·카페,False,scout,Groq Scout 17B,25,부산가볼만한곳,160300,"부산 가볼 만한 곳, 관광 명소 모음",info,local,부산의 다양한 관광 명소를 소개하고 추천한다.
food,09,맛집·카페,False,scout,Groq Scout 17B,25,대전맛집,159800,"대전 맛집 추천, 지역별 인기 식당",info,local,대전 지역의 맛집을 추천하고 인기 식당을 소개한다.
food,09,맛집·카페,False,scout,Groq Scout 17B,25,제육볶음레시피,158890,"제육볶음 레시피, 쉽고 맛있게 만들기",howto,howto,제육볶음을 쉽고 맛있게 만드는 레시피를 공유한다.
food,09,맛집·카페,False,scout,Groq Scout 17B,25,강릉맛집,154900,"강릉 맛집 추천, 현지인 인기 식당",info,local,강릉 지역의 맛집을 추천하고 현지인 인기 식당을 소개한다.
food,09,맛집·카페,False,scout,Groq Scout 17B,25,경주맛집,151500,"경주 맛집 추천, 전통 음식과 현대 요리",info,local,경주 지역의 전통 음식과 현대 요리를 소개하고 맛집을 추천한다.
food,09,맛집·카페,False,scout,Groq Scout 17B,25,초밥,146800,"초밥 맛집 추천, 인기 메뉴와 가격",info,review,초밥 맛집을 추천하고 인기 메뉴와 가격을 공유한다.
food,09,맛집·카페,False,scout,Groq Scout 17B,25,고봉민김밥,141180,"고봉민 김밥 메뉴 및 가격, 이용 후기",review,review,"고봉민 김밥의 메뉴와 가격, 실제 이용 후기를 공유한다."
food,09,맛집·카페,False,scout,Groq Scout 17B,25,닭갈비,138530,"닭갈비 맛집 추천, 인기 메뉴와 가격",info,review,닭갈비 맛집을 추천하고 인기 메뉴와 가격을 공유한다.
food,09,맛집·카페,False,scout,Groq Scout 17B,25,감자탕,135220,"감자탕 맛집 추천, 인기 메뉴와 가격",info,review,감자탕 맛집을 추천하고 인기 메뉴와 가격을 공유한다.
food,09,맛집·카페,False,scout,Groq Scout 17B,25,서울가볼만한곳,132100,"서울 가볼 만한 곳, 관광 명소 모음",info,local,서울의 다양한 관광 명소를 소개하고 추천한다.
food,09,맛집·카페,False,scout,Groq Scout 17B,25,내주변맛집,128530,"내 주변 맛집 찾기, 모바일 앱 활용법",howto,tip,모바일 앱을 활용해 내 주변 맛집을 찾는 방법을 소개한다.
food,09,맛집·카페,False,scout,Groq Scout 17B,25,여수가볼만한곳,125200,"여수 가볼 만한 곳, 관광 명소 모음",info,local,여수의 다양한 관광 명소를 소개하고 추천한다.
food,09,맛집·카페,False,scout,Groq Scout 17B,25,강남맛집,121700,"강남 맛집 추천, 고급 식당과 캐주얼 식당",info,local,강남 지역의 맛집을 추천하고 고급 식당과 캐주얼 식당을 소개한다.
food,09,맛집·카페,False,scout,Groq Scout 17B,25,쌀국수,120800,"쌀국수 맛집 추천, 인기 메뉴와 가격",info,review,쌀국수 맛집을 추천하고 인기 메뉴와 가격을 공유한다.
food,09,맛집·카페,False,scout,Groq Scout 17B,25,내근처맛집,119970,"내 근처 맛집 찾기, 지역별 인기 식당",info,local,주변 지역에 있는 맛집을 소개하고 인기 식당을 추천한다.
food,09,맛집·카페,False,scout,Groq Scout 17B,25,음식점,117900,"음식점 창업 가이드, 성공 사례와 노하우",howto,howto,음식점 창업을 위한 준비 과정과 성공 사례를 공유한다.
food,09,맛집·카페,False,scout,Groq Scout 17B,25,속초가볼만한곳,117200,"속초 가볼 만한 곳, 관광 명소 모음",info,local,속초의 다양한 관광 명소를 소개하고 추천한다.
food,09,맛집·카페,False,scout,Groq Scout 17B,25,홍대맛집,115800,"홍대 맛집 추천, 트렌디한 식당과 카페",info,local,홍대 지역의 맛집을 추천하고 트렌디한 식당과 카페를 소개한다.
food,09,맛집·카페,False,scout,Groq Scout 17B,25,결혼식피로연,990,결혼식 피로연 메뉴 추천 및 계획 가이드,howto,howto,결혼식 피로연 메뉴 선택과 계획에 대한 가이드
food,09,맛집·카페,False,scout,Groq Scout 17B,25,고기무한리필집,990,"고기가 무한리필 되는 집, 가성비 맛집 추천",review,review,고기가 무한리필 되는 집에 대한 리뷰와 추천
food,09,맛집·카페,False,scout,Groq Scout 17B,25,굴보쌈,990,"굴보쌈 맛집 추천, 겨울철 별미 즐기기",review,review,굴보쌈 맛집 추천과 즐기는 방법
food,09,맛집·카페,False,scout,Groq Scout 17B,25,근처레스토랑,990,"내 근처 레스토랑 찾기, 지역별 맛집 추천",info,local,지역별 근처 레스토랑 정보와 맛집 추천
food,09,맛집·카페,False,scout,Groq Scout 17B,25,미아삼거리맛집,990,"미아삼거리 맛집 추천, 지역 주민이 선택한 곳",review,review,미아삼거리 맛집 추천과 지역 주민의 선택
food,09,맛집·카페,False,scout,Groq Scout 17B,25,바센지분양,990,"바센지 분양 정보, 카페 창업 고려하기",info,info,바센지 분양 정보와 카페 창업 고려 사항
food,09,맛집·카페,False,scout,Groq Scout 17B,25,삼성역근처맛집,990,"삼성역 근처 맛집 추천, 직장인이 선택한 곳",review,review,삼성역 근처 맛집 추천과 직장인의 선택
food,09,맛집·카페,False,scout,Groq Scout 17B,25,엘시티맛집,990,"부산 엘시티 맛집 추천, 높은 곳에서 즐기는 식사",review,review,엘시티 맛집 추천과 높은 곳에서 즐기는 식사
food,09,맛집·카페,False,scout,Groq Scout 17B,25,울산삼산점심맛집,990,"울산 삼산동 점심 맛집 추천, 직장인을 위한 메뉴",review,review,울산 삼산동 점심 맛집 추천과 직장인을 위한 메뉴
food,09,맛집·카페,False,scout,Groq Scout 17B,25,을지로낮술,990,"을지로 낮술 추천, 낮에 즐기는 술 문화",review,review,을지로 낮술 추천과 낮에 즐기는 술 문화
food,09,맛집·카페,False,scout,Groq Scout 17B,25,전주한우,990,"전주 한우 맛집 추천, 전통적인 한우 즐기기",review,review,전주 한우 맛집 추천과 전통적인 한우 즐기기
food,09,맛집·카페,False,scout,Groq Scout 17B,25,전통음식,990,한국 전통 음식 종류와 만드는 방법,info,info,한국 전통 음식의 종류와 만드는 방법 소개
food,09,맛집·카페,False,scout,Groq Scout 17B,25,전포동고기집,990,"전포동 고기집 추천, 맛있는 고기 즐기기",review,review,전포동 고기집 추천과 맛있는 고기 즐기기
food,09,맛집·카페,False,scout,Groq Scout 17B,25,제주시연동맛집,990,"제주 연동 맛집 추천, 현지인이 선택한 곳",review,review,제주 연동 맛집 추천과 현지인의 선택
food,09,맛집·카페,False,scout,Groq Scout 17B,25,진주한식맛집,990,"진주 한식 맛집 추천, 전통적인 한식 즐기기",review,review,진주 한식 맛집 추천과 전통적인 한식 즐기기
food,09,맛집·카페,False,scout,Groq Scout 17B,25,풍동애니골맛집,990,"풍동 애니골 맛집 추천, 숲속에서 즐기는 식사",review,review,풍동 애니골 맛집 추천과 숲속에서 즐기는 식사
food,09,맛집·카페,False,scout,Groq Scout 17B,25,7번가피자포장할인,980,"7번가 피자 포장 할인 정보, 저렴하게 즐기기",info,tip,7번가 피자 포장 할인 정보와 저렴하게 즐기는 방법
food,09,맛집·카페,False,scout,Groq Scout 17B,25,강남술집추천,980,"강남 술집 추천, 밤에 즐기는 술 문화",review,review,강남 술집 추천과 밤에 즐기는 술 문화
food,09,맛집·카페,False,scout,Groq Scout 17B,25,강남역한우,980,"강남역 한우 맛집 추천, 고급스러운 식사",review,review,강남역 한우 맛집 추천과 고급스러운 식사
food,09,맛집·카페,False,scout,Groq Scout 17B,25,과천경마장맛집,980,"과천 경마장 맛집 추천, 경마와 함께 즐기는 식사",review,review,과천 경마장 맛집 추천과 경마와 함께 즐기는 식사
food,09,맛집·카페,False,scout,Groq Scout 17B,25,광주데이트코스,980,"광주 데이트 코스 추천, 연인과 함께 즐기기",howto,howto,광주 데이트 코스 추천과 연인과 함께 즐기는 방법
food,09,맛집·카페,False,scout,Groq Scout 17B,25,뉴서울CC맛집,980,"뉴서울 CC 맛집 추천, 골프와 함께 즐기는 식사",review,review,뉴서울 CC 맛집 추천과 골프와 함께 즐기는 식사
food,09,맛집·카페,False,scout,Groq Scout 17B,25,대전자양동맛집,980,"대전 자양동 맛집 추천, 지역 주민이 선택한 곳",review,review,대전 자양동 맛집 추천과 지역 주민의 선택
food,09,맛집·카페,False,scout,Groq Scout 17B,25,디저트추천,980,"디저트 추천, 달콤한 마무리 즐기기",review,review,디저트 추천과 달콤한 마무리 즐기기
food,09,맛집·카페,False,scout,Groq Scout 17B,25,롯데월드타워식당,980,"롯데월드 타워 식당 추천, 높은 곳에서 즐기는 식사",review,review,롯데월드 타워 식당 추천과 높은 곳에서 즐기는 식사
it,07,IT·테크,False,gemini,Gemini Flash Lite,10,챗지피티,13033800,챗지피티 활용법 초보자를 위한 단계별 가이드,howto,howto,챗지피티를 처음 시작하는 사용자를 위해 기본 개념부터 실무 활용 팁까지 상세히 설명합니다.
it,07,IT·테크,False,gemini,Gemini Flash Lite,10,챗GPT,4453400,챗GPT 유료 버전 vs 무료 버전 차이점과 선택 기준,compare,compare,챗GPT 무료 모델과 유료 구독 서비스의 성능 차이를 비교하여 나에게 맞는 버전을 선택하도록 돕습니다.
it,07,IT·테크,False,gemini,Gemini Flash Lite,10,비트코인시세,2195300,오늘의 비트코인시세 분석 및 시장 주요 변수 체크,info,issue,최근 비트코인시세 흐름을 분석하고 투자 시 반드시 확인해야 할 시장 지표를 정리합니다.
it,07,IT·테크,False,gemini,Gemini Flash Lite,10,CHATGPT,2135700,업무 효율 200% 높이는 CHATGPT 프롬프트 작성 꿀팁,howto,tip,CHATGPT를 활용해 업무 생산성을 극대화할 수 있는 효과적인 질문 작성법을 공유합니다.
it,07,IT·테크,False,gemini,Gemini Flash Lite,10,쳇지피티,1990300,쳇지피티 시작하기 전 꼭 알아야 할 주의사항과 보안 팁,checklist,start,쳇지피티 이용 시 개인정보 보호와 데이터 활용에 있어 주의해야 할 핵심 체크리스트를 제공합니다.
it,07,IT·테크,False,gemini,Gemini Flash Lite,10,쳇GPT,741800,최신 쳇GPT 업데이트 기능 총정리 및 활용 사례,news,issue,최근 업데이트된 쳇GPT의 새로운 기능들을 소개하고 실생활에서 어떻게 활용하는지 알아봅니다.
it,07,IT·테크,False,gemini,Gemini Flash Lite,10,리플시세,646400,리플시세 변동성 분석과 향후 전망 체크포인트,info,issue,리플시세의 최근 흐름과 가격에 영향을 주는 주요 이슈를 객관적으로 분석합니다.
it,07,IT·테크,False,gemini,Gemini Flash Lite,10,이더리움,506700,이더리움 블록체인 기술의 이해와 투자 가치 분석,info,tip,이더리움 생태계의 작동 원리와 차세대 블록체인으로서의 가치를 심층적으로 다룹니다.
it,07,IT·테크,False,gemini,Gemini Flash Lite,10,이더리움시세,432100,이더리움시세 추이와 시장 전문가들의 향후 예측,info,issue,이더리움시세의 장기적 흐름을 살펴보고 시장 전문가들이 주목하는 핵심 요인을 정리합니다.
it,07,IT·테크,False,gemini,Gemini Flash Lite,10,코인판,278900,코인판 커뮤니티 이용 시 주의할 점과 정보 선별법,checklist,tip,코인판 등 암호화폐 커뮤니티에서 쏟아지는 정보 중 옥석을 가려내는 노하우를 소개합니다.
it,07,IT·테크,False,gemini,Gemini Flash Lite,10,빗썸비트코인,263700,빗썸 비트코인 거래 방법 및 입출금 수수료 완벽 정리,howto,howto,빗썸 거래소에서 비트코인을 안전하게 거래하는 방법과 이용 시 주의사항을 안내합니다.
it,07,IT·테크,False,gemini,Gemini Flash Lite,10,도지코인,228100,"도지코인 최근 흐름과 향후 전망 분석, 투자 전 체크리스트",info,issue,도지코인의 시장 현황과 변동성 요인을 분석하여 투자자들이 고려해야 할 정보를 제공합니다.
it,07,IT·테크,False,gemini,Gemini Flash Lite,10,내일배움카드,162300,내일배움카드 신청 자격과 국비지원 교육 프로그램 활용법,howto,tip,내일배움카드 신청 대상 확인부터 교육 과정 수강 신청까지의 전체 과정을 상세히 설명합니다.
it,07,IT·테크,False,gemini,Gemini Flash Lite,10,노래방,160850,최신 노래방 기기 음향 설정 꿀팁과 인기 차트 확인법,info,tip,노래방에서 더 즐겁게 노래하기 위한 기기 설정법과 최신 인기곡 확인 방법을 소개합니다.
it,07,IT·테크,False,gemini,Gemini Flash Lite,10,코인시세,151900,실시간 코인시세 확인하는 가장 정확하고 빠른 사이트 추천,info,tip,변동성이 큰 코인시세를 실시간으로 파악할 수 있는 신뢰도 높은 플랫폼들을 비교 정리합니다.
it,07,IT·테크,False,gemini,Gemini Flash Lite,10,국민취업지원제도,108300,국민취업지원제도 1유형 2유형 차이점과 신청 방법 가이드,howto,howto,국민취업지원제도의 유형별 지원 내용과 본인에게 맞는 신청 자격을 확인하는 법을 다룹니다.
it,07,IT·테크,False,gemini,Gemini Flash Lite,10,타자연습,82300,"무료 타자연습 사이트 추천, 빠르고 정확하게 타자 속도 높이는 법",info,tip,한글 및 영문 타자 실력을 효율적으로 향상시킬 수 있는 무료 타자연습 서비스들을 소개합니다.
it,07,IT·테크,False,gemini,Gemini Flash Lite,10,도지코인시세,80240,도지코인시세 변동 요인과 기술적 분석 지표 활용하기,compare,issue,도지코인시세에 영향을 미치는 주요 지표와 시장 분석 방법을 초보자 눈높이에서 설명합니다.
it,07,IT·테크,False,gemini,Gemini Flash Lite,10,캐릭터,64100,"나만의 캐릭터 만들기, AI 툴을 활용한 디자인 제작 가이드",howto,start,최신 생성형 AI 기술을 활용하여 누구나 쉽게 독창적인 캐릭터를 제작하는 방법을 안내합니다.
it,07,IT·테크,False,gemini,Gemini Flash Lite,10,오픈AI,60500,"오픈AI가 바꾸는 미래 기술, 챗GPT 활용 사례와 최신 업데이트",info,issue,오픈AI의 최신 기술 동향과 우리 실생활에 적용되고 있는 AI 서비스들을 살펴봅니다.
it,07,IT·테크,False,gemini,Gemini Flash Lite,10,로지텍마우스,59700,"사무용부터 게이밍까지, 나에게 딱 맞는 로지텍마우스 추천 가이드",compare,compare,용도별로 인기 있는 로지텍마우스 모델들을 비교하고 선택 기준을 제시한다.
it,07,IT·테크,False,gemini,Gemini Flash Lite,10,무선이어폰,59600,"2024년 가성비부터 고음질까지, 실패 없는 무선이어폰 고르는 법",howto,tip,무선이어폰 구매 시 반드시 확인해야 할 성능 지표와 사용자별 추천 모델을 소개한다.
it,07,IT·테크,False,gemini,Gemini Flash Lite,10,블루투스스피커,59000,캠핑과 실내 인테리어를 완성하는 감성 블루투스스피커 베스트 5,compare,compare,디자인과 음질을 모두 잡은 인기 블루투스스피커 모델들을 상세히 비교 분석한다.
it,07,IT·테크,False,gemini,Gemini Flash Lite,10,SQLD,54600,비전공자도 한 달 만에 합격하는 SQLD 자격증 취득 공부법,howto,howto,SQLD 자격증 시험을 대비하기 위한 효율적인 학습 루틴과 필수 암기 포인트를 정리한다.
it,07,IT·테크,False,gemini,Gemini Flash Lite,10,블루투스이어폰,53200,"끊김 없는 연결과 노이즈 캔슬링, 최신 블루투스이어폰 실사용 리뷰",review,review,최신 블루투스이어폰의 주요 기능과 실제 사용 시 느낀 장단점을 솔직하게 리뷰한다.
it,07,IT·테크,False,gemini,Gemini Flash Lite,10,32인치QHD모니터,990,작업 효율을 높이는 32인치QHD모니터 선택 시 체크리스트,checklist,tip,"32인치QHD모니터를 구매하기 전 고려해야 할 패널 종류, 주사율, 색재현율을 체크한다."
it,07,IT·테크,False,gemini,Gemini Flash Lite,10,디지털화폐,990,우리의 일상을 바꿀 디지털화폐의 개념과 미래 전망 분석,info,issue,디지털화폐가 무엇인지 정의하고 금융 시장에 미칠 영향과 전망을 다룬다.
it,07,IT·테크,False,gemini,Gemini Flash Lite,10,무선모니터,990,"선 없는 깔끔한 데스크테리어, 무선모니터 활용법과 장단점",info,start,무선모니터의 작동 원리와 이를 활용해 깔끔한 작업 환경을 구성하는 방법을 알아본다.
it,07,IT·테크,False,gemini,Gemini Flash Lite,10,사진합성,990,초보자도 10분 만에 완성하는 자연스러운 사진합성 꿀팁,howto,howto,무료 툴을 활용하여 초보자도 쉽게 따라 할 수 있는 사진합성 기초 과정을 설명한다.
it,07,IT·테크,False,gemini,Gemini Flash Lite,10,시놀로지NAS,990,"데이터 백업부터 미디어 서버까지, 시놀로지NAS 초기 설정 완벽 가이드",howto,howto,시놀로지NAS를 처음 구매한 사용자를 위한 필수 초기 설정과 유용한 활용법을 안내한다.
it,07,IT·테크,False,gemini,Gemini Flash Lite,10,유튜브영상,990,조회수 올리는 유튜브영상 편집 전략과 필수 툴 가이드,howto,howto,초보자도 쉽게 따라 할 수 있는 유튜브영상 제작 프로세스와 편집 팁을 소개합니다.
it,07,IT·테크,False,gemini,Gemini Flash Lite,10,전기공사업,990,전기공사업 면허 등록 조건과 준비 서류 완벽 정리,checklist,tip,전기공사업 창업을 위해 반드시 확인해야 할 자본금 및 기술 인력 요건을 설명합니다.
it,07,IT·테크,False,gemini,Gemini Flash Lite,10,AI디자인,980,업무 효율 높여주는 최신 AI디자인 툴 5가지 추천,compare,compare,디자이너와 마케터가 활용하기 좋은 최신 AI디자인 생성 도구의 장단점을 비교합니다.
it,07,IT·테크,False,gemini,Gemini Flash Lite,10,무선카메라,980,가정용 무선카메라 설치 전 꼭 확인해야 할 체크리스트,checklist,tip,홈 보안을 위한 무선카메라 선택 기준과 올바른 설치 위치 선정 방법을 다룹니다.
it,07,IT·테크,False,gemini,Gemini Flash Lite,10,보안등,980,LED 보안등 교체 주기와 에너지 절감 효과 분석,info,issue,최신 LED 보안등 기술의 특징과 설치 시 기대할 수 있는 유지비 절감 효과를 알아봅니다.
it,07,IT·테크,False,gemini,Gemini Flash Lite,10,사운드바추천,980,홈시어터 입문을 위한 가격대별 사운드바추천 리스트,compare,compare,사용자의 환경과 예산에 맞춰 최적의 사운드를 구현할 수 있는 사운드바 모델을 추천합니다.
it,07,IT·테크,False,gemini,Gemini Flash Lite,10,가정IOT,970,"스마트홈의 시작, 편리한 생활을 위한 가정IOT 구축법",howto,start,가정IOT 시스템을 구성하는 필수 기기와 연동 방법을 초보자 눈높이에서 설명합니다.
it,07,IT·테크,False,gemini,Gemini Flash Lite,10,엣지컴퓨팅,970,"클라우드를 넘어선 미래 기술, 엣지컴퓨팅이란 무엇인가?",info,issue,데이터 처리 속도를 혁신하는 엣지컴퓨팅의 개념과 산업별 활용 사례를 정리합니다.
it,07,IT·테크,False,gemini,Gemini Flash Lite,10,가성비모니터,960,"사무용부터 게임용까지, 2024년형 가성비모니터 구매 가이드",compare,compare,가격과 성능을 모두 만족하는 가성비모니터 브랜드별 특징과 선택 기준을 제시합니다.
it,07,IT·테크,False,gemini,Gemini Flash Lite,10,저소음무선키보드,960,사무실 필수템! 타건감 좋은 저소음무선키보드 추천 TOP 3,review,review,조용한 사무 환경을 위한 저소음무선키보드의 실제 사용 후기와 장단점을 비교 분석합니다.
it,07,IT·테크,False,gemini,Gemini Flash Lite,10,AI소프트웨어,950,업무 효율을 2배 높여주는 필수 AI소프트웨어 추천 TOP 5,info,tip,실무에서 즉시 활용 가능한 생산성 향상 AI 소프트웨어의 종류와 특징을 소개합니다.
it,07,IT·테크,False,gemini,Gemini Flash Lite,10,CHATGPT사용법,950,초보자를 위한 완벽한 CHATGPT사용법: 질문 잘하는 법부터 활용 팁까지,howto,howto,ChatGPT를 처음 접하는 사용자를 위해 기본 기능과 효율적인 프롬프트 작성법을 안내합니다.
it,07,IT·테크,False,gemini,Gemini Flash Lite,10,MXMASTER,950,로지텍 MXMASTER 시리즈 비교: 나에게 맞는 사무용 마우스는?,compare,compare,MX Master 시리즈의 모델별 차이점과 작업 환경에 따른 선택 가이드를 제공합니다.
it,07,IT·테크,False,gemini,Gemini Flash Lite,10,WINDOWS,950,WINDOWS 최신 버전 설치 및 최적화 설정 가이드,howto,howto,윈도우 운영체제를 더욱 빠르고 쾌적하게 사용할 수 있는 설정 방법과 관리 팁을 정리합니다.
it,07,IT·테크,False,gemini,Gemini Flash Lite,10,야간대학원,950,직장인을 위한 야간대학원 진학 준비와 합격 전략,info,start,IT 직무 역량 강화를 위해 야간대학원 진학을 고민하는 직장인을 위한 준비 과정을 다룹니다.
it,07,IT·테크,False,gemini,Gemini Flash Lite,10,엡손복합기,950,가정 및 사무실용 엡손복합기 구매 전 체크리스트,checklist,tip,"엡손 복합기 구매 시 고려해야 할 유지비, 인쇄 속도, 무선 연결 기능 등을 체크합니다."
it,07,IT·테크,False,gemini,Gemini Flash Lite,10,웹하드추천,950,안전하고 빠른 대용량 파일 공유를 위한 웹하드추천 리스트,info,tip,보안성과 전송 속도가 검증된 웹하드 서비스를 비교하고 사용자 환경에 맞는 곳을 추천합니다.
it,07,IT·테크,False,gemini,Gemini Flash Lite,10,컬러프린트,950,고품질 컬러프린트를 위한 프린터 설정 및 용지 선택 팁,howto,tip,문서나 사진을 선명하게 컬러 프린트하기 위해 알아두면 좋은 설정법을 설명합니다.
it,07,IT·테크,False,gemini,Gemini Flash Lite,10,C++,940,프로그래밍 입문자를 위한 C++ 학습 로드맵과 공부 방법,info,start,C++ 언어를 처음 시작하는 초보자를 위해 학습 순서와 추천 도서를 정리합니다.
it,07,IT·테크,False,gemini,Gemini Flash Lite,10,후지제록스복합기,940,후지제록스복합기 유지보수 및 토너 교체 방법 상세 가이드,howto,howto,후지제록스 복합기를 오랫동안 고장 없이 사용하기 위한 관리 방법과 소모품 교체법을 다룹니다.
it,07,IT·테크,False,scout,Groq Scout 17B,10,챗지피티,13033800,챗지피티 사용법과 활용 사례 알아보기,info,howto,챗지피티의 기본 사용법과 다양한 활용 사례를 소개한다.
it,07,IT·테크,False,scout,Groq Scout 17B,10,챗GPT,4453400,챗GPT란? 인공지능 챗봇의 미래,info,issue,"챗GPT의 개념과 기술적 특징, 그리고 미래 전망을 다룬다."
it,07,IT·테크,False,scout,Groq Scout 17B,10,비트코인시세,2195300,비트코인 시세 변동 이유와 전망,info,issue,비트코인 시세 변동 요인 분석과 향후 전망을 제시한다.
it,07,IT·테크,False,scout,Groq Scout 17B,10,CHATGPT,2135700,CHATGPT 사용 방법과 주의사항,howto,howto,CHATGPT의 사용 방법과 주의사항을 안내한다.
it,07,IT·테크,False,scout,Groq Scout 17B,10,쳇지피티,1990300,쳇지피티와 챗GPT 차이점과 활용법,compare,compare,쳇지피티와 챗GPT의 차이점과 각각의 활용법을 비교한다.
it,07,IT·테크,False,scout,Groq Scout 17B,10,쳇GPT,741800,쳇GPT의 기능과 장단점 분석,info,review,쳇GPT의 기능과 장단점을 심층 분석한다.
it,07,IT·테크,False,scout,Groq Scout 17B,10,리플시세,646400,리플 시세 전망과 투자 전략,info,issue,리플 시세 전망과 투자 전략을 제시한다.
it,07,IT·테크,False,scout,Groq Scout 17B,10,이더리움,506700,이더리움의 기술적 특징과 활용 사례,info,issue,이더리움의 기술적 특징과 다양한 활용 사례를 소개한다.
it,07,IT·테크,False,scout,Groq Scout 17B,10,이더리움시세,432100,이더리움 시세 변동 분석과 전망,info,issue,이더리움 시세 변동 요인 분석과 향후 전망을 제시한다.
it,07,IT·테크,False,scout,Groq Scout 17B,10,코인판,278900,코인판 이용 방법과 주의사항,howto,howto,코인판의 이용 방법과 주의사항을 안내한다.
it,07,IT·테크,False,scout,Groq Scout 17B,10,빗썸비트코인,263700,빗썸에서 비트코인 거래하는 방법,howto,howto,빗썸에서 비트코인을 거래하는 방법과 주의사항을 안내한다.
it,07,IT·테크,False,scout,Groq Scout 17B,10,도지코인,228100,도지코인 전망과 투자 전략,info,issue,도지코인의 현재 상황과 미래 전망을 분석한다.
it,07,IT·테크,False,scout,Groq Scout 17B,10,내일배움카드,162300,내일배움카드 발급 방법과 사용처,howto,howto,내일배움카드를 발급받고 사용하는 방법을 설명한다.
it,07,IT·테크,False,scout,Groq Scout 17B,10,노래방,160850,노래방 창업 비용과 준비물,cost,tip,노래방 창업을 위해 필요한 비용과 준비물을 안내한다.
it,07,IT·테크,False,scout,Groq Scout 17B,10,코인시세,151900,실시간 코인 시세 확인 방법,info,howto,실시간 코인 시세를 확인하는 방법과 주의사항을 안내한다.
it,07,IT·테크,False,scout,Groq Scout 17B,10,국민취업지원제도,108300,국민취업지원제도 신청 방법과 혜택,howto,howto,국민취업지원제도를 신청하고 혜택을 받는 방법을 설명한다.
it,07,IT·테크,False,scout,Groq Scout 17B,10,타자연습,82300,타자연습 사이트 추천과 연습 방법,howto,tip,타자연습을 위한 사이트 추천과 효과적인 연습 방법을 안내한다.
it,07,IT·테크,False,scout,Groq Scout 17B,10,도지코인시세,80240,도지코인 시세 전망과 투자 전략,info,issue,도지코인 시세의 현재 상황과 미래 전망을 분석한다.
it,07,IT·테크,False,scout,Groq Scout 17B,10,캐릭터,64100,캐릭터 디자인과 제작 방법,howto,howto,캐릭터를 디자인하고 제작하는 방법을 설명한다.
it,07,IT·테크,False,scout,Groq Scout 17B,10,오픈AI,60500,오픈AI 기술과 활용 사례,info,issue,오픈AI 기술의 현재 상황과 다양한 활용 사례를 소개한다.
it,07,IT·테크,False,scout,Groq Scout 17B,10,로지텍마우스,59700,로지텍 마우스 추천 베스트 5,review,review,로지텍 마우스 제품 중 인기 있는 모델을 소개하고 특징을 비교한다.
it,07,IT·테크,False,scout,Groq Scout 17B,10,무선이어폰,59600,2024년 최고의 무선 이어폰,review,review,현재 시장에서 인기 있는 무선 이어폰을 리뷰하고 추천한다.
it,07,IT·테크,False,scout,Groq Scout 17B,10,블루투스스피커,59000,블루투스 스피커 선택 가이드,howto,howto,블루투스 스피커를 선택할 때 고려해야 할 요소와 팁을 제공한다.
it,07,IT·테크,False,scout,Groq Scout 17B,10,SQLD,54600,SQLD 자격증 준비 방법,howto,howto,SQLD 자격증을 준비하는 방법과 공부 팁을 공유한다.
it,07,IT·테크,False,scout,Groq Scout 17B,10,블루투스이어폰,53200,블루투스 이어폰 비교,compare,compare,다양한 블루투스 이어폰의 특징과 가격을 비교한다.
it,07,IT·테크,False,scout,Groq Scout 17B,10,32인치QHD모니터,990,32인치 QHD 모니터 추천,review,review,32인치 QHD 모니터의 장점과 추천 제품을 소개한다.
it,07,IT·테크,False,scout,Groq Scout 17B,10,디지털화폐,990,디지털 화폐의 이해,info,issue,디지털 화폐의 개념과 현황을 설명한다.
it,07,IT·테크,False,scout,Groq Scout 17B,10,무선모니터,990,무선 모니터의 장단점,info,issue,무선 모니터의 장점과 단점을 분석한다.
it,07,IT·테크,False,scout,Groq Scout 17B,10,사진합성,990,사진 합성 기술 배우기,howto,howto,사진 합성 기술을 배우는 방법과 팁을 제공한다.
it,07,IT·테크,False,scout,Groq Scout 17B,10,시놀로지NAS,990,시놀로지 NAS 사용법,howto,howto,시놀로지 NAS의 사용 방법과 활용 팁을 공유한다.
it,07,IT·테크,False,scout,Groq Scout 17B,10,유튜브영상,990,유튜브 영상 만들기 쉽게 따라하는 방법,howto,howto,유튜브 영상 제작 초보자를 위한 쉬운 따라하기 가이드
it,07,IT·테크,False,scout,Groq Scout 17B,10,전기공사업,990,전기공사업 등록 절차와 준비해야 할 서류,info,start,전기공사업 시작을 위한 등록 절차와 필요 서류 안내
it,07,IT·테크,False,scout,Groq Scout 17B,10,AI디자인,980,AI 디자인 툴 사용법과 디자인 혁신 사례,howto,tip,AI 디자인 툴 활용법과 실제 디자인 혁신 사례 소개
it,07,IT·테크,False,scout,Groq Scout 17B,10,무선카메라,980,무선 카메라 선택 가이드와 설치 방법,howto,howto,무선 카메라 고르는 법과 설치하는 방법 안내
it,07,IT·테크,False,scout,Groq Scout 17B,10,보안등,980,보안등 설치의 중요성과 효과적인 설치 방법,info,issue,보안등 설치의 필요성과 안전한 설치 방법 소개
it,07,IT·테크,False,scout,Groq Scout 17B,10,사운드바추천,980,최고의 사운드바 추천과 구매 가이드,review,review,현재 시장에서 인기 있는 사운드바 제품 리뷰와 구매 가이드
it,07,IT·테크,False,scout,Groq Scout 17B,10,가정IOT,970,가정용 IoT 제품 추천과 스마트 홈 구축 팁,info,tip,가정용 IoT 제품 소개와 스마트 홈을 위한 팁 제공
it,07,IT·테크,False,scout,Groq Scout 17B,10,엣지컴퓨팅,970,엣지 컴퓨팅 개념과 실제 적용 사례,info,issue,엣지 컴퓨팅의 개념과 산업별 적용 사례 소개
it,07,IT·테크,False,scout,Groq Scout 17B,10,가성비모니터,960,가성비 모니터 추천과 구매 전 체크리스트,review,review,가격 대비 성능이 좋은 모니터 제품 추천과 구매 가이드
it,07,IT·테크,False,scout,Groq Scout 17B,10,저소음무선키보드,960,저소음 무선 키보드 추천과 사용 후기,review,review,조용하고 편리한 저소음 무선 키보드 제품 리뷰와 사용 후기
it,07,IT·테크,False,scout,Groq Scout 17B,10,AI소프트웨어,950,AI 소프트웨어 종류와 활용 사례,info,start,다양한 AI 소프트웨어의 종류와 실제 활용 사례를 소개합니다.
it,07,IT·테크,False,scout,Groq Scout 17B,10,CHATGPT사용법,950,CHATGPT 사용법과 효율적인 대화 활용 팁,howto,howto,CHATGPT를 효과적으로 사용하는 방법과 대화技巧을 알려드립니다.
it,07,IT·테크,False,scout,Groq Scout 17B,10,MXMASTER,950,MXMASTER 마우스 리뷰와 사용 후기,review,review,MXMASTER 마우스의 성능과 실제 사용 경험을 공유합니다.
it,07,IT·테크,False,scout,Groq Scout 17B,10,WINDOWS,950,WINDOWS 11 업데이트 소식과 달라진 점,news,news,최신 WINDOWS 11 업데이트 내용과 새로운 기능을 소개합니다.
it,07,IT·테크,False,scout,Groq Scout 17B,10,야간대학원,950,야간 대학원 진학 가이드와 준비 사항,howto,howto,야간 대학원 진학을 준비하는 이들을 위한 가이드와 체크리스트를 제공합니다.
it,07,IT·테크,False,scout,Groq Scout 17B,10,엡손복합기,950,엡손 복합기 추천 모델과 구매 가이드,compare,compare,다양한 엡손 복합기 모델을 비교하고 선택하는 가이드를 제공합니다.
it,07,IT·테크,False,scout,Groq Scout 17B,10,웹하드추천,950,안전한 웹하드 추천 서비스와 사용법,recommend,tip,안전하고 신뢰할 수 있는 웹하드 서비스를 추천하고 사용법을 알려드립니다.
it,07,IT·테크,False,scout,Groq Scout 17B,10,컬러프린트,950,컬러 프린트 비용 절감 팁과 추천 프린터,cost,tip,컬러 프린트 비용을 절감할 수 있는 팁과 경제적인 프린터를 추천합니다.
it,07,IT·테크,False,scout,Groq Scout 17B,10,C++,940,C++ 프로그래밍 입문과 기본 문법,howto,start,C++ 프로그래밍의 기초와 기본 문법을 소개합니다.
it,07,IT·테크,False,scout,Groq Scout 17B,10,후지제록스복합기,940,후지제록스 복합기 리뷰와 성능 분석,review,review,후지제록스 복합기의 성능과 실제 사용 경험을 평가합니다.
it,07,IT·테크,False,8b,Groq Llama 3.1 8B,10,챗지피티,13033800,챗지피티 사용자 수 1위 이유와 그에 따른 전략,info,issue,챗지피티 사용자 수 1위 이유와 그에 따른 전략을 분석한다.
it,07,IT·테크,False,8b,Groq Llama 3.1 8B,10,챗GPT,4453400,챗GPT vs 챗지피티: 차이점과 선택 기준,compare,compare,챗GPT와 챗지피티의 차이점과 선택 기준을 비교한다.
it,07,IT·테크,False,8b,Groq Llama 3.1 8B,10,비트코인시세,2195300,비트코인 시세 예측과 투자 전략,howto,tip,비트코인 시세 예측과 투자 전략을 제공한다.
it,07,IT·테크,False,8b,Groq Llama 3.1 8B,10,CHATGPT,2135700,CHATGPT 사용자 수와 그에 따른 시장 영향,info,issue,CHATGPT 사용자 수와 그에 따른 시장 영향 분석한다.
it,07,IT·테크,False,8b,Groq Llama 3.1 8B,10,쳇지피티,1990300, 쳇지피티 사용자 수 2위 이유와 그에 따른 전략,info,issue, 쳇지피티 사용자 수 2위 이유와 그에 따른 전략을 분석한다.
it,07,IT·테크,False,8b,Groq Llama 3.1 8B,10,쳇GPT,741800, 쳇GPT와 챗GPT 비교: 차이점과 선택 기준,compare,compare, 쳇GPT와 챗GPT의 차이점과 선택 기준을 비교한다.
it,07,IT·테크,False,8b,Groq Llama 3.1 8B,10,리플시세,646400,리플 시세 예측과 투자 전략,howto,tip,리플 시세 예측과 투자 전략을 제공한다.
it,07,IT·테크,False,8b,Groq Llama 3.1 8B,10,이더리움,506700,이더리움 기술과 시장 영향,info,issue,이더리움 기술과 시장 영향 분석한다.
it,07,IT·테크,False,8b,Groq Llama 3.1 8B,10,이더리움시세,432100,이더리움 시세 예측과 투자 전략,howto,tip,이더리움 시세 예측과 투자 전략을 제공한다.
it,07,IT·테크,False,8b,Groq Llama 3.1 8B,10,코인판,278900,코인판 사용자 수와 그에 따른 시장 영향,info,issue,코인판 사용자 수와 그에 따른 시장 영향 분석한다.
it,07,IT·테크,False,8b,Groq Llama 3.1 8B,10,빗썸비트코인,263700,빗썸 비트코인 거래소 사용 방법과 비트코인 투자 전략,howto,start,빗썸 비트코인 거래소 사용 방법과 비트코인 투자 전략을 알려드립니다.
it,07,IT·테크,False,8b,Groq Llama 3.1 8B,10,도지코인,228100,도지코인 가격 예측과 투자 분석,info,issue,도지코인 가격 예측과 투자 분석을 위한 핵심 정보를 제공합니다.
it,07,IT·테크,False,8b,Groq Llama 3.1 8B,10,내일배움카드,162300,내일배움카드 사용 방법과 교육 혜택,howto,tip,내일배움카드 사용 방법과 교육 혜택을 알려드립니다.
it,07,IT·테크,False,8b,Groq Llama 3.1 8B,10,노래방,160850,노래방 가격 비교와 인기 노래방 추천,compare,local,노래방 가격 비교와 인기 노래방 추천을 통해 가장 좋은 노래방을 찾으세요.
it,07,IT·테크,False,8b,Groq Llama 3.1 8B,10,코인시세,151900,코인 시세 변동과 투자 전략,info,issue,코인 시세 변동과 투자 전략을 알아보세요.
it,07,IT·테크,False,8b,Groq Llama 3.1 8B,10,국민취업지원제도,108300,국민 취업 지원 제도 eligiblity 확인 방법,howto,start,국민 취업 지원 제도 eligiblity 확인 방법을 알려드립니다.
it,07,IT·테크,False,8b,Groq Llama 3.1 8B,10,타자연습,82300,타자 연습 방법과 효과적인 연습 전략,howto,tip,타자 연습 방법과 효과적인 연습 전략을 알려드립니다.
it,07,IT·테크,False,8b,Groq Llama 3.1 8B,10,도지코인시세,80240,도지코인 시세 변동과 투자 분석,info,issue,도지코인 시세 변동과 투자 분석을 위한 핵심 정보를 제공합니다.
it,07,IT·테크,False,8b,Groq Llama 3.1 8B,10,캐릭터,64100,캐릭터 디자인 원리와 인기 캐릭터 분석,info,review,캐릭터 디자인 원리와 인기 캐릭터 분석을 통해 캐릭터 디자인의 비밀을 알아보세요.
it,07,IT·테크,False,8b,Groq Llama 3.1 8B,10,오픈AI,60500,오픈 AI 기술과 실제 적용 사례,info,compare,오픈 AI 기술과 실제 적용 사례를 통해 AI 기술의 발전을 살펴보세요.
it,07,IT·테크,False,8b,Groq Llama 3.1 8B,10,로지텍마우스,59700,로지텍 마우스 추천: 로지텍 마우스의 장단점과 사용 후기,review,tip,"로지텍 마우스의 장단점과 사용 후기, 로지텍 마우스로 무엇을 해야 할지 알려드린다."
it,07,IT·테크,False,8b,Groq Llama 3.1 8B,10,무선이어폰,59600,무선이어폰 추천: 최고의 무선이어폰은?,compare,tip,"최고의 무선이어폰을 추천하고, 무선이어폰의 장단점과 사용 후기를 정리한다."
it,07,IT·테크,False,8b,Groq Llama 3.1 8B,10,블루투스스피커,59000,블루투스 스피커 추천: 블루투스 스피커의 장단점과 사용 후기,review,tip,"블루투스 스피커의 장단점과 사용 후기, 블루투스 스피커로 무엇을 해야 할지 알려드린다."
it,07,IT·테크,False,8b,Groq Llama 3.1 8B,10,SQLD,54600,SQLD 공부 방법: SQLD 자격증 취득 전략과 공부 팁,howto,start,"SQLD 공부 방법과 공부 팁, SQLD 자격증 취득 전략을 정리한다."
it,07,IT·테크,False,8b,Groq Llama 3.1 8B,10,블루투스이어폰,53200,블루투스 이어폰 추천: 최고의 블루투스 이어폰은?,compare,tip,"최고의 블루투스 이어폰을 추천하고, 블루투스 이어폰의 장단점과 사용 후기를 정리한다."
it,07,IT·테크,False,8b,Groq Llama 3.1 8B,10,32인치QHD모니터,990,32인치 QHD 모니터 추천: 32인치 QHD 모니터의 장단점과 비교,compare,tip,"32인치 QHD 모니터의 장단점과 비교, 최고의 32인치 QHD 모니터를 추천한다."
it,07,IT·테크,False,8b,Groq Llama 3.1 8B,10,디지털화폐,990,디지털 화폐 시장 전망: 디지털 화폐의 장단점과 투자 전략,info,issue,디지털 화폐 시장 전망과 디지털 화폐의 장단점과 투자 전략을 정리한다.
it,07,IT·테크,False,8b,Groq Llama 3.1 8B,10,무선모니터,990,무선 모니터 추천: 무선 모니터의 장단점과 사용 후기,review,tip,"무선 모니터의 장단점과 사용 후기, 무선 모니터로 무엇을 해야 할지 알려드린다."
it,07,IT·테크,False,8b,Groq Llama 3.1 8B,10,사진합성,990,사진 합성 방법: 사진 합성의 장단점과 사용 후기,howto,start,사진 합성 방법과 사진 합성의 장단점과 사용 후기를 정리한다.
it,07,IT·테크,False,8b,Groq Llama 3.1 8B,10,시놀로지NAS,990,시놀로지 NAS 추천: 시놀로지 NAS의 장단점과 사용 후기,review,tip,"시놀로지 NAS의 장단점과 사용 후기, 시놀로지 NAS로 무엇을 해야 할지 알려드린다."
it,07,IT·테크,False,8b,Groq Llama 3.1 8B,10,AI소프트웨어,950,AI소프트웨어의 실제 적용 사례와 개발 방법,howto,start,AI소프트웨어를 실제로 개발하고 적용하는 방법과 사례를 소개한다.
it,07,IT·테크,False,8b,Groq Llama 3.1 8B,10,CHATGPT사용법,950,CHATGPT 사용법大全: 효율적인 대화형 AI 활용 방법,howto,tip,CHATGPT 사용법을 총정리하여 효율적인 대화형 AI 활용 방법을 제공한다.
it,07,IT·테크,False,8b,Groq Llama 3.1 8B,10,MXMASTER,950,MX MASTER: 최고의 비디오 편집 소프트웨어는 무엇인가?,compare,compare,MX MASTER와 다른 비디오 편집 소프트웨어를 비교하여 최고의 비디오 편집 소프트웨어를 소개한다.
it,07,IT·테크,False,8b,Groq Llama 3.1 8B,10,WINDOWS,950,WINDOWS 11 업그레이드 가이드: 새로운 기능과 장점,info,tip,WINDOWS 11 업그레이드 가이드를 제공하여 새로운 기능과 장점을 소개한다.
it,07,IT·테크,False,8b,Groq Llama 3.1 8B,10,야간대학원,950,야간 대학원 진학 가이드: 준비부터 입학까지 모든 것,howto,start,야간 대학원 진학을 위한 준비부터 입학까지 모든 것을 가이드한다.
it,07,IT·테크,False,8b,Groq Llama 3.1 8B,10,엡손복합기,950,엡손 복합기 구매 가이드: 성능과 가격 비교,compare,compare,엡손 복합기를 구매하는 데 도움이 되는 성능과 가격 비교를 제공한다.
it,07,IT·테크,False,8b,Groq Llama 3.1 8B,10,웹하드추천,950,웹하드 추천TOP 5: 안전하고 빠른 저장소 선택,review,tip,안전하고 빠른 웹하드를 추천하여 저장소 선택을 도와준다.
it,07,IT·테크,False,8b,Groq Llama 3.1 8B,10,컬러프린트,950,컬러 프린트 가이드: 적합한 종이와 색감 설정 방법,howto,tip,컬러 프린트를 위한 적합한 종이와 색감 설정 방법을 제공한다.
it,07,IT·테크,False,8b,Groq Llama 3.1 8B,10,C++,940,C++ 프로그래밍 기초: 시작부터 실무까지,howto,start,C++ 프로그래밍을 시작부터 실무까지 가이드한다.
it,07,IT·테크,False,8b,Groq Llama 3.1 8B,10,후지제록스복합기,940,후지제록스 복합기 비교: 가격과 성능을 비교해 보세요,compare,compare,후지제록스 복합기를 구매하기 전에 가격과 성능을 비교해 보세요.
it,07,IT·테크,False,gemini,Gemini Flash Lite,25,챗지피티,13033800,"챗지피티 활용법, 업무 효율을 200% 높이는 실전 프롬프트 가이드",howto,howto,챗지피티를 일상과 업무에서 효과적으로 활용하는 방법과 필수 프롬프트 예시를 소개합니다.
it,07,IT·테크,False,gemini,Gemini Flash Lite,25,챗GPT,4453400,"챗GPT 시작하기, 계정 생성부터 유료 버전 구독 고민까지 완벽 정리",info,start,챗GPT 입문자를 위해 계정 만드는 법과 무료 및 유료 버전의 차이점을 상세히 설명합니다.
it,07,IT·테크,False,gemini,Gemini Flash Lite,25,비트코인시세,2195300,"오늘의 비트코인시세 분석, 변동성 높은 시장 대응 전략",info,issue,최근 비트코인시세의 흐름을 분석하고 투자자가 주의해야 할 시장 변수를 정리합니다.
it,07,IT·테크,False,gemini,Gemini Flash Lite,25,CHATGPT,2135700,"CHATGPT로 생산성 높이기, 초보자를 위한 단계별 학습 로드맵",howto,howto,CHATGPT를 처음 접하는 분들을 위해 기본 기능부터 고급 활용법까지 체계적으로 가이드합니다.
it,07,IT·테크,False,gemini,Gemini Flash Lite,25,쳇지피티,1990300,"쳇지피티 사용법, 복잡한 질문도 척척 해결하는 질문의 기술",howto,tip,쳇지피티에게 더 정확하고 유용한 답변을 얻어낼 수 있는 질문 작성 노하우를 공유합니다.
it,07,IT·테크,False,gemini,Gemini Flash Lite,25,쳇GPT,741800,"쳇GPT 활용 사례, 코딩부터 문서 작성까지 실무 적용기",info,review,실제 업무 환경에서 쳇GPT를 활용해 시간을 단축하고 성과를 낸 사례들을 살펴봅니다.
it,07,IT·테크,False,gemini,Gemini Flash Lite,25,리플시세,646400,"리플시세 전망과 체크리스트, 투자 전 반드시 확인해야 할 요소",checklist,issue,리플시세에 영향을 주는 요인들을 분석하고 투자 전 점검해야 할 체크리스트를 제공합니다.
it,07,IT·테크,False,gemini,Gemini Flash Lite,25,이더리움,506700,"이더리움의 미래 가치, 블록체인 생태계와 기술적 특징 분석",info,issue,이더리움이 가진 기술적 강점과 향후 블록체인 시장에서의 전망을 심층 분석합니다.
it,07,IT·테크,False,gemini,Gemini Flash Lite,25,이더리움시세,432100,"이더리움시세 추이 분석, 투자자가 주목해야 할 차트 지표",info,compare,최근 이더리움시세 변화를 살펴보고 향후 가격 흐름을 예측하기 위한 핵심 지표를 설명합니다.
it,07,IT·테크,False,gemini,Gemini Flash Lite,25,코인판,278900,"코인판 커뮤니티 활용법, 정보의 홍수 속에서 옥석 가리기",info,tip,코인판 등 가상자산 커뮤니티에서 유용한 정보를 선별하고 위험을 피하는 방법을 알아봅니다.
it,07,IT·테크,False,gemini,Gemini Flash Lite,25,빗썸비트코인,263700,"빗썸비트코인 거래 방법, 초보자를 위한 안전한 매수 매도 가이드",howto,start,빗썸 거래소를 이용해 비트코인을 처음 거래하려는 분들을 위한 단계별 이용 방법을 안내합니다.
it,07,IT·테크,False,gemini,Gemini Flash Lite,25,도지코인,228100,도지코인 무엇이 특별할까? 밈코인의 대장주가 된 이유 분석,info,issue,"도지코인의 탄생 배경과 커뮤니티의 힘, 그리고 현재 위상을 알기 쉽게 정리합니다."
it,07,IT·테크,False,gemini,Gemini Flash Lite,25,내일배움카드,162300,"내일배움카드로 IT 기술 배우기, 신청 대상부터 혜택까지 총정리",info,tip,내일배움카드를 활용해 IT 개발 및 디자인 교육을 무료로 수강하는 방법을 안내합니다.
it,07,IT·테크,False,gemini,Gemini Flash Lite,25,노래방,160850,"최신 IT 기술이 접목된 노래방 기기, 집에서 즐기는 스마트 홈 노래방",info,review,최근 IT 기술로 진화한 가정용 노래방 기기의 특징과 추천 제품을 소개합니다.
it,07,IT·테크,False,gemini,Gemini Flash Lite,25,코인시세,151900,"실시간 코인시세 확인하는 법, 투자자를 위한 필수 앱과 사이트 추천",info,tip,변동성 큰 시장에서 정확한 코인시세를 빠르게 파악할 수 있는 유용한 도구들을 추천합니다.
it,07,IT·테크,False,gemini,Gemini Flash Lite,25,국민취업지원제도,108300,"국민취업지원제도 활용해 IT 취업 준비하기, 지원 혜택과 신청법",info,tip,국민취업지원제도를 통해 IT 직무 교육과 취업 지원을 받는 구체적인 방법을 정리합니다.
it,07,IT·테크,False,gemini,Gemini Flash Lite,25,타자연습,82300,"디지털 시대의 기본기, 효율적인 타자연습 프로그램 추천 및 비교",compare,tip,PC 환경에서 타자 속도를 높여주는 검증된 타자연습 사이트와 프로그램을 비교 분석합니다.
it,07,IT·테크,False,gemini,Gemini Flash Lite,25,도지코인시세,80240,"도지코인시세 변동 요인 분석, 일론 머스크와 커뮤니티의 상관관계",info,issue,도지코인시세에 큰 영향을 미치는 요인들을 분석하여 투자 시 고려할 점을 알아봅니다.
it,07,IT·테크,False,gemini,Gemini Flash Lite,25,캐릭터,64100,"IT 기업의 마스코트 캐릭터, 브랜드 가치를 높이는 디자인 전략",info,issue,성공적인 IT 기업들이 캐릭터를 활용해 어떻게 사용자 친화적인 이미지를 구축하는지 살펴봅니다.
it,07,IT·테크,False,gemini,Gemini Flash Lite,25,오픈AI,60500,"오픈AI가 바꾸는 미래, 챗GPT를 만든 기업의 비전과 기술력",info,issue,오픈AI의 주요 기술과 이들이 지향하는 인공지능의 미래 방향성을 알아봅니다.
it,07,IT·테크,False,gemini,Gemini Flash Lite,25,로지텍마우스,59700,"로지텍마우스 시리즈 비교, 작업 효율을 극대화하는 나만의 장비 찾기",compare,review,사무용부터 게이밍용까지 로지텍마우스 인기 모델을 비교하여 용도별 제품을 추천합니다.
it,07,IT·테크,False,gemini,Gemini Flash Lite,25,무선이어폰,59600,"무선이어폰 구매 가이드, 음질과 노이즈 캔슬링 성능 비교 분석",compare,review,최신 무선이어폰 시장의 트렌드와 구매 시 반드시 체크해야 할 성능 지표를 정리합니다.
it,07,IT·테크,False,gemini,Gemini Flash Lite,25,블루투스스피커,59000,"블루투스스피커 추천, 휴대성과 사운드를 모두 잡은 베스트 제품",compare,review,사용 목적에 맞는 블루투스스피커를 고르는 방법과 인기 제품들의 장단점을 비교합니다.
it,07,IT·테크,False,gemini,Gemini Flash Lite,25,SQLD,54600,"SQLD 자격증 취득 전략, 비전공자도 한 번에 합격하는 공부법",howto,tip,데이터베이스 입문 자격증인 SQLD를 효율적으로 준비하고 합격하는 노하우를 공유합니다.
it,07,IT·테크,False,gemini,Gemini Flash Lite,25,블루투스이어폰,53200,"가성비 블루투스이어폰 TOP 5, 가격 대비 성능 최고의 제품은?",compare,review,합리적인 가격과 우수한 성능을 갖춘 블루투스이어폰 모델들을 선정하여 비교 분석합니다.
it,07,IT·테크,False,gemini,Gemini Flash Lite,25,32인치QHD모니터,990,작업 효율을 높이는 32인치QHD모니터 선택 가이드 및 추천 모델,compare,compare,32인치 QHD 모니터 구매 시 고려해야 할 해상도와 패널의 차이를 비교합니다.
it,07,IT·테크,False,gemini,Gemini Flash Lite,25,디지털화폐,990,디지털화폐의 개념과 미래 금융 시장에 미칠 영향 정리,info,start,현대 금융의 흐름인 디지털화폐가 무엇인지 알기 쉽게 설명합니다.
it,07,IT·테크,False,gemini,Gemini Flash Lite,25,무선모니터,990,"선 없는 자유, 무선모니터 활용법과 연결 시 주의사항",howto,howto,무선 모니터를 스마트하게 연결하고 지연 시간 없이 사용하는 방법을 안내합니다.
it,07,IT·테크,False,gemini,Gemini Flash Lite,25,사진합성,990,"초보자도 가능한 사진합성 기술, 무료 툴 활용법",howto,tip,전문가처럼 자연스럽게 사진을 합성하는 보정 팁을 소개합니다.
it,07,IT·테크,False,gemini,Gemini Flash Lite,25,시놀로지NAS,990,"데이터 백업의 끝판왕, 시놀로지NAS 초기 설정 및 활용법",howto,howto,시놀로지 NAS를 처음 구매한 사용자를 위한 단계별 설정 가이드입니다.
it,07,IT·테크,False,gemini,Gemini Flash Lite,25,유튜브영상,990,조회수를 부르는 유튜브영상 편집 및 썸네일 제작 꿀팁,howto,tip,시청자를 사로잡는 유튜브 영상 편집 노하우와 제작 전략을 공유합니다.
it,07,IT·테크,False,gemini,Gemini Flash Lite,25,전기공사업,990,전기공사업 면허 등록 절차와 필수 준비 서류 체크리스트,checklist,tip,전기공사업 창업을 준비하는 분들을 위해 필요한 자격 요건과 서류를 정리합니다.
it,07,IT·테크,False,gemini,Gemini Flash Lite,25,AI디자인,980,"AI디자인 툴로 업무 시간 단축하기, 실무 활용 사례",info,tip,최신 AI 디자인 도구를 활용해 효율적으로 디자인 결과물을 만드는 법을 다룹니다.
it,07,IT·테크,False,gemini,Gemini Flash Lite,25,무선카메라,980,가정용 보안을 위한 무선카메라 설치 위치와 제품 선택 기준,compare,tip,안전한 주거 환경을 위해 설치하기 좋은 무선 카메라의 특징을 비교합니다.
it,07,IT·테크,False,gemini,Gemini Flash Lite,25,보안등,980,스마트 보안등 설치로 우리 집 외부 보안 강화하는 법,howto,tip,효율적인 보안등 배치와 스마트 센서 활용법을 통해 방범 효과를 높이는 법을 알아봅니다.
it,07,IT·테크,False,gemini,Gemini Flash Lite,25,사운드바추천,980,"거실 영화관 만들기, 가성비 좋은 사운드바추천 리스트",compare,compare,TV 사운드를 업그레이드해줄 인기 사운드바 제품들을 비교 분석합니다.
it,07,IT·테크,False,gemini,Gemini Flash Lite,25,가정IOT,970,스마트한 일상을 만드는 가정IOT 구축 시작하기,howto,start,입문자를 위한 가정용 IoT 기기 연결과 스마트 홈 환경 조성 방법을 소개합니다.
it,07,IT·테크,False,gemini,Gemini Flash Lite,25,엣지컴퓨팅,970,클라우드를 넘어 엣지컴퓨팅이 주목받는 이유와 핵심 개념,info,issue,데이터 처리 속도를 혁신하는 엣지컴퓨팅 기술의 원리와 전망을 설명합니다.
it,07,IT·테크,False,gemini,Gemini Flash Lite,25,가성비모니터,960,가격과 성능 다 잡은 가성비모니터 베스트 5 선정,compare,compare,합리적인 가격대에 뛰어난 화질을 자랑하는 모니터 모델들을 추천합니다.
it,07,IT·테크,False,gemini,Gemini Flash Lite,25,저소음무선키보드,960,"사무실 필수템, 조용한 저소음무선키보드 비교 리뷰",review,review,타건감과 소음 정도를 고려한 인기 무선 키보드 제품들의 실사용 후기입니다.
it,07,IT·테크,False,gemini,Gemini Flash Lite,25,AI소프트웨어,950,업무 생산성을 2배로! 필수 AI소프트웨어 추천,info,tip,직장인과 크리에이터가 사용하면 좋은 최신 AI 소프트웨어를 소개합니다.
it,07,IT·테크,False,gemini,Gemini Flash Lite,25,CHATGPT사용법,950,"실무에 바로 쓰는 CHATGPT사용법, 프롬프트 작성 꿀팁",howto,howto,ChatGPT를 활용해 문서 작성과 업무 효율을 극대화하는 방법을 안내합니다.
it,07,IT·테크,False,gemini,Gemini Flash Lite,25,MXMASTER,950,"마우스의 끝판왕, MXMASTER 시리즈 실사용 장단점 분석",review,review,로지텍 MX MASTER 시리즈의 기능과 작업 효율성을 직접 사용해보고 리뷰합니다.
it,07,IT·테크,False,gemini,Gemini Flash Lite,25,WINDOWS,950,WINDOWS 최신 버전 업데이트 후 반드시 확인해야 할 설정,howto,tip,윈도우 사용자가 시스템 최적화와 보안을 위해 꼭 알아야 할 팁을 정리합니다.
it,07,IT·테크,False,gemini,Gemini Flash Lite,25,야간대학원,950,"직장인 커리어 업그레이드, 야간대학원 진학 전 고려할 점",info,tip,일과 학업을 병행하려는 직장인을 위한 야간대학원 선택 가이드입니다.
it,07,IT·테크,False,gemini,Gemini Flash Lite,25,엡손복합기,950,엡손복합기 무한잉크 모델 유지비 절약 및 관리 노하우,howto,tip,엡손 복합기 사용자를 위한 잉크 관리법과 고장 방지 팁을 알려드립니다.
it,07,IT·테크,False,gemini,Gemini Flash Lite,25,웹하드추천,950,안전하고 빠른 대용량 파일 공유를 위한 웹하드추천,compare,compare,보안성과 전송 속도를 기준으로 믿을 수 있는 웹하드 서비스를 비교합니다.
it,07,IT·테크,False,gemini,Gemini Flash Lite,25,컬러프린트,950,고품질 컬러프린트 출력을 위한 설정법과 용지 선택 가이드,howto,tip,집에서도 인쇄소처럼 깔끔한 컬러 인쇄물을 뽑는 방법을 설명합니다.
it,07,IT·테크,False,gemini,Gemini Flash Lite,25,C++,940,프로그래밍 입문자를 위한 C++ 학습 로드맵과 기초 문법,howto,start,C++ 언어를 처음 시작하는 분들을 위한 학습 가이드와 필수 개념을 정리합니다.
it,07,IT·테크,False,gemini,Gemini Flash Lite,25,후지제록스복합기,940,사무실용 후지제록스복합기 오류 해결 및 소모품 관리법,howto,tip,후지제록스 복합기 사용 중 발생하는 흔한 문제 해결법과 관리 팁을 다룹니다.
it,07,IT·테크,False,scout,Groq Scout 17B,25,챗지피티,13033800,챗지피티 사용법과 활용 사례,howto,howto,챗지피티의 기본 사용법과 다양한 활용 사례를 소개한다.
it,07,IT·테크,False,scout,Groq Scout 17B,25,챗GPT,4453400,챗GPT란? 인공지능 기술의 미래,info,start,챗GPT의 개념과 인공지능 기술로서의 가능성을 탐구한다.
it,07,IT·테크,False,scout,Groq Scout 17B,25,비트코인시세,2195300,비트코인 시세 전망과 투자 전략,info,issue,비트코인 시세의 흐름과 투자자가 알아야 할 전략을 분석한다.
it,07,IT·테크,False,scout,Groq Scout 17B,25,CHATGPT,2135700,CHATGPT 사용법과 주의사항,howto,howto,CHATGPT의 사용법과 사용 시 주의해야 할 사항을 안내한다.
it,07,IT·테크,False,scout,Groq Scout 17B,25,쳇지피티,1990300,쳇지피티와 챗GPT의 차이점,compare,compare,쳇지피티와 챗GPT의 차이점과 유사점을 비교한다.
it,07,IT·테크,False,scout,Groq Scout 17B,25,쳇GPT,741800,쳇GPT의 기능과 활용 사례,info,tip,쳇GPT의 다양한 기능과 실제 활용 사례를 소개한다.
it,07,IT·테크,False,scout,Groq Scout 17B,25,리플시세,646400,리플 시세 전망과 투자 포인트,info,issue,리플 시세의 흐름과 투자자가 알아야 할 포인트를 분석한다.
it,07,IT·테크,False,scout,Groq Scout 17B,25,이더리움,506700,이더리움의 개념과 기술적 특징,info,start,이더리움의 기본 개념과 기술적 특징을 설명한다.
it,07,IT·테크,False,scout,Groq Scout 17B,25,이더리움시세,432100,이더리움 시세 전망과 시장 분석,info,issue,이더리움 시세의 흐름과 시장 상황을 분석한다.
it,07,IT·테크,False,scout,Groq Scout 17B,25,코인판,278900,코인판 이용 가이드와 안전 거래 팁,howto,tip,코인판 이용 방법과 안전한 거래를 위한 팁을 제공한다.
it,07,IT·테크,False,scout,Groq Scout 17B,25,빗썸비트코인,263700,빗썸에서 비트코인 거래하는 법,howto,howto,빗썸에서 비트코인을 거래하는 방법을 안내한다.
it,07,IT·테크,False,scout,Groq Scout 17B,25,도지코인,228100,도지코인의 개념과 투자 가치,info,start,도지코인의 기본 개념과 투자로서의 가치를 평가한다.
it,07,IT·테크,False,scout,Groq Scout 17B,25,내일배움카드,162300,내일배움카드 사용법과 혜택,howto,howto,내일배움카드의 사용 방법과 제공하는 혜택을 설명한다.
it,07,IT·테크,False,scout,Groq Scout 17B,25,노래방,160850,노래방 창업 가이드와 성공 팁,howto,howto,노래방 창업을 위한 가이드와 성공을 위한 팁을 제공한다.
it,07,IT·테크,False,scout,Groq Scout 17B,25,코인시세,151900,코인 시세 확인과 투자 전략,info,issue,코인 시세의 흐름과 투자 전략을 분석한다.
it,07,IT·테크,False,scout,Groq Scout 17B,25,국민취업지원제도,108300,국민취업지원제도 신청 방법과 혜택,howto,howto,국민취업지원제도 신청 방법과 제공하는 혜택을 안내한다.
it,07,IT·테크,False,scout,Groq Scout 17B,25,타자연습,82300,타자연습 방법과 속도 향상 팁,howto,tip,타자연습을 위한 방법과 속도 향상을 위한 팁을 제공한다.
it,07,IT·테크,False,scout,Groq Scout 17B,25,도지코인시세,80240,도지코인 시세 전망과 시장 분석,info,issue,도지코인 시세의 흐름과 시장 상황을 분석한다.
it,07,IT·테크,False,scout,Groq Scout 17B,25,캐릭터,64100,캐릭터 디자인과 마케팅 전략,howto,howto,캐릭터 디자인과 마케팅을 위한 전략을 제시한다.
it,07,IT·테크,False,scout,Groq Scout 17B,25,오픈AI,60500,오픈AI의 기술과 미래 전망,info,start,오픈AI의 기술적 특징과 미래 전망을 탐구한다.
it,07,IT·테크,False,scout,Groq Scout 17B,25,로지텍마우스,59700,로지텍 마우스 리뷰와 추천 모델,review,review,로지텍 마우스의 리뷰와 추천 모델을 소개한다.
it,07,IT·테크,False,scout,Groq Scout 17B,25,무선이어폰,59600,무선 이어폰 리뷰와 구매 가이드,review,review,무선 이어폰의 리뷰와 구매 가이드를 제공한다.
it,07,IT·테크,False,scout,Groq Scout 17B,25,블루투스스피커,59000,블루투스 스피커 리뷰와 추천 제품,review,review,블루투스 스피커의 리뷰와 추천 제품을 소개한다.
it,07,IT·테크,False,scout,Groq Scout 17B,25,SQLD,54600,SQLD 자격증 취득 가이드와 공부법,howto,howto,SQLD 자격증 취득을 위한 가이드와 공부법을 제시한다.
it,07,IT·테크,False,scout,Groq Scout 17B,25,블루투스이어폰,53200,블루투스 이어폰 리뷰와 구매 가이드,review,review,블루투스 이어폰의 리뷰와 구매 가이드를 제공한다.
it,07,IT·테크,False,scout,Groq Scout 17B,25,32인치QHD모니터,990,"32인치 QHD 모니터 추천, 가성비와 화질 비교",compare,compare,32인치 QHD 모니터의 가성비와 화질을 비교 분석한다.
it,07,IT·테크,False,scout,Groq Scout 17B,25,디지털화폐,990,디지털화폐의 개념과 미래 전망,info,start,디지털화폐의 기본 개념과 향후 전망을 소개한다.
it,07,IT·테크,False,scout,Groq Scout 17B,25,무선모니터,990,무선 모니터 사용법과 장단점 분석,howto,howto,무선 모니터의 사용 방법과 장단점을 분석한다.
it,07,IT·테크,False,scout,Groq Scout 17B,25,사진합성,990,사진 합성 기술과 활용 사례,info,tip,사진 합성 기술의 활용 사례와 노하우를 공유한다.
it,07,IT·테크,False,scout,Groq Scout 17B,25,시놀로지NAS,990,시놀로지 NAS 사용법과 활용 팁,howto,howto,시놀로지 NAS의 사용 방법과 활용 팁을 제공한다.
it,07,IT·테크,False,scout,Groq Scout 17B,25,유튜브영상,990,유튜브 영상 제작을 위한 필수 장비,info,start,유튜브 영상 제작을 위한 필수 장비와 노하우를 소개한다.
it,07,IT·테크,False,scout,Groq Scout 17B,25,전기공사업,990,전기공사 업체 선택을 위한 체크리스트,checklist,local,전기공사 업체를 선택할 때 필요한 체크리스트를 제공한다.
it,07,IT·테크,False,scout,Groq Scout 17B,25,AI디자인,980,AI 디자인 툴 사용법과 장점,howto,howto,AI 디자인 툴의 사용 방법과 장점을 분석한다.
it,07,IT·테크,False,scout,Groq Scout 17B,25,무선카메라,980,무선 카메라 추천과 활용 사례,review,review,무선 카메라의 추천 제품과 활용 사례를 소개한다.
it,07,IT·테크,False,scout,Groq Scout 17B,25,보안등,980,보안등 설치를 위한 가이드라인,howto,howto,보안등 설치를 위한 가이드라인을 제공한다.
it,07,IT·테크,False,scout,Groq Scout 17B,25,사운드바추천,980,사운드바 추천 제품과 구매 가이드,review,review,사운드바 추천 제품과 구매 가이드를 제공한다.
it,07,IT·테크,False,scout,Groq Scout 17B,25,가정IOT,970,가정용 IoT 기기 추천과 활용 사례,info,start,가정용 IoT 기기의 추천 제품과 활용 사례를 소개한다.
it,07,IT·테크,False,scout,Groq Scout 17B,25,엣지컴퓨팅,970,엣지 컴퓨팅 개념과 적용 사례,info,issue,엣지 컴퓨팅의 개념과 적용 사례를 분석한다.
it,07,IT·테크,False,scout,Groq Scout 17B,25,가성비모니터,960,가성비 모니터 추천과 구매 가이드,review,review,가성비 모니터 추천 제품과 구매 가이드를 제공한다.
it,07,IT·테크,False,scout,Groq Scout 17B,25,저소음무선키보드,960,저소음 무선 키보드 추천 제품,review,review,저소음 무선 키보드 추천 제품을 소개한다.
it,07,IT·테크,False,scout,Groq Scout 17B,25,AI소프트웨어,950,AI 소프트웨어 종류와 활용 사례,info,start,AI 소프트웨어의 종류와 활용 사례를 소개한다.
it,07,IT·테크,False,scout,Groq Scout 17B,25,CHATGPT사용법,950,ChatGPT 사용법과 활용 팁,howto,howto,ChatGPT의 사용 방법과 활용 팁을 제공한다.
it,07,IT·테크,False,scout,Groq Scout 17B,25,MXMASTER,950,MX Master 마우스 리뷰와 사용법,review,review,MX Master 마우스의 리뷰와 사용법을 제공한다.
it,07,IT·테크,False,scout,Groq Scout 17B,25,WINDOWS,950,윈도우 운영체제 업데이트와 보안,info,issue,윈도우 운영체제의 업데이트와 보안 이슈를 분석한다.
it,07,IT·테크,False,scout,Groq Scout 17B,25,야간대학원,950,야간 대학원 진학을 위한 가이드라인,howto,howto,야간 대학원 진학을 위한 가이드라인을 제공한다.
it,07,IT·테크,False,scout,Groq Scout 17B,25,엡손복합기,950,엡손 복합기 리뷰와 사용법,review,review,엡손 복합기의 리뷰와 사용법을 제공한다.
it,07,IT·테크,False,scout,Groq Scout 17B,25,웹하드추천,950,웹하드 추천 서비스와 사용법,review,review,웹하드 추천 서비스와 사용법을 제공한다.
it,07,IT·테크,False,scout,Groq Scout 17B,25,컬러프린트,950,컬러 프린트 활용을 위한 가이드라인,howto,howto,컬러 프린트 활용을 위한 가이드라인을 제공한다.
it,07,IT·테크,False,scout,Groq Scout 17B,25,C++,940,C++ 프로그래밍 언어와 활용 사례,info,start,C++ 프로그래밍 언어의 활용 사례와 기초를 소개한다.
it,07,IT·테크,False,scout,Groq Scout 17B,25,후지제록스복합기,940,후지제록스 복합기 리뷰와 사용법,review,review,후지제록스 복합기의 리뷰와 사용법을 제공한다.
it,07,IT·테크,False,8b,Groq Llama 3.1 8B,25,챗지피티,13033800,챗지피티 사용법과 효과적인 대화 방법,howto,start,챗지피티 사용법을 알아보며 효과적인 대화 방법에 대해 알려준다.
it,07,IT·테크,False,8b,Groq Llama 3.1 8B,25,챗GPT,4453400,챗GPT vs 챗지피티: 차이점과 비교 분석,compare,compare,챗GPT와 챗지피티의 차이점과 비교 분석을 통해 사용자가 선택할 수 있는 기준을 제공한다.
it,07,IT·테크,False,8b,Groq Llama 3.1 8B,25,비트코인시세,2195300,비트코인 시세 분석: 현재 가격과 전망,info,issue,비트코인 시세를 분석하여 현재 가격과 전망에 대해 알려준다.
it,07,IT·테크,False,8b,Groq Llama 3.1 8B,25,CHATGPT,2135700,CHATGPT: 챗봇의 새로운 기준이 되는 기술,info,tip,CHATGPT를 소개하며 챗봇의 새로운 기준이 되는 기술에 대해 설명한다.
it,07,IT·테크,False,8b,Groq Llama 3.1 8B,25,쳇지피티,1990300, 쳇지피티: 챗지피티 사용법과 활용 방법,howto,start, 쳇지피티 사용법을 알아보며 챗지피티를 효과적으로 활용하는 방법에 대해 알려준다.
it,07,IT·테크,False,8b,Groq Llama 3.1 8B,25,쳇GPT,741800, 쳇GPT: 챗GPT와 챗지피티의 차이점,compare,compare, 쳇GPT와 챗지피티의 차이점을 비교 분석하여 사용자가 선택할 수 있는 기준을 제공한다.
it,07,IT·테크,False,8b,Groq Llama 3.1 8B,25,리플시세,646400,리플 시세 분석: 현재 가격과 전망,info,issue,리플 시세를 분석하여 현재 가격과 전망에 대해 알려준다.
it,07,IT·테크,False,8b,Groq Llama 3.1 8B,25,이더리움,506700,이더리움: 블록체인 기술의 새로운 기준,info,tip,이더리움을 소개하며 블록체인 기술의 새로운 기준이 되는 기술에 대해 설명한다.
it,07,IT·테크,False,8b,Groq Llama 3.1 8B,25,이더리움시세,432100,이더리움 시세 분석: 현재 가격과 전망,info,issue,이더리움 시세를 분석하여 현재 가격과 전망에 대해 알려준다.
it,07,IT·테크,False,8b,Groq Llama 3.1 8B,25,코인판,278900,코인판: 비트코인 거래소와 차이점,compare,compare,코인판을 소개하며 비트코인 거래소와 차이점을 비교 분석한다.
it,07,IT·테크,False,8b,Groq Llama 3.1 8B,25,빗썸비트코인,263700,빗썸 비트코인 거래소: 비트코인 거래와 차이점,compare,compare,빗썸 비트코인 거래소를 소개하며 비트코인 거래와 차이점을 비교 분석한다.
it,07,IT·테크,False,8b,Groq Llama 3.1 8B,25,도지코인,228100,도지코인: 새로운 암호화폐의 등장,info,tip,도지코인을 소개하며 새로운 암호화폐의 등장에 대해 설명한다.
it,07,IT·테크,False,8b,Groq Llama 3.1 8B,25,내일배움카드,162300,내일배움카드: 직업능력 개발과 활용 방법,howto,start,내일배움카드를 소개하며 직업능력 개발과 효과적으로 활용하는 방법에 대해 알려준다.
it,07,IT·테크,False,8b,Groq Llama 3.1 8B,25,노래방,160850,노래방: 음악 연주와 즐기는 방법,howto,start,노래방을 소개하며 음악 연주와 즐기는 방법에 대해 알려준다.
it,07,IT·테크,False,8b,Groq Llama 3.1 8B,25,코인시세,151900,코인 시세 분석: 암호화폐의 현재 가격과 전망,info,issue,코인 시세를 분석하여 암호화폐의 현재 가격과 전망에 대해 알려준다.
it,07,IT·테크,False,8b,Groq Llama 3.1 8B,25,국민취업지원제도,108300,국민 취업 지원 제도: 취업과 직업능력 개발,info,tip,국민 취업 지원 제도를 소개하며 취업과 직업능력 개발에 대해 설명한다.
it,07,IT·테크,False,8b,Groq Llama 3.1 8B,25,타자연습,82300,타자 연습: 효과적인 타자 방법과 실전 활용,howto,start,타자 연습을 소개하며 효과적인 타자 방법과 실전 활용에 대해 알려준다.
it,07,IT·테크,False,8b,Groq Llama 3.1 8B,25,도지코인시세,80240,도지코인 시세 분석: 현재 가격과 전망,info,issue,도지코인 시세를 분석하여 현재 가격과 전망에 대해 알려준다.
it,07,IT·테크,False,8b,Groq Llama 3.1 8B,25,캐릭터,64100,캐릭터: 애니메이션과 게임의 새로운 기준,info,tip,캐릭터를 소개하며 애니메이션과 게임의 새로운 기준이 되는 기술에 대해 설명한다.
it,07,IT·테크,False,8b,Groq Llama 3.1 8B,25,오픈AI,60500,오픈 AI: 인공지능 기술의 새로운 기준,info,tip,오픈 AI를 소개하며 인공지능 기술의 새로운 기준이 되는 기술에 대해 설명한다.
it,07,IT·테크,False,8b,Groq Llama 3.1 8B,25,로지텍마우스,59700,로지텍 마우스: 게이밍 마우스와 차이점,compare,compare,로지텍 마우스를 소개하며 게이밍 마우스와 차이점을 비교 분석한다.
it,07,IT·테크,False,8b,Groq Llama 3.1 8B,25,무선이어폰,59600,무선 이어폰: 음악 연주와 즐기는 방법,howto,start,무선 이어폰을 소개하며 음악 연주와 즐기는 방법에 대해 알려준다.
it,07,IT·테크,False,8b,Groq Llama 3.1 8B,25,블루투스스피커,59000,블루투스 스피커: 음악 연주와 즐기는 방법,howto,start,블루투스 스피커를 소개하며 음악 연주와 즐기는 방법에 대해 알려준다.
it,07,IT·테크,False,8b,Groq Llama 3.1 8B,25,SQLD,54600,SQLD: 데이터베이스 관리와 활용 방법,howto,start,SQLD를 소개하며 데이터베이스 관리와 효과적으로 활용하는 방법에 대해 알려준다.
it,07,IT·테크,False,8b,Groq Llama 3.1 8B,25,블루투스이어폰,53200,블루투스 이어폰: 음악 연주와 즐기는 방법,howto,start,블루투스 이어폰을 소개하며 음악 연주와 즐기는 방법에 대해 알려준다.
